
//{{BLOCK(collisionMap)

//======================================================================
//
//	collisionMap, 512x256@8, 
//	+ palette 256 entries, not compressed
//	+ bitmap not compressed
//	Total size: 512 + 131072 = 131584
//
//	Time-stamp: 2025-03-31, 16:39:41
//	Exported by Cearn's GBA Image Transmogrifier, v0.8.3
//	( http://www.coranac.com/projects/#grit )
//
//======================================================================

const unsigned short collisionMapBitmap[65536] __attribute__((aligned(4)))=
{
	0x0000,0x0000,0x0000,0x0000,0x0000,0x0000,0x0000,0x0000,
	0x0000,0x0000,0x0000,0x0000,0x0000,0x0000,0x0000,0x0000,
	0x0000,0x0000,0x0000,0x0000,0x0000,0x0000,0x0000,0x0000,
	0x0000,0x0000,0x0000,0x0000,0x0000,0x0000,0x0000,0x0000,
	0x0000,0x0000,0x0000,0x0000,0x0000,0x0000,0x0000,0x0000,
	0x0000,0x0000,0x0000,0x0000,0x0000,0x0000,0x0000,0x0000,
	0x0000,0x0000,0x0000,0x0000,0x0000,0x0000,0x0000,0x0000,
	0x0000,0x0000,0x0000,0x0000,0x0000,0x0000,0x0000,0x0000,

	0x0000,0x0000,0x0000,0x0000,0x0000,0x0000,0x0000,0x0000,
	0x0000,0x0000,0x0000,0x0000,0x0000,0x0000,0x0000,0x0000,
	0x0000,0x0000,0x0000,0x0000,0x0000,0x0000,0x0000,0x0000,
	0x0000,0x0000,0x0000,0x0000,0x0000,0x0000,0x0000,0x0000,
	0x0000,0x0000,0x0000,0x0000,0x0000,0x0000,0x0000,0x0000,
	0x0000,0x0000,0x0000,0x0000,0x0000,0x0000,0x0000,0x0000,
	0x0000,0x0000,0x0000,0x0000,0x0000,0x0000,0x0000,0x0000,
	0x0000,0x0000,0x0000,0x0000,0x0000,0x0000,0x0000,0x0000,

	0x0000,0x0000,0x0000,0x0000,0x0000,0x0000,0x0000,0x0000,
	0x0000,0x0000,0x0000,0x0000,0x0000,0x0000,0x0000,0x0000,
	0x0000,0x0000,0x0000,0x0000,0x0000,0x0000,0x0000,0x0000,
	0x0000,0x0000,0x0000,0x0000,0x0000,0x0000,0x0000,0x0000,
	0x0000,0x0000,0x0000,0x0000,0x0000,0x0000,0x0000,0x0000,
	0x0000,0x0000,0x0000,0x0000,0x0000,0x0000,0x0000,0x0000,
	0x0000,0x0000,0x0000,0x0000,0x0000,0x0000,0x0000,0x0000,
	0x0000,0x0000,0x0B00,0x0D02,0x0D0D,0x0218,0x0D18,0x0D02,

	0x0D0D,0x0218,0x0D18,0x0D02,0x0D0D,0x0218,0x0D18,0x0D02,
	0x0D0D,0x0218,0x0D18,0x0D02,0x0000,0x0000,0x0000,0x0000,
	0x0000,0x0000,0x0000,0x0000,0x0000,0x0000,0x0000,0x0000,
	0x0218,0x0D0D,0x020D,0x180D,0x0D0D,0x0218,0x0D18,0x0D02,
	0x0218,0x0D0D,0x020D,0x180D,0x0D0D,0x0218,0x0D18,0x0D02,
	0x0D0D,0x0218,0x0D18,0x0D02,0x0D0D,0x0218,0x0D18,0x0D02,
	0x0D0D,0x0218,0x0D18,0x0D02,0x0D0D,0x0218,0x0D18,0x0D02,
	0x0D0D,0x0218,0x0D18,0x0D02,0x0D0D,0x0218,0x0D18,0x0D02,

	0x0000,0x0000,0x0000,0x0000,0x0000,0x0000,0x0000,0x0000,
	0x0000,0x0000,0x0000,0x0000,0x0000,0x0000,0x0000,0x0000,
	0x0000,0x0000,0x0000,0x0000,0x0000,0x0000,0x0000,0x0000,
	0x0000,0x0000,0x0000,0x0000,0x0000,0x0000,0x0000,0x0000,
	0x0000,0x0000,0x0000,0x0000,0x0000,0x0000,0x0000,0x0000,
	0x0000,0x0000,0x0000,0x0000,0x0000,0x0000,0x0000,0x0000,
	0x0000,0x0000,0x0000,0x0000,0x0000,0x0000,0x0000,0x0000,
	0x0000,0x0000,0x0000,0x0000,0x0000,0x0000,0x0000,0x0000,

	0x0000,0x0000,0x0000,0x0000,0x0000,0x0000,0x0000,0x0000,
	0x0000,0x0000,0x0000,0x0000,0x0000,0x0000,0x0000,0x0000,
	0x0000,0x0000,0x0000,0x0000,0x0000,0x0000,0x0000,0x0000,
	0x0000,0x0000,0x0000,0x0000,0x0000,0x0000,0x0000,0x0000,
	0x0000,0x0000,0x0000,0x0000,0x0000,0x0000,0x0000,0x0000,
	0x0000,0x0000,0x0000,0x0000,0x0000,0x0000,0x0000,0x0000,
	0x0000,0x0000,0x0000,0x0000,0x0000,0x0000,0x0000,0x0000,
	0x0000,0x0000,0x0000,0x0000,0x0000,0x0000,0x0000,0x0000,

	0x0000,0x0000,0x0000,0x0000,0x0000,0x0000,0x0000,0x0000,
	0x0000,0x0000,0x0000,0x0000,0x0000,0x0000,0x0000,0x0000,
	0x0000,0x0000,0x0000,0x0000,0x0000,0x0000,0x0000,0x0000,
	0x0000,0x0000,0x0000,0x0000,0x0000,0x0000,0x0000,0x0000,
	0x0000,0x0000,0x0000,0x0000,0x0000,0x0000,0x0000,0x0000,
	0x0000,0x0000,0x0000,0x0000,0x0000,0x0000,0x0000,0x0000,
	0x0000,0x0000,0x0000,0x0000,0x0000,0x0000,0x0000,0x0000,
	0x0000,0x0000,0x0B00,0x0D0D,0x0D0D,0x180D,0x0D0D,0x0D0D,

	0x0D0D,0x180D,0x0D0D,0x0D0D,0x0D0D,0x180D,0x0D0D,0x0D0D,
	0x0D0D,0x180D,0x0D0D,0x0D0D,0x0000,0x0000,0x0000,0x0000,
	0x0000,0x0000,0x0000,0x0000,0x0000,0x0000,0x0000,0x0000,
	0x0D18,0x0D0D,0x0202,0x0D18,0x0D0D,0x180D,0x0D0D,0x0D0D,
	0x0D18,0x0D0D,0x0202,0x0D18,0x0D0D,0x180D,0x0D0D,0x0D0D,
	0x0D0D,0x180D,0x0D0D,0x0D0D,0x0D0D,0x180D,0x0D0D,0x0D0D,
	0x0D0D,0x180D,0x0D0D,0x0D0D,0x0D0D,0x180D,0x0D0D,0x0D0D,
	0x0D0D,0x180D,0x0D0D,0x0D0D,0x0D0D,0x180D,0x0D0D,0x0D0D,

	0x0000,0x0000,0x0000,0x0000,0x0000,0x0000,0x0000,0x0000,
	0x0000,0x0000,0x0000,0x0000,0x0000,0x0000,0x0000,0x0000,
	0x0000,0x0000,0x0000,0x0000,0x0000,0x0000,0x0000,0x0000,
	0x0000,0x0000,0x0000,0x0000,0x0000,0x0000,0x0000,0x0000,
	0x0000,0x0000,0x0000,0x0000,0x0000,0x0000,0x0000,0x0000,
	0x0000,0x0000,0x0000,0x0000,0x0000,0x0000,0x0000,0x0000,
	0x0000,0x0000,0x0000,0x0000,0x0000,0x0000,0x0000,0x0000,
	0x0000,0x0000,0x0000,0x0000,0x0000,0x0000,0x0000,0x0000,

	0x0000,0x0000,0x0000,0x0000,0x0000,0x0000,0x0000,0x0000,
	0x0000,0x0000,0x0000,0x0000,0x0000,0x0000,0x0000,0x0000,
	0x0000,0x0000,0x0000,0x0000,0x0000,0x0000,0x0000,0x0000,
	0x0000,0x0000,0x0000,0x0000,0x0000,0x0000,0x0000,0x0000,
	0x0000,0x0000,0x0000,0x0000,0x0000,0x0000,0x0000,0x0000,
	0x0000,0x0000,0x0000,0x0000,0x0000,0x0000,0x0000,0x0000,
	0x0000,0x0000,0x0000,0x0000,0x0000,0x0000,0x0000,0x0000,
	0x0000,0x0000,0x0000,0x0000,0x0000,0x0000,0x0000,0x0000,

	0x0000,0x0000,0x0000,0x0000,0x0000,0x0000,0x0000,0x0000,
	0x0000,0x0000,0x0000,0x0000,0x0000,0x0000,0x0000,0x0000,
	0x0000,0x0000,0x0000,0x0000,0x0000,0x0000,0x0000,0x0000,
	0x0000,0x0000,0x0000,0x0000,0x0000,0x0000,0x0000,0x0000,
	0x0000,0x0000,0x0000,0x0000,0x0000,0x0000,0x0000,0x0000,
	0x0000,0x0000,0x0000,0x0000,0x0000,0x0000,0x0000,0x0000,
	0x0000,0x0000,0x0000,0x0000,0x0000,0x0000,0x0000,0x0000,
	0x0000,0x0000,0x0D00,0x0D0B,0x020D,0x180D,0x0D0D,0x0D18,

	0x020D,0x180D,0x0D0D,0x0D18,0x020D,0x180D,0x0D0D,0x0D18,
	0x020D,0x180D,0x0D0D,0x0D18,0x0000,0x0000,0x0000,0x0000,
	0x0000,0x0000,0x0000,0x0000,0x0000,0x0000,0x0000,0x0000,
	0x0D0D,0x0218,0x0202,0x0D02,0x020D,0x1802,0x0D0D,0x0202,
	0x0D0D,0x0218,0x0202,0x0D02,0x020D,0x1802,0x0D0D,0x0202,
	0x020D,0x180D,0x0D0D,0x0D18,0x020D,0x180D,0x0D0D,0x0D18,
	0x020D,0x180D,0x0D0D,0x0D18,0x020D,0x180D,0x0D0D,0x0D18,
	0x020D,0x180D,0x0D0D,0x0D18,0x020D,0x180D,0x0D0D,0x0D18,

	0x0000,0x0000,0x0000,0x0000,0x0000,0x0000,0x0000,0x0000,
	0x0000,0x0000,0x0000,0x0000,0x0000,0x0000,0x0000,0x0000,
	0x0000,0x0000,0x0000,0x0000,0x0000,0x0000,0x0000,0x0000,
	0x0000,0x0000,0x0000,0x0000,0x0000,0x0000,0x0000,0x0000,
	0x0000,0x0000,0x0000,0x0000,0x0000,0x0000,0x0000,0x0000,
	0x0000,0x0000,0x0000,0x0000,0x0000,0x0000,0x0000,0x0000,
	0x0000,0x0000,0x0000,0x0000,0x0000,0x0000,0x0000,0x0000,
	0x0000,0x0000,0x0000,0x0000,0x0000,0x0000,0x0000,0x0000,

	0x0000,0x0000,0x0000,0x0000,0x0000,0x0000,0x0000,0x0000,
	0x0000,0x0000,0x0000,0x0000,0x0000,0x0000,0x0000,0x0000,
	0x0000,0x0000,0x0000,0x0000,0x0000,0x0000,0x0000,0x0000,
	0x0000,0x0000,0x0000,0x0000,0x0000,0x0000,0x0000,0x0000,
	0x0000,0x0000,0x0000,0x0000,0x0000,0x0000,0x0000,0x0000,
	0x0000,0x0000,0x0000,0x0000,0x0000,0x0000,0x0000,0x0000,
	0x0000,0x0000,0x0000,0x0000,0x0000,0x0000,0x0000,0x0000,
	0x0000,0x0000,0x0000,0x0000,0x0000,0x0000,0x0000,0x0000,

	0x0000,0x0000,0x0000,0x0000,0x0000,0x0000,0x0000,0x0000,
	0x0000,0x0000,0x0000,0x0000,0x0000,0x0000,0x0000,0x0000,
	0x0000,0x0000,0x0000,0x0000,0x0000,0x0000,0x0000,0x0000,
	0x0000,0x0000,0x0000,0x0000,0x0000,0x0000,0x0000,0x0000,
	0x0000,0x0000,0x0000,0x0000,0x0000,0x0000,0x0000,0x0000,
	0x0000,0x0000,0x0000,0x0000,0x0000,0x0000,0x0000,0x0000,
	0x0000,0x0000,0x0000,0x0000,0x0000,0x0000,0x0000,0x0000,
	0x0000,0x0000,0x0B00,0x0D0B,0x0D18,0x0D02,0x180D,0x0D02,

	0x0D18,0x0D02,0x180D,0x0D02,0x0D18,0x0D02,0x180D,0x0D02,
	0x0D18,0x0D02,0x180D,0x0D02,0x0000,0x0000,0x0000,0x0000,
	0x0000,0x0000,0x0000,0x0000,0x0000,0x0000,0x0000,0x0000,
	0x0202,0x020D,0x0A11,0x0D11,0x0202,0x0D02,0x180D,0x0D02,
	0x0202,0x020D,0x0202,0x0D02,0x0202,0x0D02,0x180D,0x0D02,
	0x0D18,0x0D02,0x180D,0x0D02,0x0D18,0x0D02,0x180D,0x0D02,
	0x0D18,0x0D02,0x180D,0x0D02,0x0D18,0x0D02,0x180D,0x0D02,
	0x0D18,0x0D02,0x180D,0x0D02,0x0D18,0x0D02,0x180D,0x0D02,

	0x0000,0x0000,0x0000,0x0000,0x0000,0x0000,0x0000,0x0000,
	0x0000,0x0000,0x0000,0x0000,0x0000,0x0000,0x0000,0x0000,
	0x0000,0x0000,0x0000,0x0000,0x0000,0x0000,0x0000,0x0000,
	0x0000,0x0000,0x0000,0x0000,0x0000,0x0000,0x0000,0x0000,
	0x0000,0x0000,0x0000,0x0000,0x0000,0x0000,0x0000,0x0000,
	0x0000,0x0000,0x0000,0x0000,0x0000,0x0000,0x0000,0x0000,
	0x0000,0x0000,0x0000,0x0000,0x0000,0x0000,0x0000,0x0000,
	0x0000,0x0000,0x0000,0x0000,0x0000,0x0000,0x0000,0x0000,

	0x0000,0x0000,0x0000,0x0000,0x0000,0x0000,0x0000,0x0000,
	0x0000,0x0000,0x0000,0x0000,0x0000,0x0000,0x0000,0x0000,
	0x0000,0x0000,0x0000,0x0000,0x0000,0x0000,0x0000,0x0000,
	0x0000,0x0000,0x0000,0x0000,0x0000,0x0000,0x0000,0x0000,
	0x0000,0x0000,0x0000,0x0000,0x0000,0x0000,0x0000,0x0000,
	0x0000,0x0000,0x0000,0x0000,0x0000,0x0000,0x0000,0x0000,
	0x0000,0x0000,0x0000,0x0000,0x0000,0x0000,0x0000,0x0000,
	0x0000,0x0000,0x0000,0x0000,0x0000,0x0000,0x0000,0x0000,

	0x0000,0x0000,0x0000,0x0000,0x0000,0x0000,0x0000,0x0000,
	0x0000,0x0000,0x0000,0x0000,0x0000,0x0000,0x0000,0x0000,
	0x0000,0x0000,0x0000,0x0000,0x0000,0x0000,0x0000,0x0000,
	0x0000,0x0000,0x0000,0x0000,0x0000,0x0000,0x0000,0x0000,
	0x0000,0x0000,0x0000,0x0000,0x0000,0x0000,0x0000,0x0000,
	0x0000,0x0000,0x0000,0x0000,0x0000,0x0000,0x0000,0x0000,
	0x0000,0x0000,0x0000,0x0000,0x0000,0x0000,0x0000,0x0000,
	0x0000,0x0000,0x1800,0x1802,0x180D,0x0D02,0x180D,0x1802,

	0x180D,0x0D02,0x180D,0x1802,0x180D,0x0D02,0x180D,0x1802,
	0x180D,0x0D02,0x180D,0x1802,0x0000,0x0000,0x0000,0x0000,
	0x0000,0x0000,0x0000,0x0000,0x0000,0x0000,0x0000,0x0000,
	0x020D,0x180D,0x0707,0x1811,0x0202,0x0D02,0x0D0D,0x1802,
	0x020D,0x0D0D,0x0A11,0x0D11,0x0202,0x0D02,0x0D0D,0x1802,
	0x180D,0x0D02,0x180D,0x1802,0x180D,0x0D02,0x180D,0x1802,
	0x180D,0x0D02,0x180D,0x1802,0x180D,0x0D02,0x180D,0x1802,
	0x180D,0x0D02,0x180D,0x1802,0x180D,0x0D02,0x180D,0x1802,

	0x0000,0x0000,0x0000,0x0000,0x0000,0x0000,0x0000,0x0000,
	0x0000,0x0000,0x0000,0x0000,0x0000,0x0000,0x0000,0x0000,
	0x0000,0x0000,0x0000,0x0000,0x0000,0x0000,0x0000,0x0000,
	0x0000,0x0000,0x0000,0x0000,0x0000,0x0000,0x0000,0x0000,
	0x0000,0x0000,0x0000,0x0000,0x0000,0x0000,0x0000,0x0000,
	0x0000,0x0000,0x0000,0x0000,0x0000,0x0000,0x0000,0x0000,
	0x0000,0x0000,0x0000,0x0000,0x0000,0x0000,0x0000,0x0000,
	0x0000,0x0000,0x0000,0x0000,0x0000,0x0000,0x0000,0x0000,

	0x0000,0x0000,0x0000,0x0000,0x0000,0x0000,0x0000,0x0000,
	0x0000,0x0000,0x0000,0x0000,0x0000,0x0000,0x0000,0x0000,
	0x0000,0x0000,0x0000,0x0000,0x0000,0x0000,0x0000,0x0000,
	0x0000,0x0000,0x0000,0x0000,0x0000,0x0000,0x0000,0x0000,
	0x0000,0x0000,0x0000,0x0000,0x0000,0x0000,0x0000,0x0000,
	0x0000,0x0000,0x0000,0x0000,0x0000,0x0000,0x0000,0x0000,
	0x0000,0x0000,0x0000,0x0000,0x0000,0x0000,0x0000,0x0000,
	0x0000,0x0000,0x0000,0x0000,0x0000,0x0000,0x0000,0x0000,

	0x0000,0x0000,0x0000,0x0000,0x0000,0x0000,0x0000,0x0000,
	0x0000,0x0000,0x0000,0x0000,0x0000,0x0000,0x0000,0x0000,
	0x0000,0x0000,0x0000,0x0000,0x0000,0x0000,0x0000,0x0000,
	0x0000,0x0000,0x0000,0x0000,0x0000,0x0000,0x0000,0x0000,
	0x0000,0x0000,0x0000,0x0000,0x0000,0x0000,0x0000,0x0000,
	0x0000,0x0000,0x0000,0x0000,0x0000,0x0000,0x0000,0x0000,
	0x0000,0x0000,0x0000,0x0000,0x0000,0x0000,0x0000,0x0000,
	0x0000,0x0000,0x0D00,0x180D,0x180D,0x0D0D,0x0D0D,0x180D,

	0x180D,0x0D0D,0x0D0D,0x180D,0x180D,0x0D0D,0x0D0D,0x180D,
	0x180D,0x0D0D,0x0D0D,0x180D,0x0000,0x0000,0x0000,0x0000,
	0x0000,0x0000,0x0000,0x0000,0x0000,0x0000,0x0000,0x0000,
	0x020D,0x180D,0x070D,0x180D,0x0202,0x0202,0x0D02,0x180D,
	0x020D,0x180D,0x0707,0x1811,0x0202,0x0202,0x0D02,0x180D,
	0x180D,0x0D0D,0x0D0D,0x180D,0x180D,0x0D0D,0x0D0D,0x180D,
	0x180D,0x0D0D,0x0D0D,0x180D,0x180D,0x0D0D,0x0D0D,0x180D,
	0x180D,0x0D0D,0x0D0D,0x180D,0x180D,0x0D0D,0x0D0D,0x180D,

	0x0000,0x0000,0x0000,0x0000,0x0000,0x0000,0x0000,0x0000,
	0x0000,0x0000,0x0000,0x0000,0x0000,0x0000,0x0000,0x0000,
	0x0000,0x0000,0x0000,0x0000,0x0000,0x0000,0x0000,0x0000,
	0x0000,0x0000,0x0000,0x0000,0x0000,0x0000,0x0000,0x0000,
	0x0000,0x0000,0x0000,0x0000,0x0000,0x0000,0x0000,0x0000,
	0x0000,0x0000,0x0000,0x0000,0x0000,0x0000,0x0000,0x0000,
	0x0000,0x0000,0x0000,0x0000,0x0000,0x0000,0x0000,0x0000,
	0x0000,0x0000,0x0000,0x0000,0x0000,0x0000,0x0000,0x0000,

	0x0000,0x0000,0x0000,0x0000,0x0000,0x0000,0x0000,0x0000,
	0x0000,0x0000,0x0000,0x0000,0x0000,0x0000,0x0000,0x0000,
	0x0000,0x0000,0x0000,0x0000,0x0000,0x0000,0x0000,0x0000,
	0x0000,0x0000,0x0000,0x0000,0x0000,0x0000,0x0000,0x0000,
	0x0000,0x0000,0x0000,0x0000,0x0000,0x0000,0x0000,0x0000,
	0x0000,0x0000,0x0000,0x0000,0x0000,0x0000,0x0000,0x0000,
	0x0000,0x0000,0x0000,0x0000,0x0000,0x0000,0x0000,0x0000,
	0x0000,0x0000,0x0000,0x0000,0x0000,0x0000,0x0000,0x0000,

	0x0000,0x0000,0x0000,0x0000,0x0000,0x0000,0x0000,0x0000,
	0x0000,0x0000,0x0000,0x0000,0x0000,0x0000,0x0000,0x0000,
	0x0000,0x0000,0x0000,0x0000,0x0000,0x0000,0x0000,0x0000,
	0x0000,0x0000,0x0000,0x0000,0x0000,0x0000,0x0000,0x0000,
	0x0000,0x0000,0x0000,0x0000,0x0000,0x0000,0x0000,0x0000,
	0x0000,0x0000,0x0000,0x0000,0x0000,0x0000,0x0000,0x0000,
	0x0000,0x0000,0x0000,0x0000,0x0000,0x0000,0x0000,0x0000,
	0x0000,0x0000,0x0D00,0x0218,0x0D0D,0x0D0D,0x0D18,0x0218,

	0x0D0D,0x0D0D,0x0D18,0x0218,0x0D0D,0x0D0D,0x0D18,0x0218,
	0x0D0D,0x0D0D,0x0D18,0x0218,0x0000,0x0000,0x0000,0x0000,
	0x0000,0x0000,0x0000,0x0000,0x0000,0x0000,0x0000,0x0000,
	0x0D0D,0x0D02,0x0B0B,0x0D0B,0x0202,0x0B02,0x0202,0x0218,
	0x0D0D,0x0D18,0x070D,0x0D0D,0x0218,0x0B02,0x0202,0x0218,
	0x0D0D,0x0D0D,0x0D18,0x0218,0x0D0D,0x0D0D,0x0D18,0x0218,
	0x0D0D,0x0D0D,0x0D18,0x0218,0x0D0D,0x0D0D,0x0D18,0x0218,
	0x0D0D,0x0D0D,0x0D18,0x0218,0x0D0D,0x0D0D,0x0D18,0x0218,

	0x0000,0x0000,0x0000,0x0000,0x0000,0x0000,0x0000,0x0000,
	0x0000,0x0000,0x0000,0x0000,0x0000,0x0000,0x0000,0x0000,
	0x0000,0x0000,0x0000,0x0000,0x0000,0x0000,0x0000,0x0000,
	0x0000,0x0000,0x0000,0x0000,0x0000,0x0000,0x0000,0x0000,
	0x0000,0x0000,0x0000,0x0000,0x0000,0x0000,0x0000,0x0000,
	0x0000,0x0000,0x0000,0x0000,0x0000,0x0000,0x0000,0x0000,
	0x0000,0x0000,0x0000,0x0000,0x0000,0x0000,0x0000,0x0000,
	0x0000,0x0000,0x0000,0x0000,0x0000,0x0000,0x0000,0x0000,

	0x0000,0x0000,0x0000,0x0000,0x0000,0x0000,0x0000,0x0000,
	0x0000,0x0000,0x0000,0x0000,0x0000,0x0000,0x0000,0x0000,
	0x0000,0x0000,0x0000,0x0000,0x0000,0x0000,0x0000,0x0000,
	0x0000,0x0000,0x0000,0x0000,0x0000,0x0000,0x0000,0x0000,
	0x0000,0x0000,0x0000,0x0000,0x0000,0x0000,0x0000,0x0000,
	0x0000,0x0000,0x0000,0x0000,0x0000,0x0000,0x0000,0x0000,
	0x0000,0x0000,0x0000,0x0000,0x0000,0x0000,0x0000,0x0000,
	0x0000,0x0000,0x0000,0x0000,0x0000,0x0000,0x0000,0x0000,

	0x0000,0x0000,0x0000,0x0000,0x0000,0x0000,0x0000,0x0000,
	0x0000,0x0000,0x0000,0x0000,0x0000,0x0000,0x0000,0x0000,
	0x0000,0x0000,0x0000,0x0000,0x0000,0x0000,0x0000,0x0000,
	0x0000,0x0000,0x0000,0x0000,0x0000,0x0000,0x0000,0x0000,
	0x0000,0x0000,0x0000,0x0000,0x0000,0x0000,0x0000,0x0000,
	0x0000,0x0000,0x0000,0x0000,0x0000,0x0000,0x0000,0x0000,
	0x0000,0x0000,0x0000,0x0000,0x0000,0x0000,0x0000,0x0000,
	0x0000,0x0000,0x1800,0x180D,0x0D0D,0x0D18,0x180D,0x180D,

	0x0D0D,0x0D18,0x180D,0x180D,0x0D0D,0x0D18,0x180D,0x180D,
	0x0D0D,0x0D18,0x180D,0x180D,0x0000,0x0000,0x0000,0x0000,
	0x0000,0x0000,0x0000,0x0000,0x0000,0x0000,0x0000,0x0000,
	0x0202,0x0202,0x0202,0x0202,0x1102,0x110A,0x0202,0x180D,
	0x0202,0x0B02,0x0B0B,0x0B0B,0x0202,0x0202,0x0202,0x180D,
	0x0D0D,0x0D18,0x180D,0x180D,0x0D0D,0x0D18,0x180D,0x180D,
	0x0D0D,0x0D18,0x180D,0x180D,0x0D0D,0x0D18,0x180D,0x180D,
	0x0D0D,0x0D18,0x180D,0x180D,0x0D0D,0x0D18,0x180D,0x180D,

	0x0000,0x0000,0x0000,0x0000,0x0000,0x0000,0x0000,0x0000,
	0x0000,0x0000,0x0000,0x0000,0x0000,0x0000,0x0000,0x0000,
	0x0000,0x0000,0x0000,0x0000,0x0000,0x0000,0x0000,0x0000,
	0x0000,0x0000,0x0000,0x0000,0x0000,0x0000,0x0000,0x0000,
	0x0000,0x0000,0x0000,0x0000,0x0000,0x0000,0x0000,0x0000,
	0x0000,0x0000,0x0000,0x0000,0x0000,0x0000,0x0000,0x0000,
	0x0000,0x0000,0x0000,0x0000,0x0000,0x0000,0x0000,0x0000,
	0x0000,0x0000,0x0000,0x0000,0x0000,0x0000,0x0000,0x0000,

	0x0000,0x0000,0x0000,0x0000,0x0000,0x0000,0x0000,0x0000,
	0x0000,0x0000,0x0000,0x0000,0x0000,0x0000,0x0000,0x0000,
	0x0000,0x0000,0x0000,0x0000,0x0000,0x0000,0x0000,0x0000,
	0x0000,0x0000,0x0000,0x0000,0x0000,0x0000,0x0000,0x0000,
	0x0000,0x0000,0x0000,0x0000,0x0000,0x0000,0x0000,0x0000,
	0x0000,0x0000,0x0000,0x0000,0x0000,0x0000,0x0000,0x0000,
	0x0000,0x0000,0x0000,0x0000,0x0000,0x0000,0x0000,0x0000,
	0x0000,0x0000,0x0000,0x0000,0x0000,0x0000,0x0000,0x0000,

	0x0000,0x0000,0x0000,0x0000,0x0000,0x0000,0x0000,0x0000,
	0x0000,0x0000,0x0000,0x0000,0x0000,0x0000,0x0000,0x0000,
	0x0000,0x0000,0x0000,0x0000,0x0000,0x0000,0x0000,0x0000,
	0x0000,0x0000,0x0000,0x0000,0x0000,0x0000,0x0000,0x0000,
	0x0000,0x0000,0x0000,0x0000,0x0000,0x0000,0x0000,0x0000,
	0x0000,0x0000,0x0000,0x0000,0x0000,0x0000,0x0000,0x0000,
	0x0000,0x0000,0x0000,0x0000,0x0000,0x0000,0x0000,0x0000,
	0x0000,0x0000,0x0D00,0x0D02,0x0D0D,0x0218,0x0D18,0x0D02,

	0x0D0D,0x0218,0x0D18,0x0D02,0x0D0D,0x0218,0x0D18,0x0D02,
	0x0D0D,0x0218,0x0D18,0x0D02,0x0000,0x0000,0x0000,0x0000,
	0x0000,0x0000,0x0000,0x0000,0x0000,0x0000,0x0000,0x0000,
	0x020D,0x0202,0x0202,0x0202,0x0718,0x1107,0x0218,0x180D,
	0x020D,0x0202,0x0202,0x0202,0x110D,0x110A,0x020D,0x180D,
	0x0D0D,0x0218,0x0D18,0x0D02,0x0D0D,0x0218,0x0D18,0x0D02,
	0x0D0D,0x0218,0x0D18,0x0D02,0x0D0D,0x0218,0x0D18,0x0D02,
	0x0D0D,0x0218,0x0D18,0x0D02,0x0D0D,0x0218,0x0D18,0x0D02,

	0x0000,0x0000,0x0000,0x0000,0x0000,0x0000,0x0000,0x0000,
	0x0000,0x0000,0x0000,0x0000,0x0000,0x0000,0x0000,0x0000,
	0x0000,0x0000,0x0000,0x0000,0x0000,0x0000,0x0000,0x0000,
	0x0000,0x0000,0x0000,0x0000,0x0000,0x0000,0x0000,0x0000,
	0x0000,0x0000,0x0000,0x0000,0x0000,0x0000,0x0000,0x0000,
	0x0000,0x0000,0x0000,0x0000,0x0000,0x0000,0x0000,0x0000,
	0x0000,0x0000,0x0000,0x0000,0x0000,0x0000,0x0000,0x0000,
	0x0000,0x0000,0x0000,0x0000,0x0000,0x0000,0x0000,0x0000,

	0x0000,0x0000,0x0000,0x0000,0x0000,0x0000,0x0000,0x0000,
	0x0000,0x0000,0x0000,0x0000,0x0000,0x0000,0x0000,0x0000,
	0x0000,0x0000,0x0000,0x0000,0x0000,0x0000,0x0000,0x0000,
	0x0000,0x0000,0x0000,0x0000,0x0000,0x0000,0x0000,0x0000,
	0x0000,0x0000,0x0000,0x0000,0x0000,0x0000,0x0000,0x0000,
	0x0000,0x0000,0x0000,0x0000,0x0000,0x0000,0x0000,0x0000,
	0x0000,0x0000,0x0000,0x0000,0x0000,0x0000,0x0000,0x0000,
	0x0000,0x0000,0x0000,0x0000,0x0000,0x0000,0x0000,0x0000,

	0x0000,0x0000,0x0000,0x0000,0x0000,0x0000,0x0000,0x0000,
	0x0000,0x0000,0x0000,0x0000,0x0000,0x0000,0x0000,0x0000,
	0x0000,0x0000,0x0000,0x0000,0x0000,0x0000,0x0000,0x0000,
	0x0000,0x0000,0x0000,0x0000,0x0000,0x0000,0x0000,0x0000,
	0x0000,0x0000,0x0000,0x0000,0x0000,0x0000,0x0000,0x0000,
	0x0000,0x0000,0x0000,0x0000,0x0000,0x0000,0x0000,0x0000,
	0x0000,0x0000,0x0000,0x0000,0x0000,0x0000,0x0000,0x0000,
	0x0000,0x0000,0x0D00,0x0D0D,0x0D0D,0x180D,0x0D0D,0x0D0D,

	0x0D0D,0x180D,0x0D0D,0x0D0D,0x0D0D,0x180D,0x0D0D,0x0D0D,
	0x0D0D,0x180D,0x0D0D,0x0D0D,0x0000,0x0000,0x0000,0x0000,
	0x0000,0x0000,0x0000,0x0000,0x0000,0x0000,0x0000,0x0000,
	0x0202,0x0202,0x0202,0x0202,0x0D18,0x0D07,0x0218,0x0D0D,
	0x0202,0x0202,0x0202,0x0202,0x0718,0x1107,0x0218,0x0D0D,
	0x0D0D,0x180D,0x0D0D,0x0D0D,0x0D0D,0x180D,0x0D0D,0x0D0D,
	0x0D0D,0x180D,0x0D0D,0x0D0D,0x0D0D,0x180D,0x0D0D,0x0D0D,
	0x0D0D,0x180D,0x0D0D,0x0D0D,0x0D0D,0x180D,0x0D0D,0x0D0D,

	0x0000,0x0000,0x0000,0x0000,0x0000,0x0000,0x0000,0x0000,
	0x0000,0x0000,0x0000,0x0000,0x0000,0x0000,0x0000,0x0000,
	0x0000,0x0000,0x0000,0x0000,0x0000,0x0000,0x0000,0x0000,
	0x0000,0x0000,0x0000,0x0000,0x0000,0x0000,0x0000,0x0000,
	0x0000,0x0000,0x0000,0x0000,0x0000,0x0000,0x0000,0x0000,
	0x0000,0x0000,0x0000,0x0000,0x0000,0x0000,0x0000,0x0000,
	0x0000,0x0000,0x0000,0x0000,0x0000,0x0000,0x0000,0x0000,
	0x0000,0x0000,0x0000,0x0000,0x0000,0x0000,0x0000,0x0000,

	0x0000,0x0000,0x0000,0x0000,0x0000,0x0000,0x0000,0x0000,
	0x0000,0x0000,0x0000,0x0000,0x0000,0x0000,0x0000,0x0000,
	0x0000,0x0000,0x0000,0x0000,0x0000,0x0000,0x0000,0x0000,
	0x0000,0x0000,0x0000,0x0000,0x0000,0x0000,0x0000,0x0000,
	0x0000,0x0000,0x0000,0x0000,0x0000,0x0000,0x0000,0x0000,
	0x0000,0x0000,0x0000,0x0000,0x0000,0x0000,0x0000,0x0000,
	0x0000,0x0000,0x0000,0x0000,0x0000,0x0000,0x0000,0x0000,
	0x0000,0x0000,0x0000,0x0000,0x0000,0x0000,0x0000,0x0000,

	0x0000,0x0000,0x0000,0x0000,0x0000,0x0000,0x0000,0x0000,
	0x0000,0x0000,0x0000,0x0000,0x0000,0x0000,0x0000,0x0000,
	0x0000,0x0000,0x0000,0x0000,0x0000,0x0000,0x0000,0x0000,
	0x0000,0x0000,0x0000,0x0000,0x0000,0x0000,0x0000,0x0000,
	0x0000,0x0000,0x0000,0x0000,0x0000,0x0000,0x0000,0x0000,
	0x0000,0x0000,0x0000,0x0000,0x0000,0x0000,0x0000,0x0000,
	0x0000,0x0000,0x0000,0x0000,0x0000,0x0000,0x0000,0x0000,
	0x0000,0x0000,0x0600,0x0D18,0x020D,0x180D,0x0D0D,0x0D18,

	0x020D,0x180D,0x0D0D,0x0D18,0x020D,0x180D,0x0D0D,0x0D18,
	0x020D,0x180D,0x0D0D,0x0D18,0x0000,0x0000,0x0000,0x0000,
	0x0000,0x0000,0x0000,0x0000,0x0000,0x0000,0x0000,0x0000,
	0x020D,0x0202,0x0202,0x0202,0x0B0D,0x0B0B,0x020D,0x0D0D,
	0x020D,0x0202,0x0202,0x1802,0x0D0D,0x0D07,0x180D,0x0D0D,
	0x020D,0x180D,0x0D0D,0x0D18,0x020D,0x180D,0x0D0D,0x0D18,
	0x020D,0x180D,0x0D0D,0x0D18,0x020D,0x180D,0x0D0D,0x0D18,
	0x020D,0x180D,0x0D0D,0x0D18,0x020D,0x180D,0x0D0D,0x0D18,

	0x0000,0x0000,0x0000,0x0000,0x0000,0x0000,0x0000,0x0000,
	0x0000,0x0000,0x0000,0x0000,0x0000,0x0000,0x0000,0x0000,
	0x0000,0x0000,0x0000,0x0000,0x0000,0x0000,0x0000,0x0000,
	0x0000,0x0000,0x0000,0x0000,0x0000,0x0000,0x0000,0x0000,
	0x0000,0x0000,0x0000,0x0000,0x0000,0x0000,0x0000,0x0000,
	0x0000,0x0000,0x0000,0x0000,0x0000,0x0000,0x0000,0x0000,
	0x0000,0x0000,0x0000,0x0000,0x0000,0x0000,0x0000,0x0000,
	0x0000,0x0000,0x0000,0x0000,0x0000,0x0000,0x0000,0x0000,

	0x0000,0x0000,0x0000,0x0000,0x0000,0x0000,0x0000,0x0000,
	0x0000,0x0000,0x0000,0x0000,0x0000,0x0000,0x0000,0x0000,
	0x0000,0x0000,0x0000,0x0000,0x0000,0x0000,0x0000,0x0000,
	0x0000,0x0000,0x0000,0x0000,0x0000,0x0000,0x0000,0x0000,
	0x0000,0x0000,0x0000,0x0000,0x0000,0x0000,0x0000,0x0000,
	0x0000,0x0000,0x0000,0x0000,0x0000,0x0000,0x0000,0x0000,
	0x0000,0x0000,0x0000,0x0000,0x0000,0x0000,0x0000,0x0000,
	0x0000,0x0000,0x0000,0x0000,0x0000,0x0000,0x0000,0x0000,

	0x0000,0x0000,0x0000,0x0000,0x0000,0x0000,0x0000,0x0000,
	0x0000,0x0000,0x0000,0x0000,0x0000,0x0000,0x0000,0x0000,
	0x0000,0x0000,0x0000,0x0000,0x0000,0x0000,0x0000,0x0000,
	0x0000,0x0000,0x0000,0x0000,0x0000,0x0000,0x0000,0x0000,
	0x0000,0x0000,0x0000,0x0000,0x0000,0x0000,0x0000,0x0000,
	0x0000,0x0000,0x0000,0x0000,0x0000,0x0000,0x0000,0x0000,
	0x0000,0x0000,0x0000,0x0000,0x0000,0x0000,0x0000,0x0000,
	0x0000,0x0000,0x0D00,0x0D06,0x0D18,0x0D02,0x180D,0x0D02,

	0x0D18,0x0D02,0x180D,0x0D02,0x0D18,0x0D02,0x180D,0x0D02,
	0x0D18,0x0D02,0x180D,0x0D02,0x0000,0x0000,0x0000,0x0000,
	0x0000,0x0000,0x0000,0x0000,0x0000,0x0000,0x0000,0x0000,
	0x020D,0x0A07,0x0207,0x0202,0x0202,0x0202,0x0202,0x0D0D,
	0x020D,0x0202,0x0202,0x0202,0x0B0B,0x0B0B,0x020B,0x0D0D,
	0x0D18,0x0D02,0x180D,0x0D02,0x0D18,0x0D02,0x180D,0x0D02,
	0x0D18,0x0D02,0x180D,0x0D02,0x0D18,0x0D02,0x180D,0x0D02,
	0x0D18,0x0D02,0x180D,0x0D02,0x0D18,0x0D02,0x180D,0x0D02,

	0x0000,0x0000,0x0000,0x0000,0x0000,0x0000,0x0000,0x0000,
	0x0000,0x0000,0x0000,0x0000,0x0000,0x0000,0x0000,0x0000,
	0x0000,0x0000,0x0000,0x0000,0x0000,0x0000,0x0000,0x0000,
	0x0000,0x0000,0x0000,0x0000,0x0000,0x0000,0x0000,0x0000,
	0x0000,0x0000,0x0000,0x0000,0x0000,0x0000,0x0000,0x0000,
	0x0000,0x0000,0x0000,0x0000,0x0000,0x0000,0x0000,0x0000,
	0x0000,0x0000,0x0000,0x0000,0x0000,0x0000,0x0000,0x0000,
	0x0000,0x0000,0x0000,0x0000,0x0000,0x0000,0x0000,0x0000,

	0x0000,0x0000,0x0000,0x0000,0x0000,0x0000,0x0000,0x0000,
	0x0000,0x0000,0x0000,0x0000,0x0000,0x0000,0x0000,0x0000,
	0x0000,0x0000,0x0000,0x0000,0x0000,0x0000,0x0000,0x0000,
	0x0000,0x0000,0x0000,0x0000,0x0000,0x0000,0x0000,0x0000,
	0x0000,0x0000,0x0000,0x0000,0x0000,0x0000,0x0000,0x0000,
	0x0000,0x0000,0x0000,0x0000,0x0000,0x0000,0x0000,0x0000,
	0x0000,0x0000,0x0000,0x0000,0x0000,0x0000,0x0000,0x0000,
	0x0000,0x0000,0x0000,0x0000,0x0000,0x0000,0x0000,0x0000,

	0x0000,0x0000,0x0000,0x0000,0x0000,0x0000,0x0000,0x0000,
	0x0000,0x0000,0x0000,0x0000,0x0000,0x0000,0x0000,0x0000,
	0x0000,0x0000,0x0000,0x0000,0x0000,0x0000,0x0000,0x0000,
	0x0000,0x0000,0x0000,0x0000,0x0000,0x0000,0x0000,0x0000,
	0x0000,0x0000,0x0000,0x0000,0x0000,0x0000,0x0000,0x0000,
	0x0000,0x0000,0x0000,0x0000,0x0000,0x0000,0x0000,0x0000,
	0x0000,0x0000,0x0000,0x0000,0x0000,0x0000,0x0000,0x0000,
	0x0000,0x0000,0x0600,0x1806,0x180D,0x0D02,0x180D,0x1802,

	0x180D,0x0D02,0x180D,0x1802,0x180D,0x0D02,0x180D,0x1802,
	0x180D,0x0D02,0x180D,0x1802,0x0000,0x0000,0x0000,0x0000,
	0x0000,0x0000,0x0000,0x0000,0x0000,0x0000,0x0000,0x0000,
	0x180D,0x0707,0x1807,0x0202,0x0202,0x0202,0x0D02,0x0D0D,
	0x0D0D,0x0A07,0x0D07,0x0202,0x0202,0x0202,0x0D02,0x0D0D,
	0x180D,0x0D02,0x180D,0x1802,0x180D,0x0D02,0x180D,0x1802,
	0x180D,0x0D02,0x180D,0x1802,0x180D,0x0D02,0x180D,0x1802,
	0x180D,0x0D02,0x180D,0x1802,0x180D,0x0D02,0x180D,0x1802,

	0x0000,0x0000,0x0000,0x0000,0x0000,0x0000,0x0000,0x0000,
	0x0000,0x0000,0x0000,0x0000,0x0000,0x0000,0x0000,0x0000,
	0x0000,0x0000,0x0000,0x0000,0x0000,0x0000,0x0000,0x0000,
	0x0000,0x0000,0x0000,0x0000,0x0000,0x0000,0x0000,0x0000,
	0x0000,0x0000,0x0000,0x0000,0x0000,0x0000,0x0000,0x0000,
	0x0000,0x0000,0x0000,0x0000,0x0000,0x0000,0x0000,0x0000,
	0x0000,0x0000,0x0000,0x0000,0x0000,0x0000,0x0000,0x0000,
	0x0000,0x0000,0x0000,0x0000,0x0000,0x0000,0x0000,0x0000,

	0x0000,0x0000,0x0000,0x0000,0x0000,0x0000,0x0000,0x0000,
	0x0000,0x0000,0x0000,0x0000,0x0000,0x0000,0x0000,0x0000,
	0x0000,0x0000,0x0000,0x0000,0x0000,0x0000,0x0000,0x0000,
	0x0000,0x0000,0x0000,0x0000,0x0000,0x0000,0x0000,0x0000,
	0x0000,0x0000,0x0000,0x0000,0x0000,0x0000,0x0000,0x0000,
	0x0000,0x0000,0x0000,0x0000,0x0000,0x0000,0x0000,0x0000,
	0x0000,0x0000,0x0000,0x0000,0x0000,0x0000,0x0000,0x0000,
	0x0000,0x0000,0x0000,0x0000,0x0000,0x0000,0x0000,0x0000,

	0x0000,0x0000,0x0000,0x0000,0x0000,0x0000,0x0000,0x0000,
	0x0000,0x0000,0x0000,0x0000,0x0000,0x0000,0x0000,0x0000,
	0x0000,0x0000,0x0000,0x0000,0x0000,0x0000,0x0000,0x0000,
	0x0000,0x0000,0x0000,0x0000,0x0000,0x0000,0x0000,0x0000,
	0x0000,0x0000,0x0000,0x0000,0x0000,0x0000,0x0000,0x0000,
	0x0000,0x0000,0x0000,0x0000,0x0000,0x0000,0x0000,0x0000,
	0x0000,0x0000,0x0000,0x0000,0x0000,0x0000,0x0000,0x0000,
	0x0000,0x0000,0x0D00,0x180D,0x180D,0x0D0D,0x0D0D,0x180D,

	0x180D,0x0D0D,0x0D0D,0x180D,0x180D,0x0D0D,0x0D0D,0x180D,
	0x180D,0x0D0D,0x0D0D,0x180D,0x0000,0x0000,0x0000,0x0000,
	0x0000,0x0000,0x0000,0x0000,0x0000,0x0000,0x0000,0x0000,
	0x180D,0x070D,0x180D,0x0202,0x0202,0x0202,0x0202,0x0202,
	0x180D,0x0707,0x1807,0x0202,0x0202,0x0202,0x0202,0x0202,
	0x180D,0x0D0D,0x0D0D,0x180D,0x180D,0x0D0D,0x0D0D,0x180D,
	0x180D,0x0D0D,0x0D0D,0x180D,0x180D,0x0D0D,0x0D0D,0x180D,
	0x180D,0x0D0D,0x0D0D,0x180D,0x180D,0x0D0D,0x0D0D,0x180D,

	0x0000,0x0000,0x0000,0x0000,0x0000,0x0000,0x0000,0x0000,
	0x0000,0x0000,0x0000,0x0000,0x0000,0x0000,0x0000,0x0000,
	0x0000,0x0000,0x0000,0x0000,0x0000,0x0000,0x0000,0x0000,
	0x0000,0x0000,0x0000,0x0000,0x0000,0x0000,0x0000,0x0000,
	0x0000,0x0000,0x0000,0x0000,0x0000,0x0000,0x0000,0x0000,
	0x0000,0x0000,0x0000,0x0000,0x0000,0x0000,0x0000,0x0000,
	0x0000,0x0000,0x0000,0x0000,0x0000,0x0000,0x0000,0x0000,
	0x0000,0x0000,0x0000,0x0000,0x0000,0x0000,0x0000,0x0000,

	0x0000,0x0000,0x0000,0x0000,0x0000,0x0000,0x0000,0x0000,
	0x0000,0x0000,0x0000,0x0000,0x0000,0x0000,0x0000,0x0000,
	0x0000,0x0000,0x0000,0x0000,0x0000,0x0000,0x0000,0x0000,
	0x0000,0x0000,0x0000,0x0000,0x0000,0x0000,0x0000,0x0000,
	0x0000,0x0000,0x0000,0x0000,0x0000,0x0000,0x0000,0x0000,
	0x0000,0x0000,0x0000,0x0000,0x0000,0x0000,0x0000,0x0000,
	0x0000,0x0000,0x0000,0x0000,0x0000,0x0000,0x0000,0x0000,
	0x0000,0x0000,0x0000,0x0000,0x0000,0x0000,0x0000,0x0000,

	0x0000,0x0000,0x0000,0x0000,0x0000,0x0000,0x0000,0x0000,
	0x0000,0x0000,0x0000,0x0000,0x0000,0x0000,0x0000,0x0000,
	0x0000,0x0000,0x0000,0x0000,0x0000,0x0000,0x0000,0x0000,
	0x0000,0x0000,0x0000,0x0000,0x0000,0x0000,0x0000,0x0000,
	0x0000,0x0000,0x0000,0x0000,0x0000,0x0000,0x0000,0x0000,
	0x0000,0x0000,0x0000,0x0000,0x0000,0x0000,0x0000,0x0000,
	0x0000,0x0000,0x0000,0x0000,0x0000,0x0000,0x0000,0x0000,
	0x0000,0x0000,0x0D00,0x0218,0x0D0D,0x0D0D,0x0D18,0x0218,

	0x0D0D,0x0D0D,0x0D18,0x0218,0x0D0D,0x0D0D,0x0D18,0x0218,
	0x0D0D,0x0D0D,0x0D18,0x0218,0x0000,0x0000,0x0000,0x0000,
	0x0000,0x0000,0x0000,0x0000,0x0000,0x0000,0x0000,0x0000,
	0x0D02,0x0B0B,0x0D0B,0x0202,0x0D02,0x0202,0x0D02,0x0D02,
	0x0D18,0x0702,0x0D02,0x0218,0x0D02,0x0202,0x0D02,0x0D02,
	0x0D0D,0x0D0D,0x0D18,0x0218,0x0D0D,0x0D0D,0x0D18,0x0218,
	0x0D0D,0x0D0D,0x0D18,0x0218,0x0D0D,0x0D0D,0x0D18,0x0218,
	0x0D0D,0x0D0D,0x0D18,0x0218,0x0D0D,0x0D0D,0x0D18,0x0218,

	0x0000,0x0000,0x0000,0x0000,0x0000,0x0000,0x0000,0x0000,
	0x0000,0x0000,0x0000,0x0000,0x0000,0x0000,0x0000,0x0000,
	0x0000,0x0000,0x0000,0x0000,0x0000,0x0000,0x0000,0x0000,
	0x0000,0x0000,0x0000,0x0000,0x0000,0x0000,0x0000,0x0000,
	0x0000,0x0000,0x0000,0x0000,0x0000,0x0000,0x0000,0x0000,
	0x0000,0x0000,0x0000,0x0000,0x0000,0x0000,0x0000,0x0000,
	0x0000,0x0000,0x0000,0x0000,0x0000,0x0000,0x0000,0x0000,
	0x0000,0x0000,0x0000,0x0000,0x0000,0x0000,0x0000,0x0000,

	0x0000,0x0000,0x0000,0x0000,0x0000,0x0000,0x0000,0x0000,
	0x0000,0x0000,0x0000,0x0000,0x0000,0x0000,0x0000,0x0000,
	0x0000,0x0000,0x0000,0x0000,0x0000,0x0000,0x0000,0x0000,
	0x0000,0x0000,0x0000,0x0000,0x0000,0x0000,0x0000,0x0000,
	0x0000,0x0000,0x0000,0x0000,0x0000,0x0000,0x0000,0x0000,
	0x0000,0x0000,0x0000,0x0000,0x0000,0x0000,0x0000,0x0000,
	0x0000,0x0000,0x0000,0x0000,0x0000,0x0000,0x0000,0x0000,
	0x0000,0x0000,0x0000,0x0000,0x0000,0x0000,0x0000,0x0000,

	0x0000,0x0000,0x0000,0x0000,0x0000,0x0000,0x0000,0x0000,
	0x0000,0x0000,0x0000,0x0000,0x0000,0x0000,0x0000,0x0000,
	0x0000,0x0000,0x0000,0x0000,0x0000,0x0000,0x0000,0x0000,
	0x0000,0x0000,0x0000,0x0000,0x0000,0x0000,0x0000,0x0000,
	0x0000,0x0000,0x0000,0x0000,0x0000,0x0000,0x0000,0x0000,
	0x0000,0x0000,0x0000,0x0000,0x0000,0x0000,0x0000,0x0000,
	0x0000,0x0000,0x0000,0x0000,0x0000,0x0000,0x0000,0x0000,
	0x0000,0x0000,0x1800,0x180D,0x0D0D,0x0D18,0x180D,0x180D,

	0x0D0D,0x0D18,0x180D,0x180D,0x0D0D,0x0D18,0x180D,0x180D,
	0x0D0D,0x0D18,0x180D,0x180D,0x0000,0x0000,0x0000,0x0000,
	0x0000,0x0000,0x0000,0x0000,0x0000,0x0000,0x0000,0x0000,
	0x020D,0x0202,0x0202,0x0202,0x0D02,0x020D,0x0D0D,0x1802,
	0x0B0D,0x0B0B,0x0B0B,0x0202,0x0D02,0x020D,0x0D0D,0x1802,
	0x0D0D,0x0D18,0x180D,0x180D,0x0D0D,0x0D18,0x180D,0x180D,
	0x0D0D,0x0D18,0x180D,0x180D,0x0D0D,0x0D18,0x180D,0x180D,
	0x0D0D,0x0D18,0x180D,0x180D,0x0D0D,0x0D18,0x180D,0x180D,

	0x0000,0x0000,0x0000,0x0000,0x0000,0x0000,0x0000,0x0000,
	0x0000,0x0000,0x0000,0x0000,0x0000,0x0000,0x0000,0x0000,
	0x0000,0x0000,0x0000,0x0000,0x0000,0x0000,0x0000,0x0000,
	0x0000,0x0000,0x0000,0x0000,0x0000,0x0000,0x0000,0x0000,
	0x0000,0x0000,0x0000,0x0000,0x0000,0x0000,0x0000,0x0000,
	0x0000,0x0000,0x0000,0x0000,0x0000,0x0000,0x0000,0x0000,
	0x0000,0x0000,0x0000,0x0000,0x0000,0x0000,0x0000,0x0000,
	0x0000,0x0000,0x0000,0x0000,0x0000,0x0000,0x0000,0x0000,

	0x0000,0x0000,0x0000,0x0000,0x0000,0x0000,0x0000,0x0000,
	0x0000,0x0000,0x0000,0x0000,0x0000,0x0000,0x0000,0x0000,
	0x0000,0x0000,0x0000,0x0000,0x0000,0x0000,0x0000,0x0000,
	0x0000,0x0000,0x0000,0x0000,0x0000,0x0000,0x0000,0x0000,
	0x0000,0x0000,0x0000,0x0000,0x0000,0x0000,0x0000,0x0000,
	0x0000,0x0000,0x0000,0x0000,0x0000,0x0000,0x0000,0x0000,
	0x0000,0x0000,0x0000,0x0000,0x0000,0x0000,0x0000,0x0000,
	0x0000,0x0000,0x0000,0x0000,0x0000,0x0000,0x0000,0x0000,

	0x0000,0x0000,0x0000,0x0000,0x0000,0x0000,0x0000,0x0000,
	0x0000,0x0000,0x0000,0x0000,0x0000,0x0000,0x0000,0x0000,
	0x0000,0x0000,0x0000,0x0000,0x0000,0x0000,0x0000,0x0000,
	0x0000,0x0000,0x0000,0x0000,0x0000,0x0000,0x0000,0x0000,
	0x0000,0x0000,0x0000,0x0000,0x0000,0x0000,0x0000,0x0000,
	0x0000,0x0000,0x0000,0x0000,0x0000,0x0000,0x0000,0x0000,
	0x0000,0x0000,0x0000,0x0000,0x0000,0x0000,0x0000,0x0000,
	0x0000,0x0000,0x0D00,0x0D02,0x0D0D,0x0218,0x0D18,0x0D02,

	0x0D0D,0x0218,0x0D18,0x0D02,0x0D0D,0x0218,0x0D18,0x0D02,
	0x0D0D,0x0218,0x0D18,0x0D02,0x0000,0x0000,0x0000,0x0000,
	0x0000,0x0000,0x0000,0x0000,0x0000,0x0000,0x0000,0x0000,
	0x0D0D,0x0218,0x0D18,0x0D02,0x0D0D,0x0218,0x0D18,0x0D02,
	0x0D0D,0x0218,0x0D18,0x0D02,0x0D0D,0x0218,0x0D18,0x0D02,
	0x0D0D,0x0218,0x0D18,0x0C02,0x0D0C,0x0218,0x0D18,0x0D02,
	0x0D0D,0x0218,0x0D18,0x0D02,0x0D0D,0x0218,0x0D18,0x0D02,
	0x0D0D,0x0218,0x0D18,0x0D02,0x0D0D,0x0218,0x0D18,0x0D02,

	0x0000,0x0000,0x0000,0x0000,0x0000,0x0000,0x0000,0x0000,
	0x0000,0x0000,0x0000,0x0000,0x0000,0x0000,0x0000,0x0000,
	0x0000,0x0000,0x0000,0x0000,0x0000,0x0000,0x0000,0x0000,
	0x0000,0x0000,0x0000,0x0000,0x0000,0x0000,0x0000,0x0000,
	0x0000,0x0000,0x0000,0x0000,0x0000,0x0000,0x0000,0x0000,
	0x0000,0x0000,0x0000,0x0000,0x0000,0x0000,0x0000,0x0000,
	0x0000,0x0000,0x0000,0x0000,0x0000,0x0000,0x0000,0x0000,
	0x0000,0x0000,0x0000,0x0000,0x0000,0x0000,0x0000,0x0000,

	0x0000,0x0000,0x0000,0x0000,0x0000,0x0000,0x0000,0x0000,
	0x0000,0x0000,0x0000,0x0000,0x0000,0x0000,0x0000,0x0000,
	0x0000,0x0000,0x0000,0x0000,0x0000,0x0000,0x0000,0x0000,
	0x0000,0x0000,0x0000,0x0000,0x0000,0x0000,0x0000,0x0000,
	0x0000,0x0000,0x0000,0x0000,0x0000,0x0000,0x0000,0x0000,
	0x0000,0x0000,0x0000,0x0000,0x0000,0x0000,0x0000,0x0000,
	0x0000,0x0000,0x0000,0x0000,0x0000,0x0000,0x0000,0x0000,
	0x0000,0x0000,0x0000,0x0000,0x0000,0x0000,0x0000,0x0000,

	0x0000,0x0000,0x0000,0x0000,0x0000,0x0000,0x0000,0x0000,
	0x0000,0x0000,0x0000,0x0000,0x0000,0x0000,0x0000,0x0000,
	0x0000,0x0000,0x0000,0x0000,0x0000,0x0000,0x0000,0x0000,
	0x0000,0x0000,0x0000,0x0000,0x0000,0x0000,0x0000,0x0000,
	0x0000,0x0000,0x0000,0x0000,0x0000,0x0000,0x0000,0x0000,
	0x0000,0x0000,0x0000,0x0000,0x0000,0x0000,0x0000,0x0000,
	0x0000,0x0000,0x0000,0x0000,0x0000,0x0000,0x0000,0x0000,
	0x0000,0x0000,0x0D00,0x0D0D,0x0D0D,0x180D,0x0D0D,0x0D0D,

	0x0D0D,0x180D,0x0D0D,0x0D0D,0x0D0D,0x180D,0x0D0D,0x0D0D,
	0x0D0D,0x180D,0x0D0D,0x0D0D,0x0000,0x0000,0x0000,0x0000,
	0x0000,0x0000,0x0000,0x0000,0x0000,0x0000,0x0000,0x0000,
	0x0D0D,0x180D,0x0D0D,0x0D0D,0x0D0D,0x180D,0x0D0D,0x0D0D,
	0x0D0D,0x180D,0x0D0D,0x0D0D,0x0D0D,0x180D,0x0D0D,0x0D0D,
	0x0D0D,0x180D,0x0D0D,0x120C,0x0C12,0x180D,0x0D0D,0x0D0D,
	0x0D0D,0x180D,0x0D0D,0x0D0D,0x0D0D,0x180D,0x0D0D,0x0D0D,
	0x0D0D,0x180D,0x0D0D,0x0D0D,0x0D0D,0x180D,0x0D0D,0x0D0D,

	0x0000,0x0000,0x0000,0x0000,0x0000,0x0000,0x0000,0x0000,
	0x0000,0x0000,0x0000,0x0000,0x0000,0x0000,0x0000,0x0000,
	0x0000,0x0000,0x0000,0x0000,0x0000,0x0000,0x0000,0x0000,
	0x0000,0x0000,0x0000,0x0000,0x0000,0x0000,0x0000,0x0000,
	0x0000,0x0000,0x0000,0x0000,0x0000,0x0000,0x0000,0x0000,
	0x0000,0x0000,0x0000,0x0000,0x0000,0x0000,0x0000,0x0000,
	0x0000,0x0000,0x0000,0x0000,0x0000,0x0000,0x0000,0x0000,
	0x0000,0x0000,0x0000,0x0000,0x0000,0x0000,0x0000,0x0000,

	0x0000,0x0000,0x0000,0x0000,0x0000,0x0000,0x0000,0x0000,
	0x0000,0x0000,0x0000,0x0000,0x0000,0x0000,0x0000,0x0000,
	0x0000,0x0000,0x0000,0x0000,0x0000,0x0000,0x0000,0x0000,
	0x0000,0x0000,0x0000,0x0000,0x0000,0x0000,0x0000,0x0000,
	0x0000,0x0000,0x0000,0x0000,0x0000,0x0000,0x0000,0x0000,
	0x0000,0x0000,0x0000,0x0000,0x0000,0x0000,0x0000,0x0000,
	0x0000,0x0000,0x0000,0x0000,0x0000,0x0000,0x0000,0x0000,
	0x0000,0x0000,0x0000,0x0000,0x0000,0x0000,0x0000,0x0000,

	0x0000,0x0000,0x0000,0x0000,0x0000,0x0000,0x0000,0x0000,
	0x0000,0x0000,0x0000,0x0000,0x0000,0x0000,0x0000,0x0000,
	0x0000,0x0000,0x0000,0x0000,0x0000,0x0000,0x0000,0x0000,
	0x0000,0x0000,0x0000,0x0000,0x0000,0x0000,0x0000,0x0000,
	0x0000,0x0000,0x0000,0x0000,0x0000,0x0000,0x0000,0x0000,
	0x0000,0x0000,0x0000,0x0000,0x0000,0x0000,0x0000,0x0000,
	0x0000,0x0000,0x0000,0x0000,0x0000,0x0000,0x0000,0x0000,
	0x0000,0x0000,0x0D00,0x0D18,0x020D,0x180D,0x0D0D,0x0D18,

	0x020D,0x180D,0x0D0D,0x0D18,0x020D,0x180D,0x0D0D,0x0D18,
	0x020D,0x180D,0x0D0D,0x0D18,0x0000,0x0000,0x0000,0x0000,
	0x0000,0x0000,0x0000,0x0000,0x0000,0x0000,0x0000,0x0000,
	0x020D,0x180D,0x0D0D,0x0D18,0x020D,0x180D,0x0D0D,0x0D18,
	0x020D,0x180D,0x0D0D,0x0D18,0x020D,0x180D,0x0D0D,0x0D18,
	0x020D,0x180D,0x0D0D,0x120C,0x0C0E,0x180D,0x0D0D,0x0D18,
	0x020D,0x180D,0x0D0D,0x0D18,0x020D,0x180D,0x0D0D,0x0D18,
	0x020D,0x180D,0x0D0D,0x0D18,0x020D,0x180D,0x0D0D,0x0D18,

	0x0000,0x0000,0x0000,0x0000,0x0000,0x0000,0x0000,0x0000,
	0x0000,0x0000,0x0000,0x0000,0x0000,0x0000,0x0000,0x0000,
	0x0000,0x0000,0x0000,0x0000,0x0000,0x0000,0x0000,0x0000,
	0x0000,0x0000,0x0000,0x0000,0x0000,0x0000,0x0000,0x0000,
	0x0000,0x0000,0x0000,0x0000,0x0000,0x0000,0x0000,0x0000,
	0x0000,0x0000,0x0000,0x0000,0x0000,0x0000,0x0000,0x0000,
	0x0000,0x0000,0x0000,0x0000,0x0000,0x0000,0x0000,0x0000,
	0x0000,0x0000,0x0000,0x0000,0x0000,0x0000,0x0000,0x0000,

	0x0000,0x0000,0x0000,0x0000,0x0000,0x0000,0x0000,0x0000,
	0x0000,0x0000,0x0000,0x0000,0x0000,0x0000,0x0000,0x0000,
	0x0000,0x0000,0x0000,0x0000,0x0000,0x0000,0x0000,0x0000,
	0x0000,0x0000,0x0000,0x0000,0x0000,0x0000,0x0000,0x0000,
	0x0000,0x0000,0x0000,0x0000,0x0000,0x0000,0x0000,0x0000,
	0x0000,0x0000,0x0000,0x0000,0x0000,0x0000,0x0000,0x0000,
	0x0000,0x0000,0x0000,0x0000,0x0000,0x0000,0x0000,0x0000,
	0x0000,0x0000,0x0000,0x0000,0x0000,0x0000,0x0000,0x0000,

	0x0000,0x0000,0x0000,0x0000,0x0000,0x0000,0x0000,0x0000,
	0x0000,0x0000,0x0000,0x0000,0x0000,0x0000,0x0000,0x0000,
	0x0000,0x0000,0x0000,0x0000,0x0000,0x0000,0x0000,0x0000,
	0x0000,0x0000,0x0000,0x0000,0x0000,0x0000,0x0000,0x0000,
	0x0000,0x0000,0x0000,0x0000,0x0000,0x0000,0x0000,0x0000,
	0x0000,0x0000,0x0000,0x0000,0x0000,0x0000,0x0000,0x0000,
	0x0000,0x0000,0x0000,0x0000,0x0000,0x0000,0x0000,0x0000,
	0x0000,0x0000,0x1800,0x0D02,0x0D18,0x0D02,0x180D,0x0D02,

	0x0D18,0x0D02,0x180D,0x0D02,0x0D18,0x0D02,0x180D,0x0D02,
	0x0D18,0x0D02,0x180D,0x0D02,0x0000,0x0000,0x0000,0x0000,
	0x0000,0x0000,0x0000,0x0000,0x0000,0x0000,0x0000,0x0000,
	0x0D18,0x0D02,0x180D,0x0D02,0x0D18,0x0D02,0x180D,0x0D02,
	0x0D18,0x0D02,0x180D,0x0D02,0x0D18,0x0D02,0x180D,0x0D02,
	0x0D18,0x0D02,0x0C0D,0x0E12,0x170E,0x0D0C,0x180D,0x0D02,
	0x0D18,0x0D02,0x180D,0x0D02,0x0D18,0x0D02,0x180D,0x0D02,
	0x0D18,0x0D02,0x180D,0x0D02,0x0D18,0x0D02,0x180D,0x0D02,

	0x0000,0x0000,0x0000,0x0000,0x0000,0x0000,0x0000,0x0000,
	0x0000,0x0000,0x0000,0x0000,0x0000,0x0000,0x0000,0x0000,
	0x0000,0x0000,0x0000,0x0000,0x0000,0x0000,0x0000,0x0000,
	0x0000,0x0000,0x0000,0x0000,0x0000,0x0000,0x0000,0x0000,
	0x0000,0x0000,0x0000,0x0000,0x0000,0x0000,0x0000,0x0000,
	0x0000,0x0000,0x0000,0x0000,0x0000,0x0000,0x0000,0x0000,
	0x0000,0x0000,0x0000,0x0000,0x0000,0x0000,0x0000,0x0000,
	0x0000,0x0000,0x0000,0x0000,0x0000,0x0000,0x0000,0x0000,

	0x0000,0x0000,0x0000,0x0000,0x0000,0x0000,0x0000,0x0000,
	0x0000,0x0000,0x0000,0x0000,0x0000,0x0000,0x0000,0x0000,
	0x0000,0x0000,0x0000,0x0000,0x0000,0x0000,0x0000,0x0000,
	0x0000,0x0000,0x0000,0x0000,0x0000,0x0000,0x0000,0x0000,
	0x0000,0x0000,0x0000,0x0000,0x0000,0x0000,0x0000,0x0000,
	0x0000,0x0000,0x0000,0x0000,0x0000,0x0000,0x0000,0x0000,
	0x0000,0x0000,0x0000,0x0000,0x0000,0x0000,0x0000,0x0000,
	0x0000,0x0000,0x0000,0x0000,0x0000,0x0000,0x0000,0x0000,

	0x0000,0x0000,0x0000,0x0000,0x0000,0x0000,0x0000,0x0000,
	0x0000,0x0000,0x0000,0x0000,0x0000,0x0000,0x0000,0x0000,
	0x0000,0x0000,0x0000,0x0000,0x0000,0x0000,0x0000,0x0000,
	0x0000,0x0000,0x0000,0x0000,0x0000,0x0000,0x0000,0x0000,
	0x0000,0x0000,0x0000,0x0000,0x0000,0x0000,0x0000,0x0000,
	0x0000,0x0000,0x0000,0x0000,0x0000,0x0000,0x0000,0x0000,
	0x0000,0x0000,0x0000,0x0000,0x0000,0x0000,0x0000,0x0000,
	0x0000,0x0000,0x1800,0x1802,0x180D,0x0D02,0x180D,0x1802,

	0x180D,0x0D02,0x180D,0x1802,0x180D,0x0D02,0x180D,0x1802,
	0x180D,0x0D02,0x180D,0x1802,0x0000,0x0000,0x0000,0x0000,
	0x0000,0x0000,0x0000,0x0000,0x0000,0x0000,0x0000,0x0000,
	0x180D,0x0D02,0x180D,0x1802,0x180D,0x0D02,0x180D,0x1802,
	0x180D,0x0D02,0x180D,0x1802,0x180D,0x0D02,0x180D,0x1802,
	0x180D,0x0D02,0x0C0D,0x0E12,0x170E,0x0D0C,0x180D,0x1802,
	0x180D,0x0D02,0x180D,0x1802,0x180D,0x0D02,0x180D,0x1802,
	0x180D,0x0D02,0x180D,0x1802,0x180D,0x0D02,0x180D,0x1802,

	0x0000,0x0000,0x0000,0x0000,0x0000,0x0000,0x0000,0x0000,
	0x0000,0x0000,0x0000,0x0000,0x0000,0x0000,0x0000,0x0000,
	0x0000,0x0000,0x0000,0x0000,0x0000,0x0000,0x0000,0x0000,
	0x0000,0x0000,0x0000,0x0000,0x0000,0x0000,0x0000,0x0000,
	0x0000,0x0000,0x0000,0x0000,0x0000,0x0000,0x0000,0x0000,
	0x0000,0x0000,0x0000,0x0000,0x0000,0x0000,0x0000,0x0000,
	0x0000,0x0000,0x0000,0x0000,0x0000,0x0000,0x0000,0x0000,
	0x0000,0x0000,0x0000,0x0000,0x0000,0x0000,0x0000,0x0000,

	0x0606,0x0206,0x020D,0x0206,0x180D,0x0D0D,0x0D0D,0x190D,
	0x060B,0x0006,0x0000,0x0000,0x0000,0x0000,0x0000,0x0000,
	0x0000,0x0D0D,0x0D0D,0x000D,0x0000,0x0000,0x0000,0x0000,
	0x0000,0x0000,0x0000,0x0000,0x0000,0x0000,0x0000,0x0000,
	0x0000,0x0000,0x0000,0x0000,0x0000,0x0000,0x0000,0x0000,
	0x0000,0x0000,0x0000,0x0000,0x0000,0x0000,0x0000,0x0000,
	0x0000,0x0000,0x0000,0x0000,0x0000,0x0000,0x0000,0x0000,
	0x0000,0x0000,0x0000,0x0000,0x0000,0x0000,0x0000,0x0000,

	0x0000,0x0000,0x0000,0x0000,0x0000,0x0000,0x0000,0x0000,
	0x0000,0x0000,0x0000,0x0000,0x0000,0x0000,0x0000,0x0000,
	0x0000,0x0000,0x0000,0x0000,0x0000,0x0000,0x0000,0x0000,
	0x0000,0x0000,0x0000,0x0000,0x0000,0x0000,0x0000,0x0000,
	0x0000,0x0000,0x0000,0x0000,0x0000,0x0000,0x0000,0x0000,
	0x0000,0x0000,0x0000,0x0000,0x0000,0x0000,0x0000,0x0000,
	0x0000,0x0000,0x0000,0x0000,0x0000,0x0000,0x0000,0x0000,
	0x0000,0x0000,0x0D00,0x180D,0x180D,0x0D0D,0x0D0D,0x180D,

	0x180D,0x0D0D,0x0D0D,0x180D,0x180D,0x0D0D,0x0D0D,0x180D,
	0x180D,0x0D0D,0x0D0D,0x180D,0x0000,0x0000,0x0000,0x0000,
	0x0000,0x0000,0x0000,0x0000,0x0000,0x0000,0x0000,0x0000,
	0x180D,0x0D0D,0x0D0D,0x180D,0x180D,0x0D0D,0x0D0D,0x180D,
	0x180D,0x0D0D,0x0D0D,0x180D,0x180D,0x0D0D,0x0D0D,0x180D,
	0x180D,0x0D0D,0x170C,0x0E12,0x170E,0x0C12,0x0D0D,0x180D,
	0x180D,0x0D0D,0x0D0D,0x180D,0x180D,0x0D0D,0x0D0D,0x180D,
	0x180D,0x0D0D,0x0D0D,0x180D,0x180D,0x0D0D,0x0D0D,0x180D,

	0x0000,0x0000,0x0000,0x0000,0x0000,0x0000,0x0000,0x0000,
	0x0000,0x0000,0x0000,0x0000,0x0000,0x0000,0x0000,0x0000,
	0x0000,0x0000,0x0000,0x0000,0x0000,0x0000,0x0D00,0x0218,
	0x060D,0x0000,0x0000,0x0000,0x0000,0x0000,0x0000,0x0000,
	0x0000,0x0000,0x0000,0x0000,0x0000,0x0000,0x0000,0x0000,
	0x0000,0x0000,0x0000,0x0000,0x0000,0x0000,0x0000,0x0000,
	0x0000,0x0000,0x0000,0x0000,0x0000,0x0000,0x0000,0x0000,
	0x0000,0x0000,0x0000,0x0000,0x0000,0x0000,0x0000,0x0000,

	0x0606,0x0606,0x0602,0x0D02,0x0D0D,0x0D0D,0x0D18,0x0218,
	0x0B19,0x0019,0x0000,0x0000,0x0000,0x0000,0x0000,0x0000,
	0x0000,0x0D0D,0x0D18,0x0018,0x0000,0x0000,0x0000,0x0000,
	0x0000,0x0000,0x0000,0x0000,0x0000,0x0000,0x0000,0x0000,
	0x0000,0x0000,0x0000,0x0000,0x0000,0x0000,0x0000,0x0000,
	0x0000,0x0000,0x0000,0x0000,0x0000,0x0000,0x0000,0x0000,
	0x0000,0x0000,0x0000,0x0000,0x0000,0x0000,0x0000,0x0000,
	0x0000,0x0000,0x0000,0x0000,0x0000,0x0000,0x0000,0x0000,

	0x0000,0x0000,0x0000,0x0000,0x0000,0x0000,0x0000,0x0000,
	0x0000,0x0000,0x0000,0x0000,0x0000,0x0000,0x0000,0x0000,
	0x0000,0x0000,0x0000,0x0000,0x0000,0x0000,0x0000,0x0000,
	0x0000,0x0000,0x0000,0x0000,0x0000,0x0000,0x0000,0x0000,
	0x0000,0x0000,0x0000,0x0000,0x0000,0x0000,0x0000,0x0000,
	0x0000,0x0000,0x0000,0x0000,0x0000,0x0000,0x0000,0x0000,
	0x0000,0x0000,0x0000,0x0000,0x0000,0x0000,0x0000,0x0000,
	0x0000,0x0000,0x0D00,0x0218,0x0D0D,0x0D0D,0x0D18,0x0218,

	0x0D0D,0x0D0D,0x0D18,0x0218,0x0D0D,0x0D0D,0x0D18,0x0218,
	0x0D0D,0x0D0D,0x0D18,0x0218,0x0000,0x0000,0x0000,0x0000,
	0x0000,0x0000,0x0000,0x0000,0x0000,0x0000,0x0000,0x0000,
	0x0D0D,0x0D0D,0x0D18,0x0218,0x0D0D,0x0D0D,0x0D18,0x0218,
	0x0D0D,0x0D0D,0x0D18,0x0218,0x0D0D,0x0D0D,0x0D18,0x0218,
	0x0D0D,0x0D0D,0x050C,0x0E12,0x050E,0x0C12,0x0D18,0x0218,
	0x0D0D,0x0D0D,0x0D18,0x0218,0x0D0D,0x0D0D,0x0D18,0x0218,
	0x0D0D,0x0D0D,0x0D18,0x0218,0x0D0D,0x0D0D,0x0D18,0x0218,

	0x0000,0x0000,0x0000,0x0000,0x0000,0x0000,0x0000,0x0000,
	0x0000,0x0000,0x0000,0x0000,0x0000,0x0000,0x0000,0x0000,
	0x0000,0x0000,0x0000,0x0000,0x0000,0x0000,0x1800,0x180D,
	0x0D0D,0x0000,0x0000,0x0000,0x0000,0x0000,0x0000,0x0000,
	0x0000,0x0000,0x0000,0x0000,0x0000,0x0000,0x0000,0x0000,
	0x0000,0x0000,0x0000,0x0000,0x0000,0x0000,0x0000,0x0000,
	0x0000,0x0000,0x0000,0x0000,0x0000,0x0000,0x0000,0x0000,
	0x0000,0x0000,0x0000,0x0000,0x0000,0x0000,0x0000,0x0000,

	0x0D06,0x060D,0x0D06,0x1802,0x0D0D,0x0D18,0x180D,0x180D,
	0x190D,0x0019,0x0000,0x0000,0x0000,0x0000,0x0000,0x0000,
	0x0000,0x0D18,0x180D,0x000D,0x0000,0x0000,0x0000,0x0000,
	0x0000,0x0000,0x0000,0x0000,0x0000,0x0000,0x0000,0x0000,
	0x0000,0x0000,0x0000,0x0000,0x0000,0x0000,0x0000,0x0000,
	0x0000,0x0000,0x0000,0x0000,0x0000,0x0000,0x0000,0x0000,
	0x0000,0x0000,0x0000,0x0000,0x0000,0x0000,0x0000,0x0000,
	0x0000,0x0000,0x0000,0x0000,0x0000,0x0000,0x0000,0x0000,

	0x0000,0x0000,0x0000,0x0000,0x0000,0x0000,0x0000,0x0000,
	0x0000,0x0000,0x0000,0x0000,0x0000,0x0000,0x0000,0x0000,
	0x0000,0x0000,0x0000,0x0000,0x0000,0x0000,0x0000,0x0000,
	0x0000,0x0000,0x0000,0x0000,0x0000,0x0000,0x0000,0x0000,
	0x0000,0x0000,0x0000,0x0000,0x0000,0x0000,0x0000,0x0000,
	0x0000,0x0000,0x0000,0x0000,0x0000,0x0000,0x0000,0x0000,
	0x0000,0x0000,0x0000,0x0000,0x0000,0x0000,0x0000,0x0000,
	0x0000,0x0000,0x1800,0x180D,0x0D0D,0x0D18,0x180D,0x180D,

	0x0D0D,0x0D18,0x180D,0x180D,0x0D0D,0x0D18,0x180D,0x180D,
	0x0D0D,0x0D18,0x180D,0x180D,0x0000,0x0000,0x0000,0x0000,
	0x0000,0x0000,0x0000,0x0000,0x0000,0x0000,0x0000,0x0000,
	0x0D0D,0x0D18,0x180D,0x180D,0x0D0D,0x0D18,0x180D,0x180D,
	0x0D0D,0x0D18,0x180D,0x180D,0x0D0D,0x0D18,0x180D,0x180D,
	0x0D0D,0x0C18,0x1717,0x0E12,0x050E,0x1212,0x180C,0x180D,
	0x0D0D,0x0D18,0x180D,0x180D,0x0D0D,0x0D18,0x180D,0x180D,
	0x0D0D,0x0D18,0x180D,0x180D,0x0D0D,0x0D18,0x180D,0x180D,

	0x0000,0x0000,0x0000,0x0000,0x0000,0x0000,0x0000,0x0000,
	0x0000,0x0000,0x0000,0x0000,0x0000,0x0000,0x0000,0x0000,
	0x0000,0x0000,0x0000,0x0000,0x0000,0x0000,0x0D00,0x0D02,
	0x0218,0x0000,0x0000,0x0000,0x0000,0x0000,0x0000,0x0000,
	0x0000,0x0000,0x0000,0x0000,0x0000,0x0000,0x0000,0x0000,
	0x0000,0x0000,0x0000,0x0000,0x0000,0x0000,0x0000,0x0000,
	0x0000,0x0000,0x0000,0x0000,0x0000,0x0000,0x0000,0x0000,
	0x0000,0x0000,0x0000,0x0000,0x0000,0x0000,0x0000,0x0000,

	0x0D06,0x0218,0x0D18,0x0D02,0x0D0D,0x0218,0x0D18,0x0D02,
	0x0D0D,0x0018,0x0000,0x0000,0x0000,0x0000,0x0000,0x0000,
	0x0000,0x0218,0x0D18,0x0002,0x0000,0x0000,0x0000,0x0000,
	0x0000,0x0000,0x0000,0x0000,0x0000,0x0000,0x0000,0x0000,
	0x0000,0x0000,0x0000,0x0000,0x0000,0x0000,0x0000,0x0000,
	0x0000,0x0000,0x0000,0x0000,0x0000,0x0000,0x0000,0x0000,
	0x0000,0x0000,0x0000,0x0000,0x0000,0x0000,0x0000,0x0000,
	0x0000,0x0000,0x0000,0x0000,0x0000,0x0000,0x0000,0x0000,

	0x0000,0x0000,0x0000,0x0000,0x0000,0x0000,0x0000,0x0000,
	0x0000,0x0000,0x0000,0x0000,0x0000,0x0000,0x0000,0x0000,
	0x0000,0x0000,0x0000,0x0000,0x0000,0x0000,0x0000,0x0000,
	0x0000,0x0000,0x0000,0x0000,0x0000,0x0000,0x0000,0x0000,
	0x0000,0x0000,0x0000,0x0000,0x0000,0x0000,0x0000,0x0000,
	0x0000,0x0000,0x0000,0x0000,0x0000,0x0000,0x0000,0x0000,
	0x0000,0x0000,0x0000,0x0000,0x0000,0x0000,0x0000,0x0000,
	0x0000,0x0000,0x0D00,0x0D02,0x0D0D,0x0218,0x0D18,0x0D02,

	0x0218,0x0D18,0x020D,0x180D,0x0D0D,0x020D,0x0D0D,0x0D02,
	0x0218,0x0D0D,0x020D,0x090D,0x0000,0x0000,0x0000,0x0000,
	0x0000,0x0000,0x0000,0x0000,0x0000,0x0000,0x0000,0x0000,
	0x0D0D,0x180D,0x020D,0x180D,0x0D0D,0x0D18,0x0D18,0x0D02,
	0x0D0D,0x0218,0x0D18,0x0D02,0x0D0D,0x0218,0x0D18,0x0D02,
	0x0D0D,0x0C18,0x1705,0x0E12,0x170E,0x0E0E,0x0D0C,0x0D02,
	0x0D0D,0x0218,0x0D18,0x0D02,0x0D0D,0x0218,0x0D18,0x0D02,
	0x0D0D,0x0218,0x0D18,0x0D02,0x0D0D,0x0218,0x0D18,0x0D02,

	0x0000,0x0000,0x0000,0x0000,0x0000,0x0000,0x0000,0x0000,
	0x0000,0x0000,0x0000,0x0000,0x0000,0x0000,0x0000,0x0000,
	0x0000,0x0000,0x0000,0x0000,0x0000,0x0000,0x0D00,0x0D0D,
	0x0D18,0x0000,0x0000,0x0000,0x0000,0x0000,0x0000,0x0000,
	0x0000,0x0000,0x0000,0x0000,0x0000,0x0000,0x0000,0x0000,
	0x0000,0x0000,0x0000,0x0000,0x0000,0x0000,0x0000,0x0000,
	0x0000,0x0000,0x0000,0x0000,0x0000,0x0000,0x0000,0x0000,
	0x0000,0x0000,0x0000,0x0000,0x0000,0x0000,0x0000,0x0000,

	0x0D0D,0x180D,0x0D0D,0x0D0D,0x0D0D,0x180D,0x0D0D,0x0D0D,
	0x0D0D,0x000D,0x0000,0x0000,0x0000,0x0000,0x0000,0x0000,
	0x0000,0x180D,0x0D0D,0x000D,0x0000,0x0000,0x0000,0x0000,
	0x0000,0x0000,0x0000,0x0000,0x0000,0x0000,0x0000,0x0000,
	0x0000,0x0000,0x0000,0x0000,0x0000,0x0000,0x0000,0x0000,
	0x0000,0x0000,0x0000,0x0000,0x0000,0x0000,0x0000,0x0000,
	0x0000,0x0000,0x0000,0x0000,0x0000,0x0000,0x0000,0x0000,
	0x0000,0x0000,0x0000,0x0000,0x0000,0x0000,0x0000,0x0000,

	0x0000,0x0000,0x0000,0x0000,0x0000,0x0000,0x0000,0x0000,
	0x0000,0x0000,0x0000,0x0000,0x0000,0x0000,0x0000,0x0000,
	0x0000,0x0000,0x0000,0x0000,0x0000,0x0000,0x0000,0x0000,
	0x0000,0x0000,0x0000,0x0000,0x0000,0x0000,0x0000,0x0000,
	0x0000,0x0000,0x0000,0x0000,0x0000,0x0000,0x0000,0x0000,
	0x0000,0x0000,0x0000,0x0000,0x0000,0x0000,0x0000,0x0000,
	0x0000,0x0000,0x0000,0x0000,0x0000,0x0000,0x0000,0x0000,
	0x0000,0x0000,0x0D00,0x0D0D,0x0D0D,0x180D,0x0D0D,0x0D0D,

	0x0D18,0x180D,0x0D02,0x0D18,0x0D0D,0x0D0D,0x0D0D,0x0D0D,
	0x0D18,0x0D0D,0x0D02,0x0F09,0x0000,0x0000,0x0000,0x0000,
	0x0000,0x0000,0x0000,0x0000,0x0000,0x0000,0x0000,0x0000,
	0x0D18,0x0D0D,0x0D02,0x0D0D,0x0D0D,0x180D,0x0D0D,0x0D0D,
	0x0D0D,0x180D,0x0D0D,0x0D0D,0x0D0D,0x180D,0x0D0D,0x0D0D,
	0x0D0D,0x050C,0x1717,0x0E12,0x050E,0x0E12,0x0C12,0x0D0D,
	0x0D0D,0x180D,0x0D0D,0x0D0D,0x0D0D,0x180D,0x0D0D,0x0D0D,
	0x0D0D,0x180D,0x0D0D,0x0D0D,0x0D0D,0x180D,0x0D0D,0x0D0D,

	0x0000,0x0000,0x0000,0x0000,0x0000,0x0000,0x0000,0x0000,
	0x0000,0x0000,0x0000,0x0000,0x0000,0x0000,0x0000,0x0000,
	0x0000,0x0000,0x0000,0x0000,0x0000,0x0000,0x0D00,0x0D18,
	0x0D0D,0x0000,0x0000,0x0000,0x0000,0x0000,0x0000,0x0000,
	0x0000,0x0000,0x0000,0x0000,0x0000,0x0000,0x0000,0x0000,
	0x0000,0x0000,0x0000,0x0000,0x0000,0x0000,0x0000,0x0000,
	0x0000,0x0000,0x0000,0x0000,0x0000,0x0000,0x0000,0x0000,
	0x0000,0x0000,0x0000,0x0000,0x0000,0x0000,0x0000,0x0000,

	0x020D,0x180D,0x0D0D,0x0D18,0x020D,0x180D,0x0D0D,0x0D18,
	0x020D,0x000D,0x0000,0x0000,0x0000,0x0000,0x0000,0x0000,
	0x0000,0x180D,0x0D0D,0x0018,0x0000,0x0000,0x0000,0x0000,
	0x0000,0x0000,0x0000,0x0000,0x0000,0x0000,0x0000,0x0000,
	0x0000,0x0000,0x0000,0x0000,0x0000,0x0000,0x0000,0x0000,
	0x0000,0x0000,0x0000,0x0000,0x0000,0x0000,0x0000,0x0000,
	0x0000,0x0000,0x0000,0x0000,0x0000,0x0000,0x0000,0x0000,
	0x0000,0x0000,0x0000,0x0000,0x0000,0x0000,0x0000,0x0000,

	0x0000,0x0000,0x0000,0x0000,0x0000,0x0000,0x0000,0x0000,
	0x0000,0x0000,0x0000,0x0000,0x0000,0x0000,0x0000,0x0000,
	0x0000,0x0000,0x0000,0x0000,0x0000,0x0000,0x0000,0x0000,
	0x0000,0x0000,0x0000,0x0000,0x0000,0x0000,0x0000,0x0000,
	0x0000,0x0000,0x0000,0x0000,0x0000,0x0000,0x0000,0x0000,
	0x0000,0x0000,0x0000,0x0000,0x0000,0x0000,0x0000,0x0000,
	0x0000,0x0000,0x0000,0x0000,0x0000,0x0000,0x0000,0x0000,
	0x0000,0x0000,0x0D00,0x0D18,0x020D,0x180D,0x0D0D,0x0D18,

	0x0D0D,0x1802,0x0D02,0x0D0D,0x020D,0x0D0D,0x0D18,0x020D,
	0x020D,0x0202,0x0909,0x0F0F,0x0000,0x0000,0x0000,0x0000,
	0x0000,0x0000,0x0000,0x0000,0x0000,0x0000,0x0000,0x0000,
	0x0202,0x0D0D,0x0D0D,0x0D18,0x020D,0x180D,0x0D0D,0x0218,
	0x020D,0x180D,0x0D0D,0x0D18,0x020D,0x180D,0x0D0D,0x0D18,
	0x0C0D,0x0517,0x1717,0x0E12,0x120E,0x0E12,0x170E,0x0D0C,
	0x020D,0x180D,0x0D0D,0x0D18,0x020D,0x180D,0x0D0D,0x0D18,
	0x020D,0x180D,0x0D0D,0x0D18,0x020D,0x180D,0x0D0D,0x0D18,

	0x0000,0x0000,0x0000,0x0000,0x0000,0x0000,0x0000,0x0000,
	0x0000,0x0000,0x0000,0x0000,0x0000,0x0000,0x0000,0x0000,
	0x0000,0x0000,0x0000,0x0000,0x0000,0x0000,0x1800,0x0D02,
	0x0602,0x0000,0x0000,0x0000,0x0000,0x0000,0x0000,0x0000,
	0x0000,0x0000,0x0000,0x0000,0x0000,0x0000,0x0000,0x0000,
	0x0000,0x0000,0x0000,0x0000,0x0000,0x0000,0x0000,0x0000,
	0x0000,0x0000,0x0000,0x0000,0x0000,0x0000,0x0000,0x0000,
	0x0000,0x0000,0x0000,0x0000,0x0000,0x0000,0x0000,0x0000,

	0x0D18,0x0D02,0x180D,0x0D02,0x0D18,0x0D02,0x180D,0x0D02,
	0x0D18,0x0002,0x0000,0x0000,0x0000,0x0000,0x0000,0x0000,
	0x0000,0x0D02,0x180D,0x0002,0x0000,0x0000,0x0000,0x0000,
	0x0000,0x0000,0x0000,0x0000,0x0000,0x0000,0x0000,0x0000,
	0x0000,0x0000,0x0000,0x0000,0x0000,0x0000,0x0000,0x0000,
	0x0000,0x0000,0x0000,0x0000,0x0000,0x0000,0x0000,0x0000,
	0x0000,0x0000,0x0000,0x0000,0x0000,0x0000,0x0000,0x0000,
	0x0000,0x0000,0x0000,0x0000,0x0000,0x0000,0x0000,0x0000,

	0x0000,0x0000,0x0000,0x0000,0x0000,0x0000,0x0000,0x0000,
	0x0000,0x0000,0x0000,0x0000,0x0000,0x0000,0x0000,0x0000,
	0x0000,0x0000,0x0000,0x0000,0x0000,0x0000,0x0000,0x0000,
	0x0000,0x0000,0x0000,0x0000,0x0000,0x0000,0x0000,0x0000,
	0x0000,0x0000,0x0000,0x0000,0x0000,0x0000,0x0000,0x0000,
	0x0000,0x0000,0x0000,0x0000,0x0000,0x0000,0x0000,0x0000,
	0x0000,0x0000,0x0000,0x0000,0x0000,0x0000,0x0000,0x0000,
	0x0000,0x0000,0x1800,0x0D02,0x0D18,0x0D02,0x180D,0x0D02,

	0x0D02,0x020D,0x0D0D,0x0D18,0x0D18,0x0D02,0x180D,0x0D02,
	0x0D02,0x090D,0x0F0F,0x0F0F,0x0000,0x0000,0x0000,0x0000,
	0x0000,0x0000,0x0000,0x0000,0x0000,0x0000,0x0000,0x0000,
	0x0D0B,0x180D,0x0D0D,0x0D0D,0x0D18,0x0D02,0x180D,0x0D02,
	0x0D18,0x0D02,0x180D,0x0D02,0x0D18,0x0D02,0x180D,0x0D02,
	0x0C18,0x1705,0x0517,0x0E12,0x050E,0x0E12,0x0E0E,0x0D0C,
	0x0D18,0x0D02,0x180D,0x0D02,0x0D18,0x0D02,0x180D,0x0D02,
	0x0D18,0x0D02,0x180D,0x0D02,0x0D18,0x0D02,0x180D,0x0D02,

	0x0000,0x0000,0x0000,0x0000,0x0000,0x0000,0x0000,0x0000,
	0x0000,0x0000,0x0000,0x0000,0x0000,0x0000,0x0000,0x0000,
	0x0000,0x0000,0x0000,0x0000,0x0000,0x0000,0x1800,0x1802,
	0x0D06,0x0000,0x0000,0x0000,0x0000,0x0000,0x0000,0x0000,
	0x0000,0x0000,0x0000,0x0000,0x0000,0x0000,0x0000,0x0000,
	0x0000,0x0000,0x0000,0x0000,0x0000,0x0000,0x0000,0x0000,
	0x0000,0x0000,0x0000,0x0000,0x0000,0x0000,0x0000,0x0000,
	0x0000,0x0000,0x0000,0x0000,0x0000,0x0000,0x0000,0x0000,

	0x180D,0x0D02,0x180D,0x1802,0x180D,0x0D02,0x180D,0x1802,
	0x180D,0x0002,0x0000,0x0000,0x0000,0x0000,0x0000,0x0000,
	0x0000,0x0D02,0x180D,0x0002,0x0000,0x0000,0x0000,0x0000,
	0x0000,0x0000,0x0000,0x0000,0x0000,0x0000,0x0000,0x0000,
	0x0000,0x0000,0x0000,0x0000,0x0000,0x0000,0x0000,0x0000,
	0x0000,0x0000,0x0000,0x0000,0x0000,0x0000,0x0000,0x0000,
	0x0000,0x0000,0x0000,0x0000,0x0000,0x0000,0x0000,0x0000,
	0x0000,0x0000,0x0000,0x0000,0x0000,0x0000,0x0000,0x0000,

	0x0000,0x0000,0x0000,0x0000,0x0000,0x0000,0x0000,0x0000,
	0x0000,0x0000,0x0000,0x0000,0x0000,0x0000,0x0000,0x0000,
	0x0000,0x0000,0x0000,0x0000,0x0000,0x0000,0x0000,0x0000,
	0x0000,0x0000,0x0000,0x0000,0x0000,0x0000,0x0000,0x0000,
	0x0000,0x0000,0x0000,0x0000,0x0000,0x0000,0x0000,0x0000,
	0x0000,0x0000,0x0000,0x0000,0x0000,0x0000,0x0000,0x0000,
	0x0000,0x0000,0x0000,0x0000,0x0000,0x0000,0x0000,0x0000,
	0x0000,0x0000,0x1800,0x1802,0x180D,0x0D02,0x180D,0x1802,

	0x0D0D,0x020D,0x0D0D,0x0D0D,0x180D,0x0D02,0x180D,0x180D,
	0x0D0D,0x0218,0x0F0F,0x090F,0x0000,0x0000,0x0000,0x0000,
	0x0000,0x0000,0x0000,0x0000,0x0000,0x0000,0x0000,0x0000,
	0x0B03,0x0D0D,0x0D18,0x0D0D,0x180D,0x0D02,0x180D,0x1802,
	0x180D,0x0D02,0x180D,0x1802,0x180D,0x0D02,0x180D,0x1802,
	0x050C,0x1717,0x0505,0x0E12,0x120E,0x1212,0x0E0E,0x0C0E,
	0x180D,0x0D02,0x180D,0x1802,0x180D,0x0D02,0x180D,0x1802,
	0x180D,0x0D02,0x180D,0x1802,0x180D,0x0D02,0x180D,0x1802,

	0x0000,0x0000,0x0000,0x0000,0x0000,0x0000,0x0000,0x0000,
	0x0000,0x0000,0x0000,0x0000,0x0000,0x0000,0x0000,0x0000,
	0x0000,0x0000,0x0000,0x0000,0x0000,0x0000,0x0D00,0x180D,
	0x0606,0x0000,0x0000,0x0000,0x0000,0x0000,0x0000,0x0000,
	0x0000,0x0000,0x0000,0x0000,0x0000,0x0000,0x0000,0x0000,
	0x0000,0x0000,0x0000,0x0000,0x0000,0x0000,0x0000,0x0000,
	0x0000,0x0000,0x0000,0x0000,0x0000,0x0000,0x0000,0x0000,
	0x0000,0x0000,0x0000,0x0000,0x0000,0x0000,0x0000,0x0000,

	0x0000,0x0D00,0x0D0D,0x180D,0x180D,0x0D0D,0x0D0D,0x180D,
	0x180D,0x000D,0x0000,0x0000,0x0000,0x0000,0x0000,0x0000,
	0x0000,0x0D0D,0x0D0D,0x000D,0x0000,0x0000,0x0000,0x0000,
	0x0000,0x0000,0x0000,0x0000,0x0000,0x0000,0x0000,0x0000,
	0x0000,0x0000,0x0000,0x0000,0x0000,0x0000,0x0000,0x0000,
	0x0000,0x0000,0x0000,0x0000,0x0000,0x0000,0x0000,0x0000,
	0x0000,0x0000,0x0000,0x0000,0x0000,0x0000,0x0000,0x0000,
	0x0000,0x0000,0x0000,0x0000,0x0000,0x0000,0x0000,0x0000,

	0x0000,0x0000,0x0000,0x0000,0x0000,0x0000,0x0000,0x0000,
	0x0000,0x0000,0x0000,0x0000,0x0000,0x0000,0x0000,0x0000,
	0x0000,0x0000,0x0000,0x0000,0x0000,0x0000,0x0000,0x0000,
	0x0000,0x0000,0x0000,0x0000,0x0000,0x0000,0x0000,0x0000,
	0x0000,0x0000,0x0000,0x0000,0x0000,0x0000,0x0000,0x0000,
	0x0000,0x0000,0x0000,0x0000,0x0000,0x0000,0x0000,0x0000,
	0x0000,0x0000,0x0000,0x0000,0x0000,0x0000,0x0000,0x0000,
	0x0000,0x0000,0x0D00,0x180D,0x180D,0x0D0D,0x0D0D,0x180D,

	0x0D0D,0x0D0D,0x020D,0x0D0D,0x180D,0x0D0D,0x0D0D,0x180D,
	0x180D,0x0B0D,0x0D0D,0x0218,0x0000,0x0000,0x0000,0x0000,
	0x0000,0x0000,0x0000,0x0000,0x0000,0x0000,0x0000,0x0000,
	0x0303,0x0D02,0x0D18,0x020D,0x180D,0x0D0D,0x0D0D,0x180D,
	0x180D,0x0D0D,0x0D0D,0x180D,0x180D,0x0D0D,0x0D0D,0x0C0D,
	0x0517,0x0505,0x1705,0x0E12,0x050E,0x120E,0x0E12,0x120E,
	0x180C,0x0D0D,0x0D0D,0x180D,0x180D,0x0D0D,0x0D0D,0x180D,
	0x180D,0x0D0D,0x0D0D,0x180D,0x180D,0x0D0D,0x0D0D,0x180D,

	0x0D0D,0x0D0D,0x0D18,0x0218,0x0D0D,0x0D0D,0x1918,0x1919,
	0x0000,0x0000,0x0000,0x0000,0x0000,0x0000,0x0000,0x0000,
	0x0D00,0x0D0D,0x0D18,0x0218,0x0D0D,0x0D0D,0x0D18,0x0218,
	0x180D,0x0000,0x0000,0x0000,0x0000,0x0000,0x0000,0x0000,
	0x0000,0x0000,0x0000,0x0000,0x0000,0x0000,0x0000,0x0000,
	0x0000,0x0000,0x0000,0x0000,0x0000,0x0000,0x0000,0x0000,
	0x0000,0x0000,0x0000,0x0000,0x0000,0x0000,0x0000,0x0000,
	0x0000,0x0000,0x0000,0x0000,0x0000,0x0000,0x0000,0x0000,

	0x0000,0x0D00,0x0D18,0x0218,0x0D0D,0x0D0D,0x0D18,0x0218,
	0x0D0D,0x000D,0x0000,0x0000,0x0000,0x0000,0x0000,0x0000,
	0x0000,0x0D0D,0x0D18,0x0018,0x0000,0x0000,0x0000,0x0000,
	0x0000,0x0000,0x0000,0x0000,0x0000,0x0000,0x0000,0x0000,
	0x0000,0x0000,0x0000,0x0000,0x0000,0x0000,0x0000,0x0000,
	0x0000,0x0000,0x0000,0x0000,0x0000,0x0000,0x0000,0x0218,
	0x0D0D,0x0D0D,0x0D18,0x0218,0x0D0D,0x0D0D,0x0D18,0x0018,
	0x0000,0x0000,0x0000,0x0000,0x0000,0x0000,0x0000,0x0000,

	0x0000,0x0000,0x0000,0x0000,0x0000,0x0000,0x0000,0x0000,
	0x0000,0x0000,0x0000,0x0000,0x0000,0x0000,0x0000,0x0000,
	0x0000,0x0000,0x0000,0x0000,0x0000,0x0000,0x0000,0x0000,
	0x0000,0x0000,0x0000,0x0000,0x0000,0x0000,0x0000,0x0000,
	0x0000,0x0000,0x0000,0x0000,0x0000,0x0000,0x0000,0x0000,
	0x0000,0x0000,0x0000,0x0000,0x0000,0x0000,0x0000,0x0000,
	0x0000,0x0000,0x0000,0x0000,0x0000,0x0000,0x0000,0x0000,
	0x0000,0x0000,0x0D00,0x0218,0x0D0D,0x0D0D,0x0D18,0x0218,

	0x0D0D,0x0D18,0x0D02,0x180D,0x0D0D,0x0D0D,0x0D0D,0x0B18,
	0x020D,0x020D,0x0D0B,0x090D,0x0000,0x0000,0x0000,0x0000,
	0x0000,0x0000,0x0000,0x0000,0x0000,0x0000,0x0000,0x0000,
	0x180D,0x020B,0x0D0D,0x0D02,0x0D0D,0x0D0D,0x0D18,0x0218,
	0x0D0D,0x0D0D,0x0D18,0x0218,0x0D0D,0x0D0D,0x0D18,0x0C18,
	0x0505,0x0505,0x1705,0x0E12,0x170E,0x0E0E,0x0E12,0x0E0E,
	0x0D0C,0x0D0D,0x0D18,0x0218,0x0D0D,0x0D0D,0x0D18,0x0218,
	0x0D0D,0x0D0D,0x0D18,0x0218,0x0D0D,0x0D0D,0x0D18,0x0218,

	0x0D0D,0x0D18,0x180D,0x180D,0x0D0D,0x0D18,0x180D,0x180D,
	0x0000,0x0000,0x0000,0x0000,0x0000,0x0000,0x0000,0x0000,
	0x0D00,0x0D18,0x180D,0x180D,0x0D0D,0x0D18,0x180D,0x180D,
	0x0D02,0x0000,0x0000,0x0000,0x0000,0x0000,0x0000,0x0000,
	0x0000,0x0000,0x0000,0x0000,0x0000,0x0000,0x0000,0x0000,
	0x0000,0x0000,0x0000,0x0000,0x0000,0x0000,0x0000,0x0000,
	0x0000,0x0000,0x0000,0x0000,0x0000,0x0000,0x0000,0x0000,
	0x0000,0x0000,0x0000,0x0000,0x0000,0x0000,0x0000,0x0000,

	0x0000,0x0D00,0x180D,0x180D,0x0D0D,0x0D18,0x180D,0x180D,
	0x0D0D,0x0018,0x0000,0x0000,0x0000,0x0000,0x0000,0x0000,
	0x0000,0x0D18,0x180D,0x000D,0x0000,0x0000,0x0000,0x0000,
	0x0000,0x0000,0x0000,0x0000,0x0000,0x0000,0x0000,0x0000,
	0x0000,0x0000,0x0000,0x0000,0x0000,0x0000,0x0000,0x0000,
	0x0000,0x0000,0x0000,0x0000,0x0000,0x0000,0x0000,0x180D,
	0x0D0D,0x0D18,0x180D,0x180D,0x0D0D,0x0D18,0x180D,0x000D,
	0x0000,0x0000,0x0000,0x0000,0x0000,0x0000,0x0000,0x0000,

	0x0000,0x0000,0x0000,0x0000,0x0000,0x0000,0x0000,0x0000,
	0x0000,0x0000,0x0000,0x0000,0x0000,0x0000,0x0000,0x0000,
	0x0000,0x0000,0x0000,0x0000,0x0000,0x0000,0x0000,0x0000,
	0x0000,0x0000,0x0000,0x0000,0x0000,0x0000,0x0000,0x0000,
	0x0000,0x1900,0x1919,0x180D,0x0D0D,0x0D18,0x180D,0x180D,
	0x0D0D,0x0D18,0x180D,0x180D,0x190D,0x0D19,0x000F,0x0000,
	0x0000,0x0000,0x0000,0x1800,0x0D0D,0x0D18,0x180D,0x180D,
	0x0D0D,0x0D18,0x180D,0x180D,0x0D0D,0x0D18,0x180D,0x180D,

	0x0D02,0x0D18,0x1818,0x0D0D,0x0D0D,0x020D,0x0B18,0x0218,
	0x0218,0x0D0D,0x020B,0x0F09,0x0000,0x0000,0x0000,0x0000,
	0x0000,0x0000,0x0000,0x0000,0x0000,0x0000,0x0000,0x0000,
	0x0D05,0x180D,0x0D0D,0x1802,0x0D0D,0x0D18,0x180D,0x180D,
	0x0D0D,0x0D18,0x180D,0x180D,0x0D0D,0x0D18,0x180D,0x170C,
	0x0505,0x0505,0x1705,0x0E12,0x170E,0x0E12,0x1212,0x0E0E,
	0x0C0E,0x0D18,0x180D,0x180D,0x0D0D,0x0D18,0x180D,0x180D,
	0x0D0D,0x0D18,0x180D,0x180D,0x0D0D,0x0D18,0x180D,0x180D,

	0x0D0D,0x0218,0x0D18,0x0D02,0x0D0D,0x0218,0x0D18,0x0D02,
	0x0000,0x0000,0x0000,0x0000,0x0000,0x0000,0x0000,0x0000,
	0x0D00,0x0218,0x0D18,0x0D02,0x0D0D,0x0218,0x0D18,0x0D02,
	0x020D,0x0000,0x0000,0x0000,0x0000,0x0000,0x0000,0x0000,
	0x0000,0x0000,0x0000,0x0000,0x0000,0x0000,0x0000,0x0000,
	0x0000,0x0000,0x0000,0x0000,0x0000,0x0000,0x0000,0x0000,
	0x0000,0x0000,0x0000,0x0000,0x0000,0x0000,0x0000,0x0000,
	0x0000,0x0000,0x0000,0x0000,0x0000,0x0000,0x0000,0x0000,

	0x0000,0x0200,0x0D18,0x0D02,0x0D0D,0x0218,0x0D18,0x0D02,
	0x0D0D,0x0018,0x0000,0x0000,0x0000,0x0000,0x0000,0x0000,
	0x0000,0x0218,0x0D18,0x0002,0x0000,0x0000,0x0000,0x0000,
	0x0000,0x0000,0x0000,0x0000,0x0000,0x0000,0x0000,0x0000,
	0x0000,0x0000,0x0000,0x0000,0x0000,0x0000,0x0000,0x0000,
	0x0000,0x0000,0x0000,0x0000,0x0000,0x0000,0x0000,0x0D02,
	0x0D0D,0x0218,0x0D18,0x0D02,0x0D0D,0x0218,0x0D18,0x0002,
	0x0000,0x0000,0x0000,0x0000,0x0000,0x0000,0x0000,0x0000,

	0x0000,0x0000,0x0000,0x0000,0x0000,0x0000,0x0000,0x0000,
	0x0000,0x0000,0x0000,0x0000,0x0000,0x0000,0x0000,0x0000,
	0x0000,0x0000,0x0000,0x0000,0x0000,0x0000,0x0000,0x0000,
	0x0000,0x0000,0x0000,0x0000,0x0000,0x0000,0x0000,0x0000,
	0x0000,0x1800,0x1908,0x0D02,0x0D0D,0x0218,0x0D18,0x0D02,
	0x0D0D,0x0218,0x0D18,0x0D02,0x0D0D,0x0218,0x0018,0x0000,
	0x0000,0x0000,0x0000,0x0D00,0x0218,0x180D,0x0D0D,0x180D,
	0x0D0D,0x0218,0x0D18,0x0D02,0x0D0D,0x0218,0x0D18,0x0D02,

	0x0D0D,0x0D02,0x020D,0x0D18,0x0218,0x0D02,0x0202,0x0B0D,
	0x0D0D,0x0D02,0x0918,0x0F0F,0x0000,0x0000,0x0000,0x0000,
	0x0000,0x0000,0x0000,0x0000,0x0000,0x0000,0x0000,0x0000,
	0x0209,0x0B0B,0x0B18,0x0D02,0x0D0D,0x180D,0x020D,0x180D,
	0x0D0D,0x0218,0x0D18,0x0D02,0x0D0D,0x0218,0x0C18,0x0517,
	0x0505,0x0505,0x0517,0x0E12,0x170E,0x0E12,0x120E,0x0E0E,
	0x0E0E,0x0217,0x0D18,0x0D02,0x0D0D,0x0218,0x0D18,0x0D02,
	0x0D0D,0x0218,0x0D18,0x0D02,0x0D0D,0x0218,0x0D18,0x0D02,

	0x0D0D,0x180D,0x0D0D,0x0D0D,0x0D0D,0x180D,0x0D0D,0x0D0D,
	0x0000,0x0000,0x0000,0x0000,0x0000,0x0000,0x0000,0x0000,
	0x0D00,0x180D,0x0D0D,0x0D0D,0x0D0D,0x180D,0x0D0D,0x0D0D,
	0x0202,0x0000,0x0000,0x0000,0x0000,0x0000,0x0000,0x0000,
	0x0000,0x0000,0x0000,0x0000,0x0000,0x0000,0x0000,0x0000,
	0x0000,0x0000,0x1900,0x0D19,0x060D,0x0606,0x0D06,0x0D0D,
	0x0D0D,0x180D,0x0000,0x0000,0x0000,0x0000,0x0000,0x0000,
	0x0000,0x0000,0x0000,0x0000,0x0000,0x0000,0x0000,0x0000,

	0x0000,0x1800,0x0D0D,0x0D0D,0x0D0D,0x180D,0x0D0D,0x0D0D,
	0x0D0D,0x000D,0x0000,0x0000,0x0000,0x0000,0x0000,0x0000,
	0x0000,0x180D,0x0D0D,0x0D0D,0x0D0D,0x180D,0x0D0D,0x0D0D,
	0x0D0D,0x180D,0x1919,0x0619,0x0602,0x0B0B,0x0606,0x0614,
	0x0806,0x0B02,0x0B06,0x1406,0x1414,0x0606,0x0802,0x0608,
	0x0B06,0x0606,0x0606,0x060B,0x060B,0x180D,0x0D0D,0x0D0D,
	0x0D0D,0x180D,0x0D0D,0x0D0D,0x0D0D,0x180D,0x0D0D,0x000D,
	0x0000,0x0000,0x0000,0x0000,0x0000,0x0000,0x0000,0x0000,

	0x0000,0x0000,0x0000,0x0000,0x0000,0x0000,0x0000,0x0000,
	0x0000,0x0000,0x0000,0x0000,0x0000,0x0000,0x0000,0x0000,
	0x0000,0x0000,0x0000,0x0000,0x0000,0x0000,0x0000,0x0000,
	0x0000,0x0000,0x0000,0x0000,0x0000,0x0000,0x0000,0x0000,
	0x0000,0x0200,0x190B,0x0D0D,0x0D0D,0x180D,0x0D0D,0x0D0D,
	0x0D0D,0x180D,0x0D0D,0x0D0D,0x0D0D,0x180D,0x000D,0x0000,
	0x0000,0x0000,0x0000,0x0D00,0x0D18,0x0D02,0x0D0D,0x180D,
	0x0D0D,0x180D,0x0D02,0x020D,0x0D0D,0x180D,0x0D0D,0x0D0D,

	0x0D02,0x020D,0x0D0D,0x0D0D,0x0D0D,0x020B,0x030B,0x030B,
	0x0D02,0x020D,0x0F0D,0x0F0F,0x0000,0x0000,0x0000,0x0000,
	0x0000,0x0000,0x0000,0x0000,0x0000,0x0000,0x0000,0x0000,
	0x0217,0x0B03,0x030D,0x0B0B,0x0D18,0x0D0D,0x0D02,0x0D0D,
	0x0D0D,0x180D,0x0D0D,0x0D0D,0x0D0D,0x180D,0x170C,0x0505,
	0x0505,0x1705,0x1717,0x0E12,0x170E,0x0E12,0x0E0E,0x0E0E,
	0x0E0E,0x170E,0x0D0D,0x0D0D,0x0D0D,0x180D,0x0D0D,0x0D0D,
	0x0D0D,0x180D,0x0D0D,0x0D0D,0x0D0D,0x180D,0x0D0D,0x0D0D,

	0x020D,0x180D,0x0D0D,0x0D18,0x020D,0x180D,0x0D0D,0x0D18,
	0x0000,0x0000,0x0000,0x0000,0x0000,0x0000,0x0000,0x0000,
	0x0200,0x180D,0x0D0D,0x0D18,0x020D,0x180D,0x0D0D,0x0D18,
	0x0D18,0x0000,0x0000,0x0000,0x0000,0x0000,0x0000,0x0000,
	0x0000,0x0000,0x0000,0x0000,0x0000,0x0000,0x0000,0x0000,
	0x0000,0x0000,0x1900,0x0B06,0x060D,0x020B,0x0602,0x0D18,
	0x020D,0x180D,0x0000,0x0000,0x0000,0x0000,0x0000,0x0000,
	0x0000,0x0000,0x0000,0x0000,0x0000,0x0000,0x0000,0x0000,

	0x0000,0x1800,0x0D0D,0x0D18,0x020D,0x180D,0x0D0D,0x0D18,
	0x020D,0x000D,0x0000,0x0000,0x0000,0x0000,0x0000,0x0000,
	0x0000,0x180D,0x0D0D,0x0D18,0x020D,0x180D,0x0D0D,0x0D18,
	0x020D,0x180D,0x0D0D,0x0619,0x020B,0x060B,0x0619,0x0614,
	0x0606,0x0606,0x0606,0x1406,0x1403,0x0606,0x0206,0x0606,
	0x0202,0x060B,0x1919,0x0B06,0x0602,0x180D,0x0D0D,0x0D18,
	0x020D,0x180D,0x0D0D,0x0D18,0x020D,0x180D,0x0D0D,0x0018,
	0x0000,0x0000,0x0000,0x0000,0x0000,0x0000,0x0000,0x0000,

	0x0000,0x0000,0x0000,0x0000,0x0000,0x0000,0x0000,0x0000,
	0x0000,0x0000,0x0000,0x0000,0x0000,0x0000,0x0000,0x0000,
	0x0000,0x0000,0x0000,0x0000,0x0000,0x0000,0x0000,0x0000,
	0x0000,0x0000,0x0000,0x0000,0x0000,0x0000,0x0000,0x0000,
	0x0000,0x0B00,0x0D19,0x0D18,0x020D,0x180D,0x0D0D,0x0D18,
	0x020D,0x180D,0x0D0D,0x0D18,0x020D,0x180D,0x000D,0x0000,
	0x0000,0x0000,0x0000,0x0D00,0x0D0D,0x0D02,0x0D18,0x0D02,
	0x0D0D,0x180D,0x0D0D,0x020D,0x020D,0x180D,0x0D0D,0x0D18,

	0x020D,0x020D,0x180D,0x0202,0x020D,0x0B0D,0x0303,0x0303,
	0x1803,0x0303,0x1718,0x0F0F,0x090F,0x0F0F,0x090F,0x0909,
	0x0F0F,0x0F0F,0x0F0F,0x1209,0x1212,0x1212,0x1212,0x1212,
	0x1705,0x0317,0x170D,0x1803,0x0202,0x0D0D,0x0D0D,0x0D18,
	0x020D,0x180D,0x0D0D,0x0D18,0x020D,0x0C0D,0x0517,0x0505,
	0x0505,0x1705,0x0505,0x0E12,0x050E,0x1212,0x0E0E,0x0E0E,
	0x0E0E,0x0E0E,0x0D17,0x0D18,0x020D,0x180D,0x0D0D,0x0D18,
	0x020D,0x180D,0x0D0D,0x0D18,0x020D,0x180D,0x0D0D,0x0D18,

	0x0D18,0x0D02,0x180D,0x0D02,0x0D18,0x0D02,0x180D,0x0D02,
	0x0000,0x0000,0x0000,0x0000,0x0000,0x0000,0x0000,0x0000,
	0x0D00,0x0D02,0x180D,0x0D02,0x0D18,0x0D02,0x180D,0x0D02,
	0x180D,0x0000,0x0000,0x0000,0x0000,0x0000,0x0000,0x0000,
	0x0000,0x0000,0x0000,0x0000,0x0000,0x0000,0x0000,0x0000,
	0x0000,0x0000,0x1900,0x1919,0x0606,0x020B,0x0D0D,0x0D06,
	0x0D18,0x0D02,0x0000,0x0000,0x0000,0x0000,0x0000,0x0000,
	0x0000,0x0000,0x0000,0x0000,0x0000,0x0000,0x0000,0x0000,

	0x0000,0x0D00,0x180D,0x0D02,0x0D18,0x0D02,0x180D,0x0D02,
	0x0D18,0x0002,0x0000,0x0000,0x0000,0x0000,0x0000,0x0000,
	0x0000,0x0D02,0x180D,0x0D02,0x0D18,0x0D02,0x180D,0x0D02,
	0x0D18,0x0D02,0x180D,0x0606,0x0606,0x1906,0x0619,0x1906,
	0x0B06,0x0B06,0x0606,0x0606,0x0614,0x0B06,0x0606,0x190B,
	0x0606,0x1906,0x180D,0x0619,0x0606,0x0D02,0x180D,0x0D02,
	0x0D18,0x0D02,0x180D,0x0D02,0x0D18,0x0D02,0x180D,0x0002,
	0x0000,0x0000,0x0000,0x0000,0x0000,0x0000,0x0000,0x0000,

	0x0000,0x0000,0x0000,0x0000,0x0000,0x0000,0x0000,0x0000,
	0x0000,0x0000,0x0000,0x0000,0x0000,0x0000,0x0000,0x0000,
	0x0000,0x0000,0x0000,0x0000,0x0000,0x0000,0x0000,0x0000,
	0x0000,0x0000,0x0000,0x0000,0x0000,0x0000,0x0000,0x0000,
	0x0000,0x1900,0x180D,0x0D02,0x0D18,0x0D02,0x180D,0x0D02,
	0x0D18,0x0D02,0x180D,0x0D02,0x0D18,0x0D02,0x000D,0x0000,
	0x0000,0x0000,0x0000,0x0D00,0x0D02,0x180D,0x0D0D,0x0D0D,
	0x180D,0x0D0D,0x0D0D,0x0D18,0x0D18,0x0D02,0x180D,0x0D02,

	0x020D,0x0D0D,0x0D0D,0x0B0D,0x020B,0x030D,0x0317,0x1717,
	0x1717,0x0505,0x0517,0x0505,0x0909,0x0F0F,0x090F,0x0512,
	0x0F09,0x0F0F,0x0F0F,0x1209,0x1212,0x1212,0x1212,0x1212,
	0x1205,0x0505,0x1717,0x0D03,0x0D0B,0x180D,0x0D0D,0x0D0D,
	0x0D18,0x0D02,0x180D,0x0D02,0x0D18,0x170C,0x0517,0x0505,
	0x0505,0x1717,0x0505,0x0E12,0x120E,0x1212,0x0E0E,0x0E0E,
	0x0E0E,0x0E0E,0x170E,0x0D02,0x0D18,0x0D02,0x180D,0x0D02,
	0x0D18,0x0D02,0x180D,0x0D02,0x0D18,0x0D02,0x180D,0x0D02,

	0x180D,0x0D02,0x180D,0x1802,0x180D,0x0D02,0x180D,0x1802,
	0x0000,0x0000,0x0000,0x0000,0x0000,0x0000,0x0000,0x0000,
	0x1800,0x0D02,0x180D,0x1802,0x180D,0x0D02,0x180D,0x1802,
	0x0D0D,0x0000,0x0000,0x0000,0x0000,0x0000,0x0000,0x0000,
	0x0000,0x0000,0x0000,0x0000,0x0000,0x0000,0x0000,0x0000,
	0x0000,0x0000,0x1600,0x0F0F,0x1919,0x0D0B,0x060D,0x1806,
	0x180D,0x0D02,0x0000,0x0000,0x0000,0x0000,0x0000,0x0000,
	0x0000,0x0000,0x0000,0x0000,0x0000,0x0000,0x0000,0x0000,

	0x0000,0x0D00,0x180D,0x1802,0x180D,0x0D02,0x180D,0x1802,
	0x180D,0x0002,0x0000,0x0000,0x0000,0x0000,0x0000,0x0000,
	0x0000,0x0D02,0x180D,0x1802,0x180D,0x0D02,0x180D,0x1802,
	0x180D,0x0D02,0x180D,0x1902,0x1919,0x0D02,0x1919,0x1819,
	0x0B06,0x060B,0x1906,0x0619,0x0606,0x0606,0x0B0B,0x1802,
	0x180D,0x0D02,0x180D,0x1802,0x180D,0x0D02,0x180D,0x1802,
	0x180D,0x0D02,0x180D,0x1802,0x180D,0x0D02,0x180D,0x0002,
	0x0000,0x0000,0x0000,0x0000,0x0000,0x0000,0x0000,0x0000,

	0x0000,0x0000,0x0000,0x0000,0x0000,0x0000,0x0000,0x0000,
	0x0000,0x0000,0x0000,0x0000,0x0000,0x0000,0x0000,0x0000,
	0x0000,0x0000,0x0000,0x0000,0x0000,0x0000,0x0000,0x0000,
	0x0000,0x0000,0x0000,0x0000,0x0000,0x0000,0x0000,0x0000,
	0x0000,0x1900,0x1819,0x1802,0x180D,0x0D02,0x180D,0x1802,
	0x180D,0x0D02,0x180D,0x1802,0x180D,0x0D02,0x000D,0x0000,
	0x0000,0x0000,0x0000,0x1800,0x020D,0x180D,0x180D,0x020D,
	0x0D0D,0x0D18,0x0D0D,0x180D,0x180D,0x0D02,0x180D,0x1802,

	0x0D0D,0x0D0D,0x020D,0x0D0D,0x0303,0x1718,0x0517,0x0505,
	0x0512,0x0512,0x0512,0x1212,0x0912,0x0F0F,0x1209,0x1212,
	0x0F09,0x0F0F,0x0F0F,0x1209,0x1212,0x1212,0x1212,0x1212,
	0x0512,0x0512,0x0512,0x0D17,0x0B03,0x0D0D,0x0D18,0x0D0D,
	0x180D,0x0D02,0x180D,0x1802,0x0C0D,0x1717,0x0505,0x0505,
	0x1705,0x0517,0x0505,0x0E12,0x050E,0x120E,0x0E12,0x0E0E,
	0x1212,0x120E,0x0E0E,0x1817,0x180D,0x0D02,0x180D,0x1802,
	0x180D,0x0D02,0x180D,0x1802,0x180D,0x0D02,0x180D,0x1802,

	0x180D,0x0D0D,0x0D0D,0x180D,0x180D,0x0D0D,0x0D0D,0x180D,
	0x0000,0x0000,0x0000,0x0000,0x0000,0x0000,0x0000,0x0000,
	0x1800,0x0D0D,0x0D0D,0x180D,0x180D,0x0D0D,0x0D0D,0x180D,
	0x180D,0x0000,0x0000,0x0000,0x0000,0x0000,0x0000,0x0000,
	0x0000,0x0000,0x0000,0x0000,0x0000,0x0000,0x0000,0x0000,
	0x0000,0x0000,0x0F00,0x190F,0x0619,0x0B19,0x0D06,0x180D,
	0x180D,0x0D0D,0x0000,0x0000,0x0000,0x0000,0x0000,0x0000,
	0x0000,0x0000,0x0000,0x0000,0x0000,0x0000,0x0000,0x0000,

	0x0000,0x0D00,0x0D0D,0x180D,0x180D,0x0D0D,0x0D0D,0x180D,
	0x180D,0x000D,0x0000,0x0000,0x0000,0x0000,0x0000,0x0000,
	0x0000,0x0D0D,0x0D0D,0x180D,0x180D,0x0D0D,0x0D0D,0x180D,
	0x180D,0x0D0D,0x0D0D,0x180D,0x180D,0x0D0D,0x0D0D,0x180D,
	0x0B06,0x0602,0x1919,0x180D,0x1919,0x1919,0x020B,0x1806,
	0x180D,0x0D0D,0x0D0D,0x180D,0x180D,0x0D0D,0x0D0D,0x180D,
	0x180D,0x0D0D,0x0D0D,0x180D,0x180D,0x0D0D,0x0D0D,0x000D,
	0x0000,0x0000,0x0000,0x0000,0x0000,0x0000,0x0000,0x0000,

	0x0000,0x0000,0x0000,0x0000,0x0000,0x0000,0x0000,0x0000,
	0x0000,0x0000,0x0000,0x0000,0x0000,0x0000,0x0000,0x0000,
	0x0000,0x0000,0x0000,0x0000,0x0000,0x0000,0x0000,0x0000,
	0x0000,0x0000,0x0000,0x0000,0x0000,0x0000,0x0000,0x0000,
	0x0000,0x0200,0x190B,0x180D,0x180D,0x0D0D,0x0D0D,0x180D,
	0x180D,0x0D0D,0x0D0D,0x180D,0x180D,0x0D0D,0x000D,0x0000,
	0x0000,0x0000,0x0000,0x1800,0x020D,0x0D0D,0x0D02,0x0D02,
	0x0D0D,0x0218,0x0D0D,0x180D,0x180D,0x0D0D,0x0D0D,0x180D,

	0x0D0D,0x0D18,0x0B02,0x0D02,0x030D,0x0517,0x1205,0x1205,
	0x1205,0x1212,0x1212,0x0512,0x0912,0x0F0F,0x1212,0x1212,
	0x0912,0x0F0F,0x0F0F,0x1209,0x1212,0x1212,0x1212,0x1212,
	0x1212,0x1212,0x0505,0x1705,0x0303,0x0D02,0x0D18,0x020D,
	0x140D,0x0D0D,0x0D0D,0x180D,0x170C,0x0517,0x0505,0x0505,
	0x1717,0x0505,0x1705,0x0E12,0x170E,0x0E0E,0x1212,0x0E0E,
	0x120E,0x0E12,0x0E12,0x0C12,0x180D,0x0D0D,0x0D0D,0x1814,
	0x180D,0x0D0D,0x0D0D,0x180D,0x180D,0x0D0D,0x0D0D,0x180D,

	0x0D0D,0x0D0D,0x0D18,0x0218,0x0D0D,0x0D0D,0x0D18,0x0218,
	0x0000,0x0000,0x0000,0x0000,0x0000,0x0000,0x0000,0x0000,
	0x0D00,0x0D0D,0x0D18,0x0218,0x0D0D,0x0D0D,0x0D18,0x0218,
	0x0D02,0x0000,0x0000,0x0000,0x0000,0x0000,0x0000,0x0000,
	0x0000,0x0000,0x0000,0x0000,0x0000,0x0000,0x0000,0x0000,
	0x0000,0x0000,0x1900,0x1919,0x060B,0x060B,0x0D18,0x0218,
	0x0D0D,0x0D0D,0x0000,0x0000,0x0000,0x0000,0x0000,0x0000,
	0x0000,0x0000,0x0000,0x0000,0x0000,0x0000,0x0000,0x0000,

	0x0000,0x0D00,0x0D18,0x0218,0x0D0D,0x0D0D,0x0D18,0x0218,
	0x0D0D,0x000D,0x0000,0x0000,0x0000,0x0000,0x0000,0x0000,
	0x0000,0x0D0D,0x0D18,0x0218,0x0D0D,0x0D0D,0x0D18,0x0218,
	0x0D0D,0x0D0D,0x0D18,0x0218,0x0D0D,0x0D0D,0x0D18,0x0218,
	0x0619,0x1906,0x0D18,0x0218,0x0D0D,0x190D,0x0606,0x0219,
	0x0D0D,0x0D0D,0x0D18,0x0218,0x0D0D,0x0D0D,0x0D18,0x0218,
	0x0D0D,0x0D0D,0x0D18,0x0218,0x0D0D,0x0D0D,0x0D18,0x0018,
	0x0000,0x0000,0x0000,0x0000,0x0000,0x0000,0x0000,0x0000,

	0x0000,0x0000,0x0000,0x0000,0x0000,0x0000,0x0000,0x0000,
	0x0000,0x0000,0x0000,0x0000,0x0000,0x0000,0x0000,0x0000,
	0x0000,0x0000,0x0000,0x0000,0x0000,0x0000,0x0000,0x0000,
	0x0000,0x0000,0x0000,0x0000,0x0000,0x0000,0x0000,0x0000,
	0x0000,0x0800,0x0B08,0x0219,0x0D0D,0x0D0D,0x0D18,0x0218,
	0x0D0D,0x0D0D,0x0D18,0x0218,0x0D0D,0x0D0D,0x0018,0x0000,
	0x0000,0x0000,0x0000,0x0200,0x180D,0x020D,0x0D0D,0x0D0D,
	0x0D02,0x0D0D,0x0D02,0x0218,0x0D0D,0x0D0D,0x0D18,0x0218,

	0x0D02,0x0218,0x020B,0x0203,0x1718,0x1205,0x1212,0x1212,
	0x1212,0x1212,0x1212,0x1212,0x1212,0x1212,0x1212,0x1212,
	0x1212,0x0F09,0x120F,0x1212,0x1212,0x1212,0x1212,0x1212,
	0x1212,0x1212,0x1212,0x1705,0x180D,0x020B,0x0D0D,0x0D02,
	0x0314,0x0D14,0x0D18,0x0C0C,0x1717,0x0505,0x0505,0x1705,
	0x0517,0x0505,0x1705,0x0E12,0x170E,0x0E12,0x0E0E,0x0E0E,
	0x0E0E,0x1212,0x120E,0x1212,0x0D17,0x0D0D,0x1418,0x1403,
	0x0D0D,0x0D0D,0x0D18,0x0218,0x0D0D,0x0D0D,0x0D18,0x0218,

	0x0D0D,0x0D18,0x180D,0x180D,0x0D0D,0x0D18,0x180D,0x180D,
	0x0000,0x0000,0x0000,0x0000,0x0000,0x0000,0x0000,0x0000,
	0x0D00,0x0D18,0x180D,0x180D,0x0D0D,0x0D18,0x180D,0x180D,
	0x020D,0x0000,0x0000,0x0000,0x0000,0x0000,0x0000,0x0000,
	0x0000,0x0000,0x0000,0x0000,0x0000,0x0000,0x0000,0x0000,
	0x0000,0x0000,0x0F00,0x190F,0x0B02,0x0602,0x180D,0x180D,
	0x0D0D,0x0D18,0x0000,0x0000,0x0000,0x0000,0x0000,0x0000,
	0x0000,0x0000,0x0000,0x0000,0x0000,0x0000,0x0000,0x0000,

	0x0000,0x0D00,0x180D,0x180D,0x0D0D,0x0D18,0x180D,0x180D,
	0x0D0D,0x0018,0x0000,0x0000,0x0000,0x0000,0x0000,0x0000,
	0x0000,0x0D18,0x180D,0x180D,0x0D0D,0x0D18,0x180D,0x180D,
	0x0D0D,0x0D18,0x180D,0x180D,0x0D0D,0x0D18,0x180D,0x180D,
	0x0D0D,0x0D18,0x180D,0x180D,0x0D0D,0x0D18,0x180D,0x180D,
	0x0D0D,0x0D18,0x180D,0x180D,0x0D0D,0x0D18,0x180D,0x180D,
	0x0D0D,0x0D18,0x180D,0x180D,0x0D0D,0x0D18,0x180D,0x000D,
	0x0000,0x0000,0x0000,0x0000,0x0000,0x0000,0x0000,0x0000,

	0x0000,0x0000,0x0000,0x0000,0x0000,0x0000,0x0000,0x0000,
	0x0000,0x0000,0x0000,0x0000,0x0000,0x0000,0x0000,0x0000,
	0x0000,0x0000,0x0000,0x0000,0x0000,0x0000,0x0000,0x0000,
	0x0000,0x0000,0x0000,0x0000,0x0000,0x0000,0x0000,0x0000,
	0x0000,0x0B00,0x1919,0x1819,0x0D0D,0x0D18,0x180D,0x180D,
	0x0D0D,0x0D18,0x180D,0x180D,0x0D0D,0x0D18,0x000D,0x0000,
	0x0000,0x0000,0x0000,0x1800,0x0D02,0x0218,0x180D,0x020D,
	0x0D0D,0x0D0D,0x0D02,0x180D,0x0D0D,0x0D18,0x180D,0x180D,

	0x020D,0x020D,0x0D0D,0x170B,0x0518,0x1212,0x1212,0x0512,
	0x1212,0x1212,0x1212,0x1212,0x1212,0x1212,0x1212,0x1212,
	0x1212,0x1212,0x1212,0x1212,0x1212,0x1212,0x1212,0x1212,
	0x1212,0x1212,0x0512,0x0D12,0x0D0D,0x180D,0x0D0D,0x1802,
	0x1414,0x0D03,0x0C0D,0x1717,0x0517,0x1705,0x0505,0x0505,
	0x0505,0x0505,0x1705,0x0E12,0x170E,0x0E12,0x0E0E,0x0E0E,
	0x0E0E,0x120E,0x1212,0x1212,0x1705,0x0D0C,0x140D,0x0314,
	0x0D0D,0x0D18,0x180D,0x180D,0x0D0D,0x0D18,0x180D,0x180D,

	0x0D0D,0x0218,0x0D18,0x0D02,0x0D0D,0x0218,0x0D18,0x0D02,
	0x0000,0x0000,0x0000,0x0000,0x0000,0x0000,0x0000,0x0000,
	0x0D00,0x0218,0x0D18,0x0D02,0x0D0D,0x0218,0x0D18,0x0D02,
	0x0D0D,0x0000,0x0000,0x0000,0x0000,0x0000,0x0000,0x0000,
	0x0000,0x0000,0x0000,0x0000,0x0000,0x0000,0x0000,0x0000,
	0x0000,0x0000,0x0F00,0x0F16,0x0219,0x060D,0x0D18,0x0D02,
	0x0D0D,0x0218,0x0000,0x0000,0x0000,0x0000,0x0000,0x0000,
	0x0000,0x0000,0x0000,0x0000,0x0000,0x0000,0x0000,0x0000,

	0x0000,0x0200,0x0D18,0x0D02,0x0D0D,0x0218,0x0D18,0x0D02,
	0x0D0D,0x0018,0x0000,0x0000,0x0000,0x0000,0x0000,0x0000,
	0x0000,0x0218,0x0D18,0x0D02,0x0D0D,0x0218,0x0D18,0x0D02,
	0x0D0D,0x0218,0x0D18,0x0D02,0x0D0D,0x0218,0x0D18,0x0D02,
	0x0D0D,0x0218,0x0D18,0x0D02,0x0D0D,0x0218,0x0D18,0x0D02,
	0x0D0D,0x0218,0x0D18,0x0D02,0x0D0D,0x0218,0x0D18,0x0D02,
	0x0D0D,0x0218,0x0D18,0x0D02,0x0D0D,0x0218,0x0D18,0x0002,
	0x0000,0x0000,0x0000,0x0000,0x0000,0x0000,0x0000,0x0000,

	0x0000,0x0000,0x0000,0x0000,0x0000,0x0000,0x0000,0x0000,
	0x0000,0x0000,0x0000,0x0000,0x0000,0x0000,0x0000,0x0000,
	0x0000,0x0000,0x0000,0x0000,0x0000,0x0000,0x0000,0x0000,
	0x0000,0x0000,0x0000,0x0000,0x0000,0x0000,0x0000,0x0000,
	0x0000,0x1900,0x0D18,0x0D02,0x0218,0x0D0D,0x020D,0x180D,
	0x0D0D,0x0218,0x0D18,0x0D02,0x0D0D,0x0218,0x0018,0x0000,
	0x0000,0x0000,0x0000,0x0D00,0x020D,0x0D18,0x0D18,0x020D,
	0x020D,0x0D0D,0x0D0D,0x180D,0x0D0D,0x0218,0x0D18,0x0D02,

	0x0218,0x0D18,0x0B02,0x0517,0x1212,0x1212,0x1212,0x1212,
	0x1212,0x1212,0x1212,0x1212,0x1212,0x1212,0x1212,0x1212,
	0x1212,0x1212,0x1212,0x1212,0x1212,0x1212,0x1212,0x1212,
	0x1212,0x1212,0x1212,0x0D18,0x0202,0x0D0D,0x1818,0x0D02,
	0x141A,0x0C03,0x170C,0x0517,0x0505,0x0517,0x1717,0x0505,
	0x0505,0x0505,0x1717,0x0E12,0x050E,0x0E0E,0x0E0E,0x0E0E,
	0x0E0E,0x0E0E,0x0E0E,0x1212,0x1212,0x1705,0x0D17,0x0314,
	0x0D0D,0x0218,0x0D18,0x0D02,0x0D0D,0x0218,0x0D18,0x0D02,

	0x0D0D,0x180D,0x0D0D,0x0D0D,0x0D0D,0x180D,0x0D0D,0x0D0D,
	0x0000,0x0000,0x0000,0x0000,0x0000,0x0000,0x0000,0x0000,
	0x0D00,0x180D,0x0D0D,0x0D0D,0x0D0D,0x180D,0x0D0D,0x0D0D,
	0x0D0D,0x0000,0x0000,0x0000,0x0000,0x0000,0x0000,0x0000,
	0x0000,0x0000,0x0000,0x0000,0x0000,0x0000,0x0000,0x0000,
	0x0000,0x0000,0x1900,0x0F0F,0x0B06,0x060D,0x0D0D,0x0D0D,
	0x0D0D,0x180D,0x0000,0x0000,0x0000,0x0000,0x0000,0x0000,
	0x0000,0x0000,0x0000,0x0000,0x0000,0x0000,0x0000,0x0000,

	0x0000,0x1800,0x0D0D,0x0D0D,0x0D0D,0x180D,0x0D0D,0x0D0D,
	0x0D0D,0x000F,0x0000,0x0000,0x0000,0x0000,0x0000,0x0000,
	0x0000,0x180D,0x0D0D,0x0D0D,0x0D0D,0x180D,0x0D0D,0x0D0D,
	0x0D0D,0x180D,0x0D0D,0x0D0D,0x0D0D,0x180D,0x0D0D,0x0D0D,
	0x0D0D,0x180D,0x0D0D,0x0D0D,0x0D0D,0x180D,0x0D0D,0x0D0D,
	0x0D0D,0x180D,0x0D0D,0x0D0D,0x0D0D,0x180D,0x0D0D,0x0D0D,
	0x0D0D,0x180D,0x0D0D,0x0D0D,0x0D0D,0x180D,0x0D0D,0x000D,
	0x0000,0x0000,0x0000,0x0000,0x0000,0x0000,0x0000,0x0000,

	0x0000,0x0000,0x0000,0x0000,0x0000,0x0000,0x0000,0x0000,
	0x0000,0x0000,0x0000,0x0000,0x0000,0x0000,0x0000,0x0000,
	0x0000,0x0000,0x0000,0x0000,0x0000,0x0000,0x0000,0x0000,
	0x0000,0x0000,0x0000,0x0000,0x0000,0x0000,0x0000,0x0000,
	0x0000,0x1900,0x0D0D,0x0D0D,0x0D18,0x0D0D,0x0202,0x0D18,
	0x0D0D,0x180D,0x0D0D,0x0D0D,0x0D0D,0x180D,0x000D,0x0000,
	0x0000,0x0000,0x0000,0x0D00,0x0202,0x0D0D,0x0218,0x0D0D,
	0x0D0D,0x1802,0x0D0D,0x0D0D,0x0D0D,0x180D,0x0D0D,0x0D0D,

	0x0D18,0x180D,0x1818,0x1205,0x1212,0x1B1B,0x120A,0x1212,
	0x1212,0x1212,0x1212,0x1212,0x1212,0x1212,0x1212,0x1212,
	0x1212,0x1212,0x1212,0x1212,0x1212,0x1212,0x1212,0x1212,
	0x1212,0x1212,0x1212,0x0218,0x0B17,0x0D0B,0x0D0D,0x0D0D,
	0x0C14,0x170C,0x1717,0x0505,0x0505,0x0505,0x0505,0x0505,
	0x0505,0x1705,0x0517,0x0E12,0x120E,0x0E0E,0x0E0E,0x0E0E,
	0x0E0E,0x0E0E,0x0E0E,0x0E0E,0x120E,0x1212,0x1705,0x140C,
	0x0D0D,0x180D,0x0D0D,0x0D0D,0x0D0D,0x180D,0x0D0D,0x0D0D,

	0x020D,0x180D,0x0D0D,0x0D18,0x020D,0x180D,0x0D0D,0x0D18,
	0x0000,0x0000,0x0000,0x0000,0x0000,0x0000,0x0000,0x0000,
	0x0200,0x180D,0x0D0D,0x0D18,0x020D,0x180D,0x0D0D,0x0D18,
	0x020D,0x0000,0x0000,0x0000,0x0000,0x0000,0x0000,0x0000,
	0x0000,0x0000,0x0000,0x0000,0x0000,0x0000,0x0000,0x0000,
	0x0000,0x0000,0x0600,0x1919,0x0619,0x0606,0x0D0D,0x0D18,
	0x020D,0x180D,0x0000,0x0000,0x0000,0x0000,0x0000,0x0000,
	0x0000,0x0000,0x0000,0x0000,0x0000,0x0000,0x0000,0x0000,

	0x0000,0x1800,0x0D0D,0x0D18,0x020D,0x180D,0x0D0D,0x0D18,
	0x020D,0x000F,0x0000,0x0000,0x0000,0x0000,0x0000,0x0000,
	0x0000,0x180D,0x0D0D,0x0D18,0x020D,0x180D,0x0D0D,0x0D18,
	0x020D,0x180D,0x0D0D,0x0D18,0x020D,0x180D,0x0D0D,0x0D18,
	0x020D,0x180D,0x0D0D,0x0D18,0x020D,0x180D,0x0D0D,0x0D18,
	0x020D,0x180D,0x0D0D,0x0D18,0x020D,0x180D,0x0D0D,0x0D18,
	0x020D,0x180D,0x0D0D,0x0D18,0x020D,0x180D,0x0D0D,0x0018,
	0x0000,0x0000,0x0000,0x0000,0x0000,0x0000,0x0000,0x0000,

	0x0000,0x0000,0x0000,0x0000,0x0000,0x0000,0x0000,0x0000,
	0x0000,0x0000,0x0000,0x0000,0x0000,0x0000,0x0000,0x0000,
	0x0000,0x0000,0x0000,0x0000,0x0000,0x0000,0x0000,0x0000,
	0x0000,0x0000,0x0000,0x0000,0x0000,0x0000,0x0000,0x0000,
	0x0000,0x0B00,0x0D19,0x0D18,0x0D0D,0x0218,0x0202,0x0D02,
	0x020D,0x1802,0x0D0D,0x0202,0x020D,0x180D,0x000D,0x0000,
	0x0000,0x0000,0x0000,0x0D00,0x0D18,0x020D,0x0D0D,0x1802,
	0x0D0D,0x0D02,0x0D18,0x0D02,0x020D,0x180D,0x0D0D,0x0D18,

	0x0D0D,0x0D18,0x0D0D,0x1218,0x0512,0x1003,0x0A1B,0x1212,
	0x1212,0x1212,0x1212,0x1212,0x1212,0x1212,0x1212,0x1212,
	0x1212,0x1212,0x1212,0x1212,0x1212,0x1212,0x1212,0x1212,
	0x1212,0x1212,0x1212,0x0512,0x0317,0x020B,0x0D0D,0x0218,
	0x0C0D,0x1717,0x0517,0x0505,0x0505,0x0505,0x1705,0x0505,
	0x0505,0x0517,0x0505,0x0E12,0x0E0E,0x0E0E,0x0E0E,0x0E0E,
	0x0E0E,0x0E0E,0x0E0E,0x0E0E,0x0E0E,0x1212,0x0512,0x0D0C,
	0x020D,0x180D,0x0D0D,0x0D18,0x020D,0x180D,0x0D0D,0x0D18,

	0x0D18,0x0D02,0x180D,0x0D02,0x0D18,0x0D02,0x180D,0x0D02,
	0x0000,0x0000,0x0000,0x0000,0x0000,0x0000,0x0000,0x0000,
	0x0D00,0x0D02,0x180D,0x0D02,0x0D18,0x0D02,0x180D,0x0D02,
	0x0D18,0x0000,0x0000,0x0000,0x0000,0x0000,0x0000,0x0000,
	0x0000,0x0000,0x0000,0x0000,0x0000,0x0000,0x0000,0x0000,
	0x0000,0x0000,0x0600,0x060B,0x1919,0x0D19,0x180D,0x0D02,
	0x0D18,0x0D02,0x0000,0x0000,0x0000,0x0000,0x0000,0x0000,
	0x0000,0x0000,0x0000,0x0000,0x0000,0x0000,0x0000,0x0000,

	0x0000,0x0D00,0x180D,0x0D02,0x0D18,0x0D02,0x180D,0x0D02,
	0x0D18,0x000F,0x0000,0x0000,0x0000,0x0000,0x0000,0x0000,
	0x0000,0x0D02,0x180D,0x0D02,0x0D18,0x0D02,0x180D,0x0D02,
	0x0D18,0x0D02,0x180D,0x0D02,0x0D18,0x0D02,0x180D,0x0D02,
	0x0D18,0x0D02,0x180D,0x0D02,0x0D18,0x0D02,0x180D,0x0D02,
	0x0D18,0x0D02,0x180D,0x0D02,0x0D18,0x0D02,0x180D,0x0D02,
	0x0D18,0x0D02,0x180D,0x0D02,0x0D18,0x0D02,0x180D,0x0002,
	0x0000,0x0000,0x0000,0x0000,0x0000,0x0000,0x0000,0x0000,

	0x0000,0x0000,0x0000,0x0000,0x0000,0x0000,0x0000,0x0000,
	0x0000,0x0000,0x0000,0x0000,0x0000,0x0000,0x0000,0x0000,
	0x0000,0x0000,0x0000,0x0000,0x0000,0x0000,0x0000,0x0000,
	0x0000,0x0000,0x0000,0x0000,0x0000,0x0000,0x0000,0x0000,
	0x0000,0x0200,0x1902,0x0D02,0x0202,0x020D,0x0A11,0x0D11,
	0x0202,0x0D02,0x180D,0x0D02,0x0D18,0x0D02,0x000D,0x0000,
	0x0000,0x0000,0x0000,0x0D00,0x180D,0x0D02,0x0D0D,0x0D02,
	0x0D18,0x0D0D,0x0218,0x020D,0x0D18,0x0D02,0x180D,0x0D02,

	0x0D02,0x0D0D,0x0202,0x0502,0x0512,0x0317,0x1003,0x1712,
	0x121B,0x0A12,0x1212,0x1212,0x1212,0x1212,0x1212,0x1212,
	0x1212,0x1212,0x1212,0x1212,0x1212,0x1212,0x1212,0x1212,
	0x1212,0x1212,0x1212,0x0512,0x020D,0x1818,0x0D02,0x0D02,
	0x0C18,0x1717,0x1717,0x1705,0x1705,0x1705,0x0517,0x0505,
	0x0505,0x0505,0x1717,0x0E12,0x120E,0x120E,0x0E0E,0x0E0E,
	0x0E0E,0x0E0E,0x0E0E,0x0E12,0x0E0E,0x1212,0x1212,0x0D0C,
	0x0D18,0x0D02,0x180D,0x0D02,0x0D18,0x0D02,0x180D,0x0D02,

	0x180D,0x0D02,0x180D,0x1802,0x180D,0x0D02,0x180D,0x1802,
	0x0000,0x0000,0x0000,0x0000,0x0000,0x0000,0x0000,0x0000,
	0x1800,0x0D02,0x180D,0x1802,0x180D,0x0D02,0x180D,0x1802,
	0x180D,0x0000,0x0000,0x0000,0x0000,0x0000,0x0000,0x0000,
	0x0000,0x0000,0x0000,0x0000,0x0000,0x0000,0x0000,0x0000,
	0x0000,0x0000,0x0B00,0x0602,0x190D,0x0D02,0x180D,0x1802,
	0x180D,0x0D02,0x0000,0x0000,0x0000,0x0000,0x0000,0x0000,
	0x0000,0x0000,0x0000,0x0000,0x0000,0x0000,0x0000,0x0000,

	0x0000,0x0D00,0x180D,0x1802,0x180D,0x0D02,0x180D,0x1802,
	0x180D,0x0019,0x0000,0x0000,0x0000,0x0000,0x0000,0x0000,
	0x0000,0x0D02,0x180D,0x1802,0x180D,0x0D02,0x180D,0x1802,
	0x180D,0x0D02,0x180D,0x1802,0x180D,0x0D02,0x180D,0x1802,
	0x180D,0x0D02,0x180D,0x1802,0x180D,0x0D02,0x180D,0x1802,
	0x180D,0x0D02,0x180D,0x1802,0x180D,0x0D02,0x180D,0x1802,
	0x180D,0x0D02,0x180D,0x1802,0x180D,0x0D02,0x180D,0x0002,
	0x0000,0x0000,0x0000,0x0000,0x0000,0x0000,0x0000,0x0000,

	0x0000,0x0000,0x0000,0x0000,0x0000,0x0000,0x0000,0x0000,
	0x0000,0x0000,0x0000,0x0000,0x0000,0x0000,0x0000,0x0000,
	0x0000,0x0000,0x0000,0x0000,0x0000,0x0000,0x0000,0x0000,
	0x0000,0x0000,0x0000,0x0000,0x0000,0x0000,0x0000,0x0000,
	0x0000,0x0800,0x0802,0x1819,0x020D,0x180D,0x0707,0x1811,
	0x0202,0x0D02,0x0D0D,0x1802,0x180D,0x0D02,0x000D,0x0000,
	0x0000,0x0000,0x0000,0x1800,0x0D0D,0x0D02,0x0D0D,0x0D0D,
	0x0D18,0x0D0D,0x020D,0x0D0D,0x180D,0x0D02,0x180D,0x1802,

	0x0D0D,0x0202,0x0B02,0x0517,0x1212,0x1717,0x1205,0x1212,
	0x1212,0x1B10,0x120A,0x1212,0x1212,0x1212,0x1212,0x1212,
	0x1212,0x1212,0x1212,0x1212,0x1212,0x1212,0x1212,0x1212,
	0x1212,0x1212,0x1212,0x1212,0x1717,0x0D0D,0x0D18,0x1802,
	0x0C0D,0x1717,0x1717,0x1717,0x1717,0x0517,0x0505,0x0505,
	0x0505,0x1705,0x0517,0x0E12,0x120E,0x120E,0x0E12,0x0E0E,
	0x0E0E,0x0E0E,0x120E,0x120E,0x120E,0x1212,0x1212,0x180C,
	0x180D,0x0D02,0x180D,0x1802,0x180D,0x0D02,0x180D,0x1802,

	0x180D,0x0D0D,0x0D0D,0x180D,0x180D,0x0D0D,0x0D0D,0x180D,
	0x0000,0x0000,0x0000,0x0000,0x0000,0x0000,0x0000,0x0000,
	0x1800,0x0D0D,0x0D0D,0x180D,0x180D,0x0D0D,0x0D0D,0x180D,
	0x180D,0x0000,0x0000,0x0000,0x0000,0x0000,0x0000,0x0000,
	0x0000,0x0000,0x0000,0x0000,0x0000,0x0000,0x0000,0x0000,
	0x0000,0x0000,0x0200,0x060D,0x180D,0x0D0D,0x0D0D,0x180D,
	0x180D,0x0D0D,0x0000,0x0000,0x0000,0x0000,0x0000,0x0000,
	0x0000,0x0000,0x0000,0x0000,0x0000,0x0000,0x0000,0x0000,

	0x0000,0x0D00,0x0D0D,0x180D,0x180D,0x0D0D,0x0D0D,0x180D,
	0x180D,0x000F,0x0000,0x0000,0x0000,0x0000,0x0000,0x0000,
	0x0000,0x0D0D,0x0D0D,0x180D,0x180D,0x0D0D,0x0D0D,0x180D,
	0x180D,0x0D0D,0x0D0D,0x180D,0x180D,0x0D0D,0x0D0D,0x180D,
	0x180D,0x0D0D,0x0D0D,0x180D,0x180D,0x0D0D,0x0D0D,0x180D,
	0x180D,0x0D0D,0x0D0D,0x180D,0x180D,0x0D0D,0x0D0D,0x180D,
	0x180D,0x0D0D,0x0D0D,0x180D,0x180D,0x0D0D,0x0D0D,0x000D,
	0x0000,0x0000,0x0000,0x0000,0x0000,0x0000,0x0000,0x0000,

	0x0000,0x0000,0x0000,0x0000,0x0000,0x0000,0x0000,0x0000,
	0x0000,0x0000,0x0000,0x0000,0x0000,0x0000,0x0000,0x0000,
	0x0000,0x0000,0x0000,0x0000,0x0000,0x0000,0x0000,0x0000,
	0x0000,0x0000,0x0000,0x0000,0x0000,0x0000,0x0000,0x0000,
	0x0000,0x0B00,0x0808,0x1819,0x020D,0x180D,0x070D,0x180D,
	0x0202,0x0202,0x0D02,0x180D,0x180D,0x0D0D,0x000D,0x0000,
	0x0000,0x0000,0x0000,0x1800,0x180D,0x0D0D,0x0D18,0x0D18,
	0x0D0D,0x0D02,0x0D0D,0x020D,0x180D,0x0D0D,0x0D0D,0x180D,

	0x180D,0x020D,0x0D02,0x1818,0x1212,0x1212,0x1212,0x1212,
	0x0512,0x1003,0x120A,0x1212,0x1212,0x1212,0x1212,0x1212,
	0x1212,0x1212,0x1212,0x1212,0x1212,0x1212,0x1212,0x1212,
	0x1212,0x1212,0x1212,0x1212,0x0D0D,0x0D02,0x0D18,0x180D,
	0x0C0D,0x1717,0x1717,0x1717,0x0505,0x0505,0x0505,0x0505,
	0x0505,0x1717,0x0505,0x0E12,0x050E,0x120E,0x0E12,0x0E0E,
	0x0E0E,0x0E0E,0x0E0E,0x1212,0x1212,0x1212,0x1212,0x180C,
	0x180D,0x0D0D,0x0D0D,0x180D,0x180D,0x0D0D,0x0D0D,0x180D,

	0x0D0D,0x0D0D,0x0D18,0x0218,0x0D0D,0x0D0D,0x0D18,0x0218,
	0x0000,0x0000,0x0000,0x0000,0x0000,0x0000,0x0000,0x0000,
	0x0D00,0x0D0D,0x0D18,0x0218,0x0D0D,0x0D0D,0x0D18,0x0218,
	0x0D0D,0x0000,0x0000,0x0000,0x0000,0x0000,0x0000,0x0000,
	0x0000,0x0000,0x0000,0x0000,0x0000,0x0000,0x0000,0x0000,
	0x0000,0x0000,0x0B00,0x060D,0x0D0D,0x0D0D,0x0D18,0x0218,
	0x0D0D,0x0D0D,0x0000,0x0000,0x0000,0x0000,0x0000,0x0000,
	0x0000,0x0000,0x0000,0x0000,0x0000,0x0000,0x0000,0x0000,

	0x0000,0x0D00,0x0D18,0x0218,0x0D0D,0x0D0D,0x0D18,0x0218,
	0x0F0D,0x000C,0x0000,0x0000,0x0000,0x0000,0x0000,0x0000,
	0x0000,0x0D0D,0x0D18,0x0218,0x0D0D,0x0D0D,0x0D18,0x0218,
	0x0D0D,0x0D0D,0x0D18,0x0218,0x0D0D,0x0D0D,0x0D18,0x0218,
	0x0D0D,0x0D0D,0x0D18,0x0218,0x0D0D,0x0D0D,0x0D18,0x0218,
	0x0D0D,0x0D0D,0x0D18,0x0218,0x0D0D,0x0D0D,0x0D18,0x0218,
	0x0D0D,0x0D0D,0x0D18,0x0218,0x0D0D,0x0D0D,0x0D18,0x0018,
	0x0000,0x0000,0x0000,0x0000,0x0000,0x0000,0x0000,0x0000,

	0x0000,0x0000,0x0000,0x0000,0x0000,0x0000,0x0000,0x0000,
	0x0000,0x0000,0x0000,0x0000,0x0000,0x0000,0x0000,0x0000,
	0x0000,0x0000,0x0000,0x0000,0x0000,0x0000,0x0000,0x0000,
	0x0000,0x0000,0x0000,0x0000,0x0000,0x0000,0x0000,0x0000,
	0x0000,0x1900,0x1919,0x0218,0x0D0D,0x0D02,0x0B0B,0x0D0B,
	0x0202,0x0B02,0x0202,0x0218,0x0D0D,0x0D0D,0x0018,0x0000,
	0x0000,0x0000,0x0000,0x0200,0x0D02,0x0D18,0x180D,0x0D0D,
	0x0D0D,0x020D,0x0D0D,0x0D0D,0x0D0D,0x0D0D,0x0D18,0x0218,

	0x0D0D,0x020D,0x0D0D,0x0D0D,0x1212,0x1012,0x0A1B,0x1212,
	0x0512,0x0317,0x1203,0x1212,0x1212,0x1212,0x1212,0x1212,
	0x1212,0x1212,0x1212,0x1212,0x1212,0x1212,0x1212,0x1212,
	0x1212,0x1212,0x1212,0x0212,0x0B02,0x0D0D,0x0D0D,0x0218,
	0x0C0D,0x1717,0x1717,0x0505,0x0505,0x0505,0x0505,0x1717,
	0x0505,0x0505,0x1717,0x0E12,0x170E,0x1212,0x0E12,0x0E0E,
	0x0E0E,0x0E0E,0x0E0E,0x0E0E,0x0E0E,0x0E0E,0x1212,0x020C,
	0x0D0D,0x0D0D,0x0D18,0x0218,0x0D0D,0x0D0D,0x0D18,0x0218,

	0x0D0D,0x0D18,0x180D,0x180D,0x0D0D,0x0D18,0x180D,0x180D,
	0x0000,0x0000,0x0000,0x0000,0x0000,0x0000,0x0000,0x0000,
	0x0D00,0x0D18,0x180D,0x180D,0x0D0D,0x0D18,0x180D,0x180D,
	0x0D0D,0x0000,0x0000,0x0000,0x0000,0x0000,0x0000,0x0000,
	0x0000,0x0000,0x0000,0x0000,0x0000,0x0000,0x0000,0x0000,
	0x0000,0x0000,0x0600,0x0606,0x0D0D,0x0D18,0x180D,0x180D,
	0x0D0D,0x0D18,0x0000,0x0000,0x0000,0x0000,0x0000,0x0000,
	0x0000,0x0000,0x0000,0x0000,0x0000,0x0000,0x0000,0x0000,

	0x0000,0x0D00,0x180D,0x180D,0x0D0D,0x0D18,0x180D,0x180D,
	0x0C0F,0x0016,0x0000,0x0000,0x0000,0x0000,0x0000,0x0000,
	0x0000,0x0D18,0x180D,0x180D,0x0D0D,0x0D18,0x180D,0x180D,
	0x0D0D,0x0D18,0x180D,0x180D,0x0D0D,0x0D18,0x180D,0x180D,
	0x0D0D,0x0D18,0x180D,0x180D,0x0D0D,0x0D18,0x180D,0x180D,
	0x0D0D,0x0D18,0x180D,0x180D,0x0D0D,0x0D18,0x180D,0x180D,
	0x0D0D,0x0D18,0x180D,0x180D,0x0D0D,0x0D18,0x180D,0x000D,
	0x0000,0x0000,0x0000,0x0000,0x0000,0x0000,0x0000,0x0000,

	0x0000,0x0000,0x0000,0x0000,0x0000,0x0000,0x0000,0x0000,
	0x0000,0x0000,0x0000,0x0000,0x0000,0x0000,0x0000,0x0000,
	0x0000,0x0000,0x0000,0x0000,0x0000,0x0000,0x0000,0x0000,
	0x0000,0x0000,0x0000,0x0000,0x0000,0x0000,0x0000,0x0000,
	0x0000,0x1900,0x1819,0x180D,0x0202,0x0202,0x0202,0x0202,
	0x1102,0x110A,0x0202,0x180D,0x0D0D,0x0D18,0x000D,0x0000,
	0x0000,0x0000,0x0000,0x1800,0x020D,0x0218,0x180D,0x020D,
	0x0D18,0x020D,0x0D0D,0x1802,0x0D0D,0x0D18,0x180D,0x180D,

	0x0D02,0x0D18,0x0B0D,0x1702,0x1212,0x1712,0x1B10,0x1212,
	0x1212,0x1212,0x1205,0x1212,0x1212,0x1212,0x1212,0x1212,
	0x1212,0x1212,0x1212,0x1212,0x1212,0x1212,0x1212,0x1212,
	0x1212,0x1212,0x1212,0x0D18,0x0B0B,0x0D02,0x0D0D,0x180D,
	0x0C0D,0x1717,0x0517,0x0505,0x0505,0x0505,0x0505,0x0517,
	0x0505,0x1705,0x1717,0x0E12,0x170E,0x1212,0x0E12,0x0E0E,
	0x0E0E,0x0E0E,0x0E0E,0x0E0E,0x0E0E,0x0E0E,0x120E,0x180C,
	0x0D0D,0x0D18,0x180D,0x180D,0x0D0D,0x0D18,0x180D,0x180D,

	0x0D0D,0x0218,0x0D18,0x0D02,0x0D0D,0x0218,0x0D18,0x0D02,
	0x0000,0x0000,0x0000,0x0000,0x0000,0x0000,0x0000,0x0000,
	0x0D00,0x0218,0x0D18,0x0D02,0x0D0D,0x0218,0x0D18,0x0D02,
	0x0D0D,0x0000,0x0000,0x0000,0x0000,0x0000,0x0000,0x0000,
	0x0000,0x0000,0x0000,0x0000,0x0000,0x0000,0x0000,0x0000,
	0x0000,0x0000,0x1900,0x0D02,0x0D0D,0x0218,0x0D18,0x0D02,
	0x0D0D,0x0218,0x0000,0x0000,0x0000,0x0000,0x0000,0x0000,
	0x0000,0x0000,0x0000,0x0000,0x0000,0x0000,0x0000,0x0000,

	0x0000,0x0200,0x0D18,0x0D02,0x0D0D,0x0218,0x0D18,0x0D02,
	0x0F0F,0x000F,0x0000,0x0000,0x0000,0x0000,0x0000,0x0000,
	0x0000,0x0218,0x0D18,0x0D02,0x0218,0x180D,0x0D0D,0x180D,
	0x0D0D,0x0218,0x0D18,0x0D02,0x0D0D,0x0218,0x0D18,0x0D02,
	0x0D0D,0x0218,0x0D18,0x0D02,0x0D0D,0x0218,0x0D18,0x0D02,
	0x0D0D,0x0218,0x0D18,0x0D02,0x0D0D,0x0218,0x0D18,0x0D02,
	0x0D0D,0x0218,0x0D18,0x0D02,0x0D0D,0x0218,0x0D18,0x0002,
	0x0000,0x0000,0x0000,0x0000,0x0000,0x0000,0x0000,0x0000,

	0x0000,0x0000,0x0000,0x0000,0x0000,0x0000,0x0000,0x0000,
	0x0000,0x0000,0x0000,0x0000,0x0000,0x0000,0x0000,0x0000,
	0x0000,0x0000,0x0000,0x0000,0x0000,0x0000,0x0000,0x0000,
	0x0000,0x0000,0x0000,0x0000,0x0000,0x0000,0x0000,0x0000,
	0x0000,0x0B00,0x0D19,0x0D02,0x020D,0x0202,0x0202,0x0202,
	0x0718,0x1107,0x0218,0x180D,0x0D0D,0x0218,0x0018,0x0000,
	0x0000,0x0000,0x0000,0x0D00,0x0D0D,0x0218,0x0D18,0x0D02,
	0x0D0D,0x0218,0x0D18,0x0D02,0x0D0D,0x0218,0x0D18,0x0D02,

	0x0D0D,0x0D0D,0x0202,0x1703,0x1212,0x1212,0x1212,0x1212,
	0x1212,0x1212,0x1212,0x1212,0x1212,0x1212,0x1212,0x1212,
	0x1212,0x1212,0x1212,0x1212,0x1212,0x1212,0x1212,0x1212,
	0x1212,0x1212,0x1212,0x1212,0x0218,0x0D02,0x0202,0x0B0D,
	0x0C12,0x1717,0x0505,0x0505,0x0505,0x0505,0x0505,0x0505,
	0x0505,0x1717,0x1705,0x0E12,0x170E,0x120E,0x0E12,0x0E0E,
	0x0E0E,0x0E0E,0x0E0E,0x0E0E,0x0E0E,0x0E0E,0x120E,0x0B0C,
	0x0D02,0x0D0D,0x0D18,0x0D0D,0x0D0D,0x0218,0x0D18,0x0D02,

	0x0D0D,0x180D,0x0D0D,0x0D0D,0x0D0D,0x180D,0x0D0D,0x0D0D,
	0x0000,0x0000,0x0000,0x0000,0x0000,0x0000,0x0000,0x0000,
	0x0D00,0x180D,0x0D0D,0x0D0D,0x0D0D,0x180D,0x0D0D,0x0D0D,
	0x0D0D,0x0000,0x0000,0x0000,0x0000,0x0000,0x0000,0x0000,
	0x0000,0x0000,0x0000,0x0000,0x0000,0x0000,0x0000,0x0000,
	0x0000,0x0000,0x1900,0x0D0D,0x0D0D,0x180D,0x0D0D,0x0D0D,
	0x0D0D,0x180D,0x0000,0x0000,0x0000,0x0000,0x0000,0x0000,
	0x0000,0x0000,0x0000,0x0000,0x0000,0x0000,0x0000,0x0000,

	0x0000,0x1800,0x0D0D,0x0D0D,0x0D0D,0x180D,0x0D0D,0x0D0D,
	0x0D0D,0x0019,0x0000,0x0000,0x0000,0x0000,0x0000,0x0000,
	0x0000,0x180D,0x0D0D,0x0D0D,0x0D18,0x0D02,0x0D0D,0x180D,
	0x0D0D,0x180D,0x0D02,0x020D,0x0D0D,0x180D,0x0D0D,0x0D0D,
	0x0D0D,0x180D,0x0D0D,0x0D0D,0x0D0D,0x180D,0x0D0D,0x0D0D,
	0x0D0D,0x180D,0x0D0D,0x0D0D,0x0D0D,0x180D,0x0D0D,0x0D0D,
	0x0D0D,0x180D,0x0D0D,0x0D0D,0x0D0D,0x180D,0x0D0D,0x000D,
	0x0000,0x0000,0x0000,0x0000,0x0000,0x0000,0x0000,0x0000,

	0x0000,0x0000,0x0000,0x0000,0x0000,0x0000,0x0000,0x0000,
	0x0000,0x0000,0x0000,0x0000,0x0000,0x0000,0x0000,0x0000,
	0x0000,0x0000,0x0000,0x0000,0x0000,0x0000,0x0000,0x0000,
	0x0000,0x0000,0x0000,0x0000,0x0000,0x0000,0x0000,0x0000,
	0x0000,0x0B00,0x1902,0x0D0D,0x0202,0x0202,0x0202,0x0202,
	0x0D18,0x0D07,0x0218,0x0D0D,0x0D0D,0x0F0F,0x000F,0x0000,
	0x0000,0x0000,0x0000,0x0D00,0x0D0D,0x180D,0x0D0D,0x0D0D,
	0x0D0D,0x180D,0x0D0D,0x0D0D,0x0D0D,0x180D,0x0D0D,0x0D0D,

	0x0D02,0x0B0B,0x180D,0x0503,0x1212,0x1212,0x1212,0x1212,
	0x1212,0x1212,0x1B05,0x1212,0x1212,0x1212,0x1212,0x1212,
	0x1212,0x1212,0x1212,0x1212,0x1212,0x0212,0x1218,0x1212,
	0x1212,0x1212,0x1212,0x1212,0x0D0D,0x020B,0x030B,0x030B,
	0x0C12,0x0517,0x0517,0x0505,0x1717,0x0517,0x0505,0x0505,
	0x1705,0x0517,0x1717,0x0E12,0x170E,0x0E0E,0x1212,0x0E0E,
	0x0E0E,0x0E0E,0x0E0E,0x0E0E,0x0E0E,0x0E12,0x120E,0x030C,
	0x0203,0x180D,0x0D02,0x0218,0x0D0D,0x180D,0x0D0D,0x0D0D,

	0x020D,0x180D,0x0D0D,0x0D18,0x020D,0x180D,0x0D0D,0x0D18,
	0x0000,0x0000,0x0000,0x0000,0x0000,0x0000,0x0000,0x0000,
	0x0200,0x180D,0x0D0D,0x0D18,0x020D,0x180D,0x0D0D,0x0D18,
	0x020D,0x0000,0x0000,0x0000,0x0000,0x0000,0x0000,0x0000,
	0x0000,0x0000,0x0000,0x0000,0x0000,0x0000,0x0000,0x0000,
	0x0000,0x0000,0x0D00,0x0D18,0x020D,0x180D,0x0D0D,0x0D18,
	0x020D,0x180D,0x0000,0x0000,0x0000,0x0000,0x0000,0x0000,
	0x0000,0x0000,0x0000,0x0000,0x0000,0x0000,0x0000,0x0000,

	0x0000,0x1800,0x0D0D,0x0D18,0x020D,0x180D,0x0D0D,0x0D18,
	0x020D,0x000F,0x0000,0x0000,0x0000,0x0000,0x0000,0x0000,
	0x0000,0x180D,0x0D0D,0x0D18,0x0D0D,0x0D02,0x0D18,0x0D02,
	0x0D0D,0x180D,0x0D0D,0x020D,0x020D,0x180D,0x0D0D,0x0D18,
	0x020D,0x180D,0x0D0D,0x0D18,0x020D,0x180D,0x0D0D,0x0D18,
	0x020D,0x180D,0x0D0D,0x0D18,0x020D,0x180D,0x0D0D,0x0D18,
	0x020D,0x180D,0x0D0D,0x0D18,0x020D,0x180D,0x0D0D,0x0018,
	0x0000,0x0000,0x0000,0x0000,0x0000,0x0000,0x0000,0x0000,

	0x0000,0x0000,0x0000,0x0000,0x0000,0x0000,0x0000,0x0000,
	0x0000,0x0000,0x0000,0x0000,0x0000,0x0000,0x0000,0x0000,
	0x0000,0x0000,0x0000,0x0000,0x0000,0x0000,0x0000,0x0000,
	0x0000,0x0000,0x0000,0x0000,0x0000,0x0000,0x0000,0x0000,
	0x0000,0x0200,0x1902,0x0D18,0x020D,0x0202,0x0202,0x0202,
	0x0B0D,0x0B0B,0x020D,0x0D0D,0x020D,0x0C0F,0x000F,0x0000,
	0x0000,0x0000,0x0000,0x0F00,0x020D,0x180D,0x0D0D,0x0D18,
	0x020D,0x180D,0x0D0D,0x0D18,0x020D,0x180D,0x0D0D,0x0D18,

	0x020D,0x020D,0x0D0D,0x0518,0x1212,0x1212,0x0A1B,0x1212,
	0x1012,0x121B,0x1705,0x1212,0x1212,0x1212,0x1212,0x1212,
	0x1212,0x1212,0x1212,0x1212,0x1218,0x1812,0x120D,0x1212,
	0x1212,0x1212,0x1212,0x1212,0x020D,0x0B0D,0x0303,0x0303,
	0x0C12,0x1717,0x1717,0x1717,0x0517,0x0505,0x0505,0x0505,
	0x0505,0x0505,0x1717,0x0E12,0x1712,0x0E0E,0x120E,0x1212,
	0x0E0E,0x0E0E,0x0E0E,0x0E0E,0x0E0E,0x1212,0x120E,0x170C,
	0x0B03,0x0D02,0x0B18,0x0202,0x020D,0x180D,0x0D0D,0x0D18,

	0x0D18,0x0D02,0x180D,0x0D02,0x0D18,0x0D02,0x180D,0x0D02,
	0x0000,0x0000,0x0000,0x0000,0x0000,0x0000,0x0000,0x0000,
	0x0D00,0x0D02,0x180D,0x0D02,0x0D18,0x0D02,0x180D,0x0D02,
	0x0D18,0x0000,0x0000,0x0000,0x0000,0x0000,0x0000,0x0000,
	0x0000,0x0000,0x0000,0x0000,0x0000,0x0000,0x0000,0x0000,
	0x0000,0x0000,0x1800,0x0D02,0x0D18,0x0D02,0x180D,0x0D02,
	0x0D18,0x0D02,0x0000,0x0000,0x0000,0x0000,0x0000,0x0000,
	0x0000,0x0000,0x0000,0x0000,0x0000,0x0000,0x0000,0x0000,

	0x0000,0x0D00,0x180D,0x0D02,0x0D18,0x0D02,0x180D,0x0D02,
	0x1918,0x000F,0x0000,0x0000,0x0000,0x0000,0x0000,0x0000,
	0x0000,0x0D02,0x180D,0x0D02,0x0D02,0x180D,0x0D0D,0x0D0D,
	0x180D,0x0D0D,0x0D0D,0x0D18,0x0D18,0x0D02,0x180D,0x0D02,
	0x0D18,0x0D02,0x180D,0x0D02,0x0D18,0x0D02,0x180D,0x0D02,
	0x0D18,0x0D02,0x180D,0x0D02,0x0D18,0x0D02,0x180D,0x0D02,
	0x0D18,0x0D02,0x180D,0x0D02,0x0D18,0x0D02,0x180D,0x0002,
	0x0000,0x0000,0x0000,0x0000,0x0000,0x0000,0x0000,0x0000,

	0x0000,0x0000,0x0000,0x0000,0x0000,0x0000,0x0000,0x0000,
	0x0000,0x0000,0x0000,0x0000,0x0000,0x0000,0x0000,0x0000,
	0x0000,0x0000,0x0000,0x0000,0x0000,0x0000,0x0000,0x0000,
	0x0000,0x0000,0x0000,0x0000,0x0000,0x0000,0x0000,0x0000,
	0x0000,0x1900,0x1919,0x0D02,0x020D,0x0A07,0x0207,0x0202,
	0x0202,0x0202,0x0202,0x0D0D,0x0D18,0x160F,0x000F,0x0000,
	0x0000,0x0000,0x0000,0x0F00,0x0D18,0x0D02,0x180D,0x0D02,
	0x0D18,0x0D02,0x180D,0x0D02,0x0D18,0x0D02,0x180D,0x0D02,

	0x020D,0x1818,0x0202,0x120D,0x1005,0x1212,0x1003,0x120A,
	0x1712,0x1017,0x120A,0x1212,0x1212,0x1212,0x1212,0x1212,
	0x1212,0x0D12,0x1218,0x1212,0x1802,0x180D,0x0202,0x1212,
	0x1212,0x1212,0x1212,0x1212,0x020B,0x030D,0x0317,0x1717,
	0x0C12,0x1717,0x1717,0x0505,0x0505,0x0505,0x0505,0x0505,
	0x0505,0x1717,0x1717,0x0E12,0x1712,0x0E0E,0x0E0E,0x0E0E,
	0x0E0E,0x0E0E,0x0E0E,0x0E0E,0x0E0E,0x120E,0x1212,0x050C,
	0x1705,0x0B03,0x0B0D,0x0D0B,0x0D18,0x0D02,0x180D,0x0D02,

	0x180D,0x0D02,0x180D,0x1802,0x180D,0x0D02,0x180D,0x1802,
	0x0000,0x0000,0x0000,0x0000,0x0000,0x0000,0x0000,0x0000,
	0x1800,0x0D02,0x180D,0x1802,0x180D,0x0D02,0x180D,0x1802,
	0x180D,0x0D02,0x180D,0x1802,0x180D,0x0606,0x0606,0x1902,
	0x0000,0x0000,0x0000,0x0000,0x0000,0x0000,0x0000,0x0F0F,
	0x1806,0x0D02,0x180D,0x1802,0x180D,0x0D02,0x180D,0x1802,
	0x180D,0x0D02,0x0000,0x0000,0x0000,0x0000,0x0000,0x0000,
	0x0000,0x0000,0x0000,0x0000,0x0000,0x0000,0x0000,0x0000,

	0x0000,0x0D00,0x180D,0x1802,0x180D,0x0D02,0x180D,0x1802,
	0x0F0D,0x000C,0x0000,0x0000,0x0000,0x0000,0x0000,0x0000,
	0x0000,0x0D02,0x180D,0x1802,0x020D,0x180D,0x180D,0x020D,
	0x0D0D,0x0D18,0x0D0D,0x180D,0x180D,0x0D02,0x180D,0x1802,
	0x180D,0x0D02,0x180D,0x1802,0x180D,0x0D02,0x180D,0x1802,
	0x180D,0x0D02,0x180D,0x1802,0x180D,0x0D02,0x180D,0x1802,
	0x180D,0x0D02,0x180D,0x1802,0x180D,0x0D02,0x180D,0x0002,
	0x0000,0x0000,0x0000,0x0000,0x0000,0x0000,0x0000,0x0000,

	0x180D,0x0D02,0x180D,0x1802,0x180D,0x0D02,0x180D,0x1802,
	0x0D0D,0x000D,0x0000,0x0000,0x0000,0x0000,0x0000,0x0000,
	0x0000,0x0000,0x0000,0x0000,0x0000,0x0000,0x0000,0x0000,
	0x190B,0x0B19,0x1919,0x1919,0x1919,0x0B19,0x1902,0x1919,
	0x1919,0x1919,0x180D,0x1802,0x180D,0x0707,0x1807,0x0202,
	0x0202,0x0202,0x0D02,0x0D0D,0x180D,0x0F19,0x000F,0x0000,
	0x0000,0x0000,0x0000,0x1800,0x180D,0x0D02,0x180D,0x1802,
	0x180D,0x0D02,0x180D,0x1802,0x180D,0x0D02,0x180D,0x1802,

	0x0D0D,0x0D0D,0x0D18,0x1217,0x1705,0x1212,0x0317,0x1210,
	0x0512,0x0317,0x0A0A,0x1212,0x1212,0x1212,0x1212,0x1212,
	0x1212,0x1212,0x180D,0x0D05,0x180D,0x1702,0x1205,0x1212,
	0x1212,0x1212,0x1212,0x1212,0x0303,0x1718,0x0517,0x0505,
	0x0C12,0x0517,0x0505,0x0505,0x0505,0x0505,0x0505,0x0505,
	0x0505,0x1717,0x1717,0x1212,0x1712,0x0E12,0x0E0E,0x0E0E,
	0x0E0E,0x0E0E,0x0E0E,0x0E0E,0x0E0E,0x0E0E,0x1212,0x120C,
	0x1205,0x0B03,0x0318,0x0D0D,0x180D,0x0D02,0x180D,0x1802,

	0x180D,0x0D0D,0x0D0D,0x180D,0x180D,0x0D0D,0x0D0D,0x180D,
	0x0000,0x0000,0x0000,0x0000,0x0000,0x0000,0x0000,0x0000,
	0x1800,0x0D0D,0x0D0D,0x180D,0x180D,0x0D0D,0x0D0D,0x180D,
	0x180D,0x0D0D,0x0D0D,0x180D,0x180D,0x0D0D,0x0D0D,0x190D,
	0x0000,0x0000,0x0000,0x0000,0x0000,0x0000,0x0000,0x0F0F,
	0x180D,0x0D0D,0x0D0D,0x180D,0x180D,0x0D0D,0x0D0D,0x180D,
	0x180D,0x0D0D,0x0000,0x0000,0x0000,0x0000,0x0000,0x0000,
	0x0000,0x0000,0x0000,0x0000,0x0000,0x0000,0x0000,0x0000,

	0x0000,0x0D00,0x0D0D,0x180D,0x180D,0x0D0D,0x0D0D,0x180D,
	0x0C0F,0x0012,0x0000,0x0000,0x0000,0x0000,0x0000,0x0000,
	0x0000,0x0D0D,0x0D0D,0x180D,0x020D,0x0D0D,0x0D02,0x0D02,
	0x0D0D,0x0218,0x0D0D,0x180D,0x180D,0x0D0D,0x0D0D,0x180D,
	0x180D,0x0D0D,0x0D0D,0x180D,0x180D,0x0D0D,0x0D0D,0x180D,
	0x180D,0x0D0D,0x0D0D,0x180D,0x180D,0x0D0D,0x0D0D,0x180D,
	0x180D,0x0D0D,0x0D0D,0x180D,0x180D,0x0D0D,0x0D0D,0x000D,
	0x0000,0x0000,0x0000,0x0000,0x0000,0x0000,0x0000,0x0000,

	0x1812,0x0D0D,0x0D0D,0x180D,0x180D,0x0D0D,0x0D0D,0x180D,
	0x180D,0x000D,0x0000,0x0000,0x0000,0x0000,0x0000,0x0000,
	0x0000,0x0000,0x0000,0x0000,0x0000,0x0000,0x0000,0x0000,
	0x1902,0x0B0B,0x1919,0x1919,0x0B19,0x1919,0x1919,0x190B,
	0x190B,0x0D19,0x0D0D,0x180D,0x180D,0x070D,0x180D,0x0202,
	0x0202,0x0202,0x0202,0x0202,0x180D,0x0F0F,0x0016,0x0000,
	0x0000,0x0000,0x0000,0x1800,0x180D,0x0D0D,0x0D0D,0x180D,
	0x180D,0x0D0D,0x0D0D,0x180D,0x180D,0x0D0D,0x0D0D,0x180D,

	0x0D0D,0x0D18,0x0302,0x1217,0x1212,0x1212,0x1705,0x1205,
	0x1212,0x0512,0x0310,0x1212,0x1212,0x1212,0x1212,0x1212,
	0x1212,0x0D12,0x1805,0x1817,0x0202,0x0517,0x1205,0x1212,
	0x1212,0x1212,0x1212,0x1212,0x030D,0x0517,0x1205,0x1205,
	0x0C12,0x0517,0x0505,0x0505,0x0505,0x0505,0x0505,0x0505,
	0x1717,0x1717,0x1717,0x0E12,0x050A,0x1212,0x0E12,0x0E0E,
	0x0E0E,0x0E0E,0x0E0E,0x0E0E,0x0E12,0x0E0E,0x120E,0x120C,
	0x0512,0x1712,0x0318,0x0D18,0x180D,0x0D0D,0x0D0D,0x180D,

	0x0D0D,0x0D0D,0x0D18,0x0218,0x0D0D,0x0D0D,0x0D18,0x0218,
	0x0000,0x0000,0x0000,0x0000,0x0000,0x0000,0x0000,0x0000,
	0x0D00,0x0D0D,0x0D18,0x0218,0x0D0D,0x0D0D,0x0D18,0x0218,
	0x0D0D,0x0D0D,0x0D18,0x0218,0x0D0D,0x0D0D,0x0D18,0x0218,
	0x0000,0x0000,0x0000,0x0000,0x0000,0x0000,0x0000,0x0F16,
	0x0D0D,0x0D0D,0x0D18,0x0218,0x0D0D,0x0D0D,0x0D18,0x0218,
	0x0D0D,0x0D0D,0x0000,0x0000,0x0000,0x0000,0x0000,0x0000,
	0x0000,0x0000,0x0000,0x0000,0x0000,0x0000,0x0000,0x0000,

	0x0000,0x0D00,0x0D18,0x0218,0x0D0D,0x0D0D,0x0D18,0x0218,
	0x050F,0x000C,0x0000,0x0000,0x0000,0x0000,0x0000,0x0000,
	0x0000,0x0D0D,0x0D18,0x0218,0x180D,0x020D,0x0D0D,0x0D0D,
	0x0D02,0x0D0D,0x0D02,0x0218,0x0D0D,0x0D0D,0x0D18,0x0218,
	0x0D0D,0x0D0D,0x0D18,0x0218,0x0D0D,0x0D0D,0x0D18,0x0218,
	0x0D0D,0x0D0D,0x0D18,0x0218,0x0D0D,0x0D0D,0x0D18,0x0218,
	0x0D0D,0x0D0D,0x0D18,0x0218,0x0D0D,0x0D0D,0x0D18,0x0018,
	0x0000,0x0000,0x0000,0x0000,0x0000,0x0000,0x0000,0x0000,

	0x0D1B,0x0D0D,0x0D18,0x0218,0x0D0D,0x0D0D,0x0D18,0x0218,
	0x0D0D,0x0018,0x0000,0x0000,0x0000,0x0000,0x0000,0x0000,
	0x0000,0x0000,0x0000,0x0000,0x0000,0x0000,0x0000,0x0000,
	0x020B,0x190B,0x0219,0x1919,0x0202,0x190B,0x1919,0x0B19,
	0x1902,0x0D0D,0x0D18,0x0218,0x0D02,0x0B0B,0x0D0B,0x0202,
	0x0D02,0x0202,0x0D02,0x0D02,0x0F0D,0x160C,0x000F,0x0000,
	0x0000,0x0000,0x0000,0x0200,0x0D0D,0x0D0D,0x0D18,0x0218,
	0x0D0D,0x0D0D,0x0D18,0x0218,0x0D0D,0x0D0D,0x0D18,0x0218,

	0x0D02,0x0218,0x0B02,0x0517,0x1212,0x1212,0x1212,0x1212,
	0x1212,0x0512,0x1205,0x1212,0x1212,0x1212,0x1212,0x1212,
	0x1212,0x1212,0x020D,0x170D,0x1718,0x1205,0x1212,0x1212,
	0x1212,0x1212,0x1212,0x1212,0x1718,0x1205,0x1212,0x1212,
	0x0C12,0x0517,0x0505,0x0505,0x0517,0x0505,0x0505,0x1705,
	0x1717,0x0505,0x1217,0x0C0E,0x0A0C,0x0E12,0x0E12,0x0E0E,
	0x0E0E,0x0E0E,0x0E0E,0x0E0E,0x1212,0x0E12,0x1212,0x120C,
	0x1212,0x0505,0x1705,0x0B18,0x0D0D,0x0D0D,0x0D18,0x0218,

	0x0D0D,0x0D18,0x180D,0x180D,0x0D0D,0x0D18,0x180D,0x180D,
	0x0000,0x0000,0x0000,0x0000,0x0000,0x0000,0x0000,0x0000,
	0x0D00,0x0D18,0x180D,0x180D,0x0D0D,0x0D18,0x180D,0x180D,
	0x0D0D,0x0D18,0x180D,0x180D,0x0D0D,0x0D18,0x180D,0x180D,
	0x0000,0x0000,0x0000,0x0000,0x0000,0x0000,0x0000,0x180F,
	0x0D0D,0x0D18,0x180D,0x180D,0x0D0D,0x0D18,0x180D,0x180D,
	0x0D0D,0x0D18,0x0000,0x0000,0x0000,0x0000,0x0000,0x0000,
	0x0000,0x0000,0x0000,0x0000,0x0000,0x0000,0x0000,0x0000,

	0x0000,0x0D00,0x180D,0x180D,0x0D0D,0x0D18,0x180D,0x180D,
	0x0F0F,0x000F,0x0000,0x0000,0x0000,0x0000,0x0000,0x0000,
	0x0000,0x0D18,0x180D,0x180D,0x0D02,0x0218,0x180D,0x020D,
	0x0D0D,0x0D0D,0x0D02,0x180D,0x0D0D,0x0D18,0x180D,0x180D,
	0x0D0D,0x0D18,0x180D,0x180D,0x0D0D,0x0D18,0x180D,0x180D,
	0x0D0D,0x0D18,0x180D,0x180D,0x0D0D,0x0D18,0x180D,0x180D,
	0x0D0D,0x0D18,0x180D,0x180D,0x0D0D,0x0D18,0x180D,0x000D,
	0x0000,0x0000,0x0000,0x0000,0x0000,0x0000,0x0000,0x0000,

	0x1B14,0x0D18,0x180D,0x180D,0x0D0D,0x0D18,0x180D,0x180D,
	0x0D02,0x0018,0x0000,0x0000,0x0000,0x0000,0x0000,0x0000,
	0x0000,0x0000,0x0000,0x0000,0x0000,0x0000,0x0000,0x0000,
	0x020B,0x020D,0x020B,0x0B0D,0x0B0D,0x0D18,0x180D,0x1919,
	0x1919,0x0D18,0x180D,0x180D,0x020D,0x0202,0x0202,0x0202,
	0x0D02,0x020D,0x0D0D,0x1802,0x0C0F,0x0F16,0x000F,0x0000,
	0x0000,0x0000,0x0000,0x1800,0x0D0D,0x0D18,0x180D,0x180D,
	0x0D0D,0x0D18,0x180D,0x180D,0x0D0D,0x0D18,0x180D,0x180D,

	0x020D,0x020D,0x0D0B,0x0518,0x1212,0x1212,0x1212,0x1212,
	0x1212,0x1212,0x1212,0x1212,0x1212,0x1212,0x1212,0x1212,
	0x1212,0x0512,0x170D,0x1718,0x1718,0x1205,0x1212,0x1218,
	0x1212,0x1212,0x1212,0x1212,0x0518,0x1212,0x1212,0x0512,
	0x0C12,0x0517,0x0505,0x1705,0x0517,0x0505,0x0505,0x0505,
	0x0505,0x1705,0x0E17,0x170C,0x0C17,0x120A,0x0E0E,0x0E0E,
	0x0E0E,0x0E0E,0x0E0E,0x0E0E,0x120E,0x1212,0x1212,0x120C,
	0x1212,0x1212,0x0512,0x1717,0x0D0D,0x0D18,0x180D,0x180D,

	0x0D0D,0x0218,0x0D18,0x0D02,0x0D0D,0x0218,0x0D18,0x0D02,
	0x0000,0x0000,0x0000,0x0000,0x0000,0x0000,0x0000,0x0000,
	0x0D00,0x0218,0x0D18,0x0D02,0x0D0D,0x0218,0x0D18,0x0D02,
	0x0D0D,0x0218,0x0D18,0x0D02,0x0D0D,0x0218,0x0D18,0x0D02,
	0x0000,0x0000,0x0000,0x0000,0x0000,0x0000,0x0000,0x0D0F,
	0x0D0D,0x0218,0x0D18,0x0D02,0x0D0D,0x0218,0x0D18,0x0D02,
	0x0D0D,0x0218,0x0000,0x0000,0x0000,0x0000,0x0000,0x0000,
	0x0000,0x0000,0x0000,0x0000,0x0000,0x0000,0x0000,0x0000,

	0x0000,0x0200,0x0D18,0x0D02,0x0D0D,0x0218,0x0D18,0x0D02,
	0x0D0D,0x0218,0x0D18,0x0D02,0x0D0D,0x0218,0x0D18,0x0D02,
	0x0D0D,0x0218,0x0D18,0x0D02,0x020D,0x0D18,0x0D18,0x020D,
	0x020D,0x0D0D,0x0D0D,0x180D,0x0D0D,0x0218,0x0D18,0x0D02,
	0x0D0D,0x0218,0x0D18,0x0D02,0x0D0D,0x0218,0x0D18,0x0D02,
	0x0D0D,0x0218,0x0D18,0x0D02,0x0D0D,0x0218,0x0D18,0x0D02,
	0x0D0D,0x0218,0x0D18,0x0D02,0x0D0D,0x0218,0x0D18,0x0002,
	0x0000,0x0000,0x0000,0x0000,0x0000,0x0000,0x0000,0x0000,

	0x0D0D,0x0218,0x0D18,0x0D02,0x0D0D,0x0218,0x0D18,0x0D02,
	0x0D0D,0x0002,0x0000,0x0000,0x0000,0x0000,0x0000,0x0000,
	0x0000,0x0000,0x0000,0x0000,0x0000,0x0000,0x0000,0x0000,
	0x0202,0x020B,0x020B,0x020D,0x0D0B,0x180D,0x020D,0x180D,
	0x0D0D,0x0218,0x0D18,0x0D02,0x0D0D,0x0218,0x0D18,0x0D02,
	0x0D0D,0x0218,0x0D18,0x0D02,0x0F0F,0x0F0F,0x000F,0x0000,
	0x0000,0x0000,0x0000,0x0D00,0x0D0D,0x0218,0x0D18,0x0D02,
	0x0D0D,0x0218,0x0D18,0x0D02,0x0D0D,0x0218,0x0D18,0x0D02,

	0x0218,0x0218,0x0D18,0x180D,0x1212,0x1212,0x1212,0x1212,
	0x1212,0x1212,0x1212,0x1212,0x1212,0x1212,0x1212,0x1212,
	0x1212,0x050D,0x1817,0x1805,0x020D,0x0D12,0x1805,0x1212,
	0x1212,0x1212,0x1212,0x1212,0x1212,0x1212,0x1212,0x1212,
	0x0C12,0x1717,0x0505,0x1717,0x0505,0x0505,0x0505,0x0505,
	0x0505,0x1705,0x0E05,0x170C,0x0C17,0x120E,0x0E12,0x0E0E,
	0x0E0E,0x0E0E,0x0E0E,0x0E0E,0x0E0E,0x120E,0x1212,0x120C,
	0x1212,0x1212,0x1212,0x1212,0x020D,0x0B0B,0x0B18,0x0D02,

	0x0D0D,0x180D,0x0D0D,0x0D0D,0x0D0D,0x180D,0x0D0D,0x0D0D,
	0x0000,0x0000,0x0000,0x0000,0x0000,0x0000,0x0000,0x0000,
	0x0D00,0x180D,0x0D0D,0x0D0D,0x0D0D,0x180D,0x0D0D,0x0D0D,
	0x0D0D,0x180D,0x0D0D,0x0D0D,0x0D0D,0x180D,0x0D0D,0x0D0D,
	0x0000,0x0000,0x0000,0x0000,0x0000,0x0000,0x0000,0x0D0D,
	0x0D0D,0x180D,0x0D0D,0x0D0D,0x0D0D,0x180D,0x0D0D,0x0D0D,
	0x0D0D,0x180D,0x0000,0x0000,0x0000,0x0000,0x0000,0x0000,
	0x0000,0x0000,0x0000,0x0000,0x0000,0x0000,0x0000,0x0000,

	0x0000,0x1800,0x0D0D,0x0D0D,0x0D0D,0x180D,0x0D0D,0x0D0D,
	0x0D0D,0x180D,0x0D0D,0x0D0D,0x0D0D,0x180D,0x0D0D,0x0D0D,
	0x0D0D,0x180D,0x0D0D,0x0D0D,0x0202,0x0D0D,0x0218,0x0D0D,
	0x0D0D,0x1802,0x0D0D,0x0D0D,0x0D0D,0x180D,0x0D0D,0x0D0D,
	0x0D0D,0x180D,0x0D0D,0x0D0D,0x0D0D,0x180D,0x0D0D,0x0D0D,
	0x0D0D,0x180D,0x0D0D,0x0D0D,0x0D0D,0x180D,0x0D0D,0x0D0D,
	0x0D0D,0x180D,0x0D0D,0x0D0D,0x0D0D,0x180D,0x0D0D,0x0D0D,
	0x0D0D,0x180D,0x0D0D,0x0D0D,0x0D0D,0x180D,0x0D0D,0x0D0D,

	0x0D0D,0x180D,0x0D0D,0x0D0D,0x0D0D,0x180D,0x0D0D,0x0D0D,
	0x0D02,0x000D,0x0000,0x0000,0x0000,0x0000,0x0000,0x0000,
	0x0000,0x0000,0x0000,0x0000,0x0000,0x0000,0x0000,0x0000,
	0x020B,0x0B02,0x0202,0x0202,0x020B,0x1802,0x0D02,0x0D0D,
	0x0D0D,0x180D,0x0D0D,0x0D0D,0x0D0D,0x180D,0x0D0D,0x0D0D,
	0x0D0D,0x180D,0x0D0D,0x0D0D,0x0D0D,0x0F19,0x0016,0x0000,
	0x0000,0x0000,0x0000,0x0F00,0x0D0D,0x180D,0x0D0D,0x0D0D,
	0x0D0D,0x180D,0x0D0D,0x0D0D,0x0D0D,0x180D,0x0D0D,0x0D0D,

	0x0D18,0x020D,0x0D0D,0x0D0B,0x1205,0x1212,0x1212,0x1212,
	0x1212,0x1212,0x1212,0x1212,0x1212,0x1212,0x1212,0x1212,
	0x1812,0x0202,0x1718,0x1805,0x0517,0x1812,0x180D,0x1212,
	0x1212,0x1212,0x1212,0x1212,0x1212,0x1212,0x1212,0x1212,
	0x0C12,0x1717,0x1717,0x0517,0x0505,0x0505,0x0505,0x0505,
	0x0505,0x0517,0x1212,0x1717,0x1717,0x0A12,0x0E12,0x0E0E,
	0x0E0E,0x0E0E,0x0E0E,0x0E0E,0x0E0E,0x0E0E,0x1212,0x120C,
	0x1212,0x1212,0x1212,0x1212,0x0217,0x0B03,0x030D,0x0B0B,

	0x020D,0x180D,0x0D0D,0x0D18,0x020D,0x180D,0x0D0D,0x0D18,
	0x0000,0x0000,0x0000,0x0000,0x0000,0x0000,0x0000,0x0000,
	0x0200,0x180D,0x0D0D,0x0D18,0x020D,0x180D,0x0D0D,0x0D18,
	0x020D,0x180D,0x0D0D,0x0D18,0x020D,0x180D,0x0D0D,0x0D18,
	0x0000,0x0000,0x0000,0x0000,0x0000,0x0000,0x0000,0x0D18,
	0x020D,0x180D,0x0D0D,0x0D18,0x020D,0x180D,0x0D0D,0x0D18,
	0x020D,0x180D,0x0000,0x0000,0x0000,0x0000,0x0000,0x0000,
	0x0000,0x0000,0x0000,0x0000,0x0000,0x0000,0x0000,0x0000,

	0x0000,0x1800,0x0D0D,0x0D18,0x020D,0x180D,0x0D0D,0x0D18,
	0x020D,0x180D,0x0D0D,0x0D18,0x020D,0x180D,0x0D0D,0x0D18,
	0x020D,0x180D,0x0D0D,0x0D18,0x0D18,0x020D,0x0D0D,0x1802,
	0x0D0D,0x0D02,0x0D18,0x0D02,0x020D,0x180D,0x0D0D,0x0D18,
	0x020D,0x180D,0x0D0D,0x0D18,0x020D,0x180D,0x0D0D,0x0D18,
	0x020D,0x180D,0x0D0D,0x0D18,0x020D,0x180D,0x0D0D,0x0D18,
	0x020D,0x180D,0x0D0D,0x0D18,0x020D,0x180D,0x0D0D,0x0D18,
	0x020D,0x180D,0x0D0D,0x0D18,0x020D,0x180D,0x0D0D,0x0D18,

	0x020D,0x180D,0x0D0D,0x0D18,0x020D,0x180D,0x0D0D,0x0D18,
	0x020D,0x000D,0x0000,0x0000,0x0000,0x0000,0x0000,0x0000,
	0x0000,0x0000,0x0000,0x0000,0x0000,0x0000,0x0000,0x0000,
	0x0B02,0x0B02,0x0D02,0x0B02,0x0202,0x020D,0x0D02,0x0D18,
	0x020D,0x180D,0x0D0D,0x0D18,0x020D,0x180D,0x0D0D,0x0D18,
	0x020D,0x180D,0x0D0D,0x0D18,0x020D,0x0F0F,0x000C,0x0000,
	0x0000,0x0000,0x0000,0x0F00,0x020D,0x180D,0x0D0D,0x0D18,
	0x020D,0x180D,0x0D0D,0x0D18,0x020D,0x180D,0x0D0D,0x0D18,

	0x0D0D,0x1802,0x0B02,0x0B0B,0x1217,0x1212,0x1212,0x1212,
	0x1212,0x1212,0x1212,0x1212,0x1212,0x1212,0x1212,0x1212,
	0x1212,0x0D18,0x0D18,0x1717,0x0D17,0x0205,0x1718,0x1212,
	0x1212,0x1212,0x1212,0x1212,0x1212,0x1212,0x1212,0x1212,
	0x0C12,0x1717,0x1717,0x0505,0x0505,0x0505,0x0505,0x0505,
	0x0505,0x1205,0x0C12,0x0C0F,0x0F0C,0x0A0C,0x0E12,0x0E0E,
	0x0E0E,0x0E0E,0x0E0E,0x0E0E,0x0E0E,0x0E0E,0x1212,0x120C,
	0x1212,0x1212,0x1212,0x1212,0x1705,0x0317,0x170D,0x1803,

	0x0D18,0x0D02,0x180D,0x0D02,0x0D18,0x0D02,0x180D,0x0D02,
	0x0000,0x0000,0x0000,0x0000,0x0000,0x0000,0x0000,0x0000,
	0x0D00,0x0D02,0x180D,0x0D02,0x0D18,0x0D02,0x180D,0x0D02,
	0x0D18,0x0D02,0x180D,0x0D02,0x0D18,0x0D02,0x180D,0x0D02,
	0x0000,0x0000,0x0000,0x0000,0x0000,0x0000,0x0000,0x0D02,
	0x0D18,0x0D02,0x180D,0x0D02,0x0D18,0x0D02,0x180D,0x0D02,
	0x0D18,0x0D02,0x0000,0x0000,0x0000,0x0000,0x0000,0x0000,
	0x0000,0x0000,0x0000,0x0000,0x0000,0x0000,0x0000,0x0000,

	0x0000,0x0D00,0x180D,0x0D02,0x0D18,0x0D02,0x180D,0x0D02,
	0x0D18,0x0D02,0x180D,0x0D02,0x0D18,0x0D02,0x180D,0x0D02,
	0x0D18,0x0D02,0x180D,0x0D02,0x180D,0x0D02,0x0D0D,0x0D02,
	0x0D18,0x0D0D,0x0218,0x020D,0x0D18,0x0D02,0x180D,0x0D02,
	0x0D18,0x0D02,0x180D,0x0D02,0x0D18,0x0D02,0x180D,0x0D02,
	0x0D18,0x0D02,0x180D,0x0D02,0x0D18,0x0D02,0x180D,0x0D02,
	0x0D18,0x0D02,0x180D,0x0D02,0x0D18,0x0D02,0x180D,0x0D02,
	0x0D18,0x0D02,0x180D,0x0D02,0x0D18,0x0D02,0x180D,0x0D02,

	0x0D18,0x0D02,0x180D,0x0D02,0x0D18,0x0D02,0x180D,0x0D02,
	0x020D,0x000D,0x0000,0x0000,0x0000,0x0000,0x0000,0x0000,
	0x0000,0x0000,0x0000,0x0000,0x0000,0x0000,0x0000,0x0000,
	0x0B02,0x0B02,0x020D,0x0B02,0x0B02,0x0B02,0x180D,0x0D0D,
	0x0D18,0x0D02,0x180D,0x0D02,0x0D18,0x0D02,0x180D,0x0D02,
	0x0D18,0x0D02,0x180D,0x0D02,0x1918,0x0C0F,0x000C,0x0000,
	0x0000,0x0000,0x0000,0x0D00,0x0D18,0x0D02,0x180D,0x0D02,
	0x0D18,0x0D02,0x180D,0x0D02,0x0D18,0x0D02,0x180D,0x0D02,

	0x0D02,0x020D,0x020B,0x1818,0x1217,0x1212,0x1212,0x1212,
	0x1212,0x1212,0x1212,0x1212,0x1212,0x1212,0x1212,0x1212,
	0x1212,0x0205,0x0D0D,0x1717,0x0518,0x0218,0x0518,0x1212,
	0x1212,0x1212,0x1212,0x1212,0x1212,0x1212,0x1712,0x1313,
	0x0C13,0x1717,0x0517,0x0505,0x0505,0x0505,0x0505,0x0505,
	0x0505,0x0E05,0x0C12,0x0503,0x0305,0x170C,0x0E0E,0x0E12,
	0x0E0E,0x0E0E,0x0E0E,0x0E0E,0x0E0E,0x0E0E,0x1212,0x120C,
	0x1212,0x1212,0x1212,0x1212,0x1205,0x0505,0x1717,0x0D03,

	0x180D,0x0D02,0x180D,0x1802,0x180D,0x0D02,0x180D,0x1802,
	0x0000,0x0000,0x0000,0x0000,0x0000,0x0000,0x0000,0x0000,
	0x1800,0x0D02,0x180D,0x1802,0x180D,0x0D02,0x180D,0x1802,
	0x180D,0x0D02,0x180D,0x1802,0x180D,0x0D02,0x180D,0x1802,
	0x0000,0x0000,0x0000,0x0000,0x0000,0x0000,0x0000,0x1802,
	0x180D,0x0D02,0x180D,0x1802,0x180D,0x0D02,0x180D,0x1802,
	0x180D,0x0D02,0x0000,0x0000,0x0000,0x0000,0x0000,0x0000,
	0x0000,0x0000,0x0000,0x0000,0x0000,0x0000,0x0000,0x0000,

	0x0000,0x0D00,0x180D,0x1802,0x180D,0x0D02,0x180D,0x1802,
	0x180D,0x0D02,0x180D,0x1802,0x180D,0x0D02,0x180D,0x1802,
	0x180D,0x0D02,0x180D,0x1802,0x0D0D,0x0D02,0x0D0D,0x0D0D,
	0x0D18,0x0D0D,0x020D,0x0D0D,0x180D,0x0D02,0x180D,0x1802,
	0x180D,0x0D02,0x180D,0x1802,0x180D,0x0D02,0x180D,0x1802,
	0x180D,0x0D02,0x180D,0x1802,0x180D,0x0D02,0x180D,0x1802,
	0x180D,0x0D02,0x180D,0x1802,0x180D,0x0D02,0x180D,0x1802,
	0x180D,0x0D02,0x180D,0x1802,0x180D,0x0D02,0x180D,0x1802,

	0x180D,0x0D02,0x180D,0x1802,0x180D,0x0D02,0x180D,0x1802,
	0x0D0D,0x000D,0x0000,0x0000,0x0000,0x0000,0x0000,0x0000,
	0x0000,0x0000,0x0000,0x0000,0x0000,0x0000,0x0000,0x0000,
	0x0B02,0x0202,0x020D,0x020B,0x180B,0x020D,0x0D18,0x0D0D,
	0x180D,0x0D02,0x180D,0x1802,0x180D,0x0D02,0x180D,0x1802,
	0x180D,0x0D02,0x180D,0x1802,0x0F0D,0x050C,0x0016,0x0000,
	0x0000,0x0000,0x0000,0x1800,0x180D,0x0D02,0x180D,0x1802,
	0x180D,0x0D02,0x180D,0x1802,0x180D,0x0D02,0x180D,0x1802,

	0x0D0D,0x020D,0x1802,0x0D0D,0x0518,0x1212,0x1212,0x1212,
	0x1212,0x1212,0x1212,0x1212,0x1212,0x1212,0x1212,0x1212,
	0x1812,0x1705,0x0D18,0x180D,0x1717,0x1802,0x0502,0x1212,
	0x1212,0x1212,0x1212,0x1212,0x1212,0x1212,0x1713,0x1717,
	0x0C17,0x1717,0x0505,0x0505,0x0505,0x0505,0x0505,0x0505,
	0x0505,0x0E12,0x170C,0x171B,0x1B17,0x0C17,0x120A,0x1212,
	0x0E0E,0x0E0E,0x0E0E,0x0E0E,0x0E0E,0x0E12,0x120E,0x120C,
	0x1212,0x1212,0x1212,0x1212,0x0512,0x0512,0x0512,0x0D17,

	0x180D,0x0D0D,0x0D0D,0x180D,0x180D,0x0D0D,0x0D0D,0x180D,
	0x0000,0x0000,0x0000,0x0000,0x0000,0x0000,0x0000,0x0000,
	0x1800,0x0D0D,0x0D0D,0x180D,0x180D,0x0D0D,0x0D0D,0x180D,
	0x180D,0x0D0D,0x0D0D,0x180D,0x180D,0x0D0D,0x0D0D,0x180D,
	0x0000,0x0000,0x0000,0x0000,0x0000,0x0000,0x0000,0x180D,
	0x180D,0x0D0D,0x0D0D,0x180D,0x180D,0x0D0D,0x0D0D,0x180D,
	0x180D,0x0D0D,0x0000,0x0000,0x0000,0x0000,0x0000,0x0000,
	0x0000,0x0000,0x0000,0x0000,0x0000,0x0000,0x0000,0x0000,

	0x0000,0x0D00,0x0D0D,0x180D,0x180D,0x0D0D,0x0D0D,0x180D,
	0x180D,0x0D0D,0x0D0D,0x180D,0x180D,0x0D0D,0x0D0D,0x180D,
	0x180D,0x0D0D,0x0D0D,0x180D,0x180D,0x0D0D,0x0D18,0x0D18,
	0x0D0D,0x0D02,0x0D0D,0x020D,0x180D,0x0D0D,0x0D0D,0x180D,
	0x180D,0x0D0D,0x0D0D,0x180D,0x180D,0x0D0D,0x0D0D,0x180D,
	0x180D,0x0D0D,0x0D0D,0x180D,0x180D,0x0D0D,0x0D0D,0x180D,
	0x180D,0x0D0D,0x0D0D,0x180D,0x180D,0x0D0D,0x0D0D,0x180D,
	0x180D,0x0D0D,0x0D0D,0x180D,0x180D,0x0D0D,0x0D0D,0x180D,

	0x180D,0x0D0D,0x0D0D,0x180D,0x180D,0x0D0D,0x0D0D,0x180D,
	0x0D0D,0x0018,0x0000,0x0000,0x0000,0x0000,0x0000,0x0000,
	0x0000,0x0000,0x0000,0x0000,0x0000,0x0000,0x0000,0x0000,
	0x0202,0x020D,0x020B,0x0B0D,0x1802,0x0D02,0x0D18,0x020D,
	0x180D,0x0D0D,0x0D0D,0x180D,0x180D,0x0D0D,0x0D0D,0x180D,
	0x180D,0x0D0D,0x0D0D,0x180D,0x0C0F,0x0C12,0x000F,0x0000,
	0x0000,0x0000,0x0000,0x0F00,0x180D,0x0D0D,0x0D0D,0x180D,
	0x180D,0x0D0D,0x0D0D,0x180D,0x180D,0x0D0D,0x0D0D,0x180D,

	0x180D,0x0D0D,0x0D0D,0x020D,0x0517,0x120D,0x1212,0x1212,
	0x1212,0x1212,0x1212,0x1212,0x1212,0x1212,0x1212,0x1212,
	0x0512,0x1718,0x1817,0x1817,0x0D05,0x1817,0x0517,0x1212,
	0x1212,0x1212,0x1212,0x1212,0x1212,0x1212,0x0505,0x0517,
	0x0C17,0x0517,0x0505,0x0517,0x0505,0x0505,0x0505,0x0505,
	0x0505,0x120E,0x170C,0x1703,0x0317,0x0C17,0x120E,0x120E,
	0x0E12,0x0E0E,0x0E0E,0x0E0E,0x0E0E,0x1212,0x120E,0x120C,
	0x1212,0x1212,0x1212,0x1212,0x1212,0x1212,0x0505,0x1705,

	0x0D0D,0x0D0D,0x0D18,0x0218,0x0D0D,0x0D0D,0x0D18,0x0218,
	0x0000,0x0000,0x0000,0x0000,0x0000,0x0000,0x0000,0x0000,
	0x0D00,0x0D0D,0x0D18,0x0218,0x0D0D,0x0D0D,0x0D18,0x0218,
	0x0D0D,0x0D0D,0x0D18,0x0218,0x0D0D,0x0D0D,0x0D18,0x0218,
	0x0000,0x0000,0x0000,0x0000,0x0000,0x0000,0x0000,0x0218,
	0x0D0D,0x0D0D,0x0D18,0x0218,0x0D0D,0x0D0D,0x0D18,0x0218,
	0x0D0D,0x0D0D,0x0000,0x0000,0x0000,0x0000,0x0000,0x0000,
	0x0000,0x0000,0x0000,0x0000,0x0000,0x0000,0x0000,0x0000,

	0x0000,0x0D00,0x0D18,0x0218,0x0D0D,0x0D0D,0x0D18,0x0218,
	0x0D0D,0x0D0D,0x0D18,0x0218,0x0D0D,0x0D0D,0x0D18,0x0218,
	0x0D0D,0x0D0D,0x0D18,0x0218,0x0D02,0x0D18,0x180D,0x0D0D,
	0x0D0D,0x020D,0x0D0D,0x0D0D,0x0D0D,0x0D0D,0x0D18,0x0218,
	0x0D0D,0x0D0D,0x0D18,0x0218,0x0D0D,0x0D0D,0x0D18,0x0218,
	0x0D0D,0x0D0D,0x0D18,0x0218,0x0D0D,0x0D0D,0x0D18,0x0218,
	0x0D0D,0x0D0D,0x0D18,0x0218,0x0D0D,0x0D0D,0x0D18,0x0218,
	0x0D0D,0x0D0D,0x0D18,0x0218,0x0D0D,0x0D0D,0x0D18,0x0218,

	0x0D0D,0x0D0D,0x0D18,0x0218,0x0D0D,0x0D0D,0x0D18,0x0218,
	0x0D02,0x0018,0x0000,0x0000,0x0000,0x0000,0x0000,0x0000,
	0x0000,0x0000,0x0000,0x0000,0x0000,0x0000,0x0000,0x0000,
	0x0202,0x0B0D,0x0D02,0x0B02,0x020D,0x0D02,0x0D0D,0x0D02,
	0x0D0D,0x0D0D,0x0D18,0x0218,0x0D0D,0x0D0D,0x0D18,0x0218,
	0x0D0D,0x0D0D,0x0D18,0x0218,0x050F,0x0F0C,0x0019,0x0000,
	0x0000,0x0000,0x0000,0x0F00,0x0D0D,0x0D0D,0x0D18,0x0218,
	0x0D0D,0x0D0D,0x0D18,0x0218,0x0D0D,0x0D0D,0x0D18,0x0218,

	0x0D0D,0x0D18,0x0202,0x180B,0x0D03,0x0D0D,0x1202,0x1212,
	0x1212,0x1212,0x1212,0x1212,0x1212,0x1212,0x1212,0x1212,
	0x0D12,0x0518,0x1817,0x1705,0x0D17,0x1705,0x1217,0x1212,
	0x1212,0x1212,0x1212,0x1212,0x1212,0x1212,0x1212,0x1205,
	0x0C05,0x0517,0x0505,0x0505,0x0505,0x0505,0x0505,0x0505,
	0x0505,0x170E,0x0C0C,0x0C0F,0x0F0C,0x0C0C,0x0E12,0x0E12,
	0x0E0E,0x0E0E,0x120E,0x0E0E,0x0E0E,0x1212,0x1212,0x120C,
	0x1212,0x1212,0x1212,0x1212,0x1212,0x1212,0x1212,0x1705,

	0x0D0D,0x0D18,0x180D,0x180D,0x0D0D,0x0D18,0x180D,0x180D,
	0x0000,0x0000,0x0000,0x0000,0x0000,0x0000,0x0000,0x0000,
	0x1B00,0x0D18,0x180D,0x180D,0x0D0D,0x0D18,0x180D,0x180D,
	0x0D0D,0x0D18,0x180D,0x180D,0x0D0D,0x0D18,0x180D,0x180D,
	0x0000,0x0000,0x0000,0x0000,0x0000,0x0000,0x0000,0x180D,
	0x0D0D,0x0D18,0x180D,0x180D,0x0D0D,0x0D18,0x180D,0x180D,
	0x0D0D,0x0D18,0x0000,0x0000,0x0000,0x0000,0x0000,0x0000,
	0x0000,0x0000,0x0000,0x0000,0x0000,0x0000,0x0000,0x0000,

	0x0000,0x0D00,0x180D,0x180D,0x0D0D,0x0D18,0x180D,0x180D,
	0x0D0D,0x0D18,0x180D,0x180D,0x0D0D,0x0D18,0x180D,0x180D,
	0x0D0D,0x0D18,0x180D,0x180D,0x020D,0x0218,0x180D,0x020D,
	0x0D18,0x020D,0x0D0D,0x1802,0x0D0D,0x0D18,0x180D,0x180D,
	0x0D0D,0x0D18,0x180D,0x180D,0x0D0D,0x0D18,0x180D,0x180D,
	0x0D0D,0x0D18,0x180D,0x180D,0x0D0D,0x0D18,0x180D,0x180D,
	0x0D0D,0x0D18,0x180D,0x180D,0x0D0D,0x0D18,0x180D,0x180D,
	0x0D0D,0x0D18,0x180D,0x180D,0x0D0D,0x0D18,0x180D,0x180D,

	0x0D0D,0x0D18,0x180D,0x180D,0x0D0D,0x0D18,0x180D,0x180D,
	0x020D,0x000D,0x0000,0x0000,0x0000,0x0000,0x0000,0x0000,
	0x0000,0x0000,0x0000,0x0000,0x0000,0x0000,0x0000,0x0000,
	0x0202,0x0B02,0x0D02,0x0202,0x0B0B,0x0218,0x0D0D,0x1802,
	0x0D0D,0x0D18,0x180D,0x180D,0x0D0D,0x0D18,0x180D,0x180D,
	0x0D0D,0x0D18,0x180D,0x180D,0x0F0F,0x190F,0x000D,0x0000,
	0x0000,0x0000,0x0000,0x0F00,0x0D0D,0x0D18,0x180D,0x180D,
	0x0D0D,0x0D18,0x180D,0x180D,0x0D0D,0x0D18,0x180D,0x180D,

	0x0D02,0x0D18,0x0D02,0x0B18,0x0D18,0x1702,0x0505,0x1212,
	0x1212,0x1212,0x1212,0x1212,0x1212,0x1212,0x1212,0x1212,
	0x1712,0x0517,0x0517,0x0D12,0x0505,0x0505,0x1212,0x1212,
	0x1212,0x1212,0x1212,0x1212,0x1212,0x1212,0x1212,0x0512,
	0x0C12,0x0517,0x0505,0x0505,0x0505,0x0505,0x0505,0x0505,
	0x1205,0x0C0E,0x190F,0x1919,0x0F19,0x1919,0x0A0C,0x0E12,
	0x0E0E,0x0E0E,0x120E,0x0E0E,0x0E0E,0x120E,0x1212,0x120C,
	0x1212,0x1212,0x1212,0x1212,0x1212,0x1212,0x0512,0x0D12,

	0x0D0D,0x0218,0x0D18,0x0D02,0x0D0D,0x0218,0x0D18,0x0D02,
	0x0D0D,0x0218,0x0D18,0x0D02,0x0D0D,0x0218,0x0D18,0x0D02,
	0x0D0D,0x0218,0x0D18,0x0D02,0x0D0D,0x0218,0x0D18,0x0D02,
	0x0D0D,0x0218,0x0D18,0x0D02,0x0D0D,0x0218,0x0D18,0x0D02,
	0x0000,0x0000,0x0000,0x0000,0x0000,0x0000,0x0000,0x0D02,
	0x0D0D,0x0218,0x0D18,0x0D02,0x0D0D,0x0218,0x0D18,0x0D02,
	0x0D0D,0x0218,0x0000,0x0000,0x0000,0x0000,0x0000,0x0000,
	0x0000,0x0000,0x0000,0x0000,0x0000,0x0000,0x0000,0x0000,

	0x0000,0x0200,0x0D18,0x0D02,0x0D0D,0x0218,0x0D18,0x0D02,
	0x0D0D,0x0218,0x0D18,0x0D02,0x0D0D,0x0218,0x0D18,0x0D02,
	0x0D0D,0x0218,0x0D18,0x0D02,0x0D0D,0x0218,0x0D18,0x0D02,
	0x0D0D,0x0218,0x0D18,0x0D02,0x0D0D,0x0218,0x0D18,0x0D02,
	0x0D0D,0x0218,0x0D18,0x0D02,0x0D0D,0x0218,0x0D18,0x0D02,
	0x0D0D,0x0218,0x0D18,0x0D02,0x0D0D,0x0218,0x0D18,0x0D02,
	0x0D0D,0x0218,0x0D18,0x0D02,0x0D0D,0x0218,0x0D18,0x0D02,
	0x0D0D,0x0218,0x0D18,0x0D02,0x0D0D,0x0218,0x0D18,0x0D02,

	0x0D0D,0x0218,0x0D18,0x0D02,0x0D0D,0x0218,0x0D18,0x0D02,
	0x0218,0x0018,0x0000,0x0000,0x0000,0x0000,0x0000,0x0000,
	0x0000,0x0000,0x0000,0x0000,0x0000,0x0000,0x0000,0x0000,
	0x0B0D,0x020D,0x0B02,0x0B02,0x0D0B,0x0218,0x0D18,0x0D02,
	0x0D0D,0x0218,0x0D18,0x0D02,0x0D0D,0x0218,0x0D18,0x0D02,
	0x0D0D,0x0218,0x0D18,0x0D02,0x0D0D,0x0218,0x0D18,0x0D02,
	0x0D0D,0x0218,0x0D18,0x0D02,0x0D0D,0x0218,0x0D18,0x0D02,
	0x0D0D,0x0218,0x0D18,0x0D02,0x0D0D,0x0218,0x0D18,0x0D02,

	0x0D0D,0x0D02,0x0D0D,0x0218,0x0B0D,0x030B,0x1718,0x0518,
	0x0505,0x1818,0x1212,0x1212,0x1212,0x1212,0x1212,0x1212,
	0x1212,0x1212,0x1212,0x1212,0x1212,0x1212,0x1212,0x1212,
	0x1212,0x1212,0x1212,0x1212,0x1212,0x1205,0x1212,0x1212,
	0x0C12,0x0517,0x0505,0x0505,0x0505,0x0517,0x0505,0x0505,
	0x0E05,0x0C12,0x1919,0x1919,0x1919,0x1919,0x0E0C,0x0E12,
	0x0E0E,0x0E0E,0x120E,0x0E12,0x0E0E,0x0E0E,0x1212,0x120C,
	0x1212,0x1212,0x1212,0x1212,0x1212,0x1212,0x1212,0x0D18,

	0x0D0D,0x180D,0x0D0D,0x0D0D,0x0D0D,0x180D,0x0D0D,0x0D0D,
	0x0D0D,0x180D,0x0D0D,0x0D0D,0x0D0D,0x180D,0x0D0D,0x0D0D,
	0x0D0D,0x180D,0x0D0D,0x0D0D,0x0D0D,0x180D,0x0D0D,0x0D0D,
	0x0D0D,0x180D,0x0D0D,0x0D0D,0x0D0D,0x180D,0x0D0D,0x0D0D,
	0x0000,0x0000,0x0000,0x0000,0x0000,0x0000,0x0000,0x0D0D,
	0x0D0D,0x180D,0x0D0D,0x0D0D,0x0D0D,0x180D,0x0D0D,0x0D0D,
	0x0D0D,0x180D,0x0000,0x0000,0x0000,0x0000,0x0000,0x0000,
	0x0000,0x0000,0x0000,0x0000,0x0000,0x0000,0x0000,0x0000,

	0x0000,0x1800,0x0D0D,0x0D0D,0x0D0D,0x180D,0x0D0D,0x0D0D,
	0x0D0D,0x180D,0x0D0D,0x0D0D,0x0D0D,0x180D,0x0D0D,0x0D0D,
	0x0D0D,0x180D,0x0D0D,0x0D0D,0x0D0D,0x180D,0x0D0D,0x0D0D,
	0x0D0D,0x180D,0x0D0D,0x0D0D,0x0D0D,0x180D,0x0D0D,0x0D0D,
	0x0D0D,0x180D,0x0D0D,0x0D0D,0x0D0D,0x180D,0x0D0D,0x0D0D,
	0x0D0D,0x180D,0x0D0D,0x0D0D,0x0D0D,0x180D,0x0D0D,0x0D0D,
	0x0D0D,0x180D,0x0D0D,0x0D0D,0x0D0D,0x180D,0x0D0D,0x0D0D,
	0x0D0D,0x180D,0x0D0D,0x0D0D,0x0D0D,0x180D,0x0D0D,0x0D0D,

	0x0D0D,0x180D,0x0D0D,0x0D0D,0x0D0D,0x180D,0x0D0D,0x0D0D,
	0x0D18,0x000D,0x0000,0x0000,0x0000,0x0000,0x0000,0x0000,
	0x0000,0x0000,0x0000,0x0000,0x0000,0x0000,0x0000,0x0000,
	0x020D,0x0D02,0x020B,0x0B02,0x0202,0x180D,0x0D02,0x0D0D,
	0x0D0D,0x180D,0x0D0D,0x0D0D,0x0D0D,0x180D,0x0D0D,0x0D0D,
	0x0D0D,0x180D,0x0D0D,0x0D0D,0x0D0D,0x180D,0x0D0D,0x0D0D,
	0x0D0D,0x180D,0x0D0D,0x0D0D,0x0D0D,0x180D,0x0D0D,0x0D0D,
	0x0D0D,0x180D,0x0D0D,0x0D0D,0x0D0D,0x180D,0x0D0D,0x0D0D,

	0x0D02,0x020D,0x0D0D,0x0D0D,0x020D,0x180D,0x020D,0x180D,
	0x1817,0x050D,0x1212,0x1212,0x0212,0x0502,0x0518,0x180D,
	0x1212,0x1212,0x1212,0x1212,0x1212,0x1212,0x1212,0x1212,
	0x1212,0x1212,0x1212,0x1212,0x1212,0x1205,0x1212,0x1212,
	0x0C12,0x0517,0x0505,0x0505,0x0505,0x0517,0x0505,0x0505,
	0x0E05,0x0C17,0x1919,0x1919,0x1919,0x1919,0x120C,0x120E,
	0x0E0E,0x0E0E,0x120E,0x0E12,0x0E0E,0x0E0E,0x120E,0x120C,
	0x1212,0x1212,0x1212,0x1212,0x1212,0x1212,0x1212,0x0218,

	0x020D,0x180D,0x0D0D,0x0D18,0x020D,0x180D,0x0D0D,0x0D18,
	0x020D,0x180D,0x0D0D,0x0D18,0x020D,0x180D,0x0D0D,0x0D18,
	0x020D,0x180D,0x0D0D,0x0D18,0x020D,0x180D,0x0D0D,0x0D18,
	0x020D,0x180D,0x0D0D,0x0D18,0x020D,0x180D,0x0D0D,0x0D18,
	0x0000,0x0000,0x0000,0x0000,0x0000,0x0000,0x0000,0x0D18,
	0x020D,0x180D,0x0D0D,0x0D18,0x020D,0x180D,0x0D0D,0x0D18,
	0x020D,0x180D,0x0000,0x0000,0x0000,0x0000,0x0000,0x0000,
	0x0000,0x0000,0x0000,0x0000,0x0000,0x0000,0x0000,0x0000,

	0x0000,0x1800,0x0D0D,0x0D18,0x020D,0x180D,0x0D0D,0x0D18,
	0x020D,0x180D,0x0D0D,0x0D18,0x020D,0x180D,0x0D0D,0x0D18,
	0x020D,0x180D,0x0D0D,0x0D18,0x020D,0x180D,0x0D0D,0x0D18,
	0x020D,0x180D,0x0D0D,0x0D18,0x020D,0x180D,0x0D0D,0x0D18,
	0x020D,0x180D,0x0D0D,0x0D18,0x020D,0x180D,0x0D0D,0x0D18,
	0x020D,0x180D,0x0D0D,0x0D18,0x020D,0x180D,0x0D0D,0x0D18,
	0x020D,0x180D,0x0D0D,0x0D18,0x020D,0x180D,0x0D0D,0x0D18,
	0x020D,0x180D,0x0D0D,0x0D18,0x020D,0x180D,0x0D0D,0x0D18,

	0x020D,0x180D,0x0D0D,0x0D18,0x020D,0x180D,0x0D0D,0x0D18,
	0x0D0D,0x0002,0x0000,0x0000,0x0000,0x0000,0x0000,0x0000,
	0x0000,0x0000,0x0000,0x0000,0x0000,0x0000,0x0000,0x0000,
	0x020D,0x0D0B,0x020B,0x060B,0x0206,0x020D,0x0D0D,0x0D18,
	0x020D,0x180D,0x0D0D,0x0D18,0x020D,0x180D,0x0D0D,0x0D18,
	0x020D,0x180D,0x0D0D,0x0D18,0x020D,0x180D,0x0D0D,0x0D18,
	0x020D,0x180D,0x0D0D,0x0D18,0x020D,0x180D,0x0D0D,0x0D18,
	0x020D,0x180D,0x0D0D,0x0D18,0x020D,0x180D,0x0D0D,0x0D18,

	0x020D,0x020D,0x180D,0x0D0D,0x0D18,0x0202,0x0202,0x0D0D,
	0x0D18,0x020D,0x1205,0x0505,0x0B02,0x1717,0x020D,0x170D,
	0x0505,0x1212,0x1212,0x1212,0x1212,0x1212,0x1212,0x1212,
	0x1212,0x1212,0x1212,0x1212,0x1212,0x1205,0x1212,0x1212,
	0x0C12,0x0517,0x0505,0x0505,0x1705,0x0505,0x0505,0x0505,
	0x0E05,0x190C,0x1919,0x1919,0x1919,0x1919,0x0C19,0x120E,
	0x0E0E,0x0E0E,0x0E0E,0x1212,0x0E0E,0x0E0E,0x1212,0x120C,
	0x1212,0x1212,0x1212,0x1212,0x1212,0x1212,0x1212,0x0512,

	0x0D18,0x0D02,0x180D,0x0D02,0x0D18,0x0D02,0x180D,0x0D02,
	0x0D18,0x0D02,0x180D,0x0D02,0x0D18,0x0D02,0x180D,0x0D02,
	0x0D18,0x0D02,0x180D,0x0D02,0x0D18,0x0D02,0x180D,0x0D02,
	0x0D18,0x0D02,0x180D,0x0D02,0x0D18,0x0D02,0x180D,0x0D02,
	0x0000,0x0000,0x0000,0x0000,0x0000,0x0000,0x0000,0x0D02,
	0x0D18,0x0D02,0x180D,0x0D02,0x0D18,0x0D02,0x180D,0x0D02,
	0x0D18,0x0902,0x0000,0x0000,0x0000,0x0000,0x0000,0x0000,
	0x0000,0x0000,0x0000,0x0000,0x0000,0x0000,0x0000,0x0000,

	0x0000,0x0D00,0x180D,0x0D02,0x0D18,0x0D02,0x180D,0x0D02,
	0x0D18,0x0D02,0x180D,0x0D02,0x0D18,0x0D02,0x180D,0x0D02,
	0x0D18,0x0D02,0x180D,0x0D02,0x0D18,0x0D02,0x180D,0x0D02,
	0x0D18,0x0D02,0x180D,0x0D02,0x0D18,0x0D02,0x180D,0x0D02,
	0x0D18,0x0D02,0x180D,0x0D02,0x0D18,0x0D02,0x180D,0x0D02,
	0x0D18,0x0D02,0x180D,0x0D02,0x0D18,0x0D02,0x180D,0x0D02,
	0x0D18,0x0D02,0x180D,0x0D02,0x0D18,0x0D02,0x180D,0x0D02,
	0x0D18,0x0D02,0x180D,0x0D02,0x0D18,0x0D02,0x180D,0x0D02,

	0x0D18,0x0D02,0x180D,0x0D02,0x0D18,0x0D02,0x180D,0x0D02,
	0x0D02,0x000D,0x0000,0x0000,0x0000,0x0000,0x0000,0x0000,
	0x0000,0x0000,0x0000,0x0000,0x0000,0x0000,0x0000,0x0000,
	0x020B,0x0B02,0x0202,0x060B,0x0218,0x0202,0x1802,0x0D02,
	0x0D18,0x0D02,0x180D,0x0D02,0x0D18,0x0D02,0x180D,0x0D02,
	0x0D18,0x0D02,0x180D,0x0D02,0x0D18,0x0D02,0x180D,0x0D02,
	0x0D18,0x0D02,0x180D,0x0D02,0x0D18,0x0D02,0x180D,0x0D02,
	0x0D18,0x0D02,0x180D,0x0D02,0x0D18,0x0D02,0x180D,0x0D02,

	0x020D,0x0D0D,0x0D18,0x0D0D,0x0D18,0x020D,0x020B,0x0D02,
	0x0D0D,0x0B0B,0x1717,0x0217,0x020B,0x0B0B,0x0D02,0x0B0B,
	0x1717,0x1218,0x1212,0x1212,0x1212,0x1212,0x1212,0x1212,
	0x1212,0x1212,0x1212,0x1212,0x1212,0x0505,0x1212,0x1212,
	0x0C12,0x1717,0x0505,0x0505,0x1717,0x0505,0x0505,0x0505,
	0x0E12,0x190C,0x1919,0x1919,0x1919,0x1919,0x0C19,0x0E12,
	0x0E12,0x0E0E,0x0E0E,0x1212,0x0E12,0x0E0E,0x1212,0x120C,
	0x1212,0x1212,0x1212,0x1212,0x1212,0x1212,0x1212,0x0512,

	0x180D,0x0D02,0x180D,0x1802,0x180D,0x0D02,0x180D,0x1802,
	0x180D,0x0D02,0x180D,0x1802,0x180D,0x0D02,0x180D,0x1802,
	0x180D,0x0D02,0x180D,0x1802,0x180D,0x0D02,0x180D,0x1802,
	0x180D,0x0D02,0x180D,0x1802,0x180D,0x0D02,0x180D,0x1802,
	0x0000,0x0000,0x0000,0x0000,0x0000,0x0000,0x0000,0x1802,
	0x180D,0x0D02,0x180D,0x1802,0x180D,0x0D02,0x180D,0x1802,
	0x180D,0x0D02,0x0000,0x0000,0x0000,0x0000,0x0000,0x0000,
	0x0000,0x0000,0x0000,0x0000,0x0000,0x0000,0x0000,0x0000,

	0x0000,0x0D00,0x180D,0x1802,0x180D,0x0D02,0x180D,0x1802,
	0x180D,0x0D02,0x180D,0x1802,0x180D,0x0D02,0x180D,0x1802,
	0x180D,0x0D02,0x180D,0x1802,0x180D,0x0D02,0x180D,0x1802,
	0x180D,0x0D02,0x180D,0x1802,0x180D,0x0D02,0x180D,0x1802,
	0x180D,0x0D02,0x180D,0x1802,0x180D,0x0D02,0x180D,0x1802,
	0x180D,0x0D02,0x180D,0x1802,0x180D,0x0D02,0x180D,0x1802,
	0x180D,0x0D02,0x180D,0x1802,0x180D,0x0D02,0x180D,0x1802,
	0x180D,0x0D02,0x180D,0x1802,0x180D,0x0D02,0x180D,0x1802,

	0x180D,0x0D02,0x180D,0x1802,0x180D,0x0D02,0x180D,0x1802,
	0x0D0D,0x000D,0x0000,0x0000,0x0000,0x0000,0x0000,0x0000,
	0x0000,0x0000,0x0000,0x0000,0x0000,0x0000,0x0000,0x0000,
	0x0202,0x0B02,0x0B02,0x0206,0x020D,0x0202,0x180D,0x1802,
	0x180D,0x0D02,0x180D,0x1802,0x180D,0x0D02,0x180D,0x1802,
	0x180D,0x0D02,0x180D,0x1802,0x180D,0x0D02,0x180D,0x1802,
	0x180D,0x0D02,0x180D,0x1802,0x180D,0x0D02,0x180D,0x1802,
	0x180D,0x0D02,0x180D,0x1802,0x180D,0x0D02,0x180D,0x1802,

	0x0D0D,0x0D0D,0x0D18,0x0D02,0x020D,0x0D02,0x0B0D,0x0202,
	0x0B0D,0x0202,0x0202,0x0D02,0x0D18,0x020D,0x0202,0x0202,
	0x0D0B,0x180D,0x1212,0x1212,0x1212,0x1212,0x1212,0x1212,
	0x1212,0x1212,0x1212,0x1212,0x1212,0x0512,0x1205,0x1212,
	0x0C12,0x1717,0x0517,0x1717,0x0517,0x0505,0x0505,0x0505,
	0x120E,0x1919,0x1919,0x1919,0x1919,0x1919,0x1919,0x0E0C,
	0x0E12,0x0E0E,0x0E0E,0x1212,0x1212,0x0E0E,0x1212,0x120C,
	0x1212,0x1212,0x1212,0x1212,0x1212,0x1212,0x1212,0x1212,

	0x180D,0x0D0D,0x0D0D,0x180D,0x180D,0x0D0D,0x0D0D,0x180D,
	0x180D,0x0D0D,0x0D0D,0x180D,0x180D,0x0D0D,0x0D0D,0x180D,
	0x180D,0x0D0D,0x0D0D,0x180D,0x180D,0x0D0D,0x0D0D,0x180D,
	0x180D,0x0D0D,0x0D0D,0x180D,0x180D,0x0D0D,0x0D0D,0x180D,
	0x0000,0x0000,0x0000,0x0000,0x0000,0x0000,0x0000,0x180D,
	0x180D,0x0D0D,0x0D0D,0x180D,0x180D,0x0D0D,0x0D0D,0x180D,
	0x180D,0x0D0D,0x0000,0x0000,0x0000,0x0000,0x0000,0x0000,
	0x0000,0x0000,0x0000,0x0000,0x0000,0x0000,0x0000,0x0000,

	0x0000,0x0D00,0x0D0D,0x180D,0x180D,0x0D0D,0x0D0D,0x180D,
	0x180D,0x0D0D,0x0D0D,0x180D,0x180D,0x0D0D,0x0D0D,0x180D,
	0x180D,0x0D0D,0x0D0D,0x180D,0x180D,0x0D0D,0x0D0D,0x180D,
	0x180D,0x0D0D,0x0D0D,0x180D,0x180D,0x0D0D,0x0D0D,0x180D,
	0x180D,0x0D0D,0x0D0D,0x180D,0x180D,0x0D0D,0x0D0D,0x180D,
	0x180D,0x0D0D,0x0D0D,0x180D,0x180D,0x0D0D,0x0D0D,0x180D,
	0x180D,0x0D0D,0x0D0D,0x180D,0x180D,0x0D0D,0x0D0D,0x180D,
	0x180D,0x0D0D,0x0D0D,0x180D,0x180D,0x0D0D,0x0D0D,0x180D,

	0x180D,0x0D0D,0x0D0D,0x180D,0x180D,0x0D0D,0x0D0D,0x180D,
	0x180D,0x000D,0x0000,0x0000,0x0000,0x0000,0x0000,0x0000,
	0x0000,0x0000,0x0000,0x0000,0x0000,0x0000,0x0000,0x0000,
	0x0D02,0x0202,0x0B0B,0x0B02,0x180D,0x0D0D,0x0D0D,0x180D,
	0x180D,0x0D0D,0x0D0D,0x180D,0x180D,0x0D0D,0x0D0D,0x180D,
	0x180D,0x0D0D,0x0D0D,0x180D,0x180D,0x0D0D,0x0D0D,0x180D,
	0x180D,0x0D0D,0x0D0D,0x180D,0x180D,0x0D0D,0x0D0D,0x180D,
	0x180D,0x0D0D,0x0D0D,0x180D,0x180D,0x0D0D,0x0D0D,0x180D,

	0x0D0D,0x0D18,0x0D02,0x0D18,0x180D,0x020D,0x0D0D,0x0D0D,
	0x0D0D,0x0D0D,0x180D,0x180D,0x0D0D,0x180D,0x0D0D,0x0B18,
	0x0D0B,0x1702,0x1212,0x1212,0x1212,0x1212,0x1212,0x1212,
	0x1212,0x1212,0x1212,0x1212,0x1212,0x1212,0x0505,0x1212,
	0x0C12,0x1717,0x1717,0x1717,0x0505,0x0505,0x0505,0x1205,
	0x0C0E,0x1919,0x1919,0x1919,0x1919,0x1919,0x1919,0x0E0C,
	0x0E12,0x0E0E,0x0E0E,0x120E,0x1212,0x1212,0x1212,0x120C,
	0x1212,0x1212,0x1212,0x1212,0x1212,0x1212,0x1212,0x1212,

	0x0D0D,0x0D0D,0x0D18,0x0218,0x0D0D,0x0D0D,0x0D18,0x0218,
	0x0D0D,0x0D0D,0x0D18,0x0218,0x0D0D,0x0D0D,0x0D18,0x0218,
	0x0D0D,0x0D0D,0x0D18,0x0218,0x0D0D,0x0D0D,0x0D18,0x0218,
	0x0D0D,0x0D0D,0x0D18,0x0218,0x0D0D,0x0D0D,0x0D18,0x0218,
	0x0000,0x0000,0x0000,0x0000,0x0000,0x0000,0x0000,0x0218,
	0x0D0D,0x0D0D,0x0D18,0x0218,0x0D0D,0x0D0D,0x0D18,0x0218,
	0x0D0D,0x0D0D,0x0000,0x0000,0x0000,0x0000,0x0000,0x0000,
	0x0000,0x0000,0x0000,0x0000,0x0000,0x0000,0x0000,0x0000,

	0x0000,0x0D00,0x0D18,0x0218,0x0D0D,0x0D0D,0x0D18,0x0218,
	0x0D0D,0x0D0D,0x0D18,0x0218,0x0D0D,0x0D0D,0x0D18,0x0218,
	0x0D0D,0x0D0D,0x0D18,0x0218,0x0D0D,0x0D0D,0x0D18,0x0218,
	0x0D0D,0x0D0D,0x0D18,0x0218,0x0D0D,0x0D0D,0x0D18,0x0218,
	0x0D0D,0x0D0D,0x0D18,0x0218,0x0D0D,0x0D0D,0x0D18,0x0218,
	0x0D0D,0x0D0D,0x0D18,0x0218,0x0D0D,0x0D0D,0x0D18,0x0218,
	0x0D0D,0x0D0D,0x0D18,0x0218,0x0D0D,0x0D0D,0x0D18,0x0218,
	0x0D0D,0x0D0D,0x0D18,0x0218,0x0D0D,0x0D0D,0x0D18,0x0218,

	0x0D0D,0x0D0D,0x0D18,0x0218,0x0D0D,0x0D0D,0x0D18,0x0218,
	0x0D0D,0x0018,0x0000,0x0000,0x0000,0x0000,0x0000,0x0000,
	0x0000,0x0000,0x0000,0x0000,0x0000,0x0000,0x0000,0x0000,
	0x0202,0x020D,0x020B,0x1806,0x020D,0x0D0D,0x0D18,0x0218,
	0x0D0D,0x0D0D,0x0D18,0x0218,0x0D0D,0x0D0D,0x0D18,0x0218,
	0x0D0D,0x0D0D,0x0D18,0x0218,0x0D0D,0x0D0D,0x0D18,0x0218,
	0x0D0D,0x0D0D,0x0D18,0x0218,0x0D0D,0x0D0D,0x0D18,0x0218,
	0x0D0D,0x0D0D,0x0D18,0x0218,0x0D0D,0x0D0D,0x0D18,0x0218,

	0x0D02,0x0218,0x180D,0x020D,0x0D0D,0x0D02,0x0D0D,0x0D02,
	0x0D0D,0x0218,0x0D18,0x180D,0x0D0D,0x0D02,0x0D0D,0x0D0D,
	0x020D,0x0B02,0x1205,0x1212,0x1212,0x1212,0x1212,0x1212,
	0x1212,0x1212,0x1212,0x1212,0x1212,0x1212,0x0512,0x0505,
	0x0C05,0x1717,0x1717,0x0517,0x0505,0x0505,0x0505,0x0E05,
	0x0C12,0x1919,0x1919,0x0F19,0x1919,0x1919,0x1919,0x120C,
	0x120E,0x0E0E,0x0E0E,0x0E0E,0x1212,0x1212,0x1212,0x120C,
	0x1212,0x1212,0x1212,0x1212,0x1212,0x1212,0x1212,0x0212,

	0x0D0D,0x0D18,0x180D,0x180D,0x0D0D,0x0D18,0x180D,0x180D,
	0x0D0D,0x0D18,0x180D,0x180D,0x0D0D,0x0D18,0x180D,0x180D,
	0x0D0D,0x0D18,0x180D,0x180D,0x0D0D,0x0D18,0x180D,0x180D,
	0x0D0D,0x0D18,0x180D,0x180D,0x0D0D,0x0D18,0x180D,0x180D,
	0x0000,0x0000,0x0000,0x0000,0x0000,0x0000,0x0000,0x180D,
	0x0D0D,0x0D18,0x180D,0x180D,0x0D0D,0x0D18,0x180D,0x180D,
	0x0D0D,0x0D18,0x0000,0x0000,0x0000,0x0000,0x0000,0x0000,
	0x0000,0x0000,0x0000,0x0000,0x0000,0x0000,0x0000,0x0000,

	0x0000,0x0D00,0x180D,0x180D,0x0D0D,0x0D18,0x180D,0x180D,
	0x0D0D,0x0D18,0x180D,0x180D,0x0D0D,0x0D18,0x180D,0x180D,
	0x0D0D,0x0D18,0x180D,0x180D,0x0D0D,0x0D18,0x180D,0x180D,
	0x0D0D,0x0D18,0x180D,0x180D,0x0D0D,0x0D18,0x180D,0x180D,
	0x0D0D,0x0D18,0x180D,0x180D,0x0D0D,0x0D18,0x180D,0x180D,
	0x0D0D,0x0D18,0x180D,0x180D,0x0D0D,0x0D18,0x180D,0x180D,
	0x0D0D,0x0D18,0x180D,0x180D,0x0D0D,0x0D18,0x180D,0x180D,
	0x0D0D,0x0D18,0x180D,0x180D,0x0D0D,0x0D18,0x180D,0x180D,

	0x0D0D,0x0D18,0x180D,0x180D,0x0D0D,0x0D18,0x180D,0x180D,
	0x0D02,0x0018,0x0000,0x0000,0x0000,0x0000,0x0000,0x0000,
	0x0000,0x0000,0x0000,0x0000,0x0000,0x0000,0x0000,0x0000,
	0x020B,0x0B0D,0x0206,0x0218,0x0D02,0x0D18,0x1802,0x180D,
	0x0D0D,0x0D18,0x180D,0x180D,0x0D0D,0x0D18,0x180D,0x180D,
	0x0D0D,0x0D18,0x180D,0x180D,0x0D0D,0x0D18,0x180D,0x180D,
	0x0D0D,0x0D18,0x180D,0x180D,0x0D0D,0x0D18,0x180D,0x180D,
	0x0D0D,0x0D18,0x180D,0x180D,0x0D0D,0x0D18,0x180D,0x180D,

	0x020D,0x020D,0x180D,0x0D0D,0x0D0D,0x0218,0x0D0D,0x1802,
	0x020D,0x0D0D,0x180D,0x0D0D,0x0D0D,0x0218,0x0D0D,0x180D,
	0x020D,0x020B,0x0D02,0x1205,0x1212,0x1212,0x1212,0x1212,
	0x1212,0x1212,0x1212,0x1212,0x1212,0x1212,0x1212,0x1212,
	0x0C12,0x1717,0x0517,0x0505,0x0505,0x0505,0x0505,0x0E05,
	0x190C,0x1919,0x190F,0x1919,0x0F19,0x1919,0x1919,0x0C19,
	0x120E,0x0E0E,0x0E0E,0x0E0E,0x120E,0x1212,0x1212,0x120C,
	0x1212,0x1212,0x1212,0x1212,0x1212,0x1212,0x1212,0x0D18,

	0x0D0D,0x0218,0x0D18,0x0D02,0x0D0D,0x0218,0x0D18,0x0D02,
	0x0D0D,0x0218,0x0D18,0x0D02,0x0D0D,0x0218,0x0D18,0x0D02,
	0x0D0D,0x0218,0x0D18,0x0D02,0x0D0D,0x0218,0x0D18,0x0D02,
	0x0D0D,0x0218,0x0D18,0x0D02,0x0D0D,0x0218,0x0D18,0x0D02,
	0x0000,0x0000,0x0000,0x0000,0x0000,0x0000,0x0000,0x0D02,
	0x0D0D,0x0218,0x0D18,0x0D02,0x0D0D,0x0218,0x0D18,0x0D02,
	0x0D0D,0x0218,0x0000,0x0000,0x0000,0x0000,0x0000,0x0000,
	0x0000,0x0000,0x0000,0x0000,0x0000,0x0000,0x0000,0x0000,

	0x0000,0x0200,0x0D18,0x0D02,0x0D0D,0x0218,0x0D18,0x0D02,
	0x0D0D,0x0218,0x0D18,0x0D02,0x0D0D,0x0218,0x0D18,0x0D02,
	0x0D0D,0x0218,0x0D18,0x0D02,0x0D0D,0x0218,0x0D18,0x0D02,
	0x0D0D,0x0218,0x0D18,0x0D02,0x0D0D,0x0218,0x0D18,0x0D02,
	0x0D0D,0x0218,0x0D18,0x0D02,0x0D0D,0x0218,0x0D18,0x0D02,
	0x0D0D,0x0218,0x0D18,0x0D02,0x0D0D,0x0218,0x0D18,0x0D02,
	0x0D0D,0x0218,0x0D18,0x0D02,0x0D0D,0x0218,0x0D18,0x0D02,
	0x0D0D,0x0218,0x0D18,0x0D02,0x0D0D,0x0218,0x0D18,0x0D02,

	0x0D0D,0x0218,0x0D18,0x0D02,0x0D0D,0x0218,0x0D18,0x0D02,
	0x0D0D,0x0002,0x0000,0x0000,0x0000,0x0000,0x0000,0x0000,
	0x0000,0x0000,0x0000,0x0000,0x0000,0x0000,0x0000,0x0000,
	0x0B0B,0x0B06,0x0B02,0x0D18,0x0D02,0x020D,0x020D,0x180D,
	0x0D0D,0x0218,0x0D18,0x0D02,0x0D0D,0x0218,0x0D18,0x0D02,
	0x0D0D,0x0218,0x0D18,0x0D02,0x0D0D,0x0218,0x0D18,0x0D02,
	0x0D0D,0x0218,0x0D18,0x0D02,0x0D0D,0x0218,0x0D18,0x0D02,
	0x0D0D,0x0218,0x0D18,0x0D02,0x0D0D,0x0218,0x0D18,0x0D02,

	0x0D0D,0x0218,0x0D18,0x0D02,0x0D0D,0x0218,0x0D18,0x0D02,
	0x0D0D,0x0218,0x0D18,0x0D02,0x0D0D,0x0218,0x0D18,0x0D02,
	0x0D0D,0x0218,0x0D18,0x0D02,0x0218,0x0218,0x0D18,0x180D,
	0x1212,0x1212,0x1212,0x1212,0x1212,0x1212,0x1212,0x1212,
	0x0C12,0x1717,0x0517,0x0505,0x0505,0x0505,0x0505,0x1205,
	0x190C,0x1919,0x1919,0x1919,0x1919,0x1919,0x1919,0x0C19,
	0x0E12,0x0E12,0x0E0E,0x0E0E,0x0E0E,0x120E,0x1212,0x120C,
	0x1212,0x1212,0x1212,0x1212,0x1212,0x1212,0x1212,0x0518,

	0x0D0D,0x180D,0x0D0D,0x0D0D,0x0D0D,0x180D,0x0D0D,0x0D0D,
	0x0D0D,0x180D,0x0D0D,0x0D0D,0x0D0D,0x180D,0x0D0D,0x0D0D,
	0x0D0D,0x180D,0x0D0D,0x0D0D,0x0D0D,0x180D,0x0D0D,0x0D0D,
	0x0D0D,0x180D,0x0D0D,0x0D0D,0x0D0D,0x180D,0x0D0D,0x0D0D,
	0x0000,0x0000,0x0000,0x0000,0x0000,0x0000,0x0000,0x0D0D,
	0x0D0D,0x180D,0x0D0D,0x0D0D,0x0D0D,0x180D,0x0D0D,0x0D0D,
	0x0D0D,0x180D,0x0000,0x0000,0x0000,0x0000,0x0000,0x0000,
	0x0000,0x0000,0x0000,0x0000,0x0000,0x0000,0x0000,0x0000,

	0x0000,0x1800,0x0D0D,0x0D0D,0x0D0D,0x180D,0x0D0D,0x0D0D,
	0x0D0D,0x180D,0x0D0D,0x0D0D,0x0D0D,0x180D,0x0D0D,0x0D0D,
	0x0D0D,0x180D,0x0D0D,0x0D0D,0x0D0D,0x180D,0x0D0D,0x0D0D,
	0x0D0D,0x180D,0x0D0D,0x0D0D,0x0D0D,0x180D,0x0D0D,0x0D0D,
	0x0D0D,0x180D,0x0D0D,0x0D0D,0x0D0D,0x180D,0x0D0D,0x0D0D,
	0x0D0D,0x180D,0x0D0D,0x0D0D,0x0D0D,0x180D,0x0D0D,0x0D0D,
	0x0D0D,0x180D,0x0D0D,0x0D0D,0x0D0D,0x180D,0x0D0D,0x0D0D,
	0x0D0D,0x180D,0x0D0D,0x0D0D,0x0D0D,0x180D,0x0D0D,0x0D0D,

	0x0D0D,0x180D,0x0D0D,0x0D0D,0x0D0D,0x180D,0x0D0D,0x0D0D,
	0x0D02,0x000D,0x0000,0x0000,0x0000,0x0000,0x0000,0x0000,
	0x0000,0x0000,0x0000,0x0000,0x0000,0x0000,0x0000,0x0000,
	0x0606,0x020B,0x0B02,0x0D02,0x0202,0x0202,0x0D02,0x0D0D,
	0x0D0D,0x180D,0x0D0D,0x0D0D,0x0D0D,0x180D,0x0D0D,0x0D0D,
	0x0D0D,0x180D,0x0D0D,0x0D0D,0x0D0D,0x180D,0x0D0D,0x0D0D,
	0x0D0D,0x180D,0x0D0D,0x0D0D,0x0D0D,0x180D,0x0D0D,0x0D0D,
	0x0D0D,0x180D,0x0D0D,0x0D0D,0x0D0D,0x180D,0x0D0D,0x0D0D,

	0x0D0D,0x180D,0x0D0D,0x0D0D,0x0D0D,0x180D,0x0D0D,0x0D0D,
	0x0D0D,0x180D,0x0D0D,0x0D0D,0x0D0D,0x180D,0x0D0D,0x0D0D,
	0x0D0D,0x180D,0x0D0D,0x0D0D,0x0D18,0x020D,0x0D0D,0x0D0B,
	0x1205,0x1212,0x1212,0x1212,0x1212,0x1212,0x1212,0x1212,
	0x0C12,0x1717,0x0505,0x0505,0x0505,0x0505,0x0505,0x0C12,
	0x1919,0x1919,0x1919,0x1919,0x1919,0x1919,0x1919,0x1919,
	0x0E0C,0x0E12,0x0E0E,0x0E0E,0x0E0E,0x0E0E,0x1212,0x120C,
	0x1212,0x1212,0x1212,0x1212,0x1212,0x1212,0x1212,0x0512,

	0x020D,0x180D,0x0D0D,0x0D18,0x020D,0x180D,0x0D0D,0x0D18,
	0x020D,0x180D,0x0D0D,0x0D18,0x020D,0x180D,0x0D0D,0x0D18,
	0x020D,0x180D,0x0D0D,0x0D18,0x020D,0x180D,0x0D0D,0x0D18,
	0x020D,0x180D,0x0D0D,0x0D18,0x020D,0x180D,0x0D0D,0x0D18,
	0x0000,0x0000,0x0000,0x0000,0x0000,0x0000,0x0000,0x0F0F,
	0x020D,0x180D,0x0D0D,0x0D18,0x020D,0x180D,0x0D0D,0x0D18,
	0x020D,0x180D,0x0000,0x0000,0x0000,0x0000,0x0000,0x0000,
	0x0000,0x0000,0x0000,0x0000,0x0000,0x0000,0x0000,0x0000,

	0x0000,0x1800,0x0D0D,0x0D18,0x020D,0x180D,0x0D0D,0x0D18,
	0x020D,0x180D,0x0D0D,0x0D18,0x020D,0x180D,0x0D0D,0x0D18,
	0x020D,0x180D,0x0D0D,0x0D18,0x020D,0x180D,0x0D0D,0x0D18,
	0x020D,0x180D,0x0D0D,0x0D18,0x020D,0x180D,0x0D0D,0x0D18,
	0x020D,0x180D,0x0D0D,0x0D18,0x020D,0x180D,0x0D0D,0x0D18,
	0x020D,0x180D,0x0D0D,0x0D18,0x020D,0x180D,0x0D0D,0x0D18,
	0x020D,0x180D,0x0D0D,0x0D18,0x020D,0x180D,0x0D0D,0x0D18,
	0x020D,0x180D,0x0D0D,0x0D18,0x020D,0x180D,0x0D0D,0x0D18,

	0x020D,0x180D,0x0D0D,0x0D18,0x020D,0x180D,0x0D0D,0x0D18,
	0x020D,0x000D,0x0000,0x0000,0x0000,0x0000,0x0000,0x0000,
	0x0000,0x0000,0x0000,0x0000,0x0000,0x0000,0x0000,0x0000,
	0x0202,0x0202,0x0202,0x0D0D,0x020D,0x020D,0x0D02,0x0D18,
	0x020D,0x180D,0x0D0D,0x0D18,0x020D,0x180D,0x0D0D,0x0D18,
	0x020D,0x180D,0x0D0D,0x0D18,0x020D,0x180D,0x0D0D,0x0D18,
	0x020D,0x180D,0x0D0D,0x0D18,0x020D,0x180D,0x0D0D,0x0D18,
	0x020D,0x180D,0x0D0D,0x0D18,0x020D,0x180D,0x0D0D,0x0D18,

	0x020D,0x180D,0x0D0D,0x0D18,0x020D,0x180D,0x0D0D,0x0D18,
	0x020D,0x180D,0x0D0D,0x0D18,0x020D,0x180D,0x0D0D,0x0D18,
	0x020D,0x180D,0x0D0D,0x0D18,0x0D0D,0x1802,0x0B02,0x0B0B,
	0x1217,0x1212,0x1212,0x1212,0x1212,0x1212,0x1212,0x1212,
	0x0C12,0x1717,0x0505,0x0505,0x0505,0x0505,0x0505,0x0C0E,
	0x1919,0x1919,0x1919,0x1919,0x1919,0x1919,0x1919,0x1919,
	0x0E0C,0x0E12,0x0E0E,0x0E0E,0x120E,0x0E0E,0x1212,0x120C,
	0x1212,0x1212,0x1212,0x1212,0x1212,0x1212,0x1212,0x1212,

	0x0D18,0x0D02,0x180D,0x0D02,0x0D18,0x0D02,0x180D,0x0D02,
	0x0D18,0x0D02,0x180D,0x0D02,0x0D18,0x0D02,0x180D,0x0D02,
	0x0D18,0x0D02,0x180D,0x0D02,0x0D18,0x0D02,0x180D,0x0D02,
	0x0D18,0x0D02,0x180D,0x0D02,0x0D18,0x0D02,0x180D,0x0D02,
	0x0000,0x0000,0x0000,0x0000,0x0000,0x0000,0x0000,0x0F05,
	0x0D18,0x0D02,0x180D,0x0D02,0x0D18,0x0D02,0x180D,0x0D02,
	0x0D18,0x0D02,0x0000,0x0000,0x0000,0x0000,0x0000,0x0000,
	0x0000,0x0000,0x0000,0x0000,0x0000,0x0000,0x0000,0x0000,

	0x0000,0x0D00,0x180D,0x0D02,0x0D18,0x0D02,0x180D,0x0D02,
	0x0D18,0x0D02,0x180D,0x0D02,0x0D18,0x0D02,0x180D,0x0D02,
	0x0D18,0x0D02,0x180D,0x0D02,0x0D18,0x0D02,0x180D,0x0D02,
	0x0D18,0x0D02,0x180D,0x0D02,0x0D18,0x0D02,0x180D,0x0D02,
	0x0D18,0x0D02,0x180D,0x0D02,0x0D18,0x0D02,0x180D,0x0D02,
	0x0D18,0x0D02,0x180D,0x0D02,0x0D18,0x0D02,0x180D,0x0D02,
	0x0D18,0x0D02,0x180D,0x0D02,0x0D18,0x0D02,0x180D,0x0D02,
	0x0D18,0x0D02,0x180D,0x0D02,0x0D18,0x0D02,0x180D,0x0D02,

	0x0D18,0x0D02,0x180D,0x0D02,0x0D18,0x0D02,0x180D,0x0D02,
	0x020D,0x000D,0x0000,0x0000,0x0000,0x0000,0x0000,0x0000,
	0x0000,0x0000,0x0000,0x0000,0x0000,0x0000,0x0000,0x0000,
	0x0202,0x0202,0x0218,0x0D0D,0x0D02,0x180D,0x180D,0x0D0D,
	0x0D18,0x0D02,0x180D,0x0D02,0x0D18,0x0D02,0x180D,0x0D02,
	0x0D18,0x0D02,0x180D,0x0D02,0x0D18,0x0D02,0x180D,0x0D02,
	0x0D18,0x0D02,0x180D,0x0D02,0x0D18,0x0D02,0x180D,0x0D02,
	0x0D18,0x0D02,0x180D,0x0D02,0x0D18,0x0D02,0x180D,0x0D02,

	0x0D18,0x0D02,0x180D,0x0D02,0x0D18,0x0D02,0x180D,0x0D02,
	0x0D18,0x0D02,0x180D,0x0D02,0x0D18,0x0D02,0x180D,0x0D02,
	0x0D18,0x0D02,0x180D,0x0D02,0x0D02,0x020D,0x020B,0x1818,
	0x1217,0x1212,0x1212,0x1212,0x1212,0x1212,0x1212,0x1212,
	0x0C12,0x1717,0x0505,0x0505,0x0505,0x0505,0x1205,0x0C12,
	0x1919,0x1919,0x1919,0x1919,0x1919,0x1919,0x1919,0x1919,
	0x120C,0x120E,0x0E0E,0x0E0E,0x120E,0x0E12,0x1212,0x120C,
	0x1212,0x1212,0x1212,0x1212,0x1212,0x1212,0x1212,0x1212,

	0x180D,0x0D02,0x180D,0x1802,0x180D,0x0D02,0x180D,0x1802,
	0x180D,0x0D02,0x180D,0x1802,0x180D,0x0D02,0x180D,0x1802,
	0x180D,0x0D02,0x180D,0x1802,0x180D,0x0D02,0x180D,0x1802,
	0x180D,0x0D02,0x180D,0x1802,0x180D,0x0D02,0x180D,0x1802,
	0x0000,0x0000,0x0000,0x0000,0x0000,0x0000,0x0000,0x180F,
	0x180D,0x0D02,0x180D,0x1802,0x180D,0x0D02,0x180D,0x1802,
	0x180D,0x0D02,0x180D,0x1802,0x090D,0x0F0F,0x1809,0x1802,
	0x0F09,0x0F0F,0x0F0F,0x1809,0x180D,0x0D02,0x180D,0x1802,

	0x180D,0x0D02,0x180D,0x1802,0x180D,0x0D02,0x180D,0x1802,
	0x180D,0x0D02,0x180D,0x1802,0x180D,0x0D02,0x180D,0x1802,
	0x180D,0x0D02,0x180D,0x1802,0x180D,0x0D02,0x180D,0x1802,
	0x180D,0x0D02,0x180D,0x1802,0x180D,0x0D02,0x180D,0x1802,
	0x180D,0x0D02,0x180D,0x1802,0x180D,0x0D02,0x180D,0x1802,
	0x180D,0x0D02,0x180D,0x1802,0x180D,0x0D02,0x180D,0x1802,
	0x180D,0x0D02,0x180D,0x1802,0x180D,0x0D02,0x180D,0x1802,
	0x180D,0x0D02,0x180D,0x1802,0x180D,0x0D02,0x180D,0x1802,

	0x180D,0x0D02,0x180D,0x1802,0x180D,0x0D02,0x180D,0x1802,
	0x0D0D,0x000D,0x0000,0x0000,0x0000,0x0000,0x0000,0x0000,
	0x0000,0x0000,0x0000,0x0000,0x0000,0x0000,0x0000,0x0000,
	0x0202,0x0D0D,0x0D18,0x0D02,0x1802,0x0D0D,0x0D18,0x0D0D,
	0x180D,0x0D02,0x180D,0x1802,0x180D,0x0D02,0x180D,0x1802,
	0x180D,0x0D02,0x180D,0x1802,0x180D,0x0D02,0x180D,0x1802,
	0x180D,0x0D02,0x180D,0x1802,0x180D,0x0D02,0x180D,0x1802,
	0x180D,0x0D02,0x180D,0x1802,0x180D,0x0D02,0x180D,0x1802,

	0x180D,0x0D02,0x180D,0x1802,0x180D,0x0D02,0x180D,0x1802,
	0x180D,0x0D02,0x180D,0x1802,0x180D,0x0D02,0x180D,0x1802,
	0x180D,0x0D02,0x180D,0x1802,0x0D0D,0x020D,0x1802,0x0D0D,
	0x0518,0x1212,0x1212,0x1212,0x1212,0x1212,0x1212,0x1212,
	0x0C12,0x0517,0x0505,0x0505,0x0505,0x0505,0x0E05,0x0C0C,
	0x1919,0x1919,0x1919,0x1919,0x1919,0x1919,0x1919,0x1919,
	0x050C,0x120E,0x0E0E,0x0E0E,0x0E0E,0x1212,0x1212,0x120C,
	0x1212,0x1212,0x1212,0x1212,0x1212,0x1212,0x1212,0x1212,

	0x180D,0x0D0D,0x0D0D,0x180D,0x180D,0x0D0D,0x0D0D,0x180D,
	0x180D,0x0D0D,0x0D0D,0x180D,0x180D,0x0D0D,0x0D0D,0x180D,
	0x180D,0x0D0D,0x0D0D,0x180D,0x180D,0x0D0D,0x0D0D,0x180D,
	0x180D,0x0D0D,0x0D0D,0x180D,0x180D,0x0D0D,0x0D0D,0x180D,
	0x0000,0x0000,0x0000,0x0000,0x0000,0x0000,0x0000,0x180D,
	0x180D,0x0D0D,0x0D0D,0x180D,0x180D,0x0D0D,0x0D0D,0x180D,
	0x180D,0x0D0D,0x0D0D,0x180D,0x090D,0x0F0F,0x0D0D,0x180D,
	0x090D,0x0F0F,0x0F0F,0x1809,0x180D,0x0D0D,0x0D0D,0x180D,

	0x180D,0x0D0D,0x0D0D,0x180D,0x180D,0x0D0D,0x0D0D,0x180D,
	0x180D,0x0D0D,0x0D0D,0x180D,0x180D,0x0D0D,0x0D0D,0x180D,
	0x180D,0x0D0D,0x0D0D,0x180D,0x180D,0x0D0D,0x0D0D,0x180D,
	0x180D,0x0D0D,0x0D0D,0x180D,0x180D,0x0D0D,0x0D0D,0x180D,
	0x180D,0x0D0D,0x0D0D,0x180D,0x180D,0x0D0D,0x0D0D,0x180D,
	0x180D,0x0D0D,0x0D0D,0x180D,0x180D,0x0D0D,0x0D0D,0x180D,
	0x180D,0x0D0D,0x0D0D,0x180D,0x180D,0x0D0D,0x0D0D,0x180D,
	0x180D,0x0D0D,0x0D0D,0x180D,0x180D,0x0D0D,0x0D0D,0x180D,

	0x180D,0x0D0D,0x0D0D,0x180D,0x180D,0x0D0D,0x0D0D,0x180D,
	0x0D0D,0x0018,0x0000,0x0000,0x0000,0x0000,0x0000,0x0000,
	0x0000,0x0000,0x0000,0x0000,0x0000,0x0000,0x0000,0x0000,
	0x020D,0x0D18,0x0D02,0x0D18,0x1802,0x0D0D,0x0D18,0x020D,
	0x180D,0x0D0D,0x0D0D,0x180D,0x180D,0x0D0D,0x0D0D,0x180D,
	0x180D,0x0D0D,0x0D0D,0x180D,0x180D,0x0D0D,0x0D0D,0x180D,
	0x180D,0x0D0D,0x0D0D,0x180D,0x180D,0x0D0D,0x0D0D,0x180D,
	0x180D,0x0D0D,0x0D0D,0x180D,0x180D,0x0D0D,0x0D0D,0x180D,

	0x180D,0x0D0D,0x0D0D,0x180D,0x180D,0x0D0D,0x0D0D,0x180D,
	0x180D,0x0D0D,0x0D0D,0x180D,0x180D,0x0D0D,0x0D0D,0x180D,
	0x180D,0x0D0D,0x0D0D,0x180D,0x180D,0x0D0D,0x0D0D,0x020D,
	0x0517,0x120D,0x1212,0x1212,0x1212,0x1212,0x1212,0x1212,
	0x0C12,0x0517,0x0505,0x0505,0x0505,0x0505,0x1212,0x0C0C,
	0x1919,0x1919,0x1919,0x1919,0x1919,0x1919,0x1919,0x1919,
	0x0C0C,0x0E12,0x0E12,0x0E0E,0x0E0E,0x1212,0x1212,0x120C,
	0x1212,0x1212,0x1212,0x1212,0x1212,0x1212,0x1212,0x1212,

	0x0D0D,0x0D0D,0x0D18,0x0218,0x0D0D,0x0D0D,0x0D18,0x0218,
	0x0D0D,0x0D0D,0x0D18,0x0218,0x0D0D,0x0D0D,0x0D18,0x0218,
	0x0D0D,0x0D0D,0x0D18,0x0218,0x0D0D,0x0D0D,0x0D18,0x0218,
	0x0D0D,0x0D0D,0x0D18,0x0218,0x0D0D,0x0D0D,0x0D18,0x0218,
	0x0000,0x0000,0x0000,0x0000,0x0000,0x0000,0x0000,0x0218,
	0x0D0D,0x0D0D,0x0D18,0x0218,0x0D0D,0x0D0D,0x0D18,0x0218,
	0x0D0D,0x0D0D,0x0D18,0x0218,0x0D0D,0x0D0D,0x0D18,0x0218,
	0x0D0D,0x0F09,0x0D0F,0x0218,0x0D0D,0x0D0D,0x0D18,0x0218,

	0x0D0D,0x0D0D,0x0D18,0x0218,0x0D0D,0x0D0D,0x0D18,0x0218,
	0x0D0D,0x0D0D,0x0D18,0x0218,0x0D0D,0x0D0D,0x0D18,0x0218,
	0x0D0D,0x0D0D,0x0D18,0x0218,0x0D0D,0x0D0D,0x0D18,0x0218,
	0x0D0D,0x0D0D,0x0D18,0x0218,0x0D0D,0x0D0D,0x0D18,0x0218,
	0x0D0D,0x0D0D,0x0D18,0x0218,0x0D0D,0x0D0D,0x0D18,0x0218,
	0x0D0D,0x0D0D,0x0D18,0x0218,0x0D0D,0x0D0D,0x0D18,0x0218,
	0x0D0D,0x0D0D,0x0D18,0x0218,0x0D0D,0x0D0D,0x0D18,0x0218,
	0x0D0D,0x0D0D,0x0D18,0x0218,0x0D0D,0x0D0D,0x0D18,0x0218,

	0x0D0D,0x0D0D,0x0D18,0x0218,0x0D0D,0x0D0D,0x0D18,0x0218,
	0x0D02,0x0018,0x0000,0x0000,0x0000,0x0000,0x0000,0x0000,
	0x0000,0x0000,0x0000,0x0000,0x0000,0x0000,0x0000,0x0000,
	0x0202,0x0218,0x1802,0x020D,0x0D02,0x0D02,0x0D0D,0x0D02,
	0x0D0D,0x0D0D,0x0D18,0x0218,0x0D0D,0x0D0D,0x0D18,0x0218,
	0x0D0D,0x0D0D,0x0D18,0x0218,0x0D0D,0x0D0D,0x0D18,0x0218,
	0x0D0D,0x0D0D,0x0D18,0x0218,0x0D0D,0x0D0D,0x0D18,0x0218,
	0x0D0D,0x0D0D,0x0D18,0x0218,0x0D0D,0x0D0D,0x0D18,0x0218,

	0x0D0D,0x0D0D,0x0D18,0x0218,0x0D0D,0x0D0D,0x0D18,0x0218,
	0x0D0D,0x0D0D,0x0D18,0x0218,0x0D0D,0x0D0D,0x0D18,0x0218,
	0x0D0D,0x0D0D,0x0D18,0x0218,0x0D0D,0x0D18,0x0202,0x180B,
	0x0D03,0x0D0D,0x1202,0x1212,0x1212,0x1212,0x1212,0x1212,
	0x0C12,0x0517,0x0505,0x0517,0x0505,0x0505,0x0C12,0x0C17,
	0x1919,0x1919,0x1919,0x0F19,0x1919,0x1919,0x1919,0x1919,
	0x170C,0x0E05,0x0E12,0x1212,0x0E0E,0x120E,0x1212,0x120C,
	0x1212,0x1212,0x1212,0x1212,0x1212,0x1212,0x1212,0x0D12,

	0x0D0D,0x0D18,0x180D,0x180D,0x0D0D,0x0D18,0x180D,0x180D,
	0x0D0D,0x0D18,0x180D,0x180D,0x0D0D,0x0D18,0x180D,0x180D,
	0x0D0D,0x0D18,0x180D,0x180D,0x0D0D,0x0D18,0x180D,0x180D,
	0x0D0D,0x0D18,0x180D,0x180D,0x0D0D,0x0D18,0x180D,0x180D,
	0x0000,0x0000,0x0000,0x0000,0x0000,0x0000,0x0000,0x180D,
	0x0D0D,0x0D18,0x180D,0x180D,0x0D0D,0x0D18,0x180D,0x180D,
	0x0D0D,0x0D18,0x180D,0x180D,0x0D0D,0x0D18,0x180D,0x180D,
	0x0D0D,0x0D18,0x180D,0x180D,0x0D0D,0x0D18,0x180D,0x180D,

	0x0D0D,0x0D18,0x180D,0x180D,0x0D0D,0x0D18,0x180D,0x180D,
	0x0D0D,0x0D18,0x180D,0x180D,0x0D0D,0x0D18,0x180D,0x180D,
	0x0D0D,0x0D18,0x180D,0x180D,0x0D0D,0x0D18,0x180D,0x180D,
	0x0D0D,0x0D18,0x180D,0x180D,0x0D0D,0x0D18,0x180D,0x180D,
	0x0D0D,0x0D18,0x180D,0x180D,0x0D0D,0x0D18,0x180D,0x180D,
	0x0D0D,0x0D18,0x180D,0x180D,0x0D0D,0x0D18,0x180D,0x180D,
	0x0D0D,0x0D18,0x180D,0x180D,0x0D0D,0x0D18,0x180D,0x180D,
	0x0D0D,0x0D18,0x180D,0x180D,0x0D0D,0x0D18,0x180D,0x180D,

	0x0D0D,0x0D18,0x180D,0x180D,0x0D0D,0x0D18,0x180D,0x180D,
	0x020D,0x000D,0x0000,0x0000,0x0000,0x0000,0x0000,0x0000,
	0x0000,0x0000,0x0000,0x0000,0x0000,0x0000,0x0000,0x0000,
	0x0205,0x020D,0x1802,0x0D0D,0x0D0D,0x0218,0x0D0D,0x1802,
	0x0D0D,0x0D18,0x180D,0x180D,0x0D0D,0x0D18,0x180D,0x180D,
	0x0D0D,0x0D18,0x180D,0x180D,0x0D0D,0x0D18,0x180D,0x180D,
	0x0D0D,0x0D18,0x180D,0x180D,0x0D0D,0x0D18,0x180D,0x180D,
	0x0D0D,0x0D18,0x180D,0x180D,0x0D0D,0x0D18,0x180D,0x180D,

	0x0D0D,0x0D18,0x180D,0x180D,0x0D0D,0x0D18,0x180D,0x180D,
	0x0D0D,0x0D18,0x180D,0x180D,0x0D0D,0x0D18,0x180D,0x180D,
	0x0D0D,0x0D18,0x180D,0x180D,0x0D02,0x0D18,0x0D02,0x0B18,
	0x0D18,0x1702,0x0505,0x1212,0x1212,0x1212,0x1212,0x1212,
	0x0C12,0x0517,0x1705,0x0517,0x0505,0x1205,0x0C05,0x0C17,
	0x1919,0x1919,0x190F,0x1919,0x0F19,0x1919,0x1919,0x1919,
	0x170C,0x120C,0x120E,0x120E,0x1212,0x1212,0x1212,0x120C,
	0x1212,0x1212,0x1212,0x1212,0x1212,0x1212,0x1212,0x1212,

	0x0D0D,0x0218,0x0D18,0x0D02,0x0D0D,0x0D02,0x0D0D,0x0D18,
	0x0D02,0x1802,0x0D0D,0x0D0D,0x020D,0x0B02,0x0D02,0x0202,
	0x0D02,0x180D,0x020D,0x180D,0x020D,0x0D02,0x0D0D,0x0D18,
	0x0D02,0x180D,0x020D,0x180D,0x0D0D,0x0218,0x0D18,0x0D02,
	0x0000,0x0000,0x0000,0x0000,0x0000,0x0000,0x0000,0x0D0F,
	0x0D0D,0x0218,0x0D18,0x0D02,0x0D0D,0x0218,0x0D18,0x0D02,
	0x0D0D,0x0218,0x0D18,0x0D02,0x0D0D,0x0218,0x0D18,0x0D02,
	0x0D0D,0x0218,0x0D18,0x0D02,0x0D0D,0x0218,0x0D18,0x0D02,

	0x0D0D,0x0218,0x0D18,0x0D02,0x0D0D,0x0218,0x0D18,0x0D02,
	0x0D0D,0x0218,0x0D18,0x0D02,0x0D0D,0x0218,0x0D18,0x0D02,
	0x0D0D,0x0218,0x0D18,0x0D02,0x0D0D,0x0218,0x0D18,0x0D02,
	0x0D0D,0x0218,0x0D18,0x0D02,0x0D0D,0x0218,0x0D18,0x0D02,
	0x0D0D,0x0218,0x0D18,0x0D02,0x0D0D,0x0218,0x0D18,0x0D02,
	0x0D0D,0x0218,0x0D18,0x0D02,0x0D0D,0x0218,0x0D18,0x0D02,
	0x0D0D,0x0218,0x0D18,0x0D02,0x0D0D,0x0218,0x0D18,0x0D02,
	0x0D0D,0x0218,0x0D18,0x0D02,0x0D0D,0x0218,0x0D18,0x0D02,

	0x0D0D,0x0218,0x0D18,0x0D02,0x0D0D,0x0218,0x0D18,0x0D02,
	0x0D0D,0x0218,0x0918,0x0F0F,0x0F0F,0x0F09,0x0F0F,0x0F09,
	0x0F0F,0x0F0F,0x090F,0x0909,0x0909,0x0909,0x0F09,0x0F0F,
	0x0D09,0x0218,0x0D18,0x0D02,0x0D0D,0x0218,0x0D18,0x0D02,
	0x0D0D,0x0218,0x0D18,0x0D02,0x0D0D,0x0218,0x0D18,0x0D02,
	0x0D0D,0x0218,0x0D18,0x0D02,0x0D0D,0x0218,0x0D18,0x0D02,
	0x0D0D,0x0218,0x0D18,0x0D02,0x0D0D,0x0218,0x0D18,0x0D02,
	0x0D0D,0x0218,0x0D18,0x0D02,0x0D0D,0x0218,0x0D18,0x0D02,

	0x0D0D,0x0218,0x0D18,0x0D02,0x0D0D,0x0218,0x0D18,0x0D02,
	0x0D0D,0x0218,0x0D18,0x0D02,0x0D0D,0x0218,0x0D18,0x0D02,
	0x0D0D,0x0218,0x0D18,0x0D02,0x0D0D,0x0D02,0x0D0D,0x0218,
	0x0B0D,0x030B,0x1718,0x0518,0x1212,0x1212,0x1212,0x1212,
	0x0C12,0x0517,0x1717,0x0517,0x0505,0x1205,0x170C,0x0C17,
	0x1919,0x1919,0x1919,0x1919,0x1919,0x1919,0x1919,0x1919,
	0x170C,0x0C17,0x120E,0x0E0E,0x120E,0x1212,0x1212,0x120C,
	0x1212,0x1212,0x1212,0x1212,0x1212,0x1212,0x1212,0x0212,

	0x0D0D,0x180D,0x0D0D,0x0D0D,0x0D02,0x020D,0x0D0D,0x0D0D,
	0x020D,0x020D,0x0D02,0x0D02,0x020B,0x0B0D,0x0D02,0x020D,
	0x0202,0x0D0D,0x0D02,0x0D02,0x0D02,0x0B0D,0x0D0D,0x0D0D,
	0x020D,0x180D,0x0D02,0x0D0D,0x0D0D,0x180D,0x0D0D,0x0D0D,
	0x0000,0x0000,0x0000,0x0000,0x0000,0x0000,0x0000,0x0F05,
	0x0D0D,0x180D,0x0D0D,0x0D0D,0x0D0D,0x180D,0x0D0D,0x0D0D,
	0x0D0D,0x180D,0x0D0D,0x0D0D,0x0D0D,0x180D,0x0D0D,0x0D0D,
	0x0D0D,0x180D,0x0D0D,0x0D0D,0x0D0D,0x180D,0x0D0D,0x0D0D,

	0x0D0D,0x180D,0x0D0D,0x0D0D,0x0D0D,0x180D,0x0D0D,0x0D0D,
	0x0D0D,0x180D,0x0D0D,0x0D0D,0x0D0D,0x180D,0x0D0D,0x0D0D,
	0x0D0D,0x180D,0x0D0D,0x0D0D,0x0D0D,0x180D,0x0D0D,0x0D0D,
	0x0D0D,0x180D,0x0D0D,0x0D0D,0x0D0D,0x180D,0x0D0D,0x0D0D,
	0x0D0D,0x180D,0x0D0D,0x0D0D,0x0D0D,0x180D,0x0D0D,0x0D0D,
	0x0D0D,0x180D,0x0D0D,0x0D0D,0x0D0D,0x180D,0x0D0D,0x0D0D,
	0x0D0D,0x180D,0x0D0D,0x0D0D,0x0D0D,0x180D,0x0D0D,0x0D0D,
	0x0D0D,0x180D,0x0D0D,0x0D0D,0x0D0D,0x180D,0x0D0D,0x0D0D,

	0x0D0D,0x180D,0x0D0D,0x0D0D,0x0D0D,0x180D,0x0D0D,0x0D0D,
	0x0D0D,0x180D,0x0F0D,0x0F0F,0x090F,0x0F09,0x0F0F,0x0909,
	0x0F0F,0x0F0F,0x0F0F,0x0909,0x0D0D,0x180D,0x0D0D,0x0D0D,
	0x0D0D,0x180D,0x0D0D,0x0D0D,0x0D0D,0x180D,0x0D0D,0x0D0D,
	0x0D0D,0x180D,0x0D0D,0x0D0D,0x0D0D,0x180D,0x0D0D,0x0D0D,
	0x0D0D,0x180D,0x0D0D,0x0D0D,0x0D0D,0x180D,0x0D0D,0x0D0D,
	0x0D0D,0x180D,0x0D0D,0x0D0D,0x0D0D,0x180D,0x0D0D,0x0D0D,
	0x0D0D,0x180D,0x0D0D,0x0D0D,0x0D0D,0x180D,0x0D0D,0x0D0D,

	0x0D0D,0x180D,0x0D0D,0x0D0D,0x0D0D,0x180D,0x0D0D,0x0D0D,
	0x0D0D,0x180D,0x0D0D,0x0D0D,0x0D0D,0x180D,0x0D0D,0x0D0D,
	0x0D0D,0x180D,0x0D0D,0x0D0D,0x0D02,0x020D,0x0D0D,0x0D0D,
	0x020D,0x180D,0x020D,0x180D,0x1212,0x1212,0x1212,0x1212,
	0x0C12,0x1717,0x1717,0x0505,0x0505,0x0512,0x1717,0x0C05,
	0x1919,0x1919,0x1919,0x1919,0x1919,0x1919,0x1919,0x1919,
	0x050C,0x1717,0x0E05,0x0E12,0x120E,0x1212,0x1212,0x120C,
	0x1212,0x1212,0x1212,0x1212,0x1212,0x1212,0x1212,0x0B12,

	0x020D,0x180D,0x0D0D,0x0D18,0x020D,0x020D,0x180D,0x0D0D,
	0x020D,0x020B,0x020B,0x020D,0x0D02,0x0D02,0x0202,0x0D02,
	0x0B02,0x020B,0x0202,0x0D0D,0x0202,0x020D,0x1802,0x0D0B,
	0x020D,0x0D0D,0x0D02,0x0D18,0x020D,0x180D,0x0D0D,0x0D18,
	0x0000,0x0000,0x0000,0x0000,0x0000,0x0000,0x0000,0x0F0F,
	0x020D,0x180D,0x0D0D,0x0D18,0x020D,0x180D,0x0D0D,0x0D18,
	0x020D,0x180D,0x0D0D,0x0D18,0x020D,0x180D,0x0D0D,0x0D18,
	0x020D,0x180D,0x0D0D,0x0D18,0x020D,0x180D,0x0D0D,0x0D18,

	0x020D,0x180D,0x0D0D,0x0D18,0x020D,0x180D,0x0D0D,0x0D18,
	0x020D,0x180D,0x0D0D,0x0D18,0x020D,0x180D,0x0D0D,0x0D18,
	0x020D,0x180D,0x0D0D,0x0D18,0x020D,0x180D,0x0D0D,0x0D18,
	0x020D,0x180D,0x0D0D,0x0D18,0x020D,0x180D,0x0D0D,0x0D18,
	0x020D,0x180D,0x0D0D,0x0D18,0x020D,0x180D,0x0D0D,0x0D18,
	0x020D,0x180D,0x0D0D,0x0D18,0x020D,0x180D,0x0D0D,0x0D18,
	0x020D,0x180D,0x0D0D,0x0D18,0x020D,0x180D,0x0D0D,0x0D18,
	0x020D,0x180D,0x0D0D,0x0D18,0x020D,0x180D,0x0D0D,0x0D18,

	0x020D,0x180D,0x0D0D,0x0D18,0x020D,0x180D,0x0D0D,0x0D18,
	0x020D,0x180D,0x0D0D,0x0F0F,0x090F,0x0F0F,0x090F,0x0909,
	0x0F0F,0x0F0F,0x0F0F,0x0D09,0x020D,0x180D,0x0D0D,0x0D18,
	0x020D,0x180D,0x0D0D,0x0D18,0x020D,0x180D,0x0D0D,0x0D18,
	0x020D,0x180D,0x0D0D,0x0D18,0x020D,0x180D,0x0D0D,0x0D18,
	0x020D,0x180D,0x0D0D,0x0D18,0x020D,0x180D,0x0D0D,0x0D18,
	0x020D,0x180D,0x0D0D,0x0D18,0x020D,0x180D,0x0D0D,0x0D18,
	0x020D,0x180D,0x0D0D,0x0D18,0x020D,0x180D,0x0D0D,0x0D18,

	0x020D,0x180D,0x0D0D,0x0D18,0x020D,0x180D,0x0D0D,0x0D18,
	0x020D,0x180D,0x0D0D,0x0D18,0x020D,0x180D,0x0D0D,0x0D18,
	0x020D,0x180D,0x0D0D,0x0D18,0x020D,0x020D,0x180D,0x0D0D,
	0x0D18,0x0202,0x0202,0x0D0D,0x1212,0x1212,0x1212,0x1212,
	0x0C12,0x1717,0x0517,0x0505,0x0517,0x0C05,0x1717,0x0C05,
	0x1919,0x1919,0x1919,0x1919,0x1919,0x1919,0x1919,0x1919,
	0x050C,0x1717,0x120C,0x120E,0x0E0E,0x1212,0x1212,0x120C,
	0x1212,0x1212,0x1212,0x1212,0x1212,0x1212,0x1812,0x0505,

	0x0D18,0x0D02,0x180D,0x0D02,0x020D,0x0D0D,0x0D18,0x0D0D,
	0x0D18,0x0B0D,0x0D02,0x0202,0x0B0D,0x0202,0x020D,0x0202,
	0x020D,0x0D0B,0x0D02,0x0202,0x0B02,0x020B,0x0B0D,0x0D02,
	0x0D18,0x180D,0x180D,0x0D0D,0x0D18,0x0D02,0x180D,0x0D02,
	0x0000,0x0000,0x0000,0x0000,0x0000,0x0000,0x0000,0x0D19,
	0x0D18,0x0D02,0x180D,0x0D02,0x0D18,0x0D02,0x180D,0x0D02,
	0x0D18,0x0D02,0x180D,0x0D02,0x0D18,0x0D02,0x180D,0x0D02,
	0x0D18,0x0D02,0x180D,0x0D02,0x0D18,0x0D02,0x180D,0x0D02,

	0x0D18,0x0D02,0x180D,0x0D02,0x0D18,0x0D02,0x180D,0x0D02,
	0x0D18,0x0D02,0x180D,0x0D02,0x0D18,0x0D02,0x180D,0x0D02,
	0x0D18,0x0D02,0x180D,0x0D02,0x0D18,0x0D02,0x180D,0x0D02,
	0x0D18,0x0D02,0x180D,0x0D02,0x0D18,0x0D02,0x180D,0x0D02,
	0x0D18,0x0D02,0x180D,0x0D02,0x0D18,0x0D02,0x180D,0x0D02,
	0x0D18,0x0D02,0x180D,0x0D02,0x0D18,0x0D02,0x180D,0x0D02,
	0x0D18,0x0D02,0x180D,0x0D02,0x0D18,0x0D02,0x180D,0x0D02,
	0x0D18,0x0D02,0x180D,0x0D02,0x0D18,0x0D02,0x180D,0x0D02,

	0x0D18,0x0D02,0x180D,0x0D02,0x0D18,0x0D02,0x180D,0x0D02,
	0x0D18,0x0D02,0x180D,0x0D02,0x0909,0x0F0F,0x090F,0x0D02,
	0x0F09,0x0F0F,0x0F0F,0x0D09,0x0D18,0x0D02,0x180D,0x0D02,
	0x0D18,0x0D02,0x180D,0x0D02,0x0D18,0x0D02,0x180D,0x0D02,
	0x0D18,0x0D02,0x180D,0x0D02,0x0D18,0x0D02,0x180D,0x0D02,
	0x0D18,0x0D02,0x180D,0x0D02,0x0D18,0x0D02,0x180D,0x0D02,
	0x0D18,0x0D02,0x180D,0x0D02,0x0D18,0x0D02,0x180D,0x0D02,
	0x0D18,0x0D02,0x180D,0x0D02,0x0D18,0x0D02,0x180D,0x0D02,

	0x0D18,0x0D02,0x180D,0x0D02,0x0D18,0x0D02,0x180D,0x0D02,
	0x0D18,0x0D02,0x180D,0x0D02,0x0D18,0x0D02,0x180D,0x0D02,
	0x0D18,0x0D02,0x180D,0x0D02,0x020D,0x0D0D,0x0D18,0x0D0D,
	0x0D18,0x020D,0x020B,0x0D02,0x1212,0x1212,0x1212,0x1212,
	0x0C12,0x1717,0x0505,0x1705,0x1205,0x170C,0x1717,0x0C05,
	0x1919,0x1919,0x1919,0x1919,0x1919,0x1919,0x1919,0x1919,
	0x050C,0x1717,0x0C17,0x120E,0x0E0E,0x0E0E,0x1212,0x120C,
	0x1212,0x1212,0x1212,0x1212,0x1212,0x1212,0x0D05,0x180D,

	0x180D,0x0D02,0x180D,0x1802,0x0D0D,0x0D0D,0x0D18,0x0202,
	0x180D,0x0B0D,0x020D,0x0202,0x020D,0x0202,0x020D,0x020B,
	0x0D02,0x0202,0x020D,0x0202,0x0202,0x0202,0x0B0D,0x0D02,
	0x180B,0x0D0D,0x0D18,0x0D0D,0x180D,0x0D02,0x180D,0x1802,
	0x0000,0x0000,0x0000,0x0000,0x0000,0x0000,0x0000,0x180F,
	0x180D,0x0D02,0x180D,0x1802,0x180D,0x0D02,0x180D,0x1802,
	0x180D,0x0D02,0x180D,0x1802,0x180D,0x0D02,0x180D,0x1802,
	0x180D,0x0D02,0x180D,0x1802,0x180D,0x0D02,0x180D,0x1802,

	0x180D,0x0D02,0x180D,0x1802,0x180D,0x0D02,0x180D,0x1802,
	0x180D,0x0D02,0x180D,0x1802,0x180D,0x0D02,0x180D,0x1802,
	0x180D,0x0D02,0x180D,0x1802,0x180D,0x0D02,0x180D,0x1802,
	0x180D,0x0D02,0x180D,0x1802,0x180D,0x0D02,0x180D,0x1802,
	0x180D,0x0D02,0x180D,0x1802,0x180D,0x0D02,0x180D,0x1802,
	0x180D,0x0D02,0x180D,0x1802,0x180D,0x0D02,0x180D,0x1802,
	0x180D,0x0D02,0x180D,0x1802,0x180D,0x0D02,0x180D,0x1802,
	0x180D,0x0D02,0x180D,0x1802,0x180D,0x0D02,0x180D,0x1802,

	0x180D,0x0D02,0x180D,0x1802,0x180D,0x0D02,0x180D,0x1802,
	0x180D,0x0D02,0x180D,0x1802,0x090D,0x0F0F,0x1809,0x1802,
	0x0F09,0x0F0F,0x0F0F,0x1809,0x180D,0x0D02,0x180D,0x1802,
	0x180D,0x0D02,0x180D,0x1802,0x180D,0x0D02,0x180D,0x1802,
	0x180D,0x0D02,0x180D,0x1802,0x180D,0x0D02,0x180D,0x1802,
	0x180D,0x0D02,0x180D,0x1802,0x180D,0x0D02,0x180D,0x1802,
	0x180D,0x0D02,0x180D,0x1802,0x180D,0x0D02,0x180D,0x1802,
	0x180D,0x0D02,0x180D,0x1802,0x180D,0x0D02,0x180D,0x1802,

	0x180D,0x0D02,0x180D,0x1802,0x180D,0x0D02,0x180D,0x1802,
	0x180D,0x0D02,0x180D,0x1802,0x180D,0x0D02,0x180D,0x1802,
	0x180D,0x0D02,0x180D,0x1802,0x0D0D,0x0D0D,0x0D18,0x0D02,
	0x020D,0x0D02,0x0B0D,0x0202,0x1212,0x1212,0x1212,0x1212,
	0x0C12,0x1717,0x1705,0x0517,0x0C12,0x1717,0x0517,0x0C05,
	0x1919,0x1919,0x1919,0x1919,0x1919,0x1919,0x1919,0x1919,
	0x050C,0x1705,0x1717,0x0E05,0x0E12,0x0E0E,0x120E,0x120C,
	0x1212,0x1212,0x1212,0x1212,0x1212,0x1212,0x0205,0x0D0D,

	0x180D,0x0D0D,0x0D0D,0x180D,0x0D0D,0x0D18,0x0D02,0x0218,
	0x1802,0x0B02,0x020D,0x0B02,0x020D,0x020D,0x020B,0x0B0D,
	0x0D02,0x0202,0x020D,0x0B02,0x0202,0x020B,0x0202,0x0B0D,
	0x180D,0x0D0D,0x0D18,0x020D,0x180D,0x0D0D,0x0D0D,0x180D,
	0x0000,0x0000,0x0000,0x0000,0x0000,0x0000,0x0000,0x0F05,
	0x180D,0x0D0D,0x0D0D,0x180D,0x180D,0x0D0D,0x0D0D,0x180D,
	0x180D,0x0D0D,0x0D0D,0x180D,0x180D,0x0D0D,0x0D0D,0x180D,
	0x180D,0x0D0D,0x0D0D,0x180D,0x180D,0x0D0D,0x0D0D,0x180D,

	0x180D,0x0D0D,0x0D0D,0x180D,0x180D,0x0D0D,0x0D0D,0x180D,
	0x180D,0x0D0D,0x0D0D,0x180D,0x180D,0x0D0D,0x0D0D,0x180D,
	0x180D,0x0D0D,0x0D0D,0x180D,0x180D,0x0D0D,0x0D0D,0x180D,
	0x180D,0x0D0D,0x0D0D,0x180D,0x180D,0x0D0D,0x0D0D,0x180D,
	0x180D,0x0D0D,0x0D0D,0x180D,0x180D,0x0D0D,0x0D0D,0x180D,
	0x180D,0x0D0D,0x0D0D,0x180D,0x180D,0x0D0D,0x0D0D,0x180D,
	0x180D,0x0D0D,0x0D0D,0x180D,0x180D,0x0D0D,0x0D0D,0x180D,
	0x180D,0x0D0D,0x0D0D,0x180D,0x180D,0x0D0D,0x0D0D,0x180D,

	0x180D,0x0D0D,0x0D0D,0x180D,0x180D,0x0D0D,0x0D0D,0x180D,
	0x180D,0x0D0D,0x0D0D,0x180D,0x090D,0x0F0F,0x0D0D,0x180D,
	0x090D,0x0F0F,0x0F0F,0x1809,0x180D,0x0D0D,0x0D0D,0x180D,
	0x180D,0x0D0D,0x0D0D,0x180D,0x180D,0x0D0D,0x0D0D,0x180D,
	0x180D,0x0D0D,0x0D0D,0x180D,0x180D,0x0D0D,0x0D0D,0x180D,
	0x180D,0x0D0D,0x0D0D,0x180D,0x180D,0x0D0D,0x0D0D,0x180D,
	0x180D,0x0D0D,0x0D0D,0x180D,0x180D,0x0D0D,0x0D0D,0x180D,
	0x180D,0x0D0D,0x0D0D,0x180D,0x180D,0x0D0D,0x0D0D,0x180D,

	0x180D,0x0D0D,0x0D0D,0x180D,0x180D,0x0D0D,0x0D0D,0x180D,
	0x180D,0x0D0D,0x0D0D,0x180D,0x180D,0x0D0D,0x0D0D,0x180D,
	0x180D,0x0D0D,0x0D0D,0x180D,0x0D0D,0x0D18,0x0D02,0x0D18,
	0x180D,0x020D,0x0D0D,0x0D0D,0x1212,0x1212,0x1212,0x1212,
	0x0C12,0x1717,0x1717,0x0505,0x1705,0x1717,0x0505,0x1917,
	0x1919,0x1919,0x1919,0x1919,0x1919,0x1919,0x1919,0x1919,
	0x1719,0x0505,0x1717,0x120C,0x1212,0x0E0E,0x1212,0x120C,
	0x1212,0x1212,0x1212,0x1212,0x1212,0x0512,0x1717,0x0D02,

	0x0D0D,0x0D0D,0x0D18,0x0218,0x0D02,0x0218,0x180D,0x020D,
	0x0D0B,0x020B,0x0202,0x020B,0x020B,0x0B0D,0x0D02,0x0B02,
	0x0202,0x020B,0x0202,0x020B,0x020B,0x0B02,0x0D02,0x0B02,
	0x0D02,0x0D02,0x0D0D,0x0D02,0x0D0D,0x0D0D,0x0D18,0x0218,
	0x0000,0x0000,0x0000,0x0000,0x0000,0x0000,0x0000,0x0F0C,
	0x0D0D,0x0D0D,0x0D18,0x0218,0x0D0D,0x0D0D,0x0D18,0x0218,
	0x0D0D,0x0D0D,0x0D18,0x0218,0x0D0D,0x0D0D,0x0D18,0x0218,
	0x0D0D,0x0D0D,0x0D18,0x0218,0x0D0D,0x0D0D,0x0D18,0x0218,

	0x0D0D,0x0D0D,0x0D18,0x0218,0x0D0D,0x0D0D,0x0D18,0x0218,
	0x0D0D,0x0D0D,0x0D18,0x0218,0x0D0D,0x0D0D,0x0D18,0x0218,
	0x0D0D,0x0D0D,0x0D18,0x0218,0x0D0D,0x0D0D,0x0D18,0x0218,
	0x0D0D,0x0D0D,0x0D18,0x0218,0x0D0D,0x0D0D,0x0D18,0x0218,
	0x0D0D,0x0D0D,0x0D18,0x0218,0x0D0D,0x0D0D,0x0D18,0x0218,
	0x0D0D,0x0D0D,0x0D18,0x0218,0x0D0D,0x0D0D,0x0D18,0x0218,
	0x0D0D,0x0D0D,0x0D18,0x0218,0x0D0D,0x0D0D,0x0D18,0x0218,
	0x0D0D,0x0D0D,0x0D18,0x0218,0x0D0D,0x0D0D,0x0D18,0x0218,

	0x0D0D,0x0D0D,0x0D18,0x0218,0x0D0D,0x0D0D,0x0D18,0x0218,
	0x0D0D,0x0D0D,0x0D18,0x0218,0x0D0D,0x0D0D,0x0D18,0x0218,
	0x0D0D,0x0F09,0x0D0F,0x0218,0x0D0D,0x0D0D,0x0D18,0x0218,
	0x0D0D,0x0D0D,0x0D18,0x0218,0x0D0D,0x0D0D,0x0D18,0x0218,
	0x0D0D,0x0D0D,0x0D18,0x0218,0x0D0D,0x0D0D,0x0D18,0x0218,
	0x0D0D,0x0D0D,0x0D18,0x0218,0x0D0D,0x0D0D,0x0D18,0x0218,
	0x0D0D,0x0D0D,0x0D18,0x0218,0x0D0D,0x0D0D,0x0D18,0x0218,
	0x0D0D,0x0D0D,0x0D18,0x0218,0x0D0D,0x0D0D,0x0D18,0x0218,

	0x0D0D,0x0D0D,0x0D18,0x0218,0x0D0D,0x0D0D,0x0D18,0x0218,
	0x0D0D,0x0D0D,0x0D18,0x0218,0x0D0D,0x0D0D,0x0D18,0x0218,
	0x0D0D,0x0D0D,0x0D18,0x0218,0x0D02,0x0218,0x180D,0x020D,
	0x0D0D,0x0D02,0x0D0D,0x0D02,0x120D,0x1212,0x1212,0x1212,
	0x0C12,0x1717,0x0517,0x1205,0x170C,0x1717,0x0505,0x190C,
	0x1919,0x1919,0x1919,0x0F19,0x1919,0x1919,0x1919,0x1919,
	0x0C19,0x0505,0x1717,0x0C17,0x120E,0x0E0E,0x1212,0x120C,
	0x1212,0x1212,0x1212,0x1212,0x0D12,0x0D0D,0x0B0D,0x0D0B,

	0x0D0D,0x0D18,0x180D,0x180D,0x020D,0x020D,0x180D,0x0D0D,
	0x0B02,0x0B0D,0x0202,0x0D0B,0x0B02,0x0B02,0x0D02,0x0202,
	0x0202,0x0B0D,0x0202,0x0D0B,0x0B02,0x0B02,0x0D02,0x0202,
	0x0D02,0x0218,0x0D0D,0x1802,0x0D0D,0x0D18,0x180D,0x180D,
	0x0000,0x0000,0x0000,0x0000,0x0000,0x0000,0x0000,0x0F0F,
	0x0D0D,0x0D18,0x180D,0x180D,0x0D0D,0x0D18,0x180D,0x180D,
	0x0D0D,0x0D18,0x180D,0x180D,0x0D0D,0x0D18,0x180D,0x180D,
	0x0D0D,0x0D18,0x180D,0x180D,0x0D0D,0x0D18,0x180D,0x180D,

	0x0D0D,0x0D18,0x180D,0x180D,0x0D0D,0x0D18,0x180D,0x180D,
	0x0D0D,0x0D18,0x180D,0x180D,0x0D0D,0x0D18,0x180D,0x180D,
	0x0D0D,0x0D18,0x180D,0x180D,0x0D0D,0x0D18,0x180D,0x180D,
	0x0D0D,0x0D18,0x180D,0x180D,0x0D0D,0x0D18,0x180D,0x180D,
	0x0D0D,0x0D18,0x180D,0x180D,0x0D0D,0x0D18,0x180D,0x180D,
	0x0D0D,0x0D18,0x180D,0x180D,0x0D0D,0x0D18,0x180D,0x180D,
	0x0D0D,0x0D18,0x180D,0x180D,0x0D0D,0x0D18,0x180D,0x180D,
	0x0D0D,0x0D18,0x180D,0x180D,0x0D0D,0x0D18,0x180D,0x180D,

	0x0D0D,0x0D18,0x180D,0x180D,0x0D0D,0x0D18,0x180D,0x180D,
	0x0D0D,0x0D18,0x180D,0x180D,0x0D0D,0x0D18,0x180D,0x180D,
	0x0D0D,0x0D18,0x180D,0x180D,0x0D0D,0x0D18,0x180D,0x180D,
	0x0D0D,0x0D18,0x180D,0x180D,0x0D0D,0x0D18,0x180D,0x180D,
	0x0D0D,0x0D18,0x180D,0x180D,0x0D0D,0x0D18,0x180D,0x180D,
	0x0D0D,0x0D18,0x180D,0x180D,0x0D0D,0x0D18,0x180D,0x180D,
	0x0D0D,0x0D18,0x180D,0x180D,0x0D0D,0x0D18,0x180D,0x180D,
	0x0D0D,0x0D18,0x180D,0x180D,0x0D0D,0x0D18,0x180D,0x180D,

	0x0D0D,0x0D18,0x180D,0x180D,0x0D0D,0x0D18,0x180D,0x180D,
	0x0D0D,0x0D18,0x180D,0x180D,0x0D0D,0x0D18,0x180D,0x180D,
	0x0D0D,0x0D18,0x180D,0x180D,0x020D,0x020D,0x180D,0x0D0D,
	0x0D0D,0x0218,0x0D0D,0x1802,0x1212,0x1212,0x1212,0x1212,
	0x0C12,0x1717,0x0505,0x0C12,0x1717,0x0517,0x0505,0x190C,
	0x1919,0x1919,0x190F,0x1919,0x0F19,0x1919,0x1919,0x1919,
	0x0C19,0x0505,0x1705,0x1717,0x0E0C,0x0E12,0x120E,0x120C,
	0x1212,0x1212,0x1212,0x1212,0x0512,0x0217,0x0D0D,0x0D02,

	0x0D0D,0x0218,0x0D18,0x0D02,0x0218,0x0D18,0x020D,0x020D,
	0x0B02,0x0B0D,0x020D,0x020B,0x0B0D,0x0202,0x0B02,0x0D02,
	0x0202,0x0B0D,0x020D,0x0202,0x0B0D,0x020D,0x0B02,0x0D02,
	0x0B02,0x0218,0x0D18,0x0D02,0x0D0D,0x0218,0x0D18,0x0D02,
	0x0D0D,0x0218,0x0D18,0x0D02,0x0D0D,0x0218,0x0D18,0x0D02,
	0x0D0D,0x0218,0x0D18,0x0D02,0x0D0D,0x0218,0x0D18,0x0D02,
	0x0D0D,0x0218,0x0D18,0x0D02,0x0D0D,0x0218,0x0D18,0x0D02,
	0x0218,0x180D,0x0D0D,0x180D,0x0D0D,0x0218,0x0D18,0x0D02,

	0x0D0D,0x0218,0x0D18,0x0D02,0x0D0D,0x0218,0x0D18,0x0D02,
	0x0D0D,0x0218,0x0D18,0x0D02,0x0D0D,0x0218,0x0D18,0x0D02,
	0x0D0D,0x0218,0x0D18,0x0D02,0x0218,0x0D0D,0x020D,0x180D,
	0x0D0D,0x0218,0x0D18,0x0D02,0x0D0D,0x0218,0x0D18,0x0D02,
	0x0D0D,0x0218,0x0D18,0x0D02,0x0218,0x180D,0x0D0D,0x180D,
	0x0D0D,0x0218,0x0D18,0x0D02,0x0D0D,0x0218,0x0D18,0x0D02,
	0x0D0D,0x0218,0x0D18,0x0D02,0x0D0D,0x0218,0x0D18,0x0D02,
	0x0D0D,0x0218,0x0D18,0x0D02,0x0D0D,0x0218,0x0D18,0x0D02,

	0x0D0D,0x0218,0x0D18,0x0D02,0x0D0D,0x0218,0x0D18,0x0D02,
	0x0D0D,0x0218,0x0D18,0x0D02,0x0D0D,0x0218,0x0D18,0x0D02,
	0x0D0D,0x0218,0x0D18,0x0D02,0x0D0D,0x0218,0x0D18,0x0D02,
	0x0D0D,0x0218,0x0D18,0x0D02,0x0D0D,0x0218,0x0D18,0x0D02,
	0x0D0D,0x0218,0x0D18,0x0D02,0x0D0D,0x0218,0x0D18,0x0D02,
	0x0D0D,0x0218,0x0D18,0x0D02,0x0D0D,0x0218,0x0D18,0x0D02,
	0x0D0D,0x0218,0x0D18,0x0D02,0x0218,0x180D,0x0D0D,0x180D,
	0x0D0D,0x0218,0x0D18,0x0D02,0x0D0D,0x0218,0x0D18,0x0D02,

	0x0D0D,0x0218,0x0D18,0x0D02,0x0D0D,0x0218,0x0D18,0x0D02,
	0x0D0D,0x0218,0x0D18,0x0D02,0x0D0D,0x0218,0x0D18,0x0D02,
	0x0D0D,0x0218,0x0D18,0x0D02,0x0D0D,0x0218,0x0D18,0x0D02,
	0x0D0D,0x0D0D,0x0202,0x1703,0x1212,0x1212,0x1212,0x1212,
	0x0C12,0x0517,0x0505,0x170C,0x1717,0x0505,0x0505,0x190C,
	0x1919,0x1919,0x1919,0x0F19,0x1919,0x1919,0x190F,0x1919,
	0x0C19,0x0505,0x1705,0x1717,0x0C17,0x120E,0x120E,0x120C,
	0x1212,0x1212,0x1212,0x0212,0x0D05,0x0D0D,0x0D18,0x0D02,

	0x0D0D,0x180D,0x0D0D,0x0D0D,0x0D18,0x180D,0x0D02,0x0202,
	0x020B,0x0D02,0x0202,0x0202,0x020D,0x020D,0x020B,0x020D,
	0x0202,0x0B02,0x0B02,0x0202,0x020D,0x0D02,0x020B,0x020D,
	0x0D0B,0x180D,0x0D0D,0x0D0D,0x0D0D,0x180D,0x0D0D,0x0D0D,
	0x0D0D,0x180D,0x0D0D,0x0D0D,0x0D0D,0x180D,0x0D0D,0x0D0D,
	0x0D0D,0x180D,0x0D0D,0x0D0D,0x0D0D,0x180D,0x0D0D,0x0D0D,
	0x0D0D,0x180D,0x0D0D,0x0D0D,0x0D0D,0x180D,0x0D0D,0x0D0D,
	0x0D18,0x0D02,0x0D0D,0x180D,0x0D0D,0x180D,0x0D02,0x020D,

	0x0D0D,0x180D,0x0D0D,0x0D0D,0x0D0D,0x180D,0x0D0D,0x0D0D,
	0x0D0D,0x180D,0x0D0D,0x0D0D,0x0D0D,0x180D,0x0D0D,0x0D0D,
	0x0D0D,0x180D,0x0D0D,0x0D0D,0x0D18,0x0D0D,0x0202,0x0D18,
	0x0D0D,0x180D,0x0D0D,0x0D0D,0x0D0D,0x180D,0x0D0D,0x0D0D,
	0x0D0D,0x180D,0x0D0D,0x0D0D,0x0D18,0x0D02,0x0D0D,0x180D,
	0x0D0D,0x180D,0x0D02,0x020D,0x0D0D,0x180D,0x0D0D,0x0D0D,
	0x0D0D,0x180D,0x0D0D,0x0D0D,0x0D0D,0x180D,0x0D0D,0x0D0D,
	0x0D0D,0x180D,0x0D0D,0x0D0D,0x0D0D,0x180D,0x0D0D,0x0D0D,

	0x0D0D,0x180D,0x0D0D,0x0D0D,0x0D0D,0x180D,0x0D0D,0x0D0D,
	0x0D0D,0x180D,0x0D0D,0x0D0D,0x0D0D,0x180D,0x0D0D,0x0D0D,
	0x0D0D,0x180D,0x0D0D,0x0D0D,0x0D0D,0x180D,0x0D0D,0x0D0D,
	0x0D0D,0x180D,0x0D0D,0x0D0D,0x0D0D,0x180D,0x0D0D,0x0D0D,
	0x0D0D,0x180D,0x0D0D,0x0D0D,0x0D0D,0x180D,0x0D0D,0x0D0D,
	0x0D0D,0x180D,0x0D0D,0x0D0D,0x0D0D,0x180D,0x0D0D,0x0D0D,
	0x0D0D,0x180D,0x0D0D,0x0D0D,0x0D18,0x0D02,0x0D0D,0x180D,
	0x0D0D,0x180D,0x0D02,0x020D,0x0D0D,0x180D,0x0D0D,0x0D0D,

	0x0D0D,0x180D,0x0D0D,0x0D0D,0x0D0D,0x180D,0x0D0D,0x0D0D,
	0x0D0D,0x180D,0x0D0D,0x0D0D,0x0D0D,0x180D,0x0D0D,0x0D0D,
	0x0D0D,0x180D,0x0D0D,0x0D0D,0x0D0D,0x180D,0x0D0D,0x0D0D,
	0x0D02,0x0B0B,0x180D,0x0503,0x1212,0x1212,0x1212,0x1212,
	0x0C12,0x0505,0x0C17,0x1717,0x1717,0x0505,0x0505,0x190C,
	0x1919,0x190F,0x1919,0x190F,0x190F,0x190F,0x1919,0x1919,
	0x1919,0x0517,0x0505,0x1717,0x1717,0x0E0C,0x1212,0x120C,
	0x1212,0x1212,0x1212,0x0B12,0x0202,0x180D,0x0D0D,0x0D0D,

	0x020D,0x180D,0x0D0D,0x0D18,0x0D0D,0x1802,0x0D02,0x020D,
	0x0B02,0x0D02,0x0202,0x0B02,0x0202,0x0202,0x020B,0x0202,
	0x020D,0x0202,0x0202,0x020B,0x020D,0x0D0B,0x0202,0x0202,
	0x020B,0x180D,0x0D0D,0x0218,0x020D,0x180D,0x0D0D,0x0D18,
	0x020D,0x180D,0x0D0D,0x0D18,0x020D,0x180D,0x0D0D,0x0D18,
	0x020D,0x180D,0x0D0D,0x0D18,0x020D,0x180D,0x0D0D,0x0D18,
	0x020D,0x180D,0x0D0D,0x0D18,0x020D,0x180D,0x0D0D,0x0D18,
	0x0D0D,0x0D02,0x0D18,0x0D02,0x0D0D,0x180D,0x0D0D,0x020D,

	0x020D,0x180D,0x0D0D,0x0D18,0x020D,0x180D,0x0D0D,0x0D18,
	0x020D,0x180D,0x0D0D,0x0D18,0x020D,0x180D,0x0D0D,0x0D18,
	0x020D,0x180D,0x0D0D,0x0D18,0x0D0D,0x0218,0x0202,0x0D02,
	0x020D,0x1802,0x0D0D,0x0202,0x020D,0x180D,0x0D0D,0x0D18,
	0x020D,0x180D,0x0D0D,0x0D18,0x0D0D,0x0D02,0x0D18,0x0D02,
	0x0D0D,0x180D,0x0D0D,0x020D,0x020D,0x180D,0x0D0D,0x0D18,
	0x020D,0x180D,0x0D0D,0x0D18,0x020D,0x180D,0x0D0D,0x0D18,
	0x020D,0x180D,0x0D0D,0x0D18,0x020D,0x180D,0x0D0D,0x0D18,

	0x020D,0x180D,0x0D0D,0x0D18,0x020D,0x180D,0x0D0D,0x0D18,
	0x020D,0x180D,0x0D0D,0x0D18,0x020D,0x180D,0x0D0D,0x0D18,
	0x020D,0x180D,0x0D0D,0x0D18,0x020D,0x180D,0x0D0D,0x0D18,
	0x020D,0x180D,0x0D0D,0x0D18,0x020D,0x180D,0x0D0D,0x0D18,
	0x020D,0x180D,0x0D0D,0x0D18,0x020D,0x180D,0x0D0D,0x0D18,
	0x020D,0x180D,0x0D0D,0x0D18,0x020D,0x180D,0x0D0D,0x0D18,
	0x020D,0x180D,0x0D0D,0x0D18,0x0D0D,0x0D02,0x0D18,0x0D02,
	0x0D0D,0x180D,0x0D0D,0x020D,0x020D,0x180D,0x0D0D,0x0D18,

	0x020D,0x180D,0x0D0D,0x0D18,0x020D,0x180D,0x0D0D,0x0D18,
	0x020D,0x180D,0x0D0D,0x0D18,0x020D,0x180D,0x0D0D,0x0D18,
	0x020D,0x180D,0x0D0D,0x0D18,0x020D,0x180D,0x0D0D,0x0D18,
	0x020D,0x020D,0x0D0D,0x0518,0x1212,0x1212,0x1212,0x1212,
	0x0C12,0x1705,0x170C,0x1717,0x0505,0x0505,0x1705,0x0F19,
	0x1919,0x1919,0x190F,0x0F19,0x0F19,0x1919,0x1919,0x190F,
	0x190F,0x050C,0x0505,0x1705,0x1717,0x0C17,0x120E,0x120C,
	0x1212,0x1212,0x1812,0x0505,0x020B,0x0D0D,0x0D0D,0x0218,

	0x0D18,0x0D02,0x180D,0x0D02,0x0D02,0x020D,0x020D,0x0218,
	0x0202,0x0D0B,0x0202,0x020B,0x020D,0x020B,0x020D,0x020D,
	0x0D02,0x020B,0x0202,0x020B,0x020B,0x0B02,0x0202,0x020D,
	0x0D0D,0x0202,0x180D,0x0D02,0x0D18,0x0D02,0x180D,0x0D02,
	0x0D18,0x0D02,0x180D,0x0D02,0x0D18,0x0D02,0x180D,0x0D02,
	0x0D18,0x0D02,0x180D,0x0D02,0x0D18,0x0D02,0x180D,0x0D02,
	0x0D18,0x0D02,0x180D,0x0D02,0x0D18,0x0D02,0x180D,0x0D02,
	0x0D02,0x180D,0x0D0D,0x0D0D,0x180D,0x0D0D,0x0D0D,0x0D18,

	0x0D18,0x0D02,0x180D,0x0D02,0x0D18,0x0D02,0x180D,0x0D02,
	0x0D18,0x0D02,0x180D,0x0D02,0x0D18,0x0D02,0x180D,0x0D02,
	0x0D18,0x0D02,0x180D,0x0D02,0x0202,0x020D,0x0A11,0x0D11,
	0x0202,0x0D02,0x180D,0x0D02,0x0D18,0x0D02,0x180D,0x0D02,
	0x0D18,0x0D02,0x180D,0x0D02,0x0D02,0x180D,0x0D0D,0x0D0D,
	0x180D,0x0D0D,0x0D0D,0x0D18,0x0D18,0x0D02,0x180D,0x0D02,
	0x0D18,0x0D02,0x180D,0x0D02,0x0D18,0x0D02,0x180D,0x0D02,
	0x0D18,0x0D02,0x180D,0x0D02,0x0D18,0x0D02,0x180D,0x0D02,

	0x0D18,0x0D02,0x180D,0x0D02,0x0D18,0x0D02,0x180D,0x0D02,
	0x0D18,0x0D02,0x180D,0x0D02,0x0D18,0x0D02,0x180D,0x0D02,
	0x0D18,0x0D02,0x180D,0x0D02,0x0D18,0x0D02,0x180D,0x0D02,
	0x0D18,0x0D02,0x180D,0x0D02,0x0D18,0x0D02,0x180D,0x0D02,
	0x0D18,0x0D02,0x180D,0x0D02,0x0D18,0x0D02,0x180D,0x0D02,
	0x0D18,0x0D02,0x180D,0x0D02,0x0D18,0x0D02,0x180D,0x0D02,
	0x0D18,0x0D02,0x180D,0x0D02,0x0D02,0x180D,0x0D0D,0x0D0D,
	0x180D,0x0D0D,0x0D0D,0x0D18,0x0D18,0x0D02,0x180D,0x0D02,

	0x0D18,0x0D02,0x180D,0x0D02,0x0D18,0x0D02,0x180D,0x0D02,
	0x0D18,0x0D02,0x180D,0x0D02,0x0D18,0x0D02,0x180D,0x0D02,
	0x0D18,0x0D02,0x180D,0x0D02,0x0D18,0x0D02,0x180D,0x0D02,
	0x020D,0x1818,0x0202,0x120D,0x1212,0x1212,0x1212,0x1212,
	0x1412,0x0C17,0x1717,0x0517,0x0505,0x0505,0x0C05,0x1919,
	0x0F19,0x0F19,0x0F19,0x0F0F,0x190F,0x190F,0x190F,0x1919,
	0x1919,0x050F,0x0505,0x0505,0x1717,0x1717,0x050C,0x120C,
	0x1212,0x1212,0x0D05,0x180D,0x0B17,0x0D02,0x180D,0x0D02,

	0x180D,0x0D02,0x180D,0x1802,0x0D0D,0x020D,0x0B0D,0x0B0D,
	0x0D0D,0x020B,0x0202,0x0D0B,0x0202,0x0B02,0x0D02,0x0202,
	0x0D02,0x0B02,0x0D02,0x0D0B,0x0202,0x0B02,0x0202,0x0202,
	0x0D02,0x0D02,0x180D,0x1802,0x180D,0x0D02,0x180D,0x1802,
	0x180D,0x0D02,0x180D,0x1802,0x180D,0x0D02,0x180D,0x1802,
	0x180D,0x0D02,0x180D,0x1802,0x180D,0x0D02,0x180D,0x1802,
	0x180D,0x0D02,0x180D,0x1802,0x180D,0x0D02,0x180D,0x1802,
	0x020D,0x180D,0x180D,0x020D,0x0D0D,0x0D18,0x0D0D,0x180D,

	0x180D,0x0D02,0x180D,0x1802,0x180D,0x0D02,0x180D,0x1802,
	0x180D,0x0D02,0x180D,0x1802,0x180D,0x0D02,0x180D,0x1802,
	0x180D,0x0D02,0x180D,0x1802,0x020D,0x180D,0x0707,0x1811,
	0x0202,0x0D02,0x0D0D,0x1802,0x180D,0x0D02,0x180D,0x1802,
	0x180D,0x0D02,0x180D,0x1802,0x020D,0x180D,0x180D,0x020D,
	0x0D0D,0x0D18,0x0D0D,0x180D,0x180D,0x0D02,0x180D,0x1802,
	0x180D,0x0D02,0x180D,0x1802,0x180D,0x0D02,0x180D,0x1802,
	0x180D,0x0D02,0x180D,0x1802,0x180D,0x0D02,0x180D,0x1802,

	0x180D,0x0D02,0x180D,0x1802,0x180D,0x0D02,0x180D,0x1802,
	0x180D,0x0D02,0x180D,0x1802,0x180D,0x0D02,0x180D,0x1802,
	0x180D,0x0D02,0x180D,0x1802,0x180D,0x0D02,0x180D,0x1802,
	0x180D,0x0D02,0x180D,0x1802,0x180D,0x0D02,0x180D,0x1802,
	0x180D,0x0D02,0x180D,0x1802,0x180D,0x0D02,0x180D,0x1802,
	0x180D,0x0D02,0x180D,0x1802,0x180D,0x0D02,0x180D,0x1802,
	0x180D,0x0D02,0x180D,0x1802,0x020D,0x180D,0x180D,0x020D,
	0x0D0D,0x0D18,0x0D0D,0x180D,0x180D,0x0D02,0x180D,0x1802,

	0x180D,0x0D02,0x180D,0x1802,0x180D,0x0D02,0x180D,0x1802,
	0x180D,0x0D02,0x180D,0x1802,0x180D,0x0D02,0x180D,0x1802,
	0x180D,0x0D02,0x180D,0x1802,0x180D,0x0D02,0x180D,0x1802,
	0x0D0D,0x0D0D,0x0D18,0x1217,0x1212,0x1212,0x1212,0x1212,
	0x0314,0x170C,0x1717,0x0505,0x0505,0x1705,0x0F0C,0x0F19,
	0x1919,0x190F,0x0F0F,0x0C0F,0x0F0F,0x0F0F,0x0F19,0x0F19,
	0x0F19,0x0C19,0x0517,0x0505,0x0505,0x1717,0x0C17,0x1403,
	0x1212,0x1212,0x0205,0x0D0D,0x0B18,0x0202,0x180D,0x1802,

	0x180D,0x0D0D,0x0D0D,0x180D,0x180D,0x0D0D,0x0202,0x0202,
	0x0D0B,0x0202,0x0202,0x0D02,0x0D02,0x0202,0x0D02,0x0202,
	0x0D02,0x0B02,0x020D,0x0D02,0x0D02,0x0B02,0x0B02,0x0202,
	0x0D0B,0x0202,0x0D0D,0x180D,0x180D,0x0D0D,0x0D0D,0x180D,
	0x180D,0x0D0D,0x0D0D,0x180D,0x180D,0x0D0D,0x0D0D,0x180D,
	0x180D,0x0D0D,0x0D0D,0x180D,0x180D,0x0D0D,0x0D0D,0x180D,
	0x180D,0x0D0D,0x0D0D,0x180D,0x180D,0x0D0D,0x0D0D,0x180D,
	0x020D,0x0D0D,0x0D02,0x0D02,0x0D0D,0x0218,0x0D0D,0x180D,

	0x180D,0x0D0D,0x0D0D,0x180D,0x180D,0x0D0D,0x0D0D,0x180D,
	0x180D,0x0D0D,0x0D0D,0x180D,0x180D,0x0D0D,0x0D0D,0x180D,
	0x180D,0x0D0D,0x0D0D,0x180D,0x020D,0x180D,0x070D,0x180D,
	0x0202,0x0202,0x0D02,0x180D,0x180D,0x0D0D,0x0D0D,0x180D,
	0x180D,0x0D0D,0x0D0D,0x180D,0x020D,0x0D0D,0x0D02,0x0D02,
	0x0D0D,0x0218,0x0D0D,0x180D,0x180D,0x0D0D,0x0D0D,0x180D,
	0x180D,0x0D0D,0x0D0D,0x180D,0x180D,0x0D0D,0x0D0D,0x180D,
	0x180D,0x0D0D,0x0D0D,0x180D,0x180D,0x0D0D,0x0D0D,0x180D,

	0x180D,0x0D0D,0x0D0D,0x180D,0x180D,0x0D0D,0x0D0D,0x180D,
	0x180D,0x0D0D,0x0D0D,0x180D,0x180D,0x0D0D,0x0D0D,0x180D,
	0x180D,0x0D0D,0x0D0D,0x180D,0x180D,0x0D0D,0x0D0D,0x180D,
	0x180D,0x0D0D,0x0D0D,0x180D,0x180D,0x0D0D,0x0D0D,0x180D,
	0x180D,0x0D0D,0x0D0D,0x180D,0x180D,0x0D0D,0x0D0D,0x180D,
	0x180D,0x0D0D,0x0D0D,0x180D,0x180D,0x0D0D,0x0D0D,0x180D,
	0x180D,0x0D0D,0x0D0D,0x180D,0x020D,0x0D0D,0x0D02,0x0D02,
	0x0D0D,0x0218,0x0D0D,0x180D,0x180D,0x0D0D,0x0D0D,0x180D,

	0x180D,0x0D0D,0x0D0D,0x180D,0x180D,0x0D0D,0x0D0D,0x180D,
	0x180D,0x0D0D,0x0D0D,0x180D,0x180D,0x0D0D,0x0D0D,0x180D,
	0x180D,0x0D0D,0x0D0D,0x180D,0x180D,0x0D0D,0x0D0D,0x180D,
	0x0D0D,0x0D18,0x0302,0x1217,0x1212,0x1212,0x1212,0x1212,
	0x1414,0x1703,0x0517,0x0505,0x0505,0x0F0C,0x190F,0x190F,
	0x0F0F,0x0F0F,0x0C0F,0x0F0F,0x0F0F,0x0F0C,0x190F,0x190F,
	0x190F,0x190F,0x0C19,0x0505,0x0505,0x0505,0x0317,0x0314,
	0x1212,0x0512,0x1717,0x0D02,0x180D,0x0202,0x0D0D,0x180D,

	0x0D0D,0x0D0D,0x0D18,0x0218,0x0D0D,0x0218,0x0202,0x020D,
	0x020B,0x0202,0x020D,0x0B0D,0x0202,0x0B0D,0x0202,0x0D02,
	0x0202,0x0202,0x020D,0x0B0D,0x0202,0x020D,0x020B,0x0B02,
	0x0D02,0x0D02,0x0D18,0x0218,0x0D0D,0x0D0D,0x0D18,0x0218,
	0x0D0D,0x0D0D,0x0D18,0x0218,0x0D0D,0x0D0D,0x0D18,0x0218,
	0x0D0D,0x0D0D,0x0D18,0x0218,0x0D0D,0x0D0D,0x0D18,0x0218,
	0x0D0D,0x0D0D,0x0D18,0x0218,0x0D0D,0x0D0D,0x0D18,0x0218,
	0x180D,0x020D,0x0D0D,0x0D0D,0x0D02,0x0D0D,0x0D02,0x0218,

	0x0D0D,0x0D0D,0x0D18,0x0218,0x0D0D,0x0D0D,0x0D18,0x0218,
	0x0D0D,0x0D0D,0x0D18,0x0218,0x0D0D,0x0D0D,0x0D18,0x0218,
	0x0D0D,0x0D0D,0x0D18,0x0218,0x0D0D,0x0D02,0x0B0B,0x0D0B,
	0x0202,0x0B02,0x0202,0x0218,0x0D0D,0x0D0D,0x0D18,0x0218,
	0x0D0D,0x0D0D,0x0D18,0x0218,0x180D,0x020D,0x0D0D,0x0D0D,
	0x0D02,0x0D0D,0x0D02,0x0218,0x0D0D,0x0D0D,0x0D18,0x0218,
	0x0D0D,0x0D0D,0x0D18,0x0218,0x0D0D,0x0D0D,0x0D18,0x0218,
	0x0D0D,0x0D0D,0x0D18,0x0218,0x0D0D,0x0D0D,0x0D18,0x0218,

	0x0D0D,0x0D0D,0x0D18,0x0218,0x0D0D,0x0D0D,0x0D18,0x0218,
	0x0D0D,0x0D0D,0x0D18,0x0218,0x0D0D,0x0D0D,0x0D18,0x0218,
	0x0D0D,0x0D0D,0x0D18,0x0218,0x0D0D,0x0D0D,0x0D18,0x0218,
	0x0D0D,0x0D0D,0x0D18,0x0218,0x0D0D,0x0D0D,0x0D18,0x0218,
	0x0D0D,0x0D0D,0x0D18,0x0218,0x0D0D,0x0D0D,0x0D18,0x0218,
	0x0D0D,0x0D0D,0x0D18,0x0218,0x0D0D,0x0D0D,0x0D18,0x0218,
	0x0D0D,0x0D0D,0x0D18,0x0218,0x180D,0x020D,0x0D0D,0x0D0D,
	0x0D02,0x0D0D,0x0D02,0x0218,0x0D0D,0x0D0D,0x0D18,0x0218,

	0x0D0D,0x0D0D,0x0D18,0x0218,0x0D0D,0x0D0D,0x0D18,0x0218,
	0x0D0D,0x0D0D,0x0D18,0x0218,0x0D0D,0x0D0D,0x0D18,0x0218,
	0x0D0D,0x0D0D,0x0D18,0x0218,0x0D0D,0x0D0D,0x0D18,0x0218,
	0x0D02,0x0218,0x0B02,0x0517,0x1212,0x1212,0x1212,0x1212,
	0x141A,0x0C03,0x0C0C,0x0C0C,0x0C18,0x0F19,0x0F0F,0x0F18,
	0x0F0F,0x0F0F,0x0F0F,0x0F0F,0x0F0F,0x0F0F,0x0F0F,0x180F,
	0x0F0F,0x0F0F,0x0F0F,0x0F0C,0x0C0C,0x0C0C,0x030C,0x0314,
	0x0D12,0x0D0D,0x0B0D,0x0D0B,0x020D,0x0D0D,0x0D18,0x0218,

	0x0D0D,0x0D18,0x180D,0x180D,0x0D02,0x0D18,0x0D02,0x0218,
	0x020B,0x020D,0x0D02,0x0D02,0x020B,0x020D,0x020B,0x020D,
	0x0202,0x020D,0x0202,0x0D02,0x020B,0x020D,0x020B,0x0B0D,
	0x0B0D,0x0D18,0x180D,0x180D,0x0D0D,0x0D18,0x180D,0x180D,
	0x0D0D,0x0D18,0x180D,0x180D,0x0D0D,0x0D18,0x180D,0x180D,
	0x0D0D,0x0D18,0x180D,0x180D,0x0D0D,0x0D18,0x180D,0x180D,
	0x0D0D,0x0D18,0x180D,0x180D,0x0D0D,0x0D18,0x180D,0x180D,
	0x0D02,0x0218,0x180D,0x020D,0x0D0D,0x0D0D,0x0D02,0x180D,

	0x0D0D,0x0D18,0x180D,0x180D,0x0D0D,0x0D18,0x180D,0x180D,
	0x0D0D,0x0D18,0x180D,0x180D,0x0D0D,0x0D18,0x180D,0x180D,
	0x0D0D,0x0D18,0x180D,0x180D,0x0202,0x0202,0x0202,0x0202,
	0x1102,0x110A,0x0202,0x180D,0x0D0D,0x0D18,0x180D,0x180D,
	0x0D0D,0x0D18,0x180D,0x180D,0x0D02,0x0218,0x180D,0x020D,
	0x0D0D,0x0D0D,0x0D02,0x180D,0x0D0D,0x0D18,0x180D,0x180D,
	0x0D0D,0x0D18,0x180D,0x180D,0x0D0D,0x0D18,0x180D,0x180D,
	0x0D0D,0x0D18,0x180D,0x180D,0x0D0D,0x0D18,0x180D,0x180D,

	0x0D0D,0x0D18,0x180D,0x180D,0x0D0D,0x0D18,0x180D,0x180D,
	0x0D0D,0x0D18,0x180D,0x180D,0x0D0D,0x0D18,0x180D,0x180D,
	0x0D0D,0x0D18,0x180D,0x180D,0x0D0D,0x0D18,0x180D,0x180D,
	0x0D0D,0x0D18,0x180D,0x180D,0x0D0D,0x0D18,0x180D,0x180D,
	0x0D0D,0x0D18,0x180D,0x180D,0x0D0D,0x0D18,0x180D,0x180D,
	0x0D0D,0x0D18,0x180D,0x180D,0x0D0D,0x0D18,0x180D,0x180D,
	0x0D0D,0x0D18,0x180D,0x180D,0x0D02,0x0218,0x180D,0x020D,
	0x0D0D,0x0D0D,0x0D02,0x180D,0x0D0D,0x0D18,0x180D,0x180D,

	0x0D0D,0x0D18,0x180D,0x180D,0x0D0D,0x0D18,0x180D,0x180D,
	0x0D0D,0x0D18,0x180D,0x180D,0x0D0D,0x0D18,0x180D,0x180D,
	0x0D0D,0x0D18,0x180D,0x180D,0x0D0D,0x0D18,0x180D,0x180D,
	0x020D,0x020D,0x0D0B,0x0518,0x1212,0x1212,0x1212,0x1212,
	0x1A1A,0x1903,0x1918,0x0F0F,0x180F,0x0F0F,0x180F,0x0F0F,
	0x180F,0x0F0F,0x0F0F,0x0F0F,0x0F0F,0x0F0F,0x0F18,0x0F0F,
	0x0F18,0x180F,0x0F0F,0x180F,0x0F0F,0x190D,0x0D19,0x031A,
	0x0512,0x0217,0x0D0D,0x0D02,0x0D0D,0x0D18,0x180D,0x180D,

	0x0D0D,0x0218,0x0D18,0x0D02,0x0D0D,0x0D02,0x0D0D,0x0D02,
	0x0B02,0x0D02,0x0B02,0x0D02,0x0202,0x0202,0x020B,0x020D,
	0x020B,0x0D02,0x0B02,0x0D02,0x0202,0x020B,0x020B,0x020D,
	0x0D0B,0x180D,0x020D,0x180D,0x0D0D,0x0218,0x0D18,0x0D02,
	0x0D0D,0x0218,0x0D18,0x0D02,0x0D0D,0x0218,0x0D18,0x0D02,
	0x0D0D,0x0218,0x0D18,0x0D02,0x0D0D,0x0218,0x0D18,0x0D02,
	0x0D0D,0x0218,0x0D18,0x0D02,0x0D0D,0x0218,0x0D18,0x0D02,
	0x020D,0x0D18,0x0D18,0x020D,0x020D,0x0D0D,0x0D0D,0x180D,

	0x0D0D,0x0218,0x0D18,0x0D02,0x0D0D,0x0218,0x0D18,0x0D02,
	0x0D0D,0x0218,0x0D18,0x0D02,0x0D0D,0x0218,0x0D18,0x0D02,
	0x0D0D,0x0218,0x0D18,0x0D02,0x020D,0x0202,0x0202,0x0202,
	0x0718,0x1107,0x0218,0x180D,0x0D0D,0x0218,0x0D18,0x0D02,
	0x0D0D,0x0218,0x0D18,0x0D02,0x020D,0x0D18,0x0D18,0x020D,
	0x020D,0x0D0D,0x0D0D,0x180D,0x0D0D,0x0218,0x0D18,0x0D02,
	0x0D0D,0x0218,0x0D18,0x0D02,0x0D0D,0x0218,0x0D18,0x0D02,
	0x0D0D,0x0218,0x0D18,0x0D02,0x0D0D,0x0218,0x0D18,0x0D02,

	0x0D0D,0x0218,0x0D18,0x0D02,0x0D0D,0x0218,0x0D18,0x0D02,
	0x0D0D,0x0218,0x0D18,0x0D02,0x0D0D,0x0218,0x0D18,0x0D02,
	0x0D0D,0x0218,0x0D18,0x0D02,0x0D0D,0x0218,0x0D18,0x0D02,
	0x0D0D,0x0218,0x0D18,0x0D02,0x0D0D,0x0218,0x0D18,0x0D02,
	0x0D0D,0x0218,0x0D18,0x0D02,0x0D0D,0x0218,0x0D18,0x0D02,
	0x0D0D,0x0218,0x0D18,0x0D02,0x0D0D,0x0218,0x0D18,0x0D02,
	0x0D0D,0x0218,0x0D18,0x0D02,0x020D,0x0D18,0x0D18,0x020D,
	0x020D,0x0D0D,0x0D0D,0x180D,0x0D0D,0x0218,0x0D18,0x0D02,

	0x0D0D,0x0218,0x0D18,0x0D02,0x0D0D,0x0218,0x0D18,0x0D02,
	0x0D0D,0x0218,0x0D18,0x0D02,0x0D0D,0x0218,0x0D18,0x0D02,
	0x0D0D,0x0218,0x0D18,0x0D02,0x0D0D,0x0218,0x0D18,0x0D02,
	0x0218,0x0218,0x0D18,0x180D,0x1212,0x1212,0x1212,0x1212,
	0x1212,0x1212,0x1212,0x1212,0x1212,0x1212,0x1212,0x1212,
	0x1212,0x1212,0x1212,0x1212,0x1212,0x1212,0x1212,0x1212,
	0x1212,0x1212,0x1212,0x1212,0x1212,0x1212,0x1212,0x1212,
	0x1712,0x020B,0x0D02,0x0D0D,0x0D02,0x180D,0x020D,0x180D,

	0x0D0D,0x180D,0x0D0D,0x0D0D,0x0D02,0x020D,0x0D02,0x020D,
	0x020D,0x0D0B,0x020B,0x0202,0x020B,0x0202,0x0202,0x0202,
	0x0B02,0x0D02,0x0202,0x0202,0x020B,0x0B02,0x0202,0x0202,
	0x020B,0x1802,0x0D02,0x0D0D,0x0D0D,0x180D,0x0D0D,0x0D0D,
	0x0D0D,0x180D,0x0D0D,0x0D0D,0x0D0D,0x180D,0x0D0D,0x0D0D,
	0x0D0D,0x180D,0x0D0D,0x0D0D,0x0D0D,0x180D,0x0D0D,0x0D0D,
	0x0D0D,0x180D,0x0D0D,0x0D0D,0x0D0D,0x180D,0x0D0D,0x0D0D,
	0x0202,0x0D0D,0x0218,0x0D0D,0x0D0D,0x1802,0x0D0D,0x0D0D,

	0x0D0D,0x180D,0x0D0D,0x0D0D,0x0D0D,0x180D,0x0D0D,0x0D0D,
	0x0D0D,0x180D,0x0D0D,0x0D0D,0x0D0D,0x180D,0x0D0D,0x0D0D,
	0x0D0D,0x180D,0x0D0D,0x0D0D,0x0202,0x0202,0x0202,0x0202,
	0x0D18,0x0D07,0x0218,0x0D0D,0x0D0D,0x180D,0x0D0D,0x0D0D,
	0x0D0D,0x180D,0x0D0D,0x0D0D,0x0202,0x0D0D,0x0218,0x0D0D,
	0x0D0D,0x1802,0x0D0D,0x0D0D,0x0D0D,0x180D,0x0D0D,0x0D0D,
	0x0D0D,0x180D,0x0D0D,0x0D0D,0x0D0D,0x180D,0x0D0D,0x0D0D,
	0x0D0D,0x180D,0x0D0D,0x0D0D,0x0D0D,0x180D,0x0D0D,0x0D0D,

	0x0D0D,0x180D,0x0D0D,0x0D0D,0x0D0D,0x180D,0x0D0D,0x0D0D,
	0x0D0D,0x180D,0x0D0D,0x0D0D,0x0D0D,0x180D,0x0D0D,0x0D0D,
	0x0D0D,0x180D,0x0D0D,0x0D0D,0x0D0D,0x180D,0x0D0D,0x0D0D,
	0x0D0D,0x180D,0x0D0D,0x0D0D,0x0D0D,0x180D,0x0D0D,0x0D0D,
	0x0D0D,0x180D,0x0D0D,0x0D0D,0x0D0D,0x180D,0x0D0D,0x0D0D,
	0x0D0D,0x180D,0x0D0D,0x0D0D,0x0D0D,0x180D,0x0D0D,0x0D0D,
	0x0D0D,0x180D,0x0D0D,0x0D0D,0x0202,0x0D0D,0x0218,0x0D0D,
	0x0D0D,0x1802,0x0D0D,0x0D0D,0x0D0D,0x180D,0x0D0D,0x0D0D,

	0x0D0D,0x180D,0x0D0D,0x0D0D,0x0D0D,0x180D,0x0D0D,0x0D0D,
	0x0D0D,0x180D,0x0D0D,0x0D0D,0x0D0D,0x180D,0x0D0D,0x0D0D,
	0x0D0D,0x180D,0x0D0D,0x0D0D,0x0D0D,0x180D,0x0D0D,0x0D0D,
	0x0D18,0x020D,0x0D0D,0x0D0B,0x1205,0x1212,0x1212,0x1212,
	0x1212,0x1212,0x1212,0x1212,0x1212,0x1212,0x1212,0x1212,
	0x1212,0x1212,0x1212,0x1212,0x1212,0x1212,0x1212,0x1212,
	0x1212,0x1212,0x1212,0x1212,0x1212,0x1212,0x1212,0x1212,
	0x1818,0x020B,0x0D0D,0x0D0D,0x020D,0x180D,0x0D02,0x0D0D,

	0x020D,0x180D,0x0D0D,0x0D18,0x020D,0x020D,0x020D,0x0B02,
	0x0202,0x020B,0x020B,0x020D,0x0B02,0x0D02,0x0D02,0x0202,
	0x0B02,0x0202,0x0202,0x020D,0x0B02,0x0B02,0x0D02,0x0B02,
	0x0202,0x020D,0x0D02,0x0D18,0x020D,0x180D,0x0D0D,0x0D18,
	0x020D,0x180D,0x0D0D,0x0D18,0x020D,0x180D,0x0D0D,0x0D18,
	0x020D,0x180D,0x0D0D,0x0D18,0x020D,0x180D,0x0D0D,0x0D18,
	0x020D,0x180D,0x0D0D,0x0D18,0x020D,0x180D,0x0D0D,0x0D18,
	0x0D18,0x020D,0x0D0D,0x1802,0x0D0D,0x0D02,0x0D18,0x0D02,

	0x020D,0x180D,0x0D0D,0x0D18,0x020D,0x180D,0x0D0D,0x0D18,
	0x020D,0x180D,0x0D0D,0x0D18,0x020D,0x180D,0x0D0D,0x0D18,
	0x020D,0x180D,0x0D0D,0x0D18,0x020D,0x0202,0x0202,0x0202,
	0x0B0D,0x0B0B,0x020D,0x0D0D,0x020D,0x180D,0x0D0D,0x0D18,
	0x020D,0x180D,0x0D0D,0x0D18,0x0D18,0x020D,0x0D0D,0x1802,
	0x0D0D,0x0D02,0x0D18,0x0D02,0x020D,0x180D,0x0D0D,0x0D18,
	0x020D,0x180D,0x0D0D,0x0D18,0x020D,0x180D,0x0D0D,0x0D18,
	0x020D,0x180D,0x0D0D,0x0D18,0x020D,0x180D,0x0D0D,0x0D18,

	0x020D,0x180D,0x0D0D,0x0D18,0x020D,0x180D,0x0D0D,0x0D18,
	0x020D,0x180D,0x0D0D,0x0D18,0x020D,0x180D,0x0D0D,0x0D18,
	0x020D,0x180D,0x0D0D,0x0D18,0x020D,0x180D,0x0D0D,0x0D18,
	0x020D,0x180D,0x0D0D,0x0D18,0x020D,0x180D,0x0D0D,0x0D18,
	0x020D,0x180D,0x0D0D,0x0D18,0x020D,0x180D,0x0D0D,0x0D18,
	0x020D,0x180D,0x0D0D,0x0D18,0x020D,0x180D,0x0D0D,0x0D18,
	0x020D,0x180D,0x0D0D,0x0D18,0x0D18,0x020D,0x0D0D,0x1802,
	0x0D0D,0x0D02,0x0D18,0x0D02,0x020D,0x180D,0x0D0D,0x0D18,

	0x020D,0x180D,0x0D0D,0x0D18,0x020D,0x180D,0x0D0D,0x0D18,
	0x020D,0x180D,0x0D0D,0x0D18,0x020D,0x180D,0x0D0D,0x0D18,
	0x020D,0x180D,0x0D0D,0x0D18,0x020D,0x180D,0x0D0D,0x0D18,
	0x0D0D,0x1802,0x0B02,0x0B0B,0x1217,0x1212,0x1212,0x1212,
	0x1212,0x1212,0x1212,0x1212,0x1212,0x1212,0x1212,0x1212,
	0x1212,0x1212,0x1212,0x1212,0x1212,0x1212,0x1212,0x1212,
	0x1212,0x1212,0x1212,0x1212,0x1212,0x1212,0x1212,0x1212,
	0x0D17,0x0D18,0x0D0D,0x0D0D,0x020D,0x0D0D,0x0D02,0x0D18,

	0x0D18,0x0D02,0x180D,0x0D02,0x020D,0x0D0D,0x0B18,0x0202,
	0x0D0B,0x0D02,0x0D0B,0x0202,0x0B02,0x0202,0x020D,0x0202,
	0x0B0D,0x0D02,0x0202,0x0D02,0x0B02,0x0B02,0x020D,0x0B02,
	0x0B02,0x0B02,0x180D,0x0D0D,0x0D18,0x0D02,0x180D,0x0D02,
	0x0D18,0x0D02,0x180D,0x0D02,0x0D18,0x0D02,0x180D,0x0D02,
	0x0D18,0x0D02,0x180D,0x0D02,0x0D18,0x0D02,0x180D,0x0D02,
	0x0D18,0x0D02,0x180D,0x0D02,0x0D18,0x0D02,0x180D,0x0D02,
	0x180D,0x0D02,0x0D0D,0x0D02,0x0D18,0x0D0D,0x0218,0x020D,

	0x0D18,0x0D02,0x180D,0x0D02,0x0D18,0x0D02,0x180D,0x0D02,
	0x0D18,0x0D02,0x180D,0x0D02,0x0D18,0x0D02,0x180D,0x0D02,
	0x0D18,0x0D02,0x180D,0x0D02,0x020D,0x0A07,0x0207,0x0202,
	0x0202,0x0202,0x0202,0x0D0D,0x0D18,0x0D02,0x180D,0x0D02,
	0x0D18,0x0D02,0x180D,0x0D02,0x180D,0x0D02,0x0D0D,0x0D02,
	0x0D18,0x0D0D,0x0218,0x020D,0x0D18,0x0D02,0x180D,0x0D02,
	0x0D18,0x0D02,0x180D,0x0D02,0x0D18,0x0D02,0x180D,0x0D02,
	0x0D18,0x0D02,0x180D,0x0D02,0x0D18,0x0D02,0x180D,0x0D02,

	0x0D18,0x0D02,0x180D,0x0D02,0x0D18,0x0D02,0x180D,0x0D02,
	0x0D18,0x0D02,0x180D,0x0D02,0x0D18,0x0D02,0x180D,0x0D02,
	0x0D18,0x0D02,0x180D,0x0D02,0x0D18,0x0D02,0x180D,0x0D02,
	0x0D18,0x0D02,0x180D,0x0D02,0x0D18,0x0D02,0x180D,0x0D02,
	0x0D18,0x0D02,0x180D,0x0D02,0x0D18,0x0D02,0x180D,0x0D02,
	0x0D18,0x0D02,0x180D,0x0D02,0x0D18,0x0D02,0x180D,0x0D02,
	0x0D18,0x0D02,0x180D,0x0D02,0x180D,0x0D02,0x0D0D,0x0D02,
	0x0D18,0x0D0D,0x0218,0x020D,0x0D18,0x0D02,0x180D,0x0D02,

	0x0D18,0x0D02,0x180D,0x0D02,0x0D18,0x0D02,0x180D,0x0D02,
	0x0D18,0x0D02,0x180D,0x0D02,0x0D18,0x0D02,0x180D,0x0D02,
	0x0D18,0x0D02,0x180D,0x0D02,0x0D18,0x0D02,0x180D,0x0D02,
	0x0D02,0x020D,0x020B,0x1818,0x1217,0x1212,0x1212,0x1212,
	0x1212,0x1212,0x1212,0x1212,0x1212,0x1212,0x1212,0x1212,
	0x1212,0x1212,0x1212,0x1212,0x1212,0x1212,0x1212,0x1212,
	0x1212,0x1212,0x1212,0x1212,0x1212,0x1212,0x1212,0x1212,
	0x020B,0x180D,0x0D0D,0x0D0D,0x0D18,0x180D,0x180D,0x0D0D,

	0x180D,0x0D02,0x180D,0x1802,0x0D0D,0x0D0D,0x0218,0x0202,
	0x0D0B,0x0202,0x020D,0x0202,0x0D02,0x0202,0x020D,0x020B,
	0x0D02,0x0202,0x020D,0x0202,0x0B02,0x0202,0x020D,0x020B,
	0x180B,0x020D,0x0D18,0x0D0D,0x180D,0x0D02,0x180D,0x1802,
	0x180D,0x0D02,0x180D,0x1802,0x180D,0x0D02,0x180D,0x1802,
	0x180D,0x0D02,0x180D,0x1802,0x180D,0x0D02,0x180D,0x1802,
	0x180D,0x0D02,0x180D,0x1802,0x180D,0x0D02,0x180D,0x1802,
	0x0D0D,0x0D02,0x0D0D,0x0D0D,0x0D18,0x0D0D,0x020D,0x0D0D,

	0x180D,0x0D02,0x180D,0x1802,0x180D,0x0D02,0x180D,0x1802,
	0x180D,0x0D02,0x180D,0x1802,0x180D,0x0D02,0x180D,0x1802,
	0x180D,0x0D02,0x180D,0x1802,0x180D,0x0707,0x1807,0x0202,
	0x0202,0x0202,0x0D02,0x0D0D,0x180D,0x0D02,0x180D,0x1802,
	0x180D,0x0D02,0x180D,0x1802,0x0D0D,0x0D02,0x0D0D,0x0D0D,
	0x0D18,0x0D0D,0x020D,0x0D0D,0x180D,0x0D02,0x180D,0x1802,
	0x180D,0x0D02,0x180D,0x1802,0x180D,0x0D02,0x180D,0x1802,
	0x180D,0x0D02,0x180D,0x1802,0x180D,0x0D02,0x180D,0x1802,

	0x180D,0x0D02,0x180D,0x1802,0x180D,0x0D02,0x180D,0x1802,
	0x180D,0x0D02,0x180D,0x1802,0x180D,0x0D02,0x180D,0x1802,
	0x180D,0x0D02,0x180D,0x1802,0x180D,0x0D02,0x180D,0x1802,
	0x180D,0x0D02,0x180D,0x1802,0x180D,0x0D02,0x180D,0x1802,
	0x180D,0x0D02,0x180D,0x1802,0x180D,0x0D02,0x180D,0x1802,
	0x180D,0x0D02,0x180D,0x1802,0x180D,0x0D02,0x180D,0x1802,
	0x180D,0x0D02,0x180D,0x1802,0x0D0D,0x0D02,0x0D0D,0x0D0D,
	0x0D18,0x0D0D,0x020D,0x0D0D,0x180D,0x0D02,0x180D,0x1802,

	0x180D,0x0D02,0x180D,0x1802,0x180D,0x0D02,0x180D,0x1802,
	0x180D,0x0D02,0x180D,0x1802,0x180D,0x0D02,0x180D,0x1802,
	0x180D,0x0D02,0x180D,0x1802,0x180D,0x0D02,0x180D,0x1802,
	0x0D0D,0x020D,0x1802,0x0D0D,0x0518,0x1212,0x1212,0x1212,
	0x1212,0x1212,0x1212,0x1212,0x1212,0x1212,0x1212,0x1212,
	0x1212,0x1212,0x1212,0x1212,0x1212,0x1212,0x1212,0x1212,
	0x1212,0x1212,0x0512,0x0D05,0x1818,0x1212,0x0D12,0x1212,
	0x0B02,0x0D0B,0x0D0D,0x0D02,0x180D,0x0D0D,0x0D18,0x0D0D,

	0x180D,0x0D0D,0x0D0D,0x180D,0x0D0D,0x0D18,0x0202,0x0B18,
	0x0D02,0x0202,0x020D,0x0B02,0x0202,0x020D,0x020B,0x0B0D,
	0x0D02,0x0202,0x020D,0x0B02,0x0202,0x020D,0x020B,0x0B0D,
	0x1802,0x0D02,0x0D18,0x020D,0x180D,0x0D0D,0x0D0D,0x180D,
	0x180D,0x0D0D,0x0D0D,0x180D,0x180D,0x0D0D,0x0D0D,0x180D,
	0x180D,0x0D0D,0x0D0D,0x180D,0x180D,0x0D0D,0x0D0D,0x180D,
	0x180D,0x0D0D,0x0D0D,0x180D,0x180D,0x0D0D,0x0D0D,0x180D,
	0x180D,0x0D0D,0x0D18,0x0D18,0x0D0D,0x0D02,0x0D0D,0x020D,

	0x180D,0x0D0D,0x0D0D,0x180D,0x180D,0x0D0D,0x0D0D,0x180D,
	0x180D,0x0D0D,0x0D0D,0x180D,0x180D,0x0D0D,0x0D0D,0x180D,
	0x180D,0x0D0D,0x0D0D,0x180D,0x180D,0x070D,0x180D,0x0202,
	0x0202,0x0202,0x0202,0x0202,0x180D,0x0D0D,0x0D0D,0x180D,
	0x180D,0x0D0D,0x0D0D,0x180D,0x180D,0x0D0D,0x0D18,0x0D18,
	0x0D0D,0x0D02,0x0D0D,0x020D,0x180D,0x0D0D,0x0D0D,0x180D,
	0x180D,0x0D0D,0x0D0D,0x180D,0x180D,0x0D0D,0x0D0D,0x180D,
	0x180D,0x0D0D,0x0D0D,0x180D,0x180D,0x0D0D,0x0D0D,0x180D,

	0x180D,0x0D0D,0x0D0D,0x180D,0x180D,0x0D0D,0x0D0D,0x180D,
	0x180D,0x0D0D,0x0D0D,0x180D,0x180D,0x0D0D,0x0D0D,0x180D,
	0x180D,0x0D0D,0x0D0D,0x180D,0x180D,0x0D0D,0x0D0D,0x180D,
	0x180D,0x0D0D,0x0D0D,0x180D,0x180D,0x0D0D,0x0D0D,0x180D,
	0x180D,0x0D0D,0x0D0D,0x180D,0x180D,0x0D0D,0x0D0D,0x180D,
	0x180D,0x0D0D,0x0D0D,0x180D,0x180D,0x0D0D,0x0D0D,0x180D,
	0x180D,0x0D0D,0x0D0D,0x180D,0x180D,0x0D0D,0x0D18,0x0D18,
	0x0D0D,0x0D02,0x0D0D,0x020D,0x180D,0x0D0D,0x0D0D,0x180D,

	0x180D,0x0D0D,0x0D0D,0x180D,0x180D,0x0D0D,0x0D0D,0x180D,
	0x180D,0x0D0D,0x0D0D,0x180D,0x180D,0x0D0D,0x0D0D,0x180D,
	0x180D,0x0D0D,0x0D0D,0x180D,0x180D,0x0D0D,0x0D0D,0x180D,
	0x180D,0x0D0D,0x0D0D,0x020D,0x0517,0x120D,0x1212,0x1212,
	0x1212,0x1212,0x1212,0x1212,0x1212,0x1212,0x1212,0x1212,
	0x1212,0x1212,0x1212,0x1212,0x1212,0x0D0D,0x0505,0x1212,
	0x1212,0x0512,0x1717,0x020D,0x170D,0x0517,0x020D,0x1205,
	0x0B02,0x0D02,0x0D02,0x0D18,0x180D,0x0D0D,0x0D18,0x020D,

	0x0D0D,0x0D0D,0x0D18,0x0218,0x0D02,0x0218,0x180D,0x0202,
	0x0202,0x020B,0x0202,0x020B,0x020B,0x0B0D,0x0D02,0x0B02,
	0x0D02,0x020B,0x020D,0x020B,0x0202,0x0B0D,0x0D02,0x0B02,
	0x020D,0x0D02,0x0D0D,0x0D02,0x0D0D,0x0D0D,0x0D18,0x0218,
	0x0D0D,0x0D0D,0x0D18,0x0218,0x0D0D,0x0D0D,0x0D18,0x0218,
	0x0D0D,0x0D0D,0x0D18,0x0218,0x0D0D,0x0D0D,0x0D18,0x0218,
	0x0D0D,0x0D0D,0x0D18,0x0218,0x0D0D,0x0D0D,0x0D18,0x0218,
	0x0D02,0x0D18,0x180D,0x0D0D,0x0D0D,0x020D,0x0D0D,0x0D0D,

	0x0D0D,0x0D0D,0x0D18,0x0218,0x0D0D,0x0D0D,0x0D18,0x0218,
	0x0D0D,0x0D0D,0x0D18,0x0218,0x0D0D,0x0D0D,0x0D18,0x0218,
	0x0D0D,0x0D0D,0x0D18,0x0218,0x0D02,0x0B0B,0x0D0B,0x0202,
	0x0D02,0x0202,0x0D02,0x0D02,0x0D0D,0x0D0D,0x0D18,0x0218,
	0x0D0D,0x0D0D,0x0D18,0x0218,0x0D02,0x0D18,0x180D,0x0D0D,
	0x0D0D,0x020D,0x0D0D,0x0D0D,0x0D0D,0x0D0D,0x0D18,0x0218,
	0x0D0D,0x0D0D,0x0D18,0x0218,0x0D0D,0x0D0D,0x0D18,0x0218,
	0x0D0D,0x0D0D,0x0D18,0x0218,0x0D0D,0x0D0D,0x0D18,0x0218,

	0x0D0D,0x0D0D,0x0D18,0x0218,0x0D0D,0x0D0D,0x0D18,0x0218,
	0x0D0D,0x0D0D,0x0D18,0x0218,0x0D0D,0x0D0D,0x0D18,0x0218,
	0x0D0D,0x0D0D,0x0D18,0x0218,0x0D0D,0x0D0D,0x0D18,0x0218,
	0x0D0D,0x0D0D,0x0D18,0x0218,0x0D0D,0x0D0D,0x0D18,0x0218,
	0x0D0D,0x0D0D,0x0D18,0x0218,0x0D0D,0x0D0D,0x0D18,0x0218,
	0x0D0D,0x0D0D,0x0D18,0x0218,0x0D0D,0x0D0D,0x0D18,0x0218,
	0x0D0D,0x0D0D,0x0D18,0x0218,0x0D02,0x0D18,0x180D,0x0D0D,
	0x0D0D,0x020D,0x0D0D,0x0D0D,0x0D0D,0x0D0D,0x0D18,0x0218,

	0x0D0D,0x0D0D,0x0D18,0x0218,0x0D0D,0x0D0D,0x0D18,0x0218,
	0x0D0D,0x0D0D,0x0D18,0x0218,0x0D0D,0x0D0D,0x0D18,0x0218,
	0x0D0D,0x0D0D,0x0D18,0x0218,0x0D0D,0x0D0D,0x0D18,0x0218,
	0x0D0D,0x0D18,0x0202,0x180B,0x0D03,0x0D0D,0x1202,0x1212,
	0x1212,0x1212,0x1212,0x1212,0x1212,0x1212,0x1212,0x1212,
	0x1212,0x1212,0x1212,0x1212,0x1712,0x0217,0x0D02,0x170B,
	0x0512,0x1817,0x0D0B,0x020D,0x020B,0x180B,0x020D,0x1717,
	0x1802,0x0202,0x180D,0x020D,0x0D0D,0x0D02,0x0D0D,0x0D02,

	0x0D0D,0x0D18,0x180D,0x180D,0x020D,0x020D,0x1802,0x020B,
	0x020B,0x0B0D,0x0202,0x0D0B,0x0B02,0x0B02,0x0D02,0x0B02,
	0x0202,0x0B0D,0x0202,0x0D0B,0x0202,0x0B02,0x0D02,0x0202,
	0x0B0B,0x0218,0x0D0D,0x1802,0x0D0D,0x0D18,0x180D,0x180D,
	0x0D0D,0x0D18,0x180D,0x180D,0x0D0D,0x0D18,0x180D,0x180D,
	0x0D0D,0x0D18,0x180D,0x180D,0x0D0D,0x0D18,0x180D,0x180D,
	0x0D0D,0x0D18,0x180D,0x180D,0x0D0D,0x0D18,0x180D,0x180D,
	0x020D,0x0218,0x180D,0x020D,0x0D18,0x020D,0x0D0D,0x1802,

	0x0D0D,0x0D18,0x180D,0x180D,0x0D0D,0x0D18,0x180D,0x180D,
	0x0D0D,0x0D18,0x180D,0x180D,0x0D0D,0x0D18,0x180D,0x180D,
	0x0D0D,0x0D18,0x180D,0x180D,0x020D,0x0202,0x0202,0x0202,
	0x0D02,0x020D,0x0D0D,0x1802,0x0D0D,0x0D18,0x180D,0x180D,
	0x0D0D,0x0D18,0x180D,0x180D,0x020D,0x0218,0x180D,0x020D,
	0x0D18,0x020D,0x0D0D,0x1802,0x0D0D,0x0D18,0x180D,0x180D,
	0x0D0D,0x0D18,0x180D,0x180D,0x0D0D,0x0D18,0x180D,0x180D,
	0x0D0D,0x0D18,0x180D,0x180D,0x0D0D,0x0D18,0x180D,0x180D,

	0x0D0D,0x0D18,0x180D,0x180D,0x0D0D,0x0D18,0x180D,0x180D,
	0x0D0D,0x0D18,0x180D,0x180D,0x0D0D,0x0D18,0x180D,0x180D,
	0x0D0D,0x0D18,0x180D,0x180D,0x0D0D,0x0D18,0x180D,0x180D,
	0x0D0D,0x0D18,0x180D,0x180D,0x0D0D,0x0D18,0x180D,0x180D,
	0x0D0D,0x0D18,0x180D,0x180D,0x0D0D,0x0D18,0x180D,0x180D,
	0x0D0D,0x0D18,0x180D,0x180D,0x0D0D,0x0D18,0x180D,0x180D,
	0x0D0D,0x0D18,0x180D,0x180D,0x020D,0x0218,0x180D,0x020D,
	0x0D18,0x020D,0x0D0D,0x1802,0x0D0D,0x0D18,0x180D,0x180D,

	0x0D0D,0x0D18,0x180D,0x180D,0x0D0D,0x0D18,0x180D,0x180D,
	0x0D0D,0x0D18,0x180D,0x180D,0x0D0D,0x0D18,0x180D,0x180D,
	0x0D0D,0x0D18,0x180D,0x180D,0x0D0D,0x0D18,0x180D,0x180D,
	0x0D02,0x0D18,0x0D02,0x0B18,0x0D18,0x1702,0x0505,0x1212,
	0x1212,0x1212,0x1212,0x1212,0x1212,0x1212,0x180D,0x1212,
	0x1212,0x1212,0x180D,0x1212,0x0D05,0x0B18,0x020D,0x0B18,
	0x1717,0x180B,0x1802,0x0B02,0x0218,0x0D02,0x0B02,0x0B02,
	0x0218,0x020D,0x180D,0x0D0D,0x0D0D,0x0218,0x0D0D,0x1802,

	0x0D0D,0x0218,0x0D18,0x0D02,0x0218,0x0218,0x0202,0x020D,
	0x0B02,0x0B0D,0x020D,0x020B,0x0B0D,0x020D,0x0B02,0x0D02,
	0x0202,0x0B0D,0x020D,0x020B,0x0B0D,0x020D,0x0B02,0x0B02,
	0x0D0B,0x0218,0x0D18,0x0D02,0x0D0D,0x0218,0x0D18,0x0D02,
	0x0D0D,0x0218,0x0D18,0x0D02,0x0D0D,0x0218,0x0D18,0x0D02,
	0x0D0D,0x0218,0x0D18,0x0D02,0x0D0D,0x0218,0x0D18,0x0D02,
	0x0D0D,0x0218,0x0D18,0x0D02,0x0D0D,0x0218,0x0D18,0x0D02,
	0x0D0D,0x0218,0x0D18,0x0D02,0x0D0D,0x0218,0x0D18,0x0D02,

	0x0D0D,0x0218,0x0D18,0x0D02,0x0D0D,0x0218,0x0D18,0x0D02,
	0x0D0D,0x0218,0x0D18,0x0D02,0x0D0D,0x0218,0x0D18,0x0D02,
	0x0D0D,0x0218,0x0D18,0x0D02,0x0D0D,0x0218,0x0D18,0x0D02,
	0x0D0D,0x0218,0x0D18,0x0D02,0x0D0D,0x0218,0x0D18,0x0D02,
	0x0D0D,0x0218,0x0D18,0x0D02,0x0D0D,0x0218,0x0D18,0x0D02,
	0x0D0D,0x0218,0x0D18,0x0D02,0x0D0D,0x0218,0x0D18,0x0D02,
	0x0D0D,0x0218,0x0D18,0x0D02,0x0D0D,0x0218,0x0D18,0x0D02,
	0x0D0D,0x0218,0x0D18,0x0D02,0x0D0D,0x0218,0x0D18,0x0D02,

	0x0D0D,0x0218,0x0D18,0x0D02,0x0D0D,0x0218,0x0D18,0x0D02,
	0x0D0D,0x0218,0x0D18,0x0D02,0x0D0D,0x0218,0x0D18,0x0D02,
	0x0D0D,0x0218,0x0D18,0x0D02,0x0D0D,0x0218,0x0D18,0x0D02,
	0x0D0D,0x0218,0x0D18,0x0D02,0x0D0D,0x0218,0x0D18,0x0D02,
	0x0D0D,0x0218,0x0D18,0x0D02,0x0D0D,0x0218,0x0D18,0x0D02,
	0x0D0D,0x0218,0x0D18,0x0D02,0x0D0D,0x0218,0x0D18,0x0D02,
	0x0D0D,0x0218,0x0D18,0x0D02,0x0D0D,0x0218,0x0D18,0x0D02,
	0x0D0D,0x0218,0x0D18,0x0D02,0x0D0D,0x0218,0x0D18,0x0D02,

	0x0D0D,0x0218,0x0D18,0x0D02,0x0D0D,0x0218,0x0D18,0x0D02,
	0x0D0D,0x0218,0x0D18,0x0D02,0x0D0D,0x0218,0x0D18,0x0D02,
	0x0D0D,0x0218,0x0D18,0x0D02,0x0D0D,0x0218,0x0D18,0x0D02,
	0x0D0D,0x0D02,0x0D0D,0x0218,0x0B0D,0x030B,0x1718,0x0518,
	0x0505,0x1818,0x1212,0x1212,0x1212,0x1212,0x0D12,0x170D,
	0x1212,0x1212,0x0D12,0x170D,0x0B0B,0x020D,0x020B,0x180D,
	0x0D0D,0x0B0D,0x0218,0x180B,0x0D0D,0x0B02,0x020B,0x020D,
	0x0D0D,0x0218,0x0D18,0x0D02,0x0D0D,0x0218,0x0D18,0x0D02,

	0x0D0D,0x180D,0x0D0D,0x0D0D,0x0D18,0x180D,0x0D02,0x0202,
	0x0606,0x0B02,0x0202,0x0202,0x020D,0x0D02,0x020B,0x020D,
	0x0202,0x0B02,0x0202,0x0202,0x020D,0x0D02,0x020B,0x0B02,
	0x0202,0x180D,0x0D02,0x0D0D,0x0D0D,0x180D,0x0D0D,0x0D0D,
	0x0D0D,0x180D,0x0D0D,0x0D0D,0x0D0D,0x180D,0x0D0D,0x0D0D,
	0x0D0D,0x180D,0x0D0D,0x0D0D,0x0D0D,0x180D,0x0D0D,0x0D0D,
	0x0D0D,0x180D,0x0D0D,0x0D0D,0x0D0D,0x180D,0x0D0D,0x0D0D,
	0x0D0D,0x180D,0x0D0D,0x0D0D,0x0D0D,0x180D,0x0D0D,0x0D0D,

	0x0D0D,0x180D,0x0D0D,0x0D0D,0x0D0D,0x180D,0x0D0D,0x0D0D,
	0x0D0D,0x180D,0x0D0D,0x0D0D,0x0D0D,0x180D,0x0D0D,0x0D0D,
	0x0D0D,0x180D,0x0D0D,0x0D0D,0x0D0D,0x180D,0x0D0D,0x0D0D,
	0x0D0D,0x180D,0x0D0D,0x0D0D,0x0D0D,0x180D,0x0D0D,0x0D0D,
	0x0D0D,0x180D,0x0D0D,0x0D0D,0x0D0D,0x180D,0x0D0D,0x0D0D,
	0x0D0D,0x180D,0x0D0D,0x0D0D,0x0D0D,0x180D,0x0D0D,0x0D0D,
	0x0D0D,0x180D,0x0D0D,0x0D0D,0x0D0D,0x180D,0x0D0D,0x0D0D,
	0x0D0D,0x180D,0x0D0D,0x0D0D,0x0D0D,0x180D,0x0D0D,0x0D0D,

	0x0D0D,0x180D,0x0D0D,0x0D0D,0x0D0D,0x180D,0x0D0D,0x0D0D,
	0x0D0D,0x180D,0x0D0D,0x0D0D,0x0D0D,0x180D,0x0D0D,0x0D0D,
	0x0D0D,0x180D,0x0D0D,0x0D0D,0x0D0D,0x180D,0x0D0D,0x0D0D,
	0x0D0D,0x180D,0x0D0D,0x0D0D,0x0D0D,0x180D,0x0D0D,0x0D0D,
	0x0D0D,0x180D,0x0D0D,0x0D0D,0x0D0D,0x180D,0x0D0D,0x0D0D,
	0x0D0D,0x180D,0x0D0D,0x0D0D,0x0D0D,0x180D,0x0D0D,0x0D0D,
	0x0D0D,0x180D,0x0D0D,0x0D0D,0x0D0D,0x180D,0x0D0D,0x0D0D,
	0x0D0D,0x180D,0x0D0D,0x0D0D,0x0D0D,0x180D,0x0D0D,0x0D0D,

	0x0D0D,0x180D,0x0D0D,0x0D0D,0x0D0D,0x180D,0x0D0D,0x0D0D,
	0x0D0D,0x180D,0x0D0D,0x0D0D,0x0D0D,0x180D,0x0D0D,0x0D0D,
	0x0D0D,0x180D,0x0D0D,0x0D0D,0x0D0D,0x180D,0x0D0D,0x0D0D,
	0x0D02,0x020D,0x0D0D,0x0D0D,0x020D,0x180D,0x020D,0x180D,
	0x1817,0x050D,0x1212,0x1212,0x1212,0x1212,0x0212,0x0D0D,
	0x1212,0x1212,0x0212,0x0D0D,0x0D02,0x0D0D,0x180B,0x0D0D,
	0x180D,0x020D,0x0202,0x180D,0x020D,0x0B0D,0x0D0D,0x0D0D,
	0x0D0D,0x180D,0x0D0D,0x0D0D,0x0D0D,0x180D,0x0D0D,0x0D0D,

	0x020D,0x180D,0x0D0D,0x0D18,0x0D0D,0x1802,0x0D02,0x020D,
	0x0B02,0x0B06,0x0202,0x0B0D,0x0202,0x0D0B,0x020B,0x0202,
	0x0B02,0x0B02,0x0202,0x0B0D,0x020D,0x0D0B,0x020B,0x060B,
	0x0206,0x020D,0x0D0D,0x0D18,0x020D,0x180D,0x0D0D,0x0D18,
	0x020D,0x180D,0x0D0D,0x0D18,0x020D,0x180D,0x0D0D,0x0D18,
	0x020D,0x180D,0x0D0D,0x0D18,0x020D,0x180D,0x0D0D,0x0D18,
	0x020D,0x180D,0x0D0D,0x0D18,0x020D,0x180D,0x0D0D,0x0D18,
	0x020D,0x180D,0x0D0D,0x0D18,0x020D,0x180D,0x0D0D,0x0D18,

	0x020D,0x180D,0x0D0D,0x0D18,0x020D,0x180D,0x0D0D,0x0D18,
	0x020D,0x180D,0x0D0D,0x0D18,0x020D,0x180D,0x0D0D,0x0D18,
	0x020D,0x180D,0x0D0D,0x0D18,0x020D,0x180D,0x0D0D,0x0D18,
	0x020D,0x180D,0x0D0D,0x0D18,0x020D,0x180D,0x0D0D,0x0D18,
	0x020D,0x180D,0x0D0D,0x0D18,0x020D,0x180D,0x0D0D,0x0D18,
	0x020D,0x180D,0x0D0D,0x0D18,0x020D,0x180D,0x0D0D,0x0D18,
	0x020D,0x180D,0x0D0D,0x0D18,0x020D,0x180D,0x0D0D,0x0D18,
	0x020D,0x180D,0x0D0D,0x0D18,0x020D,0x180D,0x0D0D,0x0D18,

	0x020D,0x180D,0x0D0D,0x0D18,0x020D,0x180D,0x0D0D,0x0D18,
	0x020D,0x180D,0x0D0D,0x0D18,0x020D,0x180D,0x0D0D,0x0D18,
	0x020D,0x180D,0x0D0D,0x0D18,0x020D,0x180D,0x0D0D,0x0D18,
	0x020D,0x180D,0x0D0D,0x0D18,0x020D,0x180D,0x0D0D,0x0D18,
	0x020D,0x180D,0x0D0D,0x0D18,0x020D,0x180D,0x0D0D,0x0D18,
	0x020D,0x180D,0x0D0D,0x0D18,0x020D,0x180D,0x0D0D,0x0D18,
	0x020D,0x180D,0x0D0D,0x0D18,0x020D,0x180D,0x0D0D,0x0D18,
	0x020D,0x180D,0x0D0D,0x0D18,0x020D,0x180D,0x0D0D,0x0D18,

	0x020D,0x180D,0x0D0D,0x0D18,0x020D,0x180D,0x0D0D,0x0D18,
	0x020D,0x180D,0x0D0D,0x0D18,0x020D,0x180D,0x0D0D,0x0D18,
	0x020D,0x180D,0x0D0D,0x0D18,0x020D,0x180D,0x0D0D,0x0D18,
	0x020D,0x020D,0x180D,0x0D0D,0x0D18,0x0202,0x0202,0x0D0D,
	0x0D18,0x020D,0x1205,0x0505,0x1212,0x1212,0x0217,0x0D0B,
	0x1212,0x1212,0x0217,0x0D0B,0x020D,0x0D0D,0x0D0D,0x0D18,
	0x0D0D,0x0D18,0x020D,0x0D0D,0x0D02,0x020D,0x0D0D,0x180D,
	0x020D,0x180D,0x0D0D,0x0D18,0x020D,0x180D,0x0D0D,0x0D18,

	0x0D18,0x0D02,0x180D,0x0D02,0x0D02,0x020D,0x020D,0x0B18,
	0x060D,0x020B,0x0D02,0x020B,0x020B,0x0B02,0x0202,0x020D,
	0x020D,0x020B,0x0D02,0x020B,0x020B,0x0B02,0x0202,0x060B,
	0x0218,0x0202,0x1802,0x0D02,0x0D18,0x0D02,0x180D,0x0D02,
	0x0D18,0x0D02,0x180D,0x0D02,0x0D18,0x0D02,0x180D,0x0D02,
	0x0D18,0x0D02,0x180D,0x0D02,0x0D18,0x0D02,0x180D,0x0D02,
	0x0D18,0x0D02,0x180D,0x0D02,0x0D18,0x0D02,0x180D,0x0D02,
	0x0D18,0x0D02,0x180D,0x0D02,0x0D18,0x0D02,0x180D,0x0D02,

	0x0D18,0x0D02,0x180D,0x0D02,0x0D18,0x0D02,0x180D,0x0D02,
	0x0D18,0x0D02,0x180D,0x0D02,0x0D18,0x0D02,0x180D,0x0D02,
	0x0D18,0x0D02,0x180D,0x0D02,0x0D18,0x0D02,0x180D,0x0D02,
	0x0D18,0x0D02,0x180D,0x0D02,0x0D18,0x0D02,0x180D,0x0D02,
	0x0D18,0x0D02,0x180D,0x0D02,0x0D18,0x0D02,0x180D,0x0D02,
	0x0D18,0x0D02,0x180D,0x0D02,0x0D18,0x0D02,0x180D,0x0D02,
	0x0D18,0x0D02,0x180D,0x0D02,0x0D18,0x0D02,0x180D,0x0D02,
	0x0D18,0x0D02,0x180D,0x0D02,0x0D18,0x0D02,0x180D,0x0D02,

	0x0D18,0x0D02,0x180D,0x0D02,0x0D18,0x0D02,0x180D,0x0D02,
	0x0D18,0x0D02,0x180D,0x0D02,0x0D18,0x0D02,0x180D,0x0D02,
	0x0D18,0x0D02,0x180D,0x0D02,0x0D18,0x0D02,0x180D,0x0D02,
	0x0D18,0x0D02,0x180D,0x0D02,0x0D18,0x0D02,0x180D,0x0D02,
	0x0D18,0x0D02,0x180D,0x0D02,0x0D18,0x0D02,0x180D,0x0D02,
	0x0D18,0x0D02,0x180D,0x0D02,0x0D18,0x0D02,0x180D,0x0D02,
	0x0D18,0x0D02,0x180D,0x0D02,0x0D18,0x0D02,0x180D,0x0D02,
	0x0D18,0x0D02,0x180D,0x0D02,0x0D18,0x0D02,0x180D,0x0D02,

	0x0D18,0x0D02,0x180D,0x0D02,0x0D18,0x0D02,0x180D,0x0D02,
	0x0D18,0x0D02,0x180D,0x0D02,0x0D18,0x0D02,0x180D,0x0D02,
	0x0D18,0x0D02,0x180D,0x0D02,0x0D18,0x0D02,0x180D,0x0D02,
	0x020D,0x0D0D,0x0D18,0x0D0D,0x0D18,0x020D,0x020B,0x0D02,
	0x0D0D,0x0B0B,0x1717,0x0217,0x120B,0x0518,0x0B17,0x0202,
	0x120B,0x0518,0x0B17,0x0202,0x0D0D,0x020D,0x0D0D,0x0D0D,
	0x0D02,0x0D18,0x0D0D,0x0D02,0x0D02,0x0D0D,0x0D02,0x0D18,
	0x0D18,0x0D02,0x180D,0x0D02,0x0D18,0x0D02,0x180D,0x0D02,

	0x180D,0x0D02,0x180D,0x1802,0x0D0D,0x020D,0x0D02,0x0202,
	0x0D02,0x0202,0x0D02,0x0D0B,0x0202,0x0B02,0x0D02,0x0202,
	0x0D02,0x020B,0x0D02,0x0D0B,0x0202,0x0B02,0x0B02,0x0206,
	0x020D,0x0202,0x180D,0x1802,0x180D,0x0D02,0x180D,0x1802,
	0x180D,0x0D02,0x180D,0x1802,0x180D,0x0D02,0x180D,0x1802,
	0x180D,0x0D02,0x180D,0x1802,0x180D,0x0D02,0x180D,0x1802,
	0x180D,0x0D02,0x180D,0x1802,0x180D,0x0D02,0x180D,0x1802,
	0x180D,0x0D02,0x180D,0x1802,0x180D,0x0D02,0x180D,0x1802,

	0x180D,0x0D02,0x180D,0x1802,0x180D,0x0D02,0x180D,0x1802,
	0x180D,0x0D02,0x180D,0x1802,0x180D,0x0D02,0x180D,0x1802,
	0x180D,0x0D02,0x180D,0x1802,0x180D,0x0D02,0x180D,0x1802,
	0x180D,0x0D02,0x180D,0x1802,0x180D,0x0D02,0x180D,0x1802,
	0x180D,0x0D02,0x180D,0x1802,0x180D,0x0D02,0x180D,0x1802,
	0x180D,0x0D02,0x180D,0x1802,0x180D,0x0D02,0x180D,0x1802,
	0x180D,0x0D02,0x180D,0x1802,0x180D,0x0D02,0x180D,0x1802,
	0x180D,0x0D02,0x180D,0x1802,0x180D,0x0D02,0x180D,0x1802,

	0x180D,0x0D02,0x180D,0x1802,0x180D,0x0D02,0x180D,0x1802,
	0x180D,0x0D02,0x180D,0x1802,0x180D,0x0D02,0x180D,0x1802,
	0x180D,0x0D02,0x180D,0x1802,0x180D,0x0D02,0x180D,0x1802,
	0x180D,0x0D02,0x180D,0x1802,0x180D,0x0D02,0x180D,0x1802,
	0x180D,0x0D02,0x180D,0x1802,0x180D,0x0D02,0x180D,0x1802,
	0x180D,0x0D02,0x180D,0x1802,0x180D,0x0D02,0x180D,0x1802,
	0x180D,0x0D02,0x180D,0x1802,0x180D,0x0D02,0x180D,0x1802,
	0x180D,0x0D02,0x180D,0x1802,0x180D,0x0D02,0x180D,0x1802,

	0x180D,0x0D02,0x180D,0x1802,0x180D,0x0D02,0x180D,0x1802,
	0x180D,0x0D02,0x180D,0x1802,0x180D,0x0D02,0x180D,0x1802,
	0x180D,0x0D02,0x180D,0x1802,0x180D,0x0D02,0x180D,0x1802,
	0x0D0D,0x0D0D,0x0D18,0x0D02,0x020D,0x0D02,0x0B0D,0x0202,
	0x0B0D,0x0202,0x0202,0x0D02,0x1202,0x170D,0x020B,0x0D02,
	0x1202,0x170D,0x020B,0x0D02,0x0D0D,0x0D18,0x0D0D,0x180D,
	0x020D,0x0D0D,0x0D0D,0x0218,0x0D0D,0x0D02,0x0D02,0x0D18,
	0x180D,0x0D02,0x180D,0x1802,0x180D,0x0D02,0x180D,0x1802,

	0x180D,0x0D0D,0x0D0D,0x180D,0x180D,0x0D0D,0x0202,0x0D02,
	0x0202,0x0206,0x0202,0x0D0B,0x0D02,0x0B02,0x0D02,0x0202,
	0x0D02,0x0202,0x0202,0x0D02,0x0D02,0x0202,0x0B0B,0x0B02,
	0x180D,0x0D0D,0x0D0D,0x180D,0x180D,0x0D0D,0x0D0D,0x180D,
	0x180D,0x0D0D,0x0D0D,0x180D,0x180D,0x0D0D,0x0D0D,0x180D,
	0x180D,0x0D0D,0x0D0D,0x180D,0x180D,0x0D0D,0x0D0D,0x180D,
	0x180D,0x0D0D,0x0D0D,0x180D,0x180D,0x0D0D,0x0D0D,0x180D,
	0x180D,0x0D0D,0x0D0D,0x180D,0x180D,0x0D0D,0x0D0D,0x180D,

	0x180D,0x0D0D,0x0D0D,0x180D,0x180D,0x0D0D,0x0D0D,0x180D,
	0x180D,0x0D0D,0x0D0D,0x180D,0x180D,0x0D0D,0x0D0D,0x180D,
	0x180D,0x0D0D,0x0D0D,0x180D,0x180D,0x0D0D,0x0D0D,0x180D,
	0x180D,0x0D0D,0x0D0D,0x180D,0x180D,0x0D0D,0x0D0D,0x180D,
	0x180D,0x0D0D,0x0D0D,0x180D,0x180D,0x0D0D,0x0D0D,0x180D,
	0x180D,0x0D0D,0x0D0D,0x180D,0x180D,0x0D0D,0x0D0D,0x180D,
	0x180D,0x0D0D,0x0D0D,0x180D,0x180D,0x0D0D,0x0D0D,0x180D,
	0x180D,0x0D0D,0x0D0D,0x180D,0x180D,0x0D0D,0x0D0D,0x180D,

	0x180D,0x0D0D,0x0D0D,0x180D,0x180D,0x0D0D,0x0D0D,0x180D,
	0x180D,0x0D0D,0x0D0D,0x180D,0x180D,0x0D0D,0x0D0D,0x180D,
	0x180D,0x0D0D,0x0D0D,0x180D,0x180D,0x0D0D,0x0D0D,0x180D,
	0x180D,0x0D0D,0x0D0D,0x180D,0x180D,0x0D0D,0x0D0D,0x180D,
	0x180D,0x0D0D,0x0D0D,0x180D,0x180D,0x0D0D,0x0D0D,0x180D,
	0x180D,0x0D0D,0x0D0D,0x180D,0x180D,0x0D0D,0x0D0D,0x180D,
	0x180D,0x0D0D,0x0D0D,0x180D,0x180D,0x0D0D,0x0D0D,0x180D,
	0x180D,0x0D0D,0x0D0D,0x180D,0x180D,0x0D0D,0x0D0D,0x180D,

	0x180D,0x0D0D,0x0D0D,0x180D,0x180D,0x0D0D,0x0D0D,0x180D,
	0x180D,0x0D0D,0x0D0D,0x180D,0x180D,0x0D0D,0x0D0D,0x180D,
	0x180D,0x0D0D,0x0D0D,0x180D,0x180D,0x0D0D,0x0D0D,0x180D,
	0x0D0D,0x0D18,0x0D02,0x0D18,0x180D,0x020D,0x0D0D,0x0D0D,
	0x0D0D,0x0D0D,0x180D,0x180D,0x0D0D,0x0B02,0x0202,0x020D,
	0x0D0D,0x0B02,0x0202,0x020D,0x0D0D,0x180D,0x0D18,0x0D0D,
	0x0218,0x0D0D,0x0D02,0x0218,0x020D,0x180D,0x0D0D,0x020D,
	0x180D,0x0D0D,0x0D0D,0x180D,0x180D,0x0D0D,0x0D0D,0x180D,

	0x0D0D,0x0D0D,0x0D18,0x0218,0x0D0D,0x0D18,0x0D0D,0x1802,
	0x0202,0x020B,0x020D,0x0B0D,0x0202,0x020D,0x0B02,0x0D02,
	0x0202,0x0202,0x020D,0x0B0D,0x0202,0x020D,0x020B,0x1806,
	0x020D,0x0D0D,0x0D18,0x0218,0x0D0D,0x0D0D,0x0D18,0x0218,
	0x0D0D,0x0D0D,0x0D18,0x0218,0x0D0D,0x0D0D,0x0D18,0x0218,
	0x0D0D,0x0D0D,0x0D18,0x0218,0x0D0D,0x0D0D,0x0D18,0x0218,
	0x0D0D,0x0D0D,0x0D18,0x0218,0x0D0D,0x0D0D,0x0D18,0x0218,
	0x0D0D,0x0D0D,0x0D18,0x0218,0x0D0D,0x0D0D,0x0D18,0x0218,

	0x0D0D,0x0D0D,0x0D18,0x0218,0x0D0D,0x0D0D,0x0D18,0x0218,
	0x0D0D,0x0D0D,0x0D18,0x0218,0x0D0D,0x0D0D,0x0D18,0x0218,
	0x0D0D,0x0D0D,0x0D18,0x0218,0x0D0D,0x0D0D,0x0D18,0x0218,
	0x0D0D,0x0D0D,0x0D18,0x0218,0x0D0D,0x0D0D,0x0D18,0x0218,
	0x0D0D,0x0D0D,0x0D18,0x0218,0x0D0D,0x0D0D,0x0D18,0x0218,
	0x0D0D,0x0D0D,0x0D18,0x0218,0x0D0D,0x0D0D,0x0D18,0x0218,
	0x0D0D,0x0D0D,0x0D18,0x0218,0x0D0D,0x0D0D,0x0D18,0x0218,
	0x0D0D,0x0D0D,0x0D18,0x0218,0x0D0D,0x0D0D,0x0D18,0x0218,

	0x0D0D,0x0D0D,0x0D18,0x0218,0x0D0D,0x0D0D,0x0D18,0x0218,
	0x0D0D,0x0D0D,0x0D18,0x0218,0x0D0D,0x0D0D,0x0D18,0x0218,
	0x0D0D,0x0D0D,0x0D18,0x0218,0x0D0D,0x0D0D,0x0D18,0x0218,
	0x0D0D,0x0D0D,0x0D18,0x0218,0x0D0D,0x0D0D,0x0D18,0x0218,
	0x0D0D,0x0D0D,0x0D18,0x0218,0x0D0D,0x0D0D,0x0D18,0x0218,
	0x0D0D,0x0D0D,0x0D18,0x0218,0x0D0D,0x0D0D,0x0D18,0x0218,
	0x0D0D,0x0D0D,0x0D18,0x0218,0x0D0D,0x0D0D,0x0D18,0x0218,
	0x0D0D,0x0D0D,0x0D18,0x0218,0x0D0D,0x0D0D,0x0D18,0x0218,

	0x0D0D,0x0D0D,0x0D18,0x0218,0x0D0D,0x0D0D,0x0D18,0x0218,
	0x0D0D,0x0D0D,0x0D18,0x0218,0x0D0D,0x0D0D,0x0D18,0x0218,
	0x0D0D,0x0D0D,0x0D18,0x0218,0x0D0D,0x0D0D,0x0D18,0x0218,
	0x0D02,0x0218,0x180D,0x020D,0x0D0D,0x0D02,0x0D0D,0x0D02,
	0x0D0D,0x0218,0x0D18,0x180D,0x0D0D,0x0218,0x0D18,0x020D,
	0x0D0D,0x0218,0x0D18,0x020D,0x0D0D,0x0D02,0x0D0D,0x0D02,
	0x0D18,0x180D,0x020D,0x0D0D,0x020D,0x0D18,0x0D0D,0x0D02,
	0x0D0D,0x0D0D,0x0D18,0x0218,0x0D0D,0x0D0D,0x0D18,0x0218,

	0x0D0D,0x0D18,0x180D,0x180D,0x0D02,0x0D18,0x0202,0x0D18,
	0x020D,0x0B06,0x0D0B,0x0D0B,0x020B,0x020D,0x020B,0x020D,
	0x0202,0x020D,0x0D02,0x0D02,0x020B,0x0B0D,0x0206,0x0218,
	0x0D02,0x0D18,0x1802,0x180D,0x0D0D,0x0D18,0x180D,0x180D,
	0x0D0D,0x0D18,0x180D,0x180D,0x0D0D,0x0D18,0x180D,0x180D,
	0x0D0D,0x0D18,0x180D,0x180D,0x0D0D,0x0D18,0x180D,0x180D,
	0x0D0D,0x0D18,0x180D,0x180D,0x0D0D,0x0D18,0x180D,0x180D,
	0x0D0D,0x0D18,0x180D,0x180D,0x0D0D,0x0D18,0x180D,0x180D,

	0x0D0D,0x0D18,0x180D,0x180D,0x0D0D,0x0D18,0x180D,0x180D,
	0x0D0D,0x0D18,0x180D,0x180D,0x0D0D,0x0D18,0x180D,0x180D,
	0x0D0D,0x0D18,0x180D,0x180D,0x0D0D,0x0D18,0x180D,0x180D,
	0x0D0D,0x0D18,0x180D,0x180D,0x0D0D,0x0D18,0x180D,0x180D,
	0x0D0D,0x0D18,0x180D,0x180D,0x0D0D,0x0D18,0x180D,0x180D,
	0x0D0D,0x0D18,0x180D,0x180D,0x0D0D,0x0D18,0x180D,0x180D,
	0x0D0D,0x0D18,0x180D,0x180D,0x0D0D,0x0D18,0x180D,0x180D,
	0x0D0D,0x0D18,0x180D,0x180D,0x0D0D,0x0D18,0x180D,0x180D,

	0x0D0D,0x0D18,0x180D,0x180D,0x0D0D,0x0D18,0x180D,0x180D,
	0x0D0D,0x0D18,0x180D,0x180D,0x0D0D,0x0D18,0x180D,0x180D,
	0x0D0D,0x0D18,0x180D,0x180D,0x0D0D,0x0D18,0x180D,0x180D,
	0x0D0D,0x0D18,0x180D,0x180D,0x0D0D,0x0D18,0x180D,0x180D,
	0x0D0D,0x0D18,0x180D,0x180D,0x0D0D,0x0D18,0x180D,0x180D,
	0x0D0D,0x0D18,0x180D,0x180D,0x0D0D,0x0D18,0x180D,0x180D,
	0x0D0D,0x0D18,0x180D,0x180D,0x0D0D,0x0D18,0x180D,0x180D,
	0x0D0D,0x0D18,0x180D,0x180D,0x0D0D,0x0D18,0x180D,0x180D,

	0x0D0D,0x0D18,0x180D,0x180D,0x0D0D,0x0D18,0x180D,0x180D,
	0x0D0D,0x0D18,0x180D,0x180D,0x0D0D,0x0D18,0x180D,0x180D,
	0x0D0D,0x0D18,0x180D,0x180D,0x0D0D,0x0D18,0x180D,0x180D,
	0x020D,0x020D,0x180D,0x0D0D,0x0D0D,0x0218,0x0D0D,0x1802,
	0x020D,0x0D0D,0x180D,0x0D0D,0x020D,0x020D,0x180D,0x0D0D,
	0x020D,0x020D,0x180D,0x0D0D,0x0D0D,0x0218,0x0D0D,0x0D02,
	0x0D0D,0x0D0D,0x0218,0x020D,0x0D0D,0x0D18,0x020D,0x0D02,
	0x0D0D,0x0D18,0x180D,0x180D,0x0D0D,0x0D18,0x180D,0x180D,

	0x0D0D,0x0218,0x0D18,0x0D02,0x0D0D,0x0D02,0x0D0D,0x0D02,
	0x0202,0x0602,0x0B06,0x0D0B,0x020B,0x020B,0x020B,0x020B,
	0x020B,0x0D02,0x0B02,0x0D02,0x0B0B,0x0B06,0x0B02,0x0D18,
	0x0D02,0x020D,0x020D,0x180D,0x0D0D,0x0218,0x0D18,0x0D02,
	0x0D0D,0x0218,0x0D18,0x0D02,0x0D0D,0x0218,0x0D18,0x0D02,
	0x0D0D,0x0218,0x0D18,0x0D02,0x0D0D,0x0218,0x0D18,0x0D02,
	0x0D0D,0x0218,0x0D18,0x0D02,0x0D0D,0x0218,0x0D18,0x0D02,
	0x0D0D,0x0218,0x0D18,0x0D02,0x0D0D,0x0218,0x0D18,0x0D02,

	0x0D0D,0x0218,0x0D18,0x0D02,0x0D0D,0x0218,0x0D18,0x0D02,
	0x0D0D,0x0218,0x0D18,0x0D02,0x0D0D,0x0218,0x0D18,0x0D02,
	0x0D0D,0x0218,0x0D18,0x0D02,0x0D0D,0x0218,0x0D18,0x0D02,
	0x0D0D,0x0218,0x0D18,0x0D02,0x0D0D,0x0218,0x0D18,0x0D02,
	0x0D0D,0x0218,0x0D18,0x0D02,0x0D0D,0x0218,0x0D18,0x0D02,
	0x0D0D,0x0218,0x0D18,0x0D02,0x0D0D,0x0218,0x0D18,0x0D02,
	0x0D0D,0x0218,0x0D18,0x0D02,0x0D0D,0x0218,0x0D18,0x0D02,
	0x0D0D,0x0218,0x0D18,0x0D02,0x0D0D,0x0218,0x0D18,0x0D02,

	0x0D0D,0x0218,0x0D18,0x0D02,0x0D0D,0x0218,0x0D18,0x0D02,
	0x0218,0x180D,0x0D0D,0x180D,0x0D0D,0x0218,0x0D18,0x0D02,
	0x0D0D,0x0218,0x0D18,0x0D02,0x0D0D,0x0218,0x0D18,0x0D02,
	0x0D0D,0x0218,0x0D18,0x0D02,0x0D0D,0x0218,0x0D18,0x0D02,
	0x0D0D,0x0218,0x0D18,0x0D02,0x0D0D,0x0218,0x0D18,0x0D02,
	0x0D0D,0x0218,0x0D18,0x0D02,0x0D0D,0x0218,0x0D18,0x0D02,
	0x0D0D,0x0218,0x0D18,0x0D02,0x0D0D,0x0218,0x0D18,0x0D02,
	0x0D0D,0x0218,0x0D18,0x0D02,0x0D0D,0x0218,0x0D18,0x0D02,

	0x0D0D,0x0218,0x0D18,0x0D02,0x0D0D,0x0218,0x0D18,0x0D02,
	0x0D0D,0x0218,0x0D18,0x0D02,0x0D0D,0x0218,0x0D18,0x0D02,
	0x0D0D,0x0218,0x0D18,0x0D02,0x0D0D,0x0218,0x0D18,0x0D02,
	0x0D0D,0x0218,0x0D18,0x0D02,0x0D0D,0x0218,0x0D18,0x0D02,
	0x0D0D,0x0218,0x0D18,0x0D02,0x0D0D,0x0218,0x0D18,0x0D02,
	0x0D0D,0x0218,0x0D18,0x0D02,0x0218,0x0D0D,0x020D,0x180D,
	0x0D0D,0x0218,0x0D18,0x0D02,0x0218,0x0D0D,0x020D,0x180D,
	0x0D0D,0x0218,0x0D18,0x0D02,0x0D0D,0x0218,0x0D18,0x0D02,

	0x0D0D,0x180D,0x0D0D,0x0D0D,0x0D02,0x020D,0x0D0D,0x0D02,
	0x020D,0x0202,0x0B0B,0x0B06,0x0B0B,0x060B,0x0B06,0x0606,
	0x020B,0x0D0B,0x0B0B,0x0B0B,0x0606,0x020B,0x0B02,0x0D02,
	0x0202,0x0202,0x0D02,0x0D0D,0x0D0D,0x180D,0x0D0D,0x0D0D,
	0x0D0D,0x180D,0x0D0D,0x0D0D,0x0D0D,0x180D,0x0D0D,0x0D0D,
	0x0D0D,0x180D,0x0D0D,0x0D0D,0x0D0D,0x180D,0x0D0D,0x0D0D,
	0x0D0D,0x180D,0x0D0D,0x0D0D,0x0D0D,0x180D,0x0D0D,0x0D0D,
	0x0D0D,0x180D,0x0D0D,0x0D0D,0x0D0D,0x180D,0x0D0D,0x0D0D,

	0x0D0D,0x180D,0x0D0D,0x0D0D,0x0D0D,0x180D,0x0D0D,0x0D0D,
	0x0D0D,0x180D,0x0D0D,0x0D0D,0x0D0D,0x180D,0x0D0D,0x0D0D,
	0x0D0D,0x180D,0x0D0D,0x0D0D,0x0D0D,0x180D,0x0D0D,0x0D0D,
	0x0D0D,0x180D,0x0D0D,0x0D0D,0x0D0D,0x180D,0x0D0D,0x0D0D,
	0x0D0D,0x180D,0x0D0D,0x0D0D,0x0D0D,0x180D,0x0D0D,0x0D0D,
	0x0D0D,0x180D,0x0D0D,0x0D0D,0x0D0D,0x180D,0x0D0D,0x0D0D,
	0x0D0D,0x180D,0x0D0D,0x0D0D,0x0D0D,0x180D,0x0D0D,0x0D0D,
	0x0D0D,0x180D,0x0D0D,0x0D0D,0x0D0D,0x180D,0x0D0D,0x0D0D,

	0x0D0D,0x180D,0x0D0D,0x0D0D,0x0D0D,0x180D,0x0D0D,0x0D0D,
	0x0D18,0x0D02,0x0D0D,0x180D,0x0D0D,0x180D,0x0D02,0x020D,
	0x0D0D,0x180D,0x0D0D,0x0D0D,0x0D0D,0x180D,0x0D0D,0x0D0D,
	0x0D0D,0x180D,0x0D0D,0x0D0D,0x0D0D,0x180D,0x0D0D,0x0D0D,
	0x0D0D,0x180D,0x0D0D,0x0D0D,0x0D0D,0x180D,0x0D0D,0x0D0D,
	0x0D0D,0x180D,0x0D0D,0x0D0D,0x0D0D,0x180D,0x0D0D,0x0D0D,
	0x0D0D,0x180D,0x0D0D,0x0D0D,0x0D0D,0x180D,0x0D0D,0x0D0D,
	0x0D0D,0x180D,0x0D0D,0x0D0D,0x0D0D,0x180D,0x0D0D,0x0D0D,

	0x0D0D,0x180D,0x0D0D,0x0D0D,0x0D0D,0x180D,0x0D0D,0x0D0D,
	0x0D0D,0x180D,0x0D0D,0x0D0D,0x0D0D,0x180D,0x0D0D,0x0D0D,
	0x0D0D,0x180D,0x0D0D,0x0D0D,0x0D0D,0x180D,0x0D0D,0x0D0D,
	0x0D0D,0x180D,0x0D0D,0x0D0D,0x0D0D,0x180D,0x0D0D,0x0D0D,
	0x0D0D,0x180D,0x0D0D,0x0D0D,0x0D0D,0x180D,0x0D0D,0x0D0D,
	0x0D0D,0x180D,0x0D0D,0x0D0D,0x0D18,0x0D0D,0x0202,0x0D18,
	0x0D0D,0x180D,0x0D0D,0x0D0D,0x0D18,0x0D0D,0x0202,0x0D18,
	0x0D0D,0x180D,0x0D0D,0x0D0D,0x0D0D,0x180D,0x0D0D,0x0D0D,

	0x020D,0x180D,0x0D0D,0x0D18,0x020D,0x020D,0x020D,0x0202,
	0x020D,0x020D,0x0202,0x020B,0x0606,0x0B06,0x020B,0x0B02,
	0x0B06,0x0B0B,0x0606,0x0B06,0x0202,0x0202,0x0202,0x0D0D,
	0x020D,0x020D,0x0D02,0x0D18,0x020D,0x180D,0x0D0D,0x0D18,
	0x020D,0x180D,0x0D0D,0x0D18,0x020D,0x180D,0x0D0D,0x0D18,
	0x020D,0x180D,0x0D0D,0x0D18,0x020D,0x180D,0x0D0D,0x0D18,
	0x020D,0x180D,0x0D0D,0x0D18,0x020D,0x180D,0x0D0D,0x0D18,
	0x020D,0x180D,0x0D0D,0x0D18,0x020D,0x180D,0x0D0D,0x0D18,

	0x020D,0x180D,0x0D0D,0x0D18,0x020D,0x180D,0x0D0D,0x0D18,
	0x020D,0x180D,0x0D0D,0x0D18,0x020D,0x180D,0x0D0D,0x0D18,
	0x020D,0x180D,0x0D0D,0x0D18,0x020D,0x180D,0x0D0D,0x0D18,
	0x020D,0x180D,0x0D0D,0x0D18,0x020D,0x180D,0x0D0D,0x0D18,
	0x020D,0x180D,0x0D0D,0x0D18,0x020D,0x180D,0x0D0D,0x0D18,
	0x020D,0x180D,0x0D0D,0x0D18,0x020D,0x180D,0x0D0D,0x0D18,
	0x020D,0x180D,0x0D0D,0x0D18,0x020D,0x180D,0x0D0D,0x0D18,
	0x020D,0x180D,0x0D0D,0x0D18,0x020D,0x180D,0x0D0D,0x0D18,

	0x020D,0x180D,0x0D0D,0x0D18,0x020D,0x180D,0x0D0D,0x0D18,
	0x0D0D,0x0D02,0x0D18,0x0D02,0x0D0D,0x180D,0x0D0D,0x020D,
	0x020D,0x180D,0x0D0D,0x0D18,0x020D,0x180D,0x0D0D,0x0D18,
	0x020D,0x180D,0x0D0D,0x0D18,0x020D,0x180D,0x0D0D,0x0D18,
	0x020D,0x180D,0x0D0D,0x0D18,0x020D,0x180D,0x0D0D,0x0D18,
	0x020D,0x180D,0x0D0D,0x0D18,0x020D,0x180D,0x0D0D,0x0D18,
	0x020D,0x180D,0x0D0D,0x0D18,0x020D,0x180D,0x0D0D,0x0D18,
	0x020D,0x180D,0x0D0D,0x0D18,0x020D,0x180D,0x0D0D,0x0D18,

	0x020D,0x180D,0x0D0D,0x0D18,0x020D,0x180D,0x0D0D,0x0D18,
	0x020D,0x180D,0x0D0D,0x0D18,0x020D,0x180D,0x0D0D,0x0D18,
	0x020D,0x180D,0x0D0D,0x0D18,0x020D,0x180D,0x0D0D,0x0D18,
	0x020D,0x180D,0x0D0D,0x0D18,0x020D,0x180D,0x0D0D,0x0D18,
	0x020D,0x180D,0x0D0D,0x0D18,0x020D,0x180D,0x0D0D,0x0D18,
	0x020D,0x180D,0x0D0D,0x0D18,0x0D0D,0x0218,0x0202,0x0D02,
	0x020D,0x1802,0x0D0D,0x0202,0x0D0D,0x0218,0x0202,0x0D02,
	0x020D,0x1802,0x0D0D,0x0202,0x020D,0x180D,0x0D0D,0x0D18,

	0x0D18,0x0D02,0x180D,0x0D02,0x020D,0x0D0D,0x0D18,0x0D02,
	0x0D18,0x1802,0x0B02,0x020D,0x0202,0x020B,0x0202,0x020D,
	0x0B02,0x0206,0x020B,0x020B,0x0202,0x0202,0x0218,0x0D0D,
	0x0D02,0x180D,0x180D,0x0D0D,0x0D18,0x0D02,0x180D,0x0D02,
	0x0D18,0x0D02,0x180D,0x0D02,0x0D18,0x0D02,0x180D,0x0D02,
	0x0D18,0x0D02,0x180D,0x0D02,0x0D18,0x0D02,0x180D,0x0D02,
	0x0D18,0x0D02,0x180D,0x0D02,0x0D18,0x0D02,0x180D,0x0D02,
	0x0D18,0x0D02,0x180D,0x0D02,0x0D18,0x0D02,0x180D,0x0D02,

	0x0D18,0x0D02,0x180D,0x0D02,0x0D18,0x0D02,0x180D,0x0D02,
	0x0D18,0x0D02,0x180D,0x0D02,0x0D18,0x0D02,0x180D,0x0D02,
	0x0D18,0x0D02,0x180D,0x0D02,0x0D18,0x0D02,0x180D,0x0D02,
	0x0D18,0x0D02,0x180D,0x0D02,0x0D18,0x0D02,0x180D,0x0D02,
	0x0D18,0x0D02,0x180D,0x0D02,0x0D18,0x0D02,0x180D,0x0D02,
	0x0D18,0x0D02,0x180D,0x0D02,0x0D18,0x0D02,0x180D,0x0D02,
	0x0D18,0x0D02,0x180D,0x0D02,0x0D18,0x0D02,0x180D,0x0D02,
	0x0D18,0x0D02,0x180D,0x0D02,0x0D18,0x0D02,0x180D,0x0D02,

	0x0D18,0x0D02,0x180D,0x0D02,0x0D18,0x0D02,0x180D,0x0D02,
	0x0D02,0x180D,0x0D0D,0x0D0D,0x180D,0x0D0D,0x0D0D,0x0D18,
	0x0D18,0x0D02,0x180D,0x0D02,0x0D18,0x0D02,0x180D,0x0D02,
	0x0D18,0x0D02,0x180D,0x0D02,0x0D18,0x0D02,0x180D,0x0D02,
	0x0D18,0x0D02,0x180D,0x0D02,0x0D18,0x0D02,0x180D,0x0D02,
	0x0D18,0x0D02,0x180D,0x0D02,0x0D18,0x0D02,0x180D,0x0D02,
	0x0D18,0x0D02,0x180D,0x0D02,0x0D18,0x0D02,0x180D,0x0D02,
	0x0D18,0x0D02,0x180D,0x0D02,0x0D18,0x0D02,0x180D,0x0D02,

	0x0D18,0x0D02,0x180D,0x0D02,0x0D18,0x0D02,0x180D,0x0D02,
	0x0D18,0x0D02,0x180D,0x0D02,0x0D18,0x0D02,0x180D,0x0D02,
	0x0D18,0x0D02,0x180D,0x0D02,0x0D18,0x0D02,0x180D,0x0D02,
	0x0D18,0x0D02,0x180D,0x0D02,0x0D18,0x0D02,0x180D,0x0D02,
	0x0D18,0x0D02,0x180D,0x0D02,0x0D18,0x0D02,0x180D,0x0D02,
	0x0D18,0x0D02,0x180D,0x0D02,0x0202,0x020D,0x0A11,0x0D11,
	0x0202,0x0D02,0x180D,0x0D02,0x0202,0x020D,0x0202,0x0D02,
	0x0202,0x0D02,0x180D,0x0D02,0x0D18,0x0D02,0x180D,0x0D02,

	0x180D,0x0D02,0x180D,0x1802,0x0D0D,0x0D0D,0x0D18,0x0D02,
	0x180D,0x0202,0x0D18,0x020D,0x020D,0x0D02,0x0218,0x0D02,
	0x0202,0x020D,0x0B02,0x0202,0x0202,0x0D0D,0x0D18,0x0D02,
	0x1802,0x0D0D,0x0D18,0x0D0D,0x180D,0x0D02,0x180D,0x1802,
	0x180D,0x0D02,0x180D,0x1802,0x180D,0x0D02,0x180D,0x1802,
	0x180D,0x0D02,0x180D,0x1802,0x180D,0x0D02,0x180D,0x1802,
	0x180D,0x0D02,0x180D,0x1802,0x180D,0x0D02,0x180D,0x1802,
	0x180D,0x0D02,0x180D,0x1802,0x180D,0x0D02,0x180D,0x1802,

	0x180D,0x0D02,0x180D,0x1802,0x180D,0x0D02,0x180D,0x1802,
	0x180D,0x0D02,0x180D,0x1802,0x180D,0x0D02,0x180D,0x1802,
	0x180D,0x0D02,0x180D,0x1802,0x180D,0x0D02,0x180D,0x1802,
	0x180D,0x0D02,0x180D,0x1802,0x180D,0x0D02,0x180D,0x1802,
	0x180D,0x0D02,0x180D,0x1802,0x180D,0x0D02,0x180D,0x1802,
	0x180D,0x0D02,0x180D,0x1802,0x180D,0x0D02,0x180D,0x1802,
	0x180D,0x0D02,0x180D,0x1802,0x180D,0x0D02,0x180D,0x1802,
	0x180D,0x0D02,0x180D,0x1802,0x180D,0x0D02,0x180D,0x1802,

	0x180D,0x0D02,0x180D,0x1802,0x180D,0x0D02,0x180D,0x1802,
	0x020D,0x180D,0x180D,0x020D,0x0D0D,0x0D18,0x0D0D,0x180D,
	0x180D,0x0D02,0x180D,0x1802,0x180D,0x0D02,0x180D,0x1802,
	0x180D,0x0D02,0x180D,0x1802,0x180D,0x0D02,0x180D,0x1802,
	0x180D,0x0D02,0x180D,0x1802,0x180D,0x0D02,0x180D,0x1802,
	0x180D,0x0D02,0x180D,0x1802,0x180D,0x0D02,0x180D,0x1802,
	0x180D,0x0D02,0x180D,0x1802,0x180D,0x0D02,0x180D,0x1802,
	0x180D,0x0D02,0x180D,0x1802,0x180D,0x0D02,0x180D,0x1802,

	0x180D,0x0D02,0x180D,0x1802,0x180D,0x0D02,0x180D,0x1802,
	0x180D,0x0D02,0x180D,0x1802,0x180D,0x0D02,0x180D,0x1802,
	0x180D,0x0D02,0x180D,0x1802,0x180D,0x0D02,0x180D,0x1802,
	0x180D,0x0D02,0x180D,0x1802,0x180D,0x0D02,0x180D,0x1802,
	0x180D,0x0D02,0x180D,0x1802,0x180D,0x0D02,0x180D,0x1802,
	0x180D,0x0D02,0x180D,0x1802,0x020D,0x180D,0x0707,0x1811,
	0x0202,0x0D02,0x0D0D,0x1802,0x020D,0x0D0D,0x0A11,0x0D11,
	0x0202,0x0D02,0x0D0D,0x1802,0x180D,0x0D02,0x180D,0x1802,

	0x180D,0x0D0D,0x0D0D,0x180D,0x0D0D,0x0D18,0x0D02,0x0D18,
	0x180D,0x0D02,0x0D18,0x020D,0x0D02,0x0218,0x0202,0x0218,
	0x1802,0x020D,0x0218,0x020D,0x020D,0x0D18,0x0D02,0x0D18,
	0x1802,0x0D0D,0x0D18,0x020D,0x180D,0x0D0D,0x0D0D,0x180D,
	0x180D,0x0D0D,0x0D0D,0x180D,0x180D,0x0D0D,0x0D0D,0x180D,
	0x180D,0x0D0D,0x0D0D,0x180D,0x180D,0x0D0D,0x0D0D,0x180D,
	0x180D,0x0D0D,0x0D0D,0x180D,0x180D,0x0D0D,0x0D0D,0x180D,
	0x180D,0x0D0D,0x0D0D,0x180D,0x180D,0x0D0D,0x0D0D,0x180D,

	0x180D,0x0D0D,0x0D0D,0x180D,0x180D,0x0D0D,0x0D0D,0x180D,
	0x180D,0x0D0D,0x0D0D,0x180D,0x180D,0x0D0D,0x0D0D,0x180D,
	0x180D,0x0D0D,0x0D0D,0x180D,0x180D,0x0D0D,0x0D0D,0x180D,
	0x180D,0x0D0D,0x0D0D,0x180D,0x180D,0x0D0D,0x0D0D,0x180D,
	0x180D,0x0D0D,0x0D0D,0x180D,0x180D,0x0D0D,0x0D0D,0x180D,
	0x180D,0x0D0D,0x0D0D,0x180D,0x180D,0x0D0D,0x0D0D,0x180D,
	0x180D,0x0D0D,0x0D0D,0x180D,0x180D,0x0D0D,0x0D0D,0x180D,
	0x180D,0x0D0D,0x0D0D,0x180D,0x180D,0x0D0D,0x0D0D,0x180D,

	0x180D,0x0D0D,0x0D0D,0x180D,0x180D,0x0D0D,0x0D0D,0x180D,
	0x020D,0x0D0D,0x0D02,0x0D02,0x0D0D,0x0218,0x0D0D,0x180D,
	0x180D,0x0D0D,0x0D0D,0x180D,0x180D,0x0D0D,0x0D0D,0x180D,
	0x180D,0x0D0D,0x0D0D,0x180D,0x180D,0x0D0D,0x0D0D,0x180D,
	0x180D,0x0D0D,0x0D0D,0x180D,0x180D,0x0D0D,0x0D0D,0x180D,
	0x180D,0x0D0D,0x0D0D,0x180D,0x180D,0x0D0D,0x0D0D,0x180D,
	0x180D,0x0D0D,0x0D0D,0x180D,0x180D,0x0D0D,0x0D0D,0x180D,
	0x180D,0x0D0D,0x0D0D,0x180D,0x180D,0x0D0D,0x0D0D,0x180D,

	0x180D,0x0D0D,0x0D0D,0x180D,0x180D,0x0D0D,0x0D0D,0x180D,
	0x180D,0x0D0D,0x0D0D,0x180D,0x180D,0x0D0D,0x0D0D,0x180D,
	0x180D,0x0D0D,0x0D0D,0x180D,0x180D,0x0D0D,0x0D0D,0x180D,
	0x180D,0x0D0D,0x0D0D,0x180D,0x180D,0x0D0D,0x0D0D,0x180D,
	0x180D,0x0D0D,0x0D0D,0x180D,0x180D,0x0D0D,0x0D0D,0x180D,
	0x180D,0x0D0D,0x0D0D,0x180D,0x020D,0x180D,0x070D,0x180D,
	0x0202,0x0202,0x0D02,0x180D,0x020D,0x180D,0x0707,0x1811,
	0x0202,0x0202,0x0D02,0x180D,0x180D,0x0D0D,0x0D0D,0x180D,

	0x0D0D,0x0D0D,0x0D18,0x0218,0x0D02,0x0218,0x180D,0x020D,
	0x0D0D,0x0D02,0x0D0D,0x0D02,0x0D02,0x0218,0x1802,0x020D,
	0x0D02,0x0D02,0x0D0D,0x0D02,0x0202,0x0218,0x1802,0x020D,
	0x0D02,0x0D02,0x0D0D,0x0D02,0x0D0D,0x0D0D,0x0D18,0x0218,
	0x0D0D,0x0D0D,0x0D18,0x0218,0x0D0D,0x0D0D,0x0D18,0x0218,
	0x0D0D,0x0D0D,0x0D18,0x0218,0x0D0D,0x0D0D,0x0D18,0x0218,
	0x0D0D,0x0D0D,0x0D18,0x0218,0x0D0D,0x0D0D,0x0D18,0x0218,
	0x0D0D,0x0D0D,0x0D18,0x0218,0x0D0D,0x0D0D,0x0D18,0x0218,

	0x0D0D,0x0D0D,0x0D18,0x0218,0x0D0D,0x0D0D,0x0D18,0x0218,
	0x0D0D,0x0D0D,0x0D18,0x0218,0x0D0D,0x0D0D,0x0D18,0x0218,
	0x0D0D,0x0D0D,0x0D18,0x0218,0x0D0D,0x0D0D,0x0D18,0x0218,
	0x0D0D,0x0D0D,0x0D18,0x0218,0x0D0D,0x0D0D,0x0D18,0x0218,
	0x0D0D,0x0D0D,0x0D18,0x0218,0x0D0D,0x0D0D,0x0D18,0x0218,
	0x0D0D,0x0D0D,0x0D18,0x0218,0x0D0D,0x0D0D,0x0D18,0x0218,
	0x0D0D,0x0D0D,0x0D18,0x0218,0x0D0D,0x0D0D,0x0D18,0x0218,
	0x0D0D,0x0D0D,0x0D18,0x0218,0x0D0D,0x0D0D,0x0D18,0x0218,

	0x0D0D,0x0D0D,0x0D18,0x0218,0x0D0D,0x0D0D,0x0D18,0x0218,
	0x180D,0x020D,0x0D0D,0x0D0D,0x0D02,0x0D0D,0x0D02,0x0218,
	0x0D0D,0x0D0D,0x0D18,0x0218,0x0D0D,0x0D0D,0x0D18,0x0218,
	0x0D0D,0x0D0D,0x0D18,0x0218,0x0D0D,0x0D0D,0x0D18,0x0218,
	0x0D0D,0x0D0D,0x0D18,0x0218,0x0D0D,0x0D0D,0x0D18,0x0218,
	0x0D0D,0x0D0D,0x0D18,0x0218,0x0D0D,0x0D0D,0x0D18,0x0218,
	0x0D0D,0x0D0D,0x0D18,0x0218,0x0D0D,0x0D0D,0x0D18,0x0218,
	0x0D0D,0x0D0D,0x0D18,0x0218,0x0D0D,0x0D0D,0x0D18,0x0218,

	0x0D0D,0x0D0D,0x0D18,0x0218,0x0D0D,0x0D0D,0x0D18,0x0218,
	0x0D0D,0x0D0D,0x0D18,0x0218,0x0D0D,0x0D0D,0x0D18,0x0218,
	0x0D0D,0x0D0D,0x0D18,0x0218,0x0D0D,0x0D0D,0x0D18,0x0218,
	0x0D0D,0x0D0D,0x0D18,0x0218,0x0D0D,0x0D0D,0x0D18,0x0218,
	0x0D0D,0x0D0D,0x0D18,0x0218,0x0D0D,0x0D0D,0x0D18,0x0218,
	0x0D0D,0x0D0D,0x0D18,0x0218,0x0D0D,0x0D02,0x0B0B,0x0D0B,
	0x0202,0x0B02,0x0202,0x0218,0x0D0D,0x0D18,0x070D,0x0D0D,
	0x0218,0x0B02,0x0202,0x0218,0x0D0D,0x0D0D,0x0D18,0x0218,

	0x0D0D,0x0D18,0x180D,0x180D,0x020D,0x020D,0x180D,0x0D0D,
	0x0D0D,0x0218,0x0D0D,0x1802,0x020D,0x020D,0x180D,0x0D0D,
	0x0D0D,0x0202,0x0D0D,0x1802,0x020D,0x020D,0x1802,0x0D0D,
	0x0D0D,0x0218,0x0D0D,0x1802,0x0D0D,0x0D18,0x180D,0x180D,
	0x0D0D,0x0D18,0x180D,0x180D,0x0D0D,0x0D18,0x180D,0x180D,
	0x0D0D,0x0D18,0x180D,0x180D,0x0D0D,0x0D18,0x180D,0x180D,
	0x0D0D,0x0D18,0x180D,0x180D,0x0D0D,0x0D18,0x180D,0x180D,
	0x0D0D,0x0D18,0x180D,0x180D,0x0D0D,0x0D18,0x180D,0x180D,

	0x0D0D,0x0D18,0x180D,0x180D,0x0D0D,0x0D18,0x180D,0x180D,
	0x0D0D,0x0D18,0x180D,0x180D,0x0D0D,0x0D18,0x180D,0x180D,
	0x0D0D,0x0D18,0x180D,0x180D,0x0D0D,0x0D18,0x180D,0x180D,
	0x0D0D,0x0D18,0x180D,0x180D,0x0D0D,0x0D18,0x180D,0x180D,
	0x0D0D,0x0D18,0x180D,0x180D,0x0D0D,0x0D18,0x180D,0x180D,
	0x0D0D,0x0D18,0x180D,0x180D,0x0D0D,0x0D18,0x180D,0x180D,
	0x0D0D,0x0D18,0x180D,0x180D,0x0D0D,0x0D18,0x180D,0x180D,
	0x0D0D,0x0D18,0x180D,0x180D,0x0D0D,0x0D18,0x180D,0x180D,

	0x0D0D,0x0D18,0x180D,0x180D,0x0D0D,0x0D18,0x180D,0x180D,
	0x0D02,0x0218,0x180D,0x020D,0x0D0D,0x0D0D,0x0D02,0x180D,
	0x0D0D,0x0D18,0x180D,0x180D,0x0D0D,0x0D18,0x180D,0x180D,
	0x0D0D,0x0D18,0x180D,0x180D,0x0D0D,0x0D18,0x180D,0x180D,
	0x0D0D,0x0D18,0x180D,0x180D,0x0D0D,0x0D18,0x180D,0x180D,
	0x0D0D,0x0D18,0x180D,0x180D,0x0D0D,0x0D18,0x180D,0x180D,
	0x0D0D,0x0D18,0x180D,0x180D,0x0D0D,0x0D18,0x180D,0x180D,
	0x0D0D,0x0D18,0x180D,0x180D,0x0D0D,0x0D18,0x180D,0x180D,

	0x0D0D,0x0D18,0x180D,0x180D,0x0D0D,0x0D18,0x180D,0x180D,
	0x0D0D,0x0D18,0x180D,0x180D,0x0D0D,0x0D18,0x180D,0x180D,
	0x0D0D,0x0D18,0x180D,0x180D,0x0D0D,0x0D18,0x180D,0x180D,
	0x0D0D,0x0D18,0x180D,0x180D,0x0D0D,0x0D18,0x180D,0x180D,
	0x0D0D,0x0D18,0x180D,0x180D,0x0D0D,0x0D18,0x180D,0x180D,
	0x0D0D,0x0D18,0x180D,0x180D,0x0202,0x0202,0x0202,0x0202,
	0x1102,0x110A,0x0202,0x180D,0x0202,0x0B02,0x0B0B,0x0B0B,
	0x0202,0x0202,0x0202,0x180D,0x0D0D,0x0D18,0x180D,0x180D,

	0x0D0D,0x0218,0x0D18,0x0D02,0x0D0D,0x0218,0x0D18,0x0D02,
	0x0D0D,0x0218,0x0D18,0x0D02,0x0D0D,0x0218,0x0D18,0x0D02,
	0x0D0D,0x0218,0x0D18,0x0D02,0x0D0D,0x0218,0x0D18,0x0D02,
	0x0D0D,0x0218,0x0D18,0x0D02,0x0D0D,0x0218,0x0D18,0x0D02,
	0x0D0D,0x0218,0x0D18,0x0D02,0x0D0D,0x0218,0x0D18,0x0D02,
	0x0D0D,0x0218,0x0D18,0x0D02,0x0D0D,0x0218,0x0D18,0x0D02,
	0x0D0D,0x0218,0x0D18,0x0D02,0x0D0D,0x0218,0x0D18,0x0D02,
	0x0D0D,0x0218,0x0D18,0x0D02,0x0D0D,0x0218,0x0D18,0x0D02,

	0x0D0D,0x0218,0x0D18,0x0D02,0x0D0D,0x0218,0x0D18,0x0D02,
	0x0D0D,0x0218,0x0D18,0x0D02,0x0D0D,0x0218,0x0D18,0x0D02,
	0x0D0D,0x0218,0x0D18,0x0D02,0x0D0D,0x0218,0x0D18,0x0D02,
	0x0D0D,0x0218,0x0D18,0x0D02,0x0D0D,0x0218,0x0D18,0x0D02,
	0x0D0D,0x0218,0x0D18,0x0D02,0x0D0D,0x0218,0x0D18,0x0D02,
	0x0D0D,0x0218,0x0D18,0x0D02,0x0D0D,0x0218,0x0D18,0x0D02,
	0x0D0D,0x0218,0x0D18,0x0D02,0x0D0D,0x0218,0x0D18,0x0D02,
	0x0D0D,0x0218,0x0D18,0x0D02,0x0D0D,0x0218,0x0D18,0x0D02,

	0x0D0D,0x0218,0x0D18,0x0D02,0x0D0D,0x0218,0x0D18,0x0D02,
	0x020D,0x0D18,0x0D18,0x020D,0x020D,0x0D0D,0x0D0D,0x180D,
	0x0D0D,0x0218,0x0D18,0x0D02,0x0D0D,0x0218,0x0D18,0x0D02,
	0x0D0D,0x0218,0x0D18,0x0D02,0x0D0D,0x0218,0x0D18,0x0D02,
	0x0218,0x0D0D,0x020D,0x180D,0x0D0D,0x0218,0x0D18,0x0D02,
	0x0218,0x0D0D,0x020D,0x180D,0x0D0D,0x0218,0x0D18,0x0D02,
	0x0D0D,0x0218,0x0D18,0x0D02,0x0D0D,0x0218,0x0D18,0x0D02,
	0x0D0D,0x0218,0x0D18,0x0D02,0x0D0D,0x0218,0x0D18,0x0D02,

	0x0D0D,0x0218,0x0D18,0x0D02,0x0D0D,0x0218,0x0D18,0x0D02,
	0x0D0D,0x0218,0x0D18,0x0D02,0x0D0D,0x0218,0x0D18,0x0D02,
	0x0D0D,0x0218,0x0D18,0x0D02,0x0D0D,0x0218,0x0D18,0x0D02,
	0x0D0D,0x0218,0x0D18,0x0D02,0x0D0D,0x0218,0x0D18,0x0D02,
	0x0D0D,0x0218,0x0D18,0x0D02,0x0D0D,0x0218,0x0D18,0x0D02,
	0x0D0D,0x0218,0x0D18,0x0D02,0x020D,0x0202,0x0202,0x0202,
	0x0718,0x1107,0x0218,0x180D,0x020D,0x0202,0x0202,0x0202,
	0x110D,0x110A,0x020D,0x180D,0x0D0D,0x0218,0x0D18,0x0D02,

	0x0D0D,0x180D,0x0D0D,0x0D0D,0x0D0D,0x180D,0x0D0D,0x0D0D,
	0x0D0D,0x180D,0x0D0D,0x0D0D,0x0D0D,0x180D,0x0D0D,0x0D0D,
	0x0D0D,0x180D,0x0D0D,0x0D0D,0x0D0D,0x180D,0x0D0D,0x0D0D,
	0x0D0D,0x180D,0x0D0D,0x0D0D,0x0D0D,0x180D,0x0D0D,0x0D0D,
	0x0D0D,0x180D,0x0D0D,0x0D0D,0x0D0D,0x180D,0x0D0D,0x0D0D,
	0x0D0D,0x180D,0x0D0D,0x0D0D,0x0D0D,0x180D,0x0D0D,0x0D0D,
	0x0D0D,0x180D,0x0D0D,0x0D0D,0x0D0D,0x180D,0x0D0D,0x0D0D,
	0x0D0D,0x180D,0x0D0D,0x0D0D,0x0D0D,0x180D,0x0D0D,0x0D0D,

	0x0D0D,0x180D,0x0D0D,0x0D0D,0x0D0D,0x180D,0x0D0D,0x0D0D,
	0x0D0D,0x180D,0x0D0D,0x0D0D,0x0D0D,0x180D,0x0D0D,0x0D0D,
	0x0D0D,0x180D,0x0D0D,0x0D0D,0x0D0D,0x180D,0x0D0D,0x0D0D,
	0x0D0D,0x180D,0x0D0D,0x0D0D,0x0D0D,0x180D,0x0D0D,0x0D0D,
	0x0D0D,0x180D,0x0D0D,0x0D0D,0x0D0D,0x180D,0x0D0D,0x0D0D,
	0x0D0D,0x180D,0x0D0D,0x0D0D,0x0D0D,0x180D,0x0D0D,0x0D0D,
	0x0D0D,0x180D,0x0D0D,0x0D0D,0x0D0D,0x180D,0x0D0D,0x0D0D,
	0x0D0D,0x180D,0x0D0D,0x0D0D,0x0D0D,0x180D,0x0D0D,0x0D0D,

	0x0D0D,0x180D,0x0D0D,0x0D0D,0x0D0D,0x180D,0x0D0D,0x0D0D,
	0x0202,0x0D0D,0x0218,0x0D0D,0x0D0D,0x1802,0x0D0D,0x0D0D,
	0x0D0D,0x180D,0x0D0D,0x0D0D,0x0D0D,0x180D,0x0D0D,0x0D0D,
	0x0D0D,0x180D,0x0D0D,0x0D0D,0x0D0D,0x180D,0x0D0D,0x0D0D,
	0x0D18,0x0D0D,0x0202,0x0D18,0x0D0D,0x180D,0x0D0D,0x0D0D,
	0x0D18,0x0D0D,0x0202,0x0D18,0x0D0D,0x180D,0x0D0D,0x0D0D,
	0x0D0D,0x180D,0x0D0D,0x0D0D,0x0D0D,0x180D,0x0D0D,0x0D0D,
	0x0D0D,0x180D,0x0D0D,0x0D0D,0x0D0D,0x180D,0x0D0D,0x0D0D,

	0x0D0D,0x180D,0x0D0D,0x0D0D,0x0D0D,0x180D,0x0D0D,0x0D0D,
	0x0D0D,0x180D,0x0D0D,0x0D0D,0x0D0D,0x180D,0x0D0D,0x0D0D,
	0x0D0D,0x180D,0x0D0D,0x0D0D,0x0D0D,0x180D,0x020D,0x0202,
	0x0D02,0x180D,0x0D0D,0x0D0D,0x0202,0x0202,0x0202,0x0D0D,
	0x0D0D,0x180D,0x0D0D,0x0D0D,0x0D0D,0x180D,0x0D0D,0x0D0D,
	0x0D0D,0x180D,0x0D0D,0x0D0D,0x0202,0x0202,0x0202,0x0202,
	0x0D18,0x0D07,0x0218,0x0D0D,0x0202,0x0202,0x0202,0x0202,
	0x0718,0x1107,0x0218,0x0D0D,0x0D0D,0x180D,0x0D0D,0x0D0D,

	0x020D,0x180D,0x0D0D,0x0D18,0x020D,0x180D,0x0D0D,0x0D18,
	0x020D,0x180D,0x0D0D,0x0D18,0x020D,0x180D,0x0D0D,0x0D18,
	0x020D,0x180D,0x0D0D,0x0D18,0x020D,0x180D,0x0D0D,0x0D18,
	0x020D,0x180D,0x0D0D,0x0D18,0x020D,0x180D,0x0D0D,0x0D18,
	0x020D,0x180D,0x0D0D,0x0D18,0x020D,0x180D,0x0D0D,0x0D18,
	0x020D,0x180D,0x0D0D,0x0D18,0x020D,0x180D,0x0D0D,0x0D18,
	0x020D,0x180D,0x0D0D,0x0D18,0x020D,0x180D,0x0D0D,0x0D18,
	0x020D,0x180D,0x0D0D,0x0D18,0x020D,0x180D,0x0D0D,0x0D18,

	0x020D,0x180D,0x0D0D,0x0D18,0x020D,0x180D,0x0D0D,0x0D18,
	0x020D,0x180D,0x0D0D,0x0D18,0x020D,0x180D,0x0D0D,0x0D18,
	0x020D,0x180D,0x0D0D,0x0D18,0x020D,0x180D,0x0D0D,0x0D18,
	0x020D,0x180D,0x0D0D,0x0D18,0x020D,0x180D,0x0D0D,0x0D18,
	0x020D,0x180D,0x0D0D,0x0D18,0x020D,0x180D,0x0D0D,0x0D18,
	0x020D,0x180D,0x0D0D,0x0D18,0x020D,0x180D,0x0D0D,0x0D18,
	0x020D,0x180D,0x0D0D,0x0D18,0x020D,0x180D,0x0D0D,0x0D18,
	0x020D,0x180D,0x0D0D,0x0D18,0x020D,0x180D,0x0D0D,0x0D18,

	0x020D,0x180D,0x0D0D,0x0D18,0x020D,0x180D,0x0D0D,0x0D18,
	0x0D18,0x020D,0x0D0D,0x1802,0x0D0D,0x0D02,0x0D18,0x0D02,
	0x020D,0x180D,0x0D0D,0x0D18,0x020D,0x180D,0x0D0D,0x0D18,
	0x020D,0x180D,0x0D0D,0x0D18,0x020D,0x180D,0x0D0D,0x0D18,
	0x0D0D,0x0218,0x0202,0x0D02,0x020D,0x1802,0x0D0D,0x0202,
	0x0D0D,0x0218,0x0202,0x0D02,0x020D,0x1802,0x0D0D,0x0202,
	0x020D,0x180D,0x0D0D,0x0D18,0x020D,0x180D,0x0D0D,0x0D18,
	0x020D,0x180D,0x0D0D,0x0D18,0x020D,0x180D,0x0D0D,0x0D18,

	0x020D,0x180D,0x0D0D,0x0D18,0x020D,0x180D,0x0D0D,0x0D18,
	0x020D,0x180D,0x0D0D,0x0D18,0x020D,0x180D,0x0D0D,0x0D18,
	0x020D,0x180D,0x0D0D,0x0D18,0x020D,0x180D,0x020D,0x1818,
	0x0218,0x180D,0x0D0D,0x0B18,0x180D,0x1818,0x020D,0x0D18,
	0x170D,0x0202,0x0202,0x0D18,0x020D,0x180D,0x0D0D,0x0D18,
	0x020D,0x180D,0x0D0D,0x0D18,0x020D,0x0202,0x0202,0x0202,
	0x0B0D,0x0B0B,0x020D,0x0D0D,0x020D,0x0202,0x0202,0x1802,
	0x0D0D,0x0D07,0x180D,0x0D0D,0x020D,0x180D,0x0D0D,0x0D18,

	0x0D18,0x0D02,0x180D,0x0D02,0x0D18,0x0D02,0x180D,0x0D02,
	0x0D18,0x0D02,0x180D,0x0D02,0x0D18,0x0D02,0x180D,0x0D02,
	0x0D18,0x0D02,0x180D,0x0D02,0x0D18,0x0D02,0x180D,0x0D02,
	0x0D18,0x0D02,0x180D,0x0D02,0x0D18,0x0D02,0x180D,0x0D02,
	0x0D18,0x0D02,0x180D,0x0D02,0x0D18,0x0D02,0x180D,0x0D02,
	0x0D18,0x0D02,0x180D,0x0D02,0x0D18,0x0D02,0x180D,0x0D02,
	0x0D18,0x0D02,0x180D,0x0D02,0x0D18,0x0D02,0x180D,0x0D02,
	0x0D18,0x0D02,0x180D,0x0D02,0x0D18,0x0D02,0x180D,0x0D02,

	0x0D18,0x0D02,0x180D,0x0D02,0x0D18,0x0D02,0x180D,0x0D02,
	0x0D18,0x0D02,0x180D,0x0D02,0x0D18,0x0D02,0x180D,0x0D02,
	0x0D18,0x0D02,0x180D,0x0D02,0x0D18,0x0D02,0x180D,0x0D02,
	0x0D18,0x0D02,0x180D,0x0D02,0x0D18,0x0D02,0x180D,0x0D02,
	0x0D18,0x0D02,0x180D,0x0D02,0x0D18,0x0D02,0x180D,0x0D02,
	0x0D18,0x0D02,0x180D,0x0D02,0x0D18,0x0D02,0x180D,0x0D02,
	0x0D18,0x0D02,0x180D,0x0D02,0x0D18,0x0D02,0x180D,0x0D02,
	0x0D18,0x0D02,0x180D,0x0D02,0x0D18,0x0D02,0x180D,0x0D02,

	0x0D18,0x0D02,0x180D,0x0D02,0x0D18,0x0D02,0x180D,0x0D02,
	0x180D,0x0D02,0x0D0D,0x0D02,0x0D18,0x0D0D,0x0218,0x020D,
	0x0D18,0x0D02,0x180D,0x0D02,0x0D18,0x0D02,0x180D,0x0D02,
	0x0D18,0x0D02,0x180D,0x0D02,0x0D18,0x0D02,0x180D,0x0D02,
	0x0202,0x020D,0x0A11,0x0D11,0x0202,0x0D02,0x180D,0x0D02,
	0x0202,0x020D,0x0202,0x0D02,0x0202,0x0D02,0x180D,0x0D02,
	0x0D18,0x0D02,0x180D,0x0D02,0x0D18,0x0D02,0x180D,0x0D02,
	0x0D18,0x0D02,0x180D,0x0D02,0x0D18,0x0D02,0x180D,0x0D02,

	0x0D18,0x0D02,0x180D,0x0D02,0x0D18,0x0D02,0x180D,0x0D02,
	0x0D18,0x0D02,0x180D,0x0D02,0x0D18,0x0D02,0x180D,0x0D02,
	0x0D18,0x0D02,0x180D,0x0D02,0x0D18,0x0D02,0x180D,0x180B,
	0x180D,0x0D02,0x180D,0x020B,0x0202,0x1802,0x180B,0x0D02,
	0x0202,0x1818,0x020D,0x0D02,0x0D18,0x0D02,0x180D,0x0D02,
	0x0D18,0x0D02,0x180D,0x0D02,0x020D,0x0A07,0x0207,0x0202,
	0x0202,0x0202,0x0202,0x0D0D,0x020D,0x0202,0x0202,0x0202,
	0x0B0B,0x0B0B,0x020B,0x0D0D,0x0D18,0x0D02,0x180D,0x0D02,

	0x180D,0x0D02,0x180D,0x1802,0x180D,0x0D02,0x180D,0x1802,
	0x180D,0x0D02,0x180D,0x1802,0x180D,0x0D02,0x180D,0x1802,
	0x180D,0x0D02,0x180D,0x1802,0x180D,0x0D02,0x180D,0x1802,
	0x180D,0x0D02,0x180D,0x1802,0x180D,0x0D02,0x180D,0x1802,
	0x180D,0x0D02,0x180D,0x1802,0x180D,0x0D02,0x180D,0x1802,
	0x180D,0x0D02,0x180D,0x1802,0x180D,0x0D02,0x180D,0x1802,
	0x180D,0x0D02,0x180D,0x1802,0x180D,0x0D02,0x180D,0x1802,
	0x180D,0x0D02,0x180D,0x1802,0x180D,0x0D02,0x180D,0x1802,

	0x180D,0x0D02,0x180D,0x1802,0x180D,0x0D02,0x180D,0x1802,
	0x180D,0x0D02,0x180D,0x1802,0x180D,0x0D02,0x180D,0x1802,
	0x180D,0x0D02,0x180D,0x1802,0x180D,0x0D02,0x180D,0x1802,
	0x180D,0x0D02,0x180D,0x1802,0x180D,0x0D02,0x180D,0x1802,
	0x180D,0x0D02,0x180D,0x1802,0x180D,0x0D02,0x180D,0x1802,
	0x180D,0x0D02,0x180D,0x1802,0x180D,0x0D02,0x180D,0x1802,
	0x180D,0x0D02,0x180D,0x1802,0x180D,0x0D02,0x180D,0x1802,
	0x180D,0x0D02,0x180D,0x1802,0x180D,0x0D02,0x180D,0x1802,

	0x180D,0x0D02,0x180D,0x1802,0x180D,0x0D02,0x180D,0x1802,
	0x0D0D,0x0D02,0x0D0D,0x0D0D,0x0D18,0x0D0D,0x020D,0x0D0D,
	0x180D,0x0D02,0x180D,0x1802,0x180D,0x0D02,0x180D,0x1802,
	0x180D,0x0D02,0x180D,0x1802,0x180D,0x0D02,0x180D,0x1802,
	0x020D,0x180D,0x0707,0x1811,0x0202,0x0D02,0x0D0D,0x1802,
	0x020D,0x0D0D,0x0A11,0x0D11,0x0202,0x0D02,0x0D0D,0x1802,
	0x180D,0x0D02,0x180D,0x1802,0x180D,0x0D02,0x180D,0x1802,
	0x180D,0x0D02,0x180D,0x1802,0x180D,0x0D02,0x180D,0x1802,

	0x180D,0x0D02,0x180D,0x1802,0x180D,0x0D02,0x180D,0x1802,
	0x180D,0x0D02,0x180D,0x1802,0x180D,0x0D02,0x180D,0x1802,
	0x180D,0x0D02,0x180D,0x1802,0x180D,0x0D02,0x180D,0x180B,
	0x0D0D,0x0218,0x180D,0x0206,0x0B0B,0x0618,0x180D,0x0B02,
	0x180D,0x180D,0x1802,0x1802,0x180D,0x0D02,0x180D,0x1802,
	0x180D,0x0D02,0x180D,0x1802,0x180D,0x0707,0x1807,0x0202,
	0x0202,0x0202,0x0D02,0x0D0D,0x0D0D,0x0A07,0x0D07,0x0202,
	0x0202,0x0202,0x0D02,0x0D0D,0x180D,0x0D02,0x180D,0x1802,

	0x180D,0x0D0D,0x0D0D,0x180D,0x180D,0x0D0D,0x0D0D,0x180D,
	0x180D,0x0D0D,0x0D0D,0x180D,0x180D,0x0D0D,0x0D0D,0x180D,
	0x180D,0x0D0D,0x0D0D,0x180D,0x180D,0x0D0D,0x0D0D,0x180D,
	0x180D,0x0D0D,0x0D0D,0x180D,0x180D,0x0D0D,0x0D0D,0x180D,
	0x180D,0x0D0D,0x0D0D,0x180D,0x180D,0x0D0D,0x0D0D,0x180D,
	0x180D,0x0D0D,0x0D0D,0x180D,0x180D,0x0D0D,0x0D0D,0x180D,
	0x180D,0x0D0D,0x0D0D,0x180D,0x180D,0x0D0D,0x0D0D,0x180D,
	0x180D,0x0D0D,0x0D0D,0x180D,0x180D,0x0D0D,0x0D0D,0x180D,

	0x180D,0x0D0D,0x0D0D,0x180D,0x180D,0x0D0D,0x0D0D,0x180D,
	0x180D,0x0D0D,0x0D0D,0x180D,0x180D,0x0D0D,0x0D0D,0x180D,
	0x180D,0x0D0D,0x0D0D,0x180D,0x180D,0x0D0D,0x0D0D,0x180D,
	0x180D,0x0D0D,0x0D0D,0x180D,0x180D,0x0D0D,0x0D0D,0x180D,
	0x180D,0x0D0D,0x0D0D,0x180D,0x180D,0x0D0D,0x0D0D,0x180D,
	0x180D,0x0D0D,0x0D0D,0x180D,0x180D,0x0D0D,0x0D0D,0x180D,
	0x180D,0x0D0D,0x0D0D,0x180D,0x180D,0x0D0D,0x0D0D,0x180D,
	0x180D,0x0D0D,0x0D0D,0x180D,0x180D,0x0D0D,0x0D0D,0x180D,

	0x180D,0x0D0D,0x0D0D,0x180D,0x180D,0x0D0D,0x0D0D,0x180D,
	0x180D,0x0D0D,0x0D18,0x0D18,0x0D0D,0x0D02,0x0D0D,0x020D,
	0x180D,0x0D0D,0x0D0D,0x180D,0x180D,0x0D0D,0x0D0D,0x180D,
	0x180D,0x0D0D,0x0D0D,0x180D,0x180D,0x0D0D,0x0D0D,0x180D,
	0x020D,0x180D,0x070D,0x180D,0x0202,0x0202,0x0D02,0x180D,
	0x020D,0x180D,0x0707,0x1811,0x0202,0x0202,0x0D02,0x180D,
	0x180D,0x0D0D,0x0D0D,0x180D,0x180D,0x0D0D,0x0D0D,0x180D,
	0x180D,0x0D0D,0x0D0D,0x180D,0x180D,0x0D0D,0x0D0D,0x180D,

	0x180D,0x0D0D,0x0D0D,0x180D,0x180D,0x0D0D,0x0D0D,0x180D,
	0x180D,0x0D0D,0x0D0D,0x180D,0x180D,0x0D0D,0x0D0D,0x180D,
	0x180D,0x0D0D,0x0D0D,0x180D,0x180D,0x0D0D,0x0D0D,0x0B0D,
	0x0218,0x0D0D,0x0606,0x0B02,0x0B06,0x0602,0x0D0D,0x180B,
	0x0D18,0x180D,0x0D0B,0x0B0D,0x020B,0x0202,0x0D02,0x180D,
	0x180D,0x0D0D,0x0D0D,0x180D,0x180D,0x070D,0x180D,0x0202,
	0x0202,0x0202,0x0202,0x0202,0x180D,0x0707,0x1807,0x0202,
	0x0202,0x0202,0x0202,0x0202,0x180D,0x0D0D,0x0D0D,0x180D,

	0x0D0D,0x0D0D,0x0D18,0x0218,0x0D0D,0x0D0D,0x0D18,0x0218,
	0x0D0D,0x0D0D,0x0D18,0x0218,0x0D0D,0x0D0D,0x0D18,0x0218,
	0x0D0D,0x0D0D,0x0D18,0x0218,0x0D0D,0x0D0D,0x0D18,0x0218,
	0x0D0D,0x0D0D,0x0D18,0x0218,0x0D0D,0x0D0D,0x0D18,0x0218,
	0x0D0D,0x0D0D,0x0D18,0x0218,0x0D0D,0x0D0D,0x0D18,0x0218,
	0x0D0D,0x0D0D,0x0D18,0x0218,0x0D0D,0x0D0D,0x0D18,0x0218,
	0x0D0D,0x0D0D,0x0D18,0x0218,0x0D0D,0x0D0D,0x0D18,0x0218,
	0x0D0D,0x0D0D,0x0D18,0x0218,0x0D0D,0x0D0D,0x0D18,0x0218,

	0x0D0D,0x0D0D,0x0D18,0x0218,0x0D0D,0x0D0D,0x0D18,0x0218,
	0x0D0D,0x0D0D,0x0D18,0x0218,0x0D0D,0x0D0D,0x0D18,0x0218,
	0x0D0D,0x0D0D,0x0D18,0x0218,0x0D0D,0x0D0D,0x0D18,0x0218,
	0x0D0D,0x0D0D,0x0D18,0x0218,0x0D0D,0x0D0D,0x0D18,0x0218,
	0x0D0D,0x0D0D,0x0D18,0x0218,0x0D0D,0x0D0D,0x0D18,0x0218,
	0x0D0D,0x0D0D,0x0D18,0x0218,0x0D0D,0x0D0D,0x0D18,0x0218,
	0x0D0D,0x0D0D,0x0D18,0x0218,0x0D0D,0x0D0D,0x0D18,0x0218,
	0x0D0D,0x0D0D,0x0D18,0x0218,0x0D0D,0x0D0D,0x0D18,0x0218,

	0x0D0D,0x0D0D,0x0D18,0x0218,0x0D0D,0x0D0D,0x0D18,0x0218,
	0x0D02,0x0D18,0x180D,0x0D0D,0x0D0D,0x020D,0x0D0D,0x0D0D,
	0x0D0D,0x0D0D,0x0D18,0x0218,0x0D0D,0x0D0D,0x0D18,0x0218,
	0x0D0D,0x0D0D,0x0D18,0x0218,0x0D0D,0x0D0D,0x0D18,0x0218,
	0x0D0D,0x0D02,0x0B0B,0x0D0B,0x0202,0x0B02,0x0202,0x0218,
	0x0D0D,0x0D18,0x070D,0x0D0D,0x0218,0x0B02,0x0202,0x0218,
	0x0D0D,0x0D0D,0x0D18,0x0218,0x0D0D,0x0D0D,0x0D18,0x0218,
	0x0D0D,0x0D0D,0x0D18,0x0218,0x0D0D,0x0D0D,0x0D18,0x0218,

	0x0D0D,0x0D0D,0x0D18,0x0218,0x0D0D,0x0D0D,0x0D18,0x0218,
	0x0D0D,0x0D0D,0x0D18,0x0218,0x0D0D,0x0D0D,0x0D18,0x0218,
	0x0D0D,0x0D0D,0x0D18,0x0218,0x0D0D,0x0D0D,0x0D18,0x0B18,
	0x020D,0x0D02,0x0606,0x060B,0x0B06,0x1506,0x0615,0x0D0B,
	0x0D0D,0x0202,0x060B,0x0D06,0x1818,0x0D18,0x0D02,0x0218,
	0x0D0D,0x0D0D,0x0D18,0x0218,0x0D02,0x0B0B,0x0D0B,0x0202,
	0x0D02,0x0202,0x0D02,0x0D02,0x0D18,0x0702,0x0D02,0x0218,
	0x0D02,0x0202,0x0D02,0x0D02,0x0D0D,0x0D0D,0x0D18,0x0218,

	0x0D0D,0x0D18,0x180D,0x180D,0x0D0D,0x0D18,0x180D,0x180D,
	0x0D0D,0x0D18,0x180D,0x180D,0x0D0D,0x0D18,0x180D,0x180D,
	0x0D0D,0x0D18,0x180D,0x180D,0x0D0D,0x0D18,0x180D,0x180D,
	0x0D0D,0x0D18,0x180D,0x180D,0x0D0D,0x0D18,0x180D,0x180D,
	0x0D0D,0x0D18,0x180D,0x180D,0x0D0D,0x0D18,0x180D,0x180D,
	0x0D0D,0x0D18,0x180D,0x180D,0x0D0D,0x0D18,0x180D,0x180D,
	0x0D0D,0x0D18,0x180D,0x180D,0x0D0D,0x0D18,0x180D,0x180D,
	0x0D0D,0x0D18,0x180D,0x180D,0x0D0D,0x0D18,0x180D,0x180D,

	0x0D0D,0x0D18,0x180D,0x180D,0x0D0D,0x0D18,0x180D,0x180D,
	0x0D0D,0x0D18,0x180D,0x180D,0x0D0D,0x0D18,0x180D,0x180D,
	0x0D0D,0x0D18,0x180D,0x180D,0x0D0D,0x0D18,0x180D,0x180D,
	0x0D0D,0x0D18,0x180D,0x180D,0x0D0D,0x0D18,0x180D,0x180D,
	0x0D0D,0x0D18,0x180D,0x180D,0x0D0D,0x0D18,0x180D,0x180D,
	0x0D0D,0x0D18,0x180D,0x180D,0x0D0D,0x0D18,0x180D,0x180D,
	0x0D0D,0x0D18,0x180D,0x180D,0x0D0D,0x0D18,0x180D,0x180D,
	0x0D0D,0x0D18,0x180D,0x180D,0x0D0D,0x0D18,0x180D,0x180D,

	0x0D0D,0x0D18,0x180D,0x180D,0x0D0D,0x0D18,0x180D,0x180D,
	0x020D,0x0218,0x180D,0x020D,0x0D18,0x020D,0x0D0D,0x1802,
	0x0D0D,0x0D18,0x180D,0x180D,0x0D0D,0x0D18,0x180D,0x180D,
	0x0D0D,0x0D18,0x180D,0x180D,0x0D0D,0x0D18,0x180D,0x180D,
	0x0202,0x0202,0x0202,0x0202,0x1102,0x110A,0x0202,0x180D,
	0x0202,0x0B02,0x0B0B,0x0B0B,0x0202,0x0202,0x0202,0x180D,
	0x0D0D,0x0D18,0x180D,0x180D,0x0D0D,0x0D18,0x180D,0x180D,
	0x0D0D,0x0D18,0x180D,0x180D,0x0D0D,0x0D18,0x180D,0x180D,

	0x0D0D,0x0D18,0x180D,0x180D,0x0D0D,0x0D18,0x180D,0x180D,
	0x0D0D,0x0D18,0x180D,0x180D,0x0D0D,0x0D18,0x180D,0x180D,
	0x0D0D,0x0D18,0x180D,0x180D,0x0B0D,0x0606,0x0606,0x180D,
	0x0206,0x020B,0x060B,0x0606,0x060B,0x0615,0x0606,0x0B0B,
	0x020B,0x0B0B,0x0606,0x0B0B,0x0D02,0x0218,0x180D,0x180D,
	0x0D0D,0x0D18,0x180D,0x180D,0x020D,0x0202,0x0202,0x0202,
	0x0D02,0x020D,0x0D0D,0x1802,0x0B0D,0x0B0B,0x0B0B,0x0202,
	0x0D02,0x020D,0x0D0D,0x1802,0x0D0D,0x0D18,0x180D,0x180D,

	0x0D0D,0x0218,0x0D18,0x0D02,0x0D0D,0x0218,0x0D18,0x0D02,
	0x0D0D,0x0218,0x0D18,0x0D02,0x0D0D,0x0218,0x0D18,0x0D02,
	0x0218,0x180D,0x0D0D,0x180D,0x0D0D,0x0218,0x0D18,0x0D02,
	0x0D0D,0x0218,0x0D18,0x0D02,0x0D0D,0x0218,0x0D18,0x0D02,
	0x0D0D,0x0218,0x0D18,0x0D02,0x0D0D,0x0218,0x0D18,0x0D02,
	0x0218,0x0D0D,0x020D,0x180D,0x0D0D,0x0218,0x0D18,0x0D02,
	0x0218,0x0D0D,0x020D,0x180D,0x0D0D,0x0218,0x0D18,0x0D02,
	0x0D0D,0x0218,0x0D18,0x0D02,0x0D0D,0x0218,0x0D18,0x0D02,

	0x0D0D,0x0218,0x0D18,0x0D02,0x0D0D,0x0218,0x0D18,0x0D02,
	0x0D0D,0x0218,0x0D18,0x0D02,0x0D0D,0x0218,0x0D18,0x0D02,
	0x0D0D,0x0218,0x0D18,0x0D02,0x0D0D,0x0218,0x0D18,0x0D02,
	0x0D0D,0x0218,0x0D18,0x0D02,0x0D0D,0x0218,0x0D18,0x0D02,
	0x0D0D,0x0218,0x0D18,0x0D02,0x0D0D,0x0218,0x0D18,0x0D02,
	0x0D0D,0x0218,0x0D18,0x0D02,0x0D0D,0x0218,0x0D18,0x0D02,
	0x0D0D,0x0218,0x0D18,0x0D02,0x0D0D,0x0218,0x0D18,0x0D02,
	0x0D0D,0x0218,0x0D18,0x0D02,0x0D0D,0x0218,0x0D18,0x0D02,

	0x0D0D,0x0218,0x0D18,0x0D02,0x0D0D,0x0218,0x0D18,0x0D02,
	0x0D0D,0x0218,0x0D18,0x0D02,0x0D0D,0x0218,0x0D18,0x0D02,
	0x0D0D,0x0218,0x0D18,0x0D02,0x0D0D,0x0218,0x0D18,0x0D02,
	0x0D0D,0x0218,0x0D18,0x0D02,0x0D0D,0x0218,0x0D18,0x0D02,
	0x020D,0x0202,0x0202,0x0202,0x0718,0x1107,0x0218,0x180D,
	0x020D,0x0202,0x0202,0x0202,0x110D,0x110A,0x020D,0x180D,
	0x0D0D,0x0218,0x0D18,0x0D02,0x0D0D,0x0218,0x0D18,0x0D02,
	0x0D0D,0x0218,0x0D18,0x0D02,0x0D0D,0x0218,0x0D18,0x0D02,

	0x0D0D,0x0218,0x0D18,0x0D02,0x0D0D,0x0218,0x0D18,0x0D02,
	0x0D0D,0x0218,0x0D18,0x0D02,0x0D0D,0x0218,0x0D18,0x0D02,
	0x0D0D,0x0218,0x0D18,0x0D02,0x0B0D,0x0D18,0x0B02,0x0606,
	0x0206,0x0B0B,0x0606,0x0602,0x0606,0x0606,0x020B,0x180D,
	0x1818,0x0D18,0x060B,0x020B,0x020D,0x0D06,0x0D0D,0x0D18,
	0x0D02,0x180D,0x020D,0x180D,0x0D0D,0x0218,0x0D18,0x0D02,
	0x0D0D,0x0218,0x0D18,0x0D02,0x0D0D,0x0218,0x0D18,0x0D02,
	0x0D0D,0x0218,0x0D18,0x0D02,0x0D0D,0x0218,0x0D18,0x0D02,

	0x0D0D,0x180D,0x0D0D,0x0D0D,0x0D0D,0x180D,0x0D0D,0x0D0D,
	0x0D0D,0x180D,0x0D0D,0x0D0D,0x0D0D,0x180D,0x0D0D,0x0D0D,
	0x0D18,0x0D02,0x0D0D,0x180D,0x0D0D,0x180D,0x0D02,0x020D,
	0x0D0D,0x180D,0x0D0D,0x0D0D,0x0D0D,0x180D,0x0D0D,0x0D0D,
	0x0D0D,0x180D,0x0D0D,0x0D0D,0x0D0D,0x180D,0x0D0D,0x0D0D,
	0x0D18,0x0D0D,0x0202,0x0D18,0x0D0D,0x180D,0x0D0D,0x0D0D,
	0x0D18,0x0D0D,0x0202,0x0D18,0x0D0D,0x180D,0x0D0D,0x0D0D,
	0x0D0D,0x180D,0x0D0D,0x0D0D,0x0D0D,0x180D,0x0D0D,0x0D0D,

	0x0D0D,0x180D,0x0D0D,0x0D0D,0x0D0D,0x180D,0x0D0D,0x0D0D,
	0x0D0D,0x180D,0x0D0D,0x0D0D,0x0D0D,0x180D,0x0D0D,0x0D0D,
	0x0D0D,0x180D,0x0D0D,0x0D0D,0x0D0D,0x180D,0x0D0D,0x0D0D,
	0x0D0D,0x180D,0x0D0D,0x0D0D,0x0D0D,0x180D,0x0D0D,0x0D0D,
	0x0D0D,0x180D,0x0D0D,0x0D0D,0x0D0D,0x180D,0x0D0D,0x0D0D,
	0x0D0D,0x180D,0x0D0D,0x0D0D,0x0D0D,0x180D,0x0D0D,0x0D0D,
	0x0D0D,0x180D,0x0D0D,0x0D0D,0x0D0D,0x180D,0x0D0D,0x0D0D,
	0x0D0D,0x180D,0x0D0D,0x0D0D,0x0D0D,0x180D,0x0D0D,0x0D0D,

	0x0D0D,0x180D,0x0D0D,0x0D0D,0x0D0D,0x180D,0x0D0D,0x0D0D,
	0x0D0D,0x180D,0x0D0D,0x0D0D,0x0D0D,0x180D,0x0D0D,0x0D0D,
	0x0D0D,0x180D,0x0D0D,0x0D0D,0x0D0D,0x180D,0x0D0D,0x0D0D,
	0x0D0D,0x180D,0x0D0D,0x0D0D,0x0D0D,0x180D,0x0D0D,0x0D0D,
	0x0202,0x0202,0x0202,0x0202,0x0D18,0x0D07,0x0218,0x0D0D,
	0x0202,0x0202,0x0202,0x0202,0x0718,0x1107,0x0218,0x0D0D,
	0x0D0D,0x180D,0x0D0D,0x0D0D,0x0D0D,0x180D,0x0D0D,0x0D0D,
	0x0D0D,0x180D,0x0D0D,0x0D0D,0x0D0D,0x180D,0x0D0D,0x0D0D,

	0x0D0D,0x180D,0x0D0D,0x0D0D,0x0D0D,0x180D,0x0D0D,0x0D0D,
	0x0D0D,0x180D,0x0D0D,0x0D0D,0x0D0D,0x180D,0x0D0D,0x0D0D,
	0x0D0D,0x180D,0x0D0D,0x0D0D,0x0B02,0x1818,0x1818,0x0D18,
	0x0B06,0x060B,0x0B06,0x020B,0x0606,0x0B06,0x1802,0x0D18,
	0x180D,0x020D,0x0B06,0x0202,0x0606,0x0B0D,0x0D0D,0x0D0D,
	0x020D,0x180D,0x0D02,0x0D0D,0x0D0D,0x180D,0x0D0D,0x0D0D,
	0x0D0D,0x180D,0x0D0D,0x0D0D,0x0D0D,0x180D,0x0D0D,0x0D0D,
	0x0D0D,0x180D,0x0D0D,0x0D0D,0x0D0D,0x180D,0x0D0D,0x0D0D,

	0x020D,0x180D,0x0D0D,0x0D18,0x020D,0x180D,0x0D0D,0x0D18,
	0x020D,0x180D,0x0D0D,0x0D18,0x020D,0x180D,0x0D0D,0x0D18,
	0x0D0D,0x0D02,0x0D18,0x0D02,0x0D0D,0x180D,0x0D0D,0x020D,
	0x020D,0x180D,0x0D0D,0x0D18,0x020D,0x180D,0x0D0D,0x0D18,
	0x020D,0x180D,0x0D0D,0x0D18,0x020D,0x180D,0x0D0D,0x0D18,
	0x0D0D,0x0218,0x0202,0x0D02,0x020D,0x1802,0x0D0D,0x0202,
	0x0D0D,0x0218,0x0202,0x0D02,0x020D,0x1802,0x0D0D,0x0202,
	0x020D,0x180D,0x0D0D,0x0D18,0x020D,0x180D,0x0D0D,0x0D18,

	0x020D,0x180D,0x0D0D,0x0D18,0x020D,0x180D,0x0D0D,0x0D18,
	0x020D,0x180D,0x0D0D,0x0D18,0x020D,0x180D,0x0D0D,0x0D18,
	0x020D,0x180D,0x0D0D,0x0D18,0x020D,0x180D,0x0D0D,0x0D18,
	0x020D,0x180D,0x0D0D,0x0D18,0x020D,0x180D,0x0D0D,0x0D18,
	0x020D,0x180D,0x0D0D,0x0D18,0x020D,0x180D,0x0D0D,0x0D18,
	0x020D,0x180D,0x0D0D,0x0D18,0x020D,0x180D,0x0D0D,0x0D18,
	0x020D,0x180D,0x0D0D,0x0D18,0x020D,0x180D,0x0D0D,0x0D18,
	0x020D,0x180D,0x0D0D,0x0D18,0x020D,0x180D,0x0D0D,0x0D18,

	0x020D,0x180D,0x0D0D,0x0D18,0x020D,0x180D,0x0D0D,0x0D18,
	0x020D,0x180D,0x0D0D,0x0D18,0x020D,0x180D,0x0D0D,0x0D18,
	0x020D,0x180D,0x0D0D,0x0D18,0x020D,0x180D,0x0D0D,0x0D18,
	0x020D,0x180D,0x0D0D,0x0D18,0x020D,0x180D,0x0D0D,0x0D18,
	0x020D,0x0202,0x0202,0x0202,0x0B0D,0x0B0B,0x020D,0x0D0D,
	0x020D,0x0202,0x0202,0x1802,0x0D0D,0x0D07,0x180D,0x0D0D,
	0x020D,0x180D,0x0D0D,0x0D18,0x020D,0x180D,0x0D0D,0x0D18,
	0x020D,0x180D,0x0D0D,0x0D18,0x020D,0x180D,0x0D0D,0x0D18,

	0x020D,0x180D,0x0D0D,0x0D18,0x020D,0x180D,0x0D0D,0x0D18,
	0x020D,0x180D,0x0D0D,0x0D18,0x020D,0x180D,0x000D,0x0000,
	0x0000,0x0000,0x0000,0x0000,0x0000,0x0000,0x0000,0x0000,
	0x0000,0x0000,0x0000,0x0000,0x0000,0x0000,0x0000,0x0000,
	0x0000,0x0000,0x0000,0x0000,0x0000,0x0000,0x0000,0x0000,
	0x0000,0x0000,0x0D02,0x0D18,0x020D,0x180D,0x0D0D,0x0D18,
	0x020D,0x180D,0x0D0D,0x0D18,0x020D,0x180D,0x0D0D,0x0D18,
	0x020D,0x180D,0x0D0D,0x0D18,0x020D,0x180D,0x0D0D,0x0D18,

	0x0D18,0x0D02,0x180D,0x0D02,0x0D18,0x0D02,0x180D,0x0D02,
	0x0D18,0x0D02,0x180D,0x0D02,0x0D18,0x0D02,0x180D,0x0D02,
	0x0D02,0x180D,0x0D0D,0x0D0D,0x180D,0x0D0D,0x0D0D,0x0D18,
	0x0D18,0x0D02,0x180D,0x0D02,0x0D18,0x0D02,0x180D,0x0D02,
	0x0D18,0x0D02,0x180D,0x0D02,0x0D18,0x0D02,0x180D,0x0D02,
	0x0202,0x020D,0x0A11,0x0D11,0x0202,0x0D02,0x180D,0x0D02,
	0x0202,0x020D,0x0202,0x0D02,0x0202,0x0D02,0x180D,0x0D02,
	0x0D18,0x0D02,0x180D,0x0D02,0x0D18,0x0D02,0x180D,0x0D02,

	0x0D18,0x0D02,0x180D,0x0D02,0x0D18,0x0D02,0x180D,0x0D02,
	0x0D18,0x0D02,0x180D,0x0D02,0x0D18,0x0D02,0x180D,0x0D02,
	0x0D18,0x0D02,0x180D,0x0D02,0x0D18,0x0D02,0x180D,0x0D02,
	0x0D18,0x0D02,0x180D,0x0D02,0x0D18,0x0D02,0x180D,0x0D02,
	0x0D18,0x0D02,0x180D,0x0D02,0x0D18,0x0D02,0x180D,0x0D02,
	0x0D18,0x0D02,0x180D,0x0D02,0x0D18,0x0D02,0x180D,0x0D02,
	0x0D18,0x0D02,0x180D,0x0D02,0x0D18,0x0D02,0x180D,0x0D02,
	0x0D18,0x0D02,0x180D,0x0D02,0x0D18,0x0D02,0x180D,0x0D02,

	0x0D18,0x0D02,0x180D,0x0D02,0x0D18,0x0D02,0x180D,0x0D02,
	0x0D18,0x0D02,0x180D,0x0D02,0x0D18,0x0D02,0x180D,0x0D02,
	0x0D18,0x0D02,0x180D,0x0D02,0x0D18,0x0D02,0x180D,0x0D02,
	0x0D18,0x0D02,0x180D,0x0D02,0x0D18,0x0D02,0x180D,0x0D02,
	0x020D,0x0A07,0x0207,0x0202,0x0202,0x0202,0x0202,0x0D0D,
	0x020D,0x0202,0x0202,0x0202,0x0B0B,0x0B0B,0x020B,0x0D0D,
	0x0D18,0x0D02,0x180D,0x0D02,0x0D18,0x0D02,0x180D,0x0D02,
	0x0D18,0x0D02,0x180D,0x0D02,0x0D18,0x0D02,0x180D,0x0D02,

	0x0D18,0x0D02,0x180D,0x0D02,0x0D18,0x0D02,0x180D,0x0D02,
	0x0D18,0x0D02,0x180D,0x0D02,0x0D18,0x0D02,0x000D,0x0000,
	0x0000,0x0000,0x0000,0x0000,0x0000,0x0000,0x0000,0x0000,
	0x0000,0x0000,0x0000,0x0000,0x0000,0x0000,0x0000,0x0000,
	0x0000,0x0000,0x0000,0x0000,0x0000,0x0000,0x0000,0x0000,
	0x0000,0x0000,0x180D,0x0D0D,0x0D18,0x0D02,0x180D,0x0D02,
	0x0D18,0x0D02,0x180D,0x0D02,0x0D18,0x0D02,0x180D,0x0D02,
	0x0D18,0x0D02,0x180D,0x0D02,0x0D18,0x0D02,0x180D,0x0D02,

	0x180D,0x0D02,0x180D,0x1802,0x180D,0x0D02,0x180D,0x1802,
	0x180D,0x0D02,0x180D,0x1802,0x180D,0x0D02,0x180D,0x1802,
	0x020D,0x180D,0x180D,0x020D,0x0D0D,0x0D18,0x0D0D,0x180D,
	0x180D,0x0D02,0x180D,0x1802,0x180D,0x0D02,0x180D,0x1802,
	0x180D,0x0D02,0x180D,0x1802,0x180D,0x0D02,0x180D,0x1802,
	0x020D,0x180D,0x0707,0x1811,0x0202,0x0D02,0x0D0D,0x1802,
	0x020D,0x0D0D,0x0A11,0x0D11,0x0202,0x0D02,0x0D0D,0x1802,
	0x180D,0x0D02,0x180D,0x1802,0x180D,0x0D02,0x180D,0x1802,

	0x180D,0x0D02,0x180D,0x1802,0x180D,0x0D02,0x180D,0x1802,
	0x180D,0x0D02,0x180D,0x1802,0x180D,0x0D02,0x180D,0x1802,
	0x180D,0x0D02,0x180D,0x1802,0x180D,0x0D02,0x180D,0x1802,
	0x180D,0x0D02,0x180D,0x1802,0x180D,0x0D02,0x180D,0x1802,
	0x180D,0x0D02,0x180D,0x1802,0x180D,0x0D02,0x180D,0x1802,
	0x180D,0x0D02,0x180D,0x1802,0x180D,0x0D02,0x180D,0x1802,
	0x180D,0x0D02,0x180D,0x1802,0x180D,0x0D02,0x180D,0x1802,
	0x180D,0x0D02,0x180D,0x1802,0x180D,0x0D02,0x180D,0x1802,

	0x180D,0x0D02,0x180D,0x1802,0x180D,0x0D02,0x180D,0x1802,
	0x180D,0x0D02,0x180D,0x1802,0x180D,0x0D02,0x180D,0x1802,
	0x180D,0x0D02,0x180D,0x1802,0x180D,0x0D02,0x180D,0x1802,
	0x180D,0x0D02,0x180D,0x1802,0x180D,0x0D02,0x180D,0x1802,
	0x180D,0x0707,0x1807,0x0202,0x0202,0x0202,0x0D02,0x0D0D,
	0x0D0D,0x0A07,0x0D07,0x0202,0x0202,0x0202,0x0D02,0x0D0D,
	0x180D,0x0D02,0x180D,0x1802,0x180D,0x0D02,0x180D,0x1802,
	0x180D,0x0D02,0x180D,0x1802,0x180D,0x0D02,0x180D,0x1802,

	0x180D,0x0D02,0x180D,0x1802,0x180D,0x0D02,0x180D,0x1802,
	0x180D,0x0D02,0x180D,0x1802,0x180D,0x0D02,0x000D,0x0000,
	0x0000,0x0000,0x0000,0x0000,0x0000,0x0000,0x0000,0x0000,
	0x0000,0x0000,0x0000,0x0000,0x0000,0x0000,0x0000,0x0000,
	0x0000,0x0000,0x0000,0x0000,0x0000,0x0000,0x0000,0x0000,
	0x0000,0x0000,0x0D18,0x0D0D,0x180D,0x0D02,0x180D,0x1802,
	0x180D,0x0D02,0x180D,0x1802,0x180D,0x0D02,0x180D,0x1802,
	0x180D,0x0D02,0x180D,0x1802,0x180D,0x0D02,0x180D,0x1802,

	0x180D,0x0D0D,0x0D0D,0x180D,0x180D,0x0D0D,0x0D0D,0x180D,
	0x180D,0x0D0D,0x0D0D,0x180D,0x180D,0x0D0D,0x0D0D,0x180D,
	0x020D,0x0D0D,0x0D02,0x0D02,0x0D0D,0x0218,0x0D0D,0x180D,
	0x180D,0x0D0D,0x0D0D,0x180D,0x180D,0x0D0D,0x0D0D,0x180D,
	0x180D,0x0D0D,0x0D0D,0x180D,0x180D,0x0D0D,0x0D0D,0x180D,
	0x020D,0x180D,0x070D,0x180D,0x0202,0x0202,0x0D02,0x180D,
	0x020D,0x180D,0x0707,0x1811,0x0202,0x0202,0x0D02,0x180D,
	0x180D,0x0D0D,0x0D0D,0x180D,0x180D,0x0D0D,0x0D0D,0x180D,

	0x180D,0x0D0D,0x0D0D,0x180D,0x180D,0x0D0D,0x0D0D,0x180D,
	0x180D,0x0D0D,0x0D0D,0x180D,0x180D,0x0D0D,0x0D0D,0x180D,
	0x180D,0x0D0D,0x0D0D,0x180D,0x180D,0x0D0D,0x0D0D,0x180D,
	0x180D,0x0D0D,0x0D0D,0x180D,0x180D,0x0D0D,0x0D0D,0x180D,
	0x180D,0x0D0D,0x0D0D,0x180D,0x180D,0x0D0D,0x0D0D,0x180D,
	0x180D,0x0D0D,0x0D0D,0x180D,0x180D,0x0D0D,0x0D0D,0x180D,
	0x180D,0x0D0D,0x0D0D,0x180D,0x180D,0x0D0D,0x0D0D,0x180D,
	0x180D,0x0D0D,0x0D0D,0x180D,0x180D,0x0D0D,0x0D0D,0x180D,

	0x180D,0x0D0D,0x0D0D,0x180D,0x180D,0x0D0D,0x0D0D,0x180D,
	0x180D,0x0D0D,0x0D0D,0x180D,0x180D,0x0D0D,0x0D0D,0x180D,
	0x180D,0x0D0D,0x0D0D,0x180D,0x180D,0x0D0D,0x0D0D,0x180D,
	0x180D,0x0D0D,0x0D0D,0x180D,0x180D,0x0D0D,0x0D0D,0x180D,
	0x180D,0x070D,0x180D,0x0202,0x0202,0x0202,0x0202,0x0202,
	0x180D,0x0707,0x1807,0x0202,0x0202,0x0202,0x0202,0x0202,
	0x180D,0x0D0D,0x0D0D,0x180D,0x180D,0x0D0D,0x0D0D,0x180D,
	0x180D,0x0D0D,0x0D0D,0x180D,0x180D,0x0D0D,0x0D0D,0x180D,

	0x180D,0x0D0D,0x0D0D,0x180D,0x180D,0x0D0D,0x0D0D,0x180D,
	0x180D,0x0D0D,0x0D0D,0x180D,0x180D,0x0D0D,0x000D,0x0000,
	0x0000,0x0000,0x0000,0x0000,0x0000,0x0000,0x0000,0x0000,
	0x0000,0x0000,0x0000,0x0000,0x0000,0x0000,0x0000,0x0000,
	0x0000,0x0000,0x0000,0x0000,0x0000,0x0000,0x0000,0x0000,
	0x0000,0x0000,0x0D18,0x020D,0x180D,0x0D0D,0x0D0D,0x180D,
	0x180D,0x0D0D,0x0D0D,0x180D,0x180D,0x0D0D,0x0D0D,0x180D,
	0x180D,0x0D0D,0x0D0D,0x180D,0x180D,0x0D0D,0x0D0D,0x180D,

	0x0D0D,0x0D0D,0x0D18,0x0218,0x0D0D,0x0D0D,0x0D18,0x0218,
	0x0D0D,0x0D0D,0x0D18,0x0218,0x0D0D,0x0D0D,0x0D18,0x0218,
	0x180D,0x020D,0x0D0D,0x0D0D,0x0D02,0x0D0D,0x0D02,0x0218,
	0x0D0D,0x0D0D,0x0D18,0x0218,0x0D0D,0x0D0D,0x0D18,0x0218,
	0x0D0D,0x0D0D,0x0D18,0x0218,0x0D0D,0x0D0D,0x0D18,0x0218,
	0x0D0D,0x0D02,0x0B0B,0x0D0B,0x0202,0x0B02,0x0202,0x0218,
	0x0D0D,0x0D18,0x070D,0x0D0D,0x0218,0x0B02,0x0202,0x0218,
	0x0D0D,0x0D0D,0x0D18,0x0218,0x0D0D,0x0D0D,0x0D18,0x0218,

	0x0D0D,0x0D0D,0x0D18,0x0218,0x0D0D,0x0D0D,0x0D18,0x0218,
	0x0D0D,0x0D0D,0x0D18,0x0218,0x0D0D,0x0D0D,0x0D18,0x0218,
	0x0D0D,0x0D0D,0x0D18,0x0218,0x0D0D,0x0D0D,0x0D18,0x0218,
	0x0D0D,0x0D0D,0x0D18,0x0218,0x0D0D,0x0D0D,0x0D18,0x0218,
	0x0D0D,0x0D0D,0x0D18,0x0218,0x0D0D,0x0D0D,0x0D18,0x0218,
	0x0D0D,0x0D0D,0x0D18,0x0218,0x0D0D,0x0D0D,0x0D18,0x0218,
	0x0D0D,0x0D0D,0x0D18,0x0218,0x0D0D,0x0D0D,0x0D18,0x0218,
	0x0D0D,0x0D0D,0x0D18,0x0218,0x0D0D,0x0D0D,0x0D18,0x0218,

	0x0D0D,0x0D0D,0x0D18,0x0218,0x0D0D,0x0D0D,0x0D18,0x0218,
	0x0D0D,0x0D0D,0x0D18,0x0218,0x0D0D,0x0D0D,0x0D18,0x0218,
	0x0D0D,0x0D0D,0x0D18,0x0218,0x0D0D,0x0D0D,0x0D18,0x0218,
	0x0D0D,0x0D0D,0x0D18,0x0218,0x0D0D,0x0D0D,0x0D18,0x0218,
	0x0D02,0x0B0B,0x0D0B,0x0202,0x0D02,0x0202,0x0D02,0x0D02,
	0x0D18,0x0702,0x0D02,0x0218,0x0D02,0x0202,0x0D02,0x0D02,
	0x0D0D,0x0D0D,0x0D18,0x0218,0x0D0D,0x0D0D,0x0D18,0x0218,
	0x0D0D,0x0D0D,0x0D18,0x0218,0x0D0D,0x0D0D,0x0D18,0x0218,

	0x0D0D,0x0D0D,0x0D18,0x0218,0x0D0D,0x0D0D,0x0D18,0x0218,
	0x0D0D,0x0D0D,0x0D18,0x0218,0x0D0D,0x0D0D,0x0018,0x0000,
	0x0000,0x0000,0x0000,0x0000,0x0000,0x0000,0x0000,0x0000,
	0x0000,0x0000,0x0000,0x0000,0x0000,0x0000,0x0000,0x0000,
	0x0000,0x0000,0x0000,0x0000,0x0000,0x0000,0x0000,0x0000,
	0x0000,0x0000,0x0D0D,0x0D02,0x0D0D,0x0D0D,0x0D18,0x0218,
	0x0D0D,0x0D0D,0x0D18,0x0218,0x0D0D,0x0D0D,0x0D18,0x0218,
	0x0D0D,0x0D0D,0x0D18,0x0218,0x0D0D,0x0D0D,0x0D18,0x0218,

	0x0D0D,0x0D18,0x180D,0x180D,0x0D0D,0x0D18,0x180D,0x180D,
	0x0D0D,0x0D18,0x180D,0x180D,0x0D0D,0x0D18,0x180D,0x180D,
	0x0D02,0x0218,0x180D,0x020D,0x0D0D,0x0D0D,0x0D02,0x180D,
	0x0D0D,0x0D18,0x180D,0x180D,0x0D0D,0x0D18,0x180D,0x180D,
	0x0D0D,0x0D18,0x180D,0x180D,0x0D0D,0x0D18,0x180D,0x180D,
	0x0202,0x0202,0x0202,0x0202,0x1102,0x110A,0x0202,0x180D,
	0x0202,0x0B02,0x0B0B,0x0B0B,0x0202,0x0202,0x0202,0x180D,
	0x0D0D,0x0D18,0x180D,0x180D,0x0D0D,0x0D18,0x180D,0x180D,

	0x0D0D,0x0D18,0x180D,0x180D,0x0D0D,0x0D18,0x180D,0x180D,
	0x0D0D,0x0D18,0x180D,0x180D,0x0D0D,0x0D18,0x180D,0x180D,
	0x0D0D,0x0D18,0x180D,0x180D,0x0D0D,0x0D18,0x180D,0x180D,
	0x0D0D,0x0D18,0x180D,0x180D,0x0D0D,0x0D18,0x180D,0x180D,
	0x0D0D,0x0D18,0x180D,0x180D,0x0D0D,0x0D18,0x180D,0x180D,
	0x0D0D,0x0D18,0x180D,0x180D,0x0D0D,0x0D18,0x180D,0x180D,
	0x0D0D,0x0D18,0x180D,0x180D,0x0D0D,0x0D18,0x180D,0x180D,
	0x0D0D,0x0D18,0x180D,0x180D,0x0D0D,0x0D18,0x180D,0x180D,

	0x0D0D,0x0D18,0x180D,0x180D,0x0D0D,0x0D18,0x180D,0x180D,
	0x0D0D,0x0D18,0x180D,0x180D,0x0D0D,0x0D18,0x180D,0x180D,
	0x0D0D,0x0D18,0x180D,0x180D,0x0D0D,0x0D18,0x180D,0x180D,
	0x0D0D,0x0D18,0x180D,0x180D,0x0D0D,0x0D18,0x180D,0x180D,
	0x020D,0x0202,0x0202,0x0202,0x0D02,0x020D,0x0D0D,0x1802,
	0x0B0D,0x0B0B,0x0B0B,0x0202,0x0D02,0x020D,0x0D0D,0x1802,
	0x0D0D,0x0D18,0x180D,0x180D,0x0D0D,0x0D18,0x180D,0x180D,
	0x0D0D,0x0D18,0x180D,0x180D,0x0D0D,0x0D18,0x180D,0x180D,

	0x0D0D,0x0D18,0x180D,0x180D,0x0D0D,0x0D18,0x180D,0x180D,
	0x0D0D,0x0D18,0x180D,0x180D,0x0D0D,0x0D18,0x000D,0x0000,
	0x0000,0x0000,0x0000,0x0000,0x0000,0x0000,0x0000,0x0000,
	0x0000,0x0000,0x0000,0x0000,0x0000,0x0000,0x0000,0x0000,
	0x0000,0x0000,0x0000,0x0000,0x0000,0x0000,0x0000,0x0000,
	0x0000,0x0000,0x0D0D,0x1802,0x0D0D,0x0D18,0x180D,0x180D,
	0x0D0D,0x0D18,0x180D,0x180D,0x0D0D,0x0D18,0x180D,0x180D,
	0x0D0D,0x0D18,0x180D,0x180D,0x0D0D,0x0D18,0x180D,0x180D,

	0x0D0D,0x0218,0x0D18,0x0D02,0x0D0D,0x0218,0x0D18,0x0D02,
	0x0D0D,0x0218,0x0D18,0x0D02,0x0D0D,0x0218,0x0D18,0x0D02,
	0x020D,0x0D18,0x0D18,0x020D,0x020D,0x0D0D,0x0D0D,0x190D,
	0x1919,0x0219,0x1918,0x1919,0x0D19,0x0218,0x0D18,0x0D02,
	0x0D0D,0x0218,0x0D18,0x0D02,0x0D0D,0x0218,0x0D18,0x0D02,
	0x020D,0x0202,0x0202,0x0202,0x0718,0x1107,0x0218,0x180D,
	0x020D,0x0202,0x0202,0x0202,0x110D,0x110A,0x020D,0x180D,
	0x0D0D,0x0218,0x0D18,0x0D02,0x0D0D,0x0218,0x0D18,0x0D02,

	0x0D0D,0x0218,0x0D18,0x0D02,0x0D0D,0x0218,0x0D18,0x0D02,
	0x0D0D,0x0218,0x0D18,0x0D02,0x0D0D,0x0218,0x0D18,0x0D02,
	0x0D0D,0x0218,0x0D18,0x0D02,0x0D0D,0x0218,0x0D18,0x0D02,
	0x0D0D,0x0218,0x0D18,0x0D02,0x0D0D,0x0218,0x0D18,0x0D02,
	0x0D0D,0x0218,0x0D18,0x0D02,0x0D0D,0x0218,0x0D18,0x0D02,
	0x0D0D,0x0218,0x0D18,0x0D02,0x0D0D,0x0218,0x0D18,0x0D02,
	0x0D0D,0x0218,0x0D18,0x0D02,0x0D0D,0x0218,0x0D18,0x0D02,
	0x0D0D,0x0218,0x0D18,0x0D02,0x0D0D,0x0218,0x0D18,0x0D02,

	0x0D0D,0x0218,0x0D18,0x0D02,0x0D0D,0x0218,0x0D18,0x0D02,
	0x0D0D,0x0218,0x0D18,0x0D02,0x0D0D,0x0218,0x0D18,0x0D02,
	0x0D0D,0x0218,0x0D18,0x0D02,0x0D0D,0x0218,0x0D18,0x0D02,
	0x0D0D,0x0218,0x0D18,0x0D02,0x0D0D,0x0218,0x0D18,0x0D02,
	0x0D0D,0x0218,0x0D18,0x0D02,0x0218,0x0D18,0x020D,0x180D,
	0x0D0D,0x020D,0x0D0D,0x0D02,0x0218,0x0D0D,0x020D,0x180D,
	0x0D0D,0x0218,0x0D18,0x0D02,0x0D0D,0x0218,0x0D18,0x0D02,
	0x0D0D,0x0218,0x0D18,0x0D02,0x0D0D,0x0218,0x0D18,0x0D02,

	0x0D0D,0x0218,0x0D18,0x0D02,0x0D0D,0x0218,0x0D18,0x0D02,
	0x0D0D,0x0218,0x0D18,0x0D02,0x0D0D,0x0B18,0x000B,0x0000,
	0x0000,0x0000,0x0000,0x0000,0x0000,0x0000,0x0000,0x0000,
	0x0000,0x0000,0x0000,0x0000,0x0000,0x0000,0x0000,0x0000,
	0x0000,0x0000,0x0000,0x0000,0x0000,0x0000,0x0000,0x0000,
	0x0000,0x0000,0x0D0B,0x0D02,0x0D0D,0x0218,0x0D18,0x0D02,
	0x0D0D,0x0218,0x0D18,0x0D02,0x0D0D,0x0218,0x0D18,0x0D02,
	0x0D0D,0x0218,0x0D18,0x0D02,0x0D0D,0x0218,0x0D18,0x0D02,

	0x0D0D,0x180D,0x0D0D,0x0D0D,0x0D0D,0x180D,0x0D0D,0x0D0D,
	0x0D0D,0x180D,0x0D0D,0x0D0D,0x0D0D,0x180D,0x0D0D,0x0D0D,
	0x0202,0x0D0D,0x0218,0x0D0D,0x0D0D,0x1802,0x0D0D,0x0B19,
	0x0802,0x190B,0x0219,0x190B,0x0D0D,0x180D,0x0D0D,0x0D0D,
	0x0D0D,0x180D,0x0D0D,0x0D0D,0x0D0D,0x180D,0x0D0D,0x0D0D,
	0x0202,0x0202,0x0202,0x0202,0x0D18,0x0D07,0x0218,0x0D0D,
	0x0202,0x0202,0x0202,0x0202,0x0718,0x1107,0x0218,0x0D0D,
	0x0D0D,0x180D,0x0D0D,0x0D0D,0x0D0D,0x180D,0x0D0D,0x0D0D,

	0x0D0D,0x180D,0x0D0D,0x0D0D,0x0D0D,0x180D,0x0D0D,0x0D0D,
	0x0D0D,0x180D,0x0D0D,0x0D0D,0x0D0D,0x180D,0x0D0D,0x0D0D,
	0x0D0D,0x180D,0x0D0D,0x0D0D,0x0D0D,0x180D,0x0D0D,0x0D0D,
	0x0D0D,0x180D,0x0D0D,0x0D0D,0x0D0D,0x180D,0x0D0D,0x0D0D,
	0x0D0D,0x180D,0x0D0D,0x0D0D,0x0D0D,0x180D,0x0D0D,0x0D0D,
	0x0D0D,0x180D,0x0D0D,0x0D0D,0x0D0D,0x180D,0x0D0D,0x0D0D,
	0x0D0D,0x180D,0x0D0D,0x0D0D,0x0D0D,0x180D,0x0D0D,0x0D0D,
	0x0D0D,0x180D,0x0D0D,0x0D0D,0x0D0D,0x180D,0x0D0D,0x0D0D,

	0x0D0D,0x180D,0x0D0D,0x0D0D,0x0D0D,0x180D,0x0D0D,0x0D0D,
	0x0D0D,0x180D,0x0D0D,0x0D0D,0x0D0D,0x180D,0x0D0D,0x0D0D,
	0x0D0D,0x180D,0x0D0D,0x0D0D,0x0D0D,0x180D,0x0D0D,0x0D0D,
	0x0D0D,0x180D,0x0D0D,0x0D0D,0x0D0D,0x180D,0x0D0D,0x0D0D,
	0x0D0D,0x180D,0x0D0D,0x0D0D,0x0D18,0x180D,0x0D02,0x0D18,
	0x0D0D,0x0D0D,0x0D0D,0x0D0D,0x0D18,0x0D0D,0x0D02,0x0D18,
	0x0D0D,0x180D,0x0D0D,0x0D0D,0x0D0D,0x180D,0x0D0D,0x0D0D,
	0x0D0D,0x180D,0x0D0D,0x0D0D,0x0D0D,0x180D,0x0D0D,0x0D0D,

	0x0D0D,0x180D,0x0D0D,0x0D0D,0x0D0D,0x180D,0x0D0D,0x0D0D,
	0x0D0D,0x180D,0x0D0D,0x0D0D,0x0D0D,0x0B0D,0x0018,0x0000,
	0x0000,0x0000,0x0000,0x0000,0x0000,0x0000,0x0000,0x0000,
	0x0000,0x0000,0x0000,0x0000,0x0000,0x0000,0x0000,0x0000,
	0x0000,0x0000,0x0000,0x0000,0x0000,0x0000,0x0000,0x0000,
	0x0000,0x0000,0x0D0B,0x0D0D,0x0D0D,0x180D,0x0D0D,0x0D0D,
	0x0D0D,0x180D,0x0D0D,0x0D0D,0x0D0D,0x180D,0x0D0D,0x0D0D,
	0x0D0D,0x180D,0x0D0D,0x0D0D,0x0D0D,0x180D,0x0D0D,0x0D0D,

	0x020D,0x180D,0x0D0D,0x0D18,0x020D,0x180D,0x0D0D,0x0D18,
	0x020D,0x180D,0x0D0D,0x0D18,0x020D,0x180D,0x0D0D,0x0D18,
	0x0D18,0x020D,0x190D,0x1819,0x190D,0x1919,0x190B,0x1919,
	0x190B,0x1919,0x020B,0x0208,0x1919,0x1919,0x0D19,0x0D18,
	0x020D,0x180D,0x0D0D,0x0D18,0x020D,0x180D,0x0D0D,0x0D18,
	0x020D,0x0202,0x0202,0x0202,0x0B0D,0x0B0B,0x020D,0x0D0D,
	0x020D,0x0202,0x0202,0x1802,0x0D0D,0x0D07,0x180D,0x0D0D,
	0x020D,0x180D,0x0D0D,0x0D18,0x020D,0x180D,0x0D0D,0x0D18,

	0x020D,0x180D,0x0D0D,0x0D18,0x020D,0x180D,0x0D0D,0x0D18,
	0x020D,0x180D,0x0D0D,0x0D18,0x020D,0x180D,0x0D0D,0x0D18,
	0x020D,0x180D,0x0D0D,0x0D18,0x020D,0x180D,0x0D0D,0x0D18,
	0x020D,0x180D,0x0D0D,0x0D18,0x020D,0x180D,0x0D0D,0x0D18,
	0x020D,0x180D,0x0D0D,0x0D18,0x020D,0x180D,0x0D0D,0x0D18,
	0x020D,0x180D,0x0D0D,0x0D18,0x020D,0x180D,0x0D0D,0x0D18,
	0x020D,0x180D,0x0D0D,0x0D18,0x020D,0x180D,0x0D0D,0x0D18,
	0x020D,0x180D,0x0D0D,0x0D18,0x020D,0x180D,0x0D0D,0x0D18,

	0x020D,0x180D,0x0D0D,0x0D18,0x020D,0x180D,0x0D0D,0x0D18,
	0x020D,0x180D,0x0D0D,0x0D18,0x020D,0x180D,0x0D0D,0x0D18,
	0x020D,0x180D,0x0D0D,0x0D18,0x020D,0x180D,0x0D0D,0x0D18,
	0x020D,0x180D,0x0D0D,0x0D18,0x020D,0x180D,0x0D0D,0x0D18,
	0x020D,0x180D,0x0D0D,0x0D18,0x0D0D,0x1802,0x0D02,0x0D0D,
	0x020D,0x0D0D,0x0D18,0x020D,0x020D,0x0202,0x0D0D,0x0D0D,
	0x020D,0x180D,0x0D0D,0x0D18,0x020D,0x180D,0x0D0D,0x0D18,
	0x020D,0x180D,0x0D0D,0x0D18,0x020D,0x180D,0x0D0D,0x0D18,

	0x020D,0x180D,0x0D0D,0x0D18,0x020D,0x180D,0x0D0D,0x0D18,
	0x020D,0x180D,0x0D0D,0x0D18,0x020D,0x060D,0x0018,0x0000,
	0x0000,0x0000,0x0000,0x0000,0x0000,0x0000,0x0000,0x0000,
	0x0000,0x0000,0x0000,0x0000,0x0000,0x0000,0x0000,0x0000,
	0x0000,0x0000,0x0000,0x0000,0x0000,0x0000,0x0000,0x0000,
	0x0000,0x0000,0x0D0D,0x0218,0x020D,0x180D,0x0D0D,0x0D18,
	0x020D,0x180D,0x0D0D,0x0D18,0x020D,0x180D,0x0D0D,0x0D18,
	0x020D,0x180D,0x0D0D,0x0D18,0x020D,0x180D,0x0D0D,0x0D18,

	0x0D18,0x0D02,0x180D,0x0D02,0x0D18,0x0D02,0x180D,0x0D02,
	0x0D18,0x0D02,0x180D,0x0D02,0x0D18,0x0D02,0x180D,0x0D02,
	0x180D,0x0D02,0x190D,0x1902,0x0B19,0x020B,0x0B02,0x0819,
	0x0818,0x0B0B,0x0B19,0x1902,0x020B,0x0818,0x1819,0x0D02,
	0x0D18,0x0D02,0x180D,0x0D02,0x0D18,0x0D02,0x180D,0x0D02,
	0x020D,0x0A07,0x0207,0x0202,0x0202,0x0202,0x0202,0x0D0D,
	0x020D,0x0202,0x0202,0x0202,0x0B0B,0x0B0B,0x020B,0x0D0D,
	0x0D18,0x0D02,0x180D,0x0D02,0x0D18,0x0D02,0x180D,0x0D02,

	0x0D18,0x0D02,0x180D,0x0D02,0x0D18,0x0D02,0x180D,0x0D02,
	0x0D18,0x0D02,0x180D,0x0D02,0x0D18,0x0D02,0x180D,0x0D02,
	0x0D18,0x0D02,0x180D,0x0D02,0x0D18,0x0D02,0x180D,0x0D02,
	0x0D18,0x0D02,0x180D,0x0D02,0x0D18,0x0D02,0x180D,0x0D02,
	0x0D18,0x0D02,0x180D,0x0D02,0x0D18,0x0D02,0x180D,0x0D02,
	0x0D18,0x0D02,0x180D,0x0D02,0x0D18,0x0D02,0x180D,0x0D02,
	0x0D18,0x0D02,0x180D,0x0D02,0x0D18,0x0D02,0x180D,0x0D02,
	0x0D18,0x0D02,0x180D,0x0D02,0x0D18,0x0D02,0x180D,0x0D02,

	0x0D18,0x0D02,0x180D,0x0D02,0x0D18,0x0D02,0x180D,0x0D02,
	0x0D18,0x0D02,0x180D,0x0D02,0x0D18,0x0D02,0x180D,0x0D02,
	0x0D18,0x0D02,0x180D,0x0D02,0x0D18,0x0D02,0x180D,0x0D02,
	0x0D18,0x0D02,0x180D,0x0D02,0x0D18,0x0D02,0x180D,0x0D02,
	0x0D18,0x0D02,0x180D,0x0D02,0x0D02,0x020D,0x0D0D,0x0D18,
	0x0D18,0x0D02,0x180D,0x0D02,0x0D02,0x020D,0x0D0D,0x0D18,
	0x0D18,0x0D02,0x180D,0x0D02,0x0D18,0x0D02,0x180D,0x0D02,
	0x0D18,0x0D02,0x180D,0x0D02,0x0D18,0x0D02,0x180D,0x0D02,

	0x0D18,0x0D02,0x180D,0x0D02,0x0D18,0x0D02,0x180D,0x0D02,
	0x0D18,0x0D02,0x180D,0x0D02,0x0D18,0x0D02,0x0006,0x0000,
	0x0000,0x0000,0x0000,0x0000,0x0000,0x0000,0x0000,0x0000,
	0x0000,0x0000,0x0000,0x0000,0x0000,0x0000,0x0000,0x0000,
	0x0000,0x0000,0x0000,0x0000,0x0000,0x0000,0x0000,0x0000,
	0x0000,0x0000,0x180D,0x0D02,0x0D18,0x0D02,0x180D,0x0D02,
	0x0D18,0x0D02,0x180D,0x0D02,0x0D18,0x0D02,0x180D,0x0D02,
	0x0D18,0x0D02,0x180D,0x0D02,0x0D18,0x0D02,0x180D,0x0D02,

	0x180D,0x0D02,0x180D,0x1802,0x180D,0x0D02,0x180D,0x1802,
	0x180D,0x0D02,0x180D,0x1802,0x180D,0x0D02,0x180D,0x1802,
	0x0D0D,0x0D02,0x190D,0x0B08,0x0219,0x1808,0x0218,0x180B,
	0x1808,0x190B,0x1902,0x0B19,0x0202,0x0B08,0x1819,0x1802,
	0x180D,0x0D02,0x180D,0x1802,0x180D,0x0D02,0x180D,0x1802,
	0x180D,0x0707,0x1807,0x0202,0x0202,0x0202,0x0D02,0x0D0D,
	0x0D0D,0x0A07,0x0D07,0x0202,0x0202,0x0202,0x0D02,0x0D0D,
	0x180D,0x0D02,0x180D,0x1802,0x180D,0x0D02,0x180D,0x1802,

	0x180D,0x0D02,0x180D,0x1802,0x180D,0x0D02,0x180D,0x1802,
	0x180D,0x0D02,0x180D,0x1802,0x180D,0x0D02,0x180D,0x1802,
	0x180D,0x0D02,0x180D,0x1802,0x180D,0x0D02,0x180D,0x1802,
	0x180D,0x0D02,0x180D,0x1802,0x180D,0x0D02,0x180D,0x1802,
	0x180D,0x0D02,0x180D,0x1802,0x180D,0x0D02,0x180D,0x1802,
	0x180D,0x0D02,0x180D,0x1802,0x180D,0x0D02,0x180D,0x1802,
	0x180D,0x0D02,0x180D,0x1802,0x180D,0x0D02,0x180D,0x1802,
	0x180D,0x0D02,0x180D,0x1802,0x180D,0x0D02,0x180D,0x1802,

	0x180D,0x0D02,0x180D,0x1802,0x180D,0x0D02,0x180D,0x1802,
	0x180D,0x0D02,0x180D,0x1802,0x180D,0x0D02,0x180D,0x1802,
	0x180D,0x0D02,0x180D,0x1802,0x180D,0x0D02,0x180D,0x1802,
	0x180D,0x0D02,0x180D,0x1802,0x180D,0x0D02,0x180D,0x1802,
	0x180D,0x0D02,0x180D,0x1802,0x0D0D,0x020D,0x0D0D,0x0D0D,
	0x180D,0x0D02,0x180D,0x180D,0x0D0D,0x0218,0x0D0D,0x0D0D,
	0x180D,0x0D02,0x180D,0x1802,0x180D,0x0D02,0x180D,0x1802,
	0x180D,0x0D02,0x180D,0x1802,0x180D,0x0D02,0x180D,0x1802,

	0x180D,0x0D02,0x180D,0x1802,0x180D,0x0D02,0x180D,0x1802,
	0x180D,0x0D02,0x180D,0x1802,0x180D,0x0D02,0x000D,0x0000,
	0x0000,0x0000,0x0000,0x0000,0x0000,0x0000,0x0000,0x0000,
	0x0000,0x0000,0x0000,0x0000,0x0000,0x0000,0x0000,0x0000,
	0x0000,0x0000,0x0000,0x0000,0x0000,0x0000,0x0000,0x0000,
	0x0000,0x0000,0x180D,0x1802,0x180D,0x0D02,0x180D,0x1802,
	0x180D,0x0D02,0x180D,0x1802,0x180D,0x0D02,0x180D,0x1802,
	0x180D,0x0D02,0x180D,0x1802,0x180D,0x0D02,0x180D,0x1802,

	0x180D,0x0D0D,0x0D0D,0x180D,0x180D,0x0D0D,0x0D0D,0x180D,
	0x180D,0x0D0D,0x0D0D,0x180D,0x180D,0x0D0D,0x0D0D,0x180D,
	0x180D,0x0D0D,0x1918,0x0208,0x0B19,0x1802,0x0808,0x0819,
	0x0802,0x0B19,0x0808,0x1902,0x080B,0x1902,0x0D0D,0x180D,
	0x180D,0x0D0D,0x0D0D,0x180D,0x180D,0x0D0D,0x0D0D,0x180D,
	0x180D,0x070D,0x180D,0x0202,0x0202,0x0202,0x0202,0x0202,
	0x180D,0x0707,0x1807,0x0202,0x0202,0x0202,0x0202,0x0202,
	0x180D,0x0D0D,0x0D0D,0x180D,0x180D,0x0D0D,0x0D0D,0x180D,

	0x180D,0x0D0D,0x0D0D,0x180D,0x180D,0x0D0D,0x0D0D,0x180D,
	0x180D,0x0D0D,0x0D0D,0x180D,0x180D,0x0D0D,0x0D0D,0x180D,
	0x180D,0x0D0D,0x0D0D,0x180D,0x180D,0x0D0D,0x0D0D,0x180D,
	0x180D,0x0D0D,0x0D0D,0x180D,0x180D,0x0D0D,0x0D0D,0x180D,
	0x180D,0x0D0D,0x0D0D,0x180D,0x180D,0x0D0D,0x0D0D,0x180D,
	0x180D,0x0D0D,0x0D0D,0x180D,0x180D,0x0D0D,0x0D0D,0x180D,
	0x180D,0x0D0D,0x0D0D,0x180D,0x180D,0x0D0D,0x0D0D,0x180D,
	0x180D,0x0D0D,0x0D0D,0x180D,0x180D,0x0D0D,0x0D0D,0x180D,

	0x180D,0x0D0D,0x0D0D,0x180D,0x180D,0x0D0D,0x0D0D,0x180D,
	0x180D,0x0D0D,0x0D0D,0x180D,0x180D,0x0D0D,0x0D0D,0x180D,
	0x180D,0x0D0D,0x0D0D,0x180D,0x180D,0x0D0D,0x0D0D,0x180D,
	0x180D,0x0D0D,0x0D0D,0x180D,0x180D,0x0D0D,0x0D0D,0x180D,
	0x180D,0x0D0D,0x0D0D,0x180D,0x0D0D,0x0D0D,0x020D,0x0D0D,
	0x180D,0x0D0D,0x0D0D,0x180D,0x180D,0x0B0D,0x0D0D,0x0218,
	0x180D,0x0D0D,0x0D0D,0x180D,0x180D,0x0D0D,0x0D0D,0x180D,
	0x180D,0x0D0D,0x0D0D,0x180D,0x180D,0x0D0D,0x0D0D,0x180D,

	0x180D,0x0D0D,0x0D0D,0x180D,0x180D,0x0D0D,0x0D0D,0x180D,
	0x180D,0x0D0D,0x0D0D,0x180D,0x180D,0x0D0D,0x000D,0x0000,
	0x0000,0x0000,0x0000,0x0000,0x0000,0x0000,0x0000,0x0000,
	0x0000,0x0000,0x0000,0x0000,0x0000,0x0000,0x0000,0x0000,
	0x0000,0x0000,0x0000,0x0000,0x0000,0x0000,0x0000,0x0000,
	0x0000,0x0000,0x0D0B,0x180D,0x180D,0x0D0D,0x0D0D,0x180D,
	0x180D,0x0D0D,0x0D0D,0x180D,0x180D,0x0D0D,0x0D0D,0x180D,
	0x180D,0x0D0D,0x0D0D,0x180D,0x180D,0x0D0D,0x0D0D,0x180D,

	0x0D0D,0x0D0D,0x0D18,0x0218,0x0D0D,0x0D0D,0x0D18,0x0218,
	0x0D0D,0x0D0D,0x0D18,0x0218,0x0D0D,0x0D0D,0x0D18,0x0218,
	0x0D02,0x0D18,0x190D,0x0202,0x190B,0x0219,0x0208,0x0B19,
	0x1902,0x0203,0x0818,0x0218,0x1919,0x0D19,0x0D18,0x0218,
	0x0D0D,0x0D0D,0x0D18,0x0218,0x0D0D,0x0D0D,0x0D18,0x0218,
	0x0D02,0x0B0B,0x0D0B,0x0202,0x0D02,0x0202,0x0D02,0x0D02,
	0x0D18,0x0702,0x0D02,0x0218,0x0D02,0x0202,0x0D02,0x0D02,
	0x0D0D,0x0D0D,0x0D18,0x0218,0x0D0D,0x0D0D,0x0D18,0x0218,

	0x0D0D,0x0D0D,0x0D18,0x0218,0x0D0D,0x0D0D,0x0D18,0x0218,
	0x0D0D,0x0D0D,0x0D18,0x0218,0x0D0D,0x0D0D,0x0D18,0x0218,
	0x0D0D,0x0D0D,0x0D18,0x0218,0x0D0D,0x0D0D,0x0D18,0x0218,
	0x0D0D,0x0D0D,0x0D18,0x0218,0x0D0D,0x0D0D,0x0D18,0x0218,
	0x0D0D,0x0D0D,0x0D18,0x0218,0x0D0D,0x0D0D,0x0D18,0x0218,
	0x0D0D,0x0D0D,0x0D18,0x0218,0x0D0D,0x0D0D,0x0D18,0x0218,
	0x0D0D,0x0D0D,0x0D18,0x0218,0x0D0D,0x0D0D,0x0D18,0x0218,
	0x0D0D,0x0D0D,0x0D18,0x0218,0x0D0D,0x0D0D,0x0D18,0x0218,

	0x0D0D,0x0D0D,0x0D18,0x0218,0x0D0D,0x0D0D,0x0D18,0x0218,
	0x0D0D,0x0D0D,0x0D18,0x0218,0x0D0D,0x0D0D,0x0D18,0x0218,
	0x0D0D,0x0D0D,0x0D18,0x0218,0x0D0D,0x0D0D,0x0D18,0x0218,
	0x0D0D,0x0D0D,0x0D18,0x0218,0x0D0D,0x0D0D,0x0D18,0x0218,
	0x0D0D,0x0D0D,0x0D18,0x0218,0x0D0D,0x0D18,0x0D02,0x180D,
	0x0D0D,0x0D0D,0x0D0D,0x0B18,0x020D,0x020D,0x0D0B,0x180D,
	0x0D0D,0x0D0D,0x0D18,0x0218,0x0D0D,0x0D0D,0x0D18,0x0218,
	0x0D0D,0x0D0D,0x0D18,0x0218,0x0D0D,0x0D0D,0x0D18,0x0218,

	0x0D0D,0x0D0D,0x0D18,0x0218,0x0D0D,0x0D0D,0x0D18,0x0218,
	0x0D0D,0x0D0D,0x0D18,0x0218,0x0D0D,0x0B0B,0x000B,0x0000,
	0x0000,0x0000,0x0000,0x0000,0x0000,0x0000,0x0000,0x0000,
	0x0000,0x0000,0x0000,0x0000,0x0000,0x0000,0x0000,0x0000,
	0x0000,0x0000,0x0000,0x0000,0x0000,0x0000,0x0000,0x0000,
	0x0000,0x0000,0x0D0B,0x0218,0x0D0D,0x0D0D,0x0D18,0x0218,
	0x0D0D,0x0D0D,0x0D18,0x0218,0x0D0D,0x0D0D,0x0D18,0x0218,
	0x0D0D,0x0D0D,0x0D18,0x0218,0x0D0D,0x0D0D,0x0D18,0x0218,

	0x0D0D,0x0D18,0x180D,0x180D,0x0D0D,0x0D18,0x180D,0x180D,
	0x0D0D,0x0D18,0x180D,0x180D,0x0D0D,0x0D18,0x180D,0x180D,
	0x190D,0x1919,0x1919,0x0B02,0x0802,0x0B02,0x1419,0x1414,
	0x1419,0x1919,0x180B,0x1818,0x0B02,0x1919,0x1919,0x180D,
	0x0D0D,0x0D18,0x180D,0x180D,0x0D0D,0x0D18,0x180D,0x180D,
	0x020D,0x0202,0x0202,0x0202,0x0D02,0x020D,0x0D0D,0x1802,
	0x0B0D,0x0B0B,0x0B0B,0x0202,0x0D02,0x020D,0x0D0D,0x1802,
	0x0D0D,0x0D18,0x180D,0x180D,0x0D0D,0x0D18,0x180D,0x180D,

	0x0D0D,0x0D18,0x180D,0x180D,0x0D0D,0x0D18,0x180D,0x180D,
	0x0D0D,0x0D18,0x180D,0x180D,0x0D0D,0x0D18,0x180D,0x180D,
	0x0D0D,0x0D18,0x180D,0x180D,0x0D0D,0x0D18,0x180D,0x180D,
	0x0D0D,0x0D18,0x180D,0x180D,0x0D0D,0x0D18,0x180D,0x180D,
	0x0D0D,0x0D18,0x180D,0x180D,0x0D0D,0x0D18,0x180D,0x180D,
	0x0D0D,0x0D18,0x180D,0x180D,0x0D0D,0x0D18,0x180D,0x180D,
	0x0D0D,0x0D18,0x180D,0x180D,0x0D0D,0x0D18,0x180D,0x180D,
	0x0D0D,0x0D18,0x180D,0x180D,0x0D0D,0x0D18,0x180D,0x180D,

	0x0D0D,0x0D18,0x180D,0x180D,0x0D0D,0x0D18,0x180D,0x180D,
	0x0D0D,0x0D18,0x180D,0x180D,0x0D0D,0x0D18,0x180D,0x180D,
	0x0D0D,0x0D18,0x180D,0x180D,0x0D0D,0x0D18,0x180D,0x180D,
	0x0D0D,0x0D18,0x180D,0x180D,0x0D0D,0x0D18,0x180D,0x180D,
	0x0D0D,0x0D18,0x180D,0x180D,0x0D02,0x0D18,0x1818,0x0D0D,
	0x0D0D,0x020D,0x0B18,0x0218,0x0218,0x0D0D,0x020B,0x0D0D,
	0x0D0D,0x0D18,0x180D,0x180D,0x0D0D,0x0D18,0x180D,0x180D,
	0x0D0D,0x0D18,0x180D,0x180D,0x0D0D,0x0D18,0x180D,0x180D,

	0x0D0D,0x0D18,0x180D,0x180D,0x0D0D,0x0D18,0x180D,0x180D,
	0x0D0D,0x0D18,0x180D,0x180D,0x0D0D,0x1806,0x0018,0x0000,
	0x0000,0x0000,0x0000,0x0000,0x0000,0x0000,0x0000,0x0000,
	0x0000,0x0000,0x0000,0x0000,0x0000,0x0000,0x0000,0x0000,
	0x0000,0x0000,0x0000,0x0000,0x0000,0x0000,0x0000,0x0000,
	0x0000,0x0000,0x180B,0x180D,0x0D0D,0x0D18,0x180D,0x180D,
	0x0D0D,0x0D18,0x180D,0x180D,0x0D0D,0x0D18,0x180D,0x180D,
	0x0D0D,0x0D18,0x180D,0x180D,0x0D0D,0x0D18,0x180D,0x180D,

	0x0D0D,0x0218,0x0D18,0x0D02,0x0D0D,0x0218,0x0D18,0x0D02,
	0x0D0D,0x0218,0x0D18,0x0D02,0x0D0D,0x0218,0x0D18,0x0D02,
	0x190D,0x1808,0x0208,0x0219,0x0818,0x0818,0x1919,0x1903,
	0x190B,0x080B,0x0B08,0x1902,0x0B19,0x1808,0x1908,0x0D02,
	0x0D0D,0x0218,0x0D18,0x0D02,0x0D0D,0x0218,0x0D18,0x0D02,
	0x0D0D,0x0218,0x0D18,0x0D02,0x0D0D,0x0218,0x0D18,0x0D02,
	0x0D0D,0x0218,0x0D18,0x0D02,0x0D0D,0x0218,0x0D18,0x0D02,
	0x0D0D,0x0218,0x0D18,0x0D02,0x0D0D,0x0218,0x0D18,0x0D02,

	0x0D0D,0x0218,0x0D18,0x0D02,0x0D0D,0x0218,0x0D18,0x0D02,
	0x0D0D,0x0218,0x0D18,0x0D02,0x0D0D,0x0218,0x0D18,0x0D02,
	0x0D0D,0x0218,0x0D18,0x0D02,0x0D0D,0x0218,0x0D18,0x0D02,
	0x0D0D,0x0218,0x0D18,0x0D02,0x0D0D,0x0218,0x0D18,0x0D02,
	0x0218,0x180D,0x0D0D,0x180D,0x0D0D,0x0218,0x0D18,0x0D02,
	0x0D0D,0x0218,0x0D18,0x0D02,0x0D0D,0x0218,0x0D18,0x0D02,
	0x0D0D,0x0218,0x0D18,0x0D02,0x0D0D,0x0218,0x0D18,0x0D02,
	0x0D0D,0x0218,0x0D18,0x0D02,0x0D0D,0x0218,0x0D18,0x0D02,

	0x0D0D,0x0218,0x0D18,0x0D02,0x0D0D,0x0218,0x0D18,0x0D02,
	0x0D0D,0x0218,0x0D18,0x0D02,0x0D0D,0x0218,0x0D18,0x0D02,
	0x0D0D,0x0218,0x0D18,0x0D02,0x0D0D,0x0218,0x0D18,0x0D02,
	0x0D0D,0x0218,0x0D18,0x0D02,0x0D0D,0x0218,0x0D18,0x0D02,
	0x0D0D,0x0218,0x0D18,0x0D02,0x0D0D,0x0D02,0x020D,0x0D18,
	0x0218,0x0D02,0x0202,0x0B0D,0x0D0D,0x0D02,0x0318,0x0D02,
	0x0D02,0x0D0D,0x0D18,0x0D0D,0x0D18,0x0D0D,0x0D02,0x0D18,
	0x0D0D,0x0D02,0x1802,0x0D0D,0x180B,0x0B18,0x0D0B,0x0B18,

	0x0D02,0x0D0D,0x0D18,0x0D0D,0x0D0D,0x0218,0x0D18,0x0D02,
	0x0D0D,0x0218,0x0D18,0x0D02,0x0D0D,0x1806,0x000D,0x0000,
	0x0000,0x0000,0x0000,0x0000,0x0000,0x0000,0x0000,0x0000,
	0x0000,0x0000,0x0000,0x0000,0x0000,0x0000,0x0000,0x0000,
	0x0000,0x0000,0x0000,0x0000,0x0000,0x0000,0x0000,0x0000,
	0x0000,0x0000,0x0B0D,0x180D,0x0D0D,0x0218,0x0D18,0x0D02,
	0x0D0D,0x0218,0x0D18,0x0D02,0x0D0D,0x0218,0x0D18,0x0D02,
	0x0D0D,0x0218,0x0D18,0x0D02,0x0D0D,0x0218,0x0D18,0x0D02,

	0x0D0D,0x180D,0x0D0D,0x0D0D,0x0D0D,0x180D,0x0D0D,0x0D0D,
	0x0D0D,0x180D,0x0D0D,0x0D0D,0x0D0D,0x180D,0x0D0D,0x0D0D,
	0x190D,0x020B,0x0808,0x0219,0x1818,0x0208,0x190B,0x0B14,
	0x0B02,0x1802,0x1808,0x0B0B,0x0802,0x0218,0x190B,0x0D0D,
	0x0D0D,0x180D,0x0D0D,0x0D0D,0x0D0D,0x180D,0x0D0D,0x0D0D,
	0x0D0D,0x180D,0x0D0D,0x0D0D,0x0D0D,0x180D,0x0D0D,0x0D0D,
	0x0D0D,0x180D,0x0D0D,0x0D0D,0x0D0D,0x180D,0x0D0D,0x0D0D,
	0x0D0D,0x180D,0x0D0D,0x0D0D,0x0D0D,0x180D,0x0D0D,0x0D0D,

	0x0D0D,0x180D,0x0D0D,0x0D0D,0x0D0D,0x180D,0x0D0D,0x0D0D,
	0x0D0D,0x180D,0x0D0D,0x0D0D,0x0D0D,0x180D,0x0D0D,0x0D0D,
	0x0D0D,0x180D,0x0D0D,0x0D0D,0x0D0D,0x180D,0x0D0D,0x0D0D,
	0x0D0D,0x180D,0x0D0D,0x0D0D,0x0D0D,0x180D,0x0D0D,0x0D0D,
	0x0D18,0x0D02,0x0D0D,0x180D,0x0D0D,0x180D,0x0D02,0x020D,
	0x0D0D,0x180D,0x0D0D,0x0D0D,0x0D0D,0x180D,0x0D0D,0x0D0D,
	0x0D0D,0x180D,0x0D0D,0x0D0D,0x0D0D,0x180D,0x0D0D,0x0D0D,
	0x0D0D,0x180D,0x0D0D,0x0D0D,0x0D0D,0x180D,0x0D0D,0x0D0D,

	0x0D0D,0x180D,0x0D0D,0x0D0D,0x0D0D,0x180D,0x0D0D,0x0D0D,
	0x0D0D,0x180D,0x0D0D,0x0D0D,0x0D0D,0x180D,0x0D0D,0x0D0D,
	0x0D0D,0x180D,0x0D0D,0x0D0D,0x0D0D,0x180D,0x0D0D,0x0D0D,
	0x0D0D,0x180D,0x0D0D,0x0D0D,0x0D0D,0x180D,0x0D0D,0x0D0D,
	0x0D0D,0x180D,0x0D0D,0x0D0D,0x0D02,0x020D,0x0D0D,0x0D0D,
	0x0D0D,0x020B,0x030B,0x030B,0x0D02,0x020D,0x030D,0x1803,
	0x0203,0x180D,0x0D02,0x0218,0x0D18,0x0D02,0x020D,0x020D,
	0x180D,0x0D0D,0x0D0D,0x0218,0x0D18,0x030B,0x0B0B,0x0318,

	0x0203,0x180D,0x0D02,0x0218,0x0D0D,0x180D,0x0D0D,0x0D0D,
	0x0D0D,0x180D,0x0D0D,0x0D0D,0x0D0D,0x0206,0x0018,0x0000,
	0x0000,0x0000,0x0000,0x0000,0x0000,0x0000,0x0000,0x0000,
	0x0000,0x0000,0x0000,0x0000,0x0000,0x0000,0x0000,0x0000,
	0x0000,0x0000,0x0000,0x0000,0x0000,0x0000,0x0000,0x0000,
	0x0000,0x0000,0x0B18,0x0D0D,0x0D0D,0x180D,0x0D0D,0x0D0D,
	0x0D0D,0x180D,0x0D0D,0x0D0D,0x0D0D,0x180D,0x0D0D,0x0D0D,
	0x0D0D,0x180D,0x0D0D,0x0D0D,0x0D0D,0x180D,0x0D0D,0x0D0D,

	0x020D,0x180D,0x0D0D,0x0D18,0x020D,0x180D,0x0D0D,0x0D18,
	0x020D,0x180D,0x0D0D,0x0D18,0x020D,0x180D,0x0D0D,0x0D18,
	0x020D,0x0B19,0x0202,0x190B,0x020B,0x0802,0x0B08,0x0819,
	0x0208,0x020B,0x1818,0x1914,0x020B,0x0B02,0x0D19,0x0D18,
	0x020D,0x180D,0x0D0D,0x0D18,0x020D,0x180D,0x0D0D,0x0D18,
	0x020D,0x180D,0x0D0D,0x0D18,0x020D,0x180D,0x0D0D,0x0D18,
	0x020D,0x180D,0x0D0D,0x0D18,0x020D,0x180D,0x0D0D,0x0D18,
	0x020D,0x180D,0x0D0D,0x0D18,0x020D,0x180D,0x0D0D,0x0D18,

	0x020D,0x180D,0x0D0D,0x0D18,0x020D,0x180D,0x0D0D,0x0D18,
	0x020D,0x180D,0x0D0D,0x0D18,0x020D,0x180D,0x0D0D,0x0D18,
	0x020D,0x180D,0x0D0D,0x0D18,0x020D,0x180D,0x0D0D,0x0D18,
	0x020D,0x180D,0x0D0D,0x0D18,0x020D,0x180D,0x0D0D,0x0D18,
	0x0D0D,0x0D02,0x0D18,0x0D02,0x0D0D,0x180D,0x0D0D,0x020D,
	0x020D,0x180D,0x0D0D,0x0D18,0x020D,0x180D,0x0D0D,0x0D18,
	0x020D,0x180D,0x0D0D,0x0D18,0x020D,0x180D,0x0D0D,0x0D18,
	0x020D,0x180D,0x0D0D,0x0D18,0x020D,0x180D,0x0D0D,0x0D18,

	0x020D,0x180D,0x0D0D,0x0D18,0x020D,0x180D,0x0D0D,0x0D18,
	0x020D,0x180D,0x0D0D,0x0D18,0x020D,0x180D,0x0D0D,0x0D18,
	0x020D,0x180D,0x0D0D,0x0D18,0x020D,0x180D,0x0D0D,0x0D18,
	0x020D,0x180D,0x0D0D,0x0D18,0x020D,0x180D,0x0D0D,0x0D18,
	0x020D,0x180D,0x0D0D,0x0D18,0x020D,0x020D,0x180D,0x0202,
	0x020D,0x0B0D,0x0303,0x0303,0x1803,0x0303,0x1718,0x1717,
	0x0B03,0x0D02,0x0B18,0x0202,0x0D02,0x0D0D,0x0D0D,0x0D18,
	0x0D02,0x0D18,0x0D02,0x0D02,0x0D18,0x030B,0x0303,0x170B,

	0x0B03,0x0D02,0x0B18,0x0202,0x020D,0x180D,0x0D0D,0x0D18,
	0x020D,0x180D,0x0D0D,0x0D18,0x020D,0x060D,0x0006,0x0000,
	0x0000,0x0000,0x0000,0x0000,0x0000,0x0000,0x0000,0x0000,
	0x0000,0x0000,0x0000,0x0000,0x0000,0x0000,0x0000,0x0000,
	0x0000,0x0000,0x0000,0x0000,0x0000,0x0000,0x0000,0x0000,
	0x0000,0x0000,0x0B18,0x0D18,0x020D,0x180D,0x0D0D,0x0D18,
	0x020D,0x180D,0x0D0D,0x0D18,0x020D,0x180D,0x0D0D,0x0D18,
	0x020D,0x180D,0x0D0D,0x0D18,0x020D,0x180D,0x0D0D,0x0D18,

	0x0D18,0x0D02,0x180D,0x0D02,0x0D18,0x0D02,0x180D,0x0D02,
	0x0D18,0x0D02,0x180D,0x0D02,0x0D18,0x0D02,0x180D,0x0D02,
	0x0D18,0x1902,0x0B19,0x190B,0x0B19,0x0818,0x0218,0x0819,
	0x0B18,0x0B19,0x1802,0x0B19,0x1419,0x1914,0x180D,0x0D02,
	0x0D18,0x0D02,0x180D,0x0D02,0x0D18,0x0D02,0x180D,0x0D02,
	0x0D18,0x0D02,0x180D,0x0D02,0x0D18,0x0D02,0x180D,0x0D02,
	0x0D18,0x0D02,0x180D,0x0D02,0x0D18,0x0D02,0x180D,0x0D02,
	0x0D18,0x0D02,0x180D,0x0D02,0x0D18,0x0D02,0x180D,0x0D02,

	0x0D18,0x0D02,0x180D,0x0D02,0x0D18,0x0D02,0x180D,0x0D02,
	0x0D18,0x0D02,0x180D,0x0D02,0x0D18,0x0D02,0x180D,0x0D02,
	0x0D18,0x0D02,0x180D,0x0D02,0x0D18,0x0D02,0x180D,0x0D02,
	0x0D18,0x0D02,0x180D,0x0D02,0x0D18,0x0D02,0x180D,0x0D02,
	0x0D02,0x180D,0x0D0D,0x0D0D,0x180D,0x0D0D,0x0D0D,0x0D18,
	0x0D18,0x0D02,0x180D,0x0D02,0x0D18,0x0D02,0x180D,0x0D02,
	0x0D18,0x0D02,0x180D,0x0D02,0x0D18,0x0D02,0x180D,0x0D02,
	0x0D18,0x0D02,0x180D,0x0D02,0x0D18,0x0D02,0x180D,0x0D02,

	0x0D18,0x0D02,0x180D,0x0D02,0x0D18,0x0D02,0x180D,0x0D02,
	0x0D18,0x0D02,0x180D,0x0D02,0x0D18,0x0D02,0x180D,0x0D02,
	0x0D18,0x0D02,0x180D,0x0D02,0x0D18,0x0D02,0x180D,0x0D02,
	0x0D18,0x0D02,0x180D,0x0D02,0x0D18,0x0D02,0x180D,0x0D02,
	0x0D18,0x0D02,0x180D,0x0D02,0x020D,0x0D0D,0x0D0D,0x0B0D,
	0x020B,0x030D,0x0317,0x1717,0x1717,0x0505,0x0517,0x0505,
	0x1705,0x0B03,0x0B0D,0x0D0B,0x0D0D,0x0202,0x020D,0x0D0D,
	0x0D0D,0x0218,0x0D0D,0x0202,0x0B17,0x0517,0x0317,0x0505,

	0x1705,0x0B03,0x0B0D,0x0D0B,0x0D18,0x0D02,0x180D,0x0D02,
	0x0D18,0x0D02,0x180D,0x0D02,0x0D18,0x0D02,0x000D,0x0000,
	0x0000,0x0000,0x0000,0x0000,0x0000,0x0000,0x0000,0x0000,
	0x0000,0x0000,0x0000,0x0000,0x0000,0x0000,0x0000,0x0000,
	0x0000,0x0000,0x0000,0x0000,0x0000,0x0000,0x0000,0x0000,
	0x0000,0x0000,0x0B18,0x0D0D,0x0D18,0x0D02,0x180D,0x0D02,
	0x0D18,0x0D02,0x180D,0x0D02,0x0D18,0x0D02,0x180D,0x0D02,
	0x0D18,0x0D02,0x180D,0x0D02,0x0D18,0x0D02,0x180D,0x0D02,

	0x180D,0x0D02,0x180D,0x1802,0x180D,0x0D02,0x180D,0x1802,
	0x180D,0x0D02,0x180D,0x1802,0x180D,0x0D02,0x180D,0x1802,
	0x190D,0x0B19,0x190B,0x0B19,0x0B19,0x1818,0x190B,0x020B,
	0x0B18,0x1919,0x190B,0x020B,0x0B19,0x190B,0x1819,0x1802,
	0x180D,0x0D02,0x180D,0x1802,0x180D,0x0D02,0x180D,0x1802,
	0x180D,0x0D02,0x180D,0x1802,0x180D,0x0D02,0x180D,0x1802,
	0x180D,0x0D02,0x180D,0x1802,0x180D,0x0D02,0x180D,0x1802,
	0x180D,0x0D02,0x180D,0x1802,0x180D,0x0D02,0x180D,0x1802,

	0x180D,0x0D02,0x180D,0x1802,0x180D,0x0D02,0x180D,0x1802,
	0x180D,0x0D02,0x180D,0x1802,0x180D,0x0D02,0x180D,0x1802,
	0x180D,0x0D02,0x180D,0x1802,0x180D,0x0D02,0x180D,0x1802,
	0x180D,0x0D02,0x180D,0x1802,0x180D,0x0D02,0x180D,0x1802,
	0x020D,0x180D,0x180D,0x020D,0x0D0D,0x0D18,0x0D0D,0x180D,
	0x180D,0x0D02,0x180D,0x1802,0x180D,0x0D02,0x180D,0x1802,
	0x180D,0x0D02,0x180D,0x1802,0x180D,0x0D02,0x180D,0x1802,
	0x180D,0x0D02,0x180D,0x1802,0x180D,0x0D02,0x180D,0x1802,

	0x180D,0x0D02,0x180D,0x1802,0x180D,0x0D02,0x180D,0x1802,
	0x180D,0x0D02,0x180D,0x1802,0x180D,0x0D02,0x180D,0x1802,
	0x180D,0x0D02,0x180D,0x1802,0x180D,0x0D02,0x180D,0x1802,
	0x180D,0x0D02,0x180D,0x1802,0x180D,0x0D02,0x180D,0x1802,
	0x180D,0x0D02,0x180D,0x1802,0x0D0D,0x0D0D,0x020D,0x0D0D,
	0x0303,0x1718,0x0517,0x0505,0x0512,0x0512,0x0512,0x1212,
	0x1205,0x0B03,0x0318,0x0D0D,0x0B0D,0x0B02,0x180D,0x020D,
	0x020D,0x0D02,0x0D0D,0x0B0B,0x1712,0x1205,0x0505,0x1205,

	0x1205,0x0B03,0x0318,0x0D0D,0x180D,0x0D02,0x180D,0x1802,
	0x180D,0x0D02,0x180D,0x1802,0x180D,0x0D02,0x000D,0x0000,
	0x0000,0x0000,0x0000,0x0000,0x0000,0x0000,0x0000,0x0000,
	0x0000,0x0000,0x0000,0x0000,0x0000,0x0000,0x0000,0x0000,
	0x0000,0x0000,0x0000,0x0000,0x0000,0x0000,0x0000,0x0000,
	0x0000,0x0000,0x0B18,0x0D0D,0x180D,0x0D02,0x180D,0x1802,
	0x180D,0x0D02,0x180D,0x1802,0x180D,0x0D02,0x180D,0x1802,
	0x180D,0x0D02,0x180D,0x1802,0x180D,0x0D02,0x180D,0x1802,

	0x180D,0x0D0D,0x0D0D,0x180D,0x180D,0x0D0D,0x0D0D,0x180D,
	0x180D,0x0D0D,0x0D0D,0x180D,0x180D,0x0D0D,0x0D0D,0x180D,
	0x190D,0x0818,0x0202,0x190B,0x0B02,0x190B,0x1914,0x0B19,
	0x020B,0x1914,0x0219,0x0802,0x0B19,0x0202,0x190B,0x180D,
	0x180D,0x0D0D,0x0D0D,0x180D,0x180D,0x0D0D,0x0D0D,0x180D,
	0x180D,0x0D0D,0x0D0D,0x180D,0x180D,0x0D0D,0x0D0D,0x180D,
	0x180D,0x0D0D,0x0D0D,0x180D,0x180D,0x0D0D,0x0D0D,0x180D,
	0x180D,0x0D0D,0x0D0D,0x180D,0x180D,0x0D0D,0x0D0D,0x180D,

	0x180D,0x0D0D,0x0D0D,0x180D,0x180D,0x0D0D,0x0D0D,0x180D,
	0x180D,0x0D0D,0x0D0D,0x180D,0x180D,0x0D0D,0x0D0D,0x180D,
	0x180D,0x0D0D,0x0D0D,0x180D,0x180D,0x0D0D,0x0D0D,0x180D,
	0x180D,0x0D0D,0x0D0D,0x180D,0x180D,0x0D0D,0x0D0D,0x180D,
	0x020D,0x0D0D,0x0D02,0x0D02,0x0D0D,0x0218,0x0D0D,0x180D,
	0x180D,0x0D0D,0x0D0D,0x180D,0x180D,0x0D0D,0x0D0D,0x180D,
	0x180D,0x0D0D,0x0D0D,0x180D,0x180D,0x0D0D,0x0D0D,0x180D,
	0x180D,0x0D0D,0x0D0D,0x180D,0x180D,0x0D0D,0x0D0D,0x180D,

	0x180D,0x0D0D,0x0D0D,0x180D,0x180D,0x0D0D,0x0D0D,0x180D,
	0x180D,0x0D0D,0x0D0D,0x180D,0x180D,0x0D0D,0x0D0D,0x180D,
	0x180D,0x0D0D,0x0D0D,0x180D,0x180D,0x0D0D,0x0D0D,0x180D,
	0x180D,0x0D0D,0x0D0D,0x180D,0x180D,0x0D0D,0x0D0D,0x180D,
	0x180D,0x0D0D,0x0D0D,0x180D,0x0D0D,0x0D18,0x0B02,0x0D02,
	0x030D,0x0517,0x1205,0x1205,0x1205,0x1212,0x1212,0x0512,
	0x0512,0x1712,0x0318,0x0D18,0x0B0B,0x030B,0x0D02,0x0B18,
	0x0D0D,0x020B,0x1802,0x0303,0x0512,0x0512,0x1212,0x1205,

	0x0512,0x1712,0x0318,0x0D18,0x180D,0x0D0D,0x0D0D,0x180D,
	0x180D,0x0D0D,0x0D0D,0x180D,0x180D,0x0D0D,0x0006,0x0000,
	0x0000,0x0000,0x0000,0x0000,0x0000,0x0000,0x0000,0x0000,
	0x0000,0x0000,0x0000,0x0000,0x0000,0x0000,0x0000,0x0000,
	0x0000,0x0000,0x0000,0x0000,0x0000,0x0000,0x0000,0x0000,
	0x0000,0x0000,0x0B0B,0x020B,0x180D,0x0D0D,0x0D0D,0x180D,
	0x180D,0x0D0D,0x0D0D,0x180D,0x180D,0x0D0D,0x0D0D,0x180D,
	0x180D,0x0D0D,0x0D0D,0x180D,0x180D,0x0D0D,0x0D0D,0x180D,

	0x0D0D,0x0D0D,0x0D18,0x0218,0x0D0D,0x0D0D,0x0D18,0x0218,
	0x0D0D,0x0D0D,0x0D18,0x0218,0x0D0D,0x0D0D,0x0D18,0x0218,
	0x190D,0x0802,0x0208,0x140B,0x0208,0x0208,0x1419,0x0802,
	0x0802,0x1419,0x0819,0x1802,0x0219,0x0802,0x0B08,0x0219,
	0x0D0D,0x0D0D,0x0D18,0x0218,0x0D0D,0x0D0D,0x0D18,0x0218,
	0x0D0D,0x0D0D,0x0D18,0x0218,0x0D0D,0x0D0D,0x0D18,0x0218,
	0x0D0D,0x0D0D,0x0D18,0x0218,0x0D0D,0x0D0D,0x0D18,0x0218,
	0x0D0D,0x0D0D,0x0D18,0x0218,0x0D0D,0x0D0D,0x0D18,0x0218,

	0x0D0D,0x0D0D,0x0D18,0x0218,0x0D0D,0x0D0D,0x0D18,0x0218,
	0x0D0D,0x0D0D,0x0D18,0x0218,0x0D0D,0x0D0D,0x0D18,0x0218,
	0x0D0D,0x0D0D,0x0D18,0x0218,0x0D0D,0x0D0D,0x0D18,0x0218,
	0x0D0D,0x0D0D,0x0D18,0x0218,0x0D0D,0x0D0D,0x0D18,0x0218,
	0x180D,0x020D,0x0D0D,0x0D0D,0x0D02,0x0D0D,0x0D02,0x0218,
	0x0D0D,0x0D0D,0x0D18,0x0218,0x0D0D,0x0D0D,0x0D18,0x0218,
	0x0D0D,0x0D0D,0x0D18,0x0218,0x0D0D,0x0D0D,0x0D18,0x0218,
	0x0D0D,0x0D0D,0x0D18,0x0218,0x0D0D,0x0D0D,0x0D18,0x0218,

	0x0D0D,0x0D0D,0x0D18,0x0218,0x0D0D,0x0D0D,0x0D18,0x0218,
	0x0D0D,0x0D0D,0x0D18,0x0218,0x0D0D,0x0D0D,0x0D18,0x0218,
	0x0D0D,0x0D0D,0x0D18,0x0218,0x0D0D,0x0D0D,0x0D18,0x0218,
	0x0D0D,0x0D0D,0x0D18,0x0218,0x0D0D,0x0D0D,0x0D18,0x0218,
	0x0D0D,0x0D0D,0x0D18,0x0218,0x0D02,0x0218,0x020B,0x0203,
	0x1718,0x1205,0x1212,0x1212,0x1212,0x1212,0x1212,0x1212,
	0x1212,0x0505,0x1705,0x0B18,0x1703,0x0317,0x0D0B,0x0318,
	0x0303,0x0303,0x180B,0x1717,0x1212,0x1212,0x1212,0x1212,

	0x1212,0x0505,0x1705,0x0B18,0x0D0D,0x0D0D,0x0D18,0x0218,
	0x0D0D,0x0D0D,0x0D18,0x0218,0x0D0D,0x060D,0x000D,0x0000,
	0x0000,0x0000,0x0000,0x0000,0x0000,0x0000,0x0000,0x0000,
	0x0000,0x0000,0x0000,0x0000,0x0000,0x0000,0x0000,0x0000,
	0x0000,0x0000,0x0000,0x0000,0x0000,0x0000,0x0000,0x0000,
	0x0000,0x0000,0x0D0D,0x0D02,0x0D0D,0x0D0D,0x0D18,0x0218,
	0x0D0D,0x0D0D,0x0D18,0x0218,0x0D0D,0x0D0D,0x0D18,0x0218,
	0x0D0D,0x0D0D,0x0D18,0x0218,0x0D0D,0x0D0D,0x0D18,0x0218,

	0x0D0D,0x0D18,0x180D,0x180D,0x0D0D,0x0D18,0x180D,0x180D,
	0x0D0D,0x0D18,0x180D,0x180D,0x0D0D,0x0D18,0x180D,0x180D,
	0x0D0D,0x1919,0x0B19,0x1419,0x0818,0x1902,0x190B,0x020B,
	0x1808,0x0319,0x0219,0x1808,0x020B,0x0B0B,0x1919,0x1819,
	0x0D0D,0x0D18,0x180D,0x180D,0x0D0D,0x0D18,0x180D,0x180D,
	0x0D0D,0x0D18,0x180D,0x180D,0x0D0D,0x0D18,0x180D,0x180D,
	0x0D0D,0x0D18,0x180D,0x180D,0x0D0D,0x0D18,0x180D,0x180D,
	0x0D0D,0x0D18,0x180D,0x180D,0x0D0D,0x0D18,0x180D,0x180D,

	0x0D0D,0x0D18,0x180D,0x180D,0x0D0D,0x0D18,0x180D,0x180D,
	0x0D0D,0x0D18,0x180D,0x180D,0x0D0D,0x0D18,0x180D,0x180D,
	0x0D0D,0x0D18,0x180D,0x180D,0x0D0D,0x0D18,0x180D,0x180D,
	0x0D0D,0x0D18,0x180D,0x180D,0x0D0D,0x0D18,0x180D,0x180D,
	0x0D02,0x0218,0x180D,0x020D,0x0D0D,0x0D0D,0x0D02,0x180D,
	0x0D0D,0x0D18,0x180D,0x180D,0x0D0D,0x0D18,0x180D,0x180D,
	0x0D0D,0x0D18,0x180D,0x180D,0x0D0D,0x0D18,0x180D,0x180D,
	0x0D0D,0x0D18,0x180D,0x180D,0x0D0D,0x0D18,0x180D,0x180D,

	0x0D0D,0x0D18,0x180D,0x180D,0x0D0D,0x0D18,0x180D,0x180D,
	0x0D0D,0x0D18,0x180D,0x180D,0x0D0D,0x0D18,0x180D,0x180D,
	0x0D0D,0x0D18,0x180D,0x180D,0x0D0D,0x0D18,0x180D,0x180D,
	0x0D0D,0x0D18,0x180D,0x180D,0x0D0D,0x0D18,0x180D,0x180D,
	0x0D0D,0x0D18,0x180D,0x180D,0x020D,0x020D,0x0D0D,0x170B,
	0x0518,0x1212,0x1212,0x0512,0x1212,0x1212,0x1212,0x1212,
	0x1212,0x1212,0x0512,0x1717,0x1212,0x0505,0x1717,0x1718,
	0x1205,0x1705,0x0D03,0x0505,0x1212,0x1212,0x1212,0x1212,

	0x1212,0x1212,0x0512,0x1717,0x0D0D,0x0D18,0x180D,0x180D,
	0x0D0D,0x0D18,0x180D,0x180D,0x0D0D,0x0D06,0x0002,0x0000,
	0x0000,0x0000,0x0000,0x0000,0x0000,0x0000,0x0000,0x0000,
	0x0000,0x0000,0x0000,0x0000,0x0000,0x0000,0x0000,0x0000,
	0x0000,0x0000,0x0000,0x0000,0x0000,0x0000,0x0000,0x0000,
	0x0000,0x0000,0x0D0D,0x1802,0x0D0D,0x0D18,0x180D,0x180D,
	0x0D0D,0x0D18,0x180D,0x180D,0x0D0D,0x0D18,0x180D,0x180D,
	0x0D0D,0x0D18,0x180D,0x180D,0x0D0D,0x0D18,0x180D,0x180D,

	0x0D0D,0x0218,0x0D18,0x0D02,0x0D0D,0x0218,0x0D18,0x0D02,
	0x0D0D,0x0218,0x0D18,0x0D02,0x0D0D,0x0218,0x0D18,0x0D02,
	0x190D,0x1919,0x190B,0x140B,0x0B0B,0x0B19,0x0202,0x0B19,
	0x0B02,0x1419,0x0B19,0x1919,0x0B0B,0x1919,0x020D,0x0D18,
	0x0218,0x0D02,0x0202,0x0B0D,0x180B,0x0B18,0x0D0B,0x0B18,
	0x020D,0x0B0B,0x0B18,0x0D02,0x020D,0x0B0B,0x0B18,0x0D02,
	0x0D0D,0x180D,0x020D,0x180D,0x0D0D,0x0218,0x0D18,0x0D02,
	0x0D0D,0x0218,0x0D18,0x0D02,0x0D0D,0x0218,0x0D18,0x0D02,

	0x0D0D,0x0218,0x0D18,0x0D02,0x0D0D,0x0218,0x0D18,0x0D02,
	0x0D0D,0x0218,0x0D18,0x0D02,0x0D0D,0x0218,0x0D18,0x0D02,
	0x0218,0x0D18,0x020D,0x180D,0x0D0D,0x0D18,0x0D18,0x0D02,
	0x0D0D,0x0218,0x0D18,0x0D02,0x0D0D,0x0218,0x0D18,0x0D02,
	0x020D,0x0D18,0x0D18,0x020D,0x020D,0x0D0D,0x0D0D,0x180D,
	0x0D0D,0x0218,0x0D18,0x0D02,0x0D0D,0x0218,0x0D18,0x0D02,
	0x0D0D,0x0218,0x0D18,0x0D02,0x0D0D,0x0218,0x0D18,0x0D02,
	0x0D0D,0x0218,0x0D18,0x0D02,0x0D0D,0x0218,0x0D18,0x0D02,

	0x0D0D,0x0218,0x0D18,0x0D02,0x0D0D,0x0218,0x0D18,0x1902,
	0x1919,0x0219,0x1918,0x1919,0x0D19,0x0218,0x0D18,0x0D02,
	0x0D0D,0x0218,0x0D18,0x0D02,0x0D0D,0x0218,0x0D18,0x0D02,
	0x0D0D,0x0218,0x0D18,0x0D02,0x0D0D,0x0218,0x0D18,0x0D02,
	0x0D0D,0x0218,0x0D18,0x0D02,0x0218,0x0D18,0x0B02,0x0517,
	0x1212,0x1212,0x1212,0x1212,0x1212,0x1212,0x1212,0x1212,
	0x1212,0x1212,0x1212,0x1212,0x1212,0x1212,0x1212,0x1212,
	0x1212,0x1212,0x1212,0x1212,0x1212,0x1212,0x1212,0x1212,

	0x1212,0x1212,0x1212,0x1212,0x020D,0x0B0B,0x0B18,0x0D02,
	0x0D0D,0x180D,0x020D,0x180D,0x0D0D,0x1806,0x000D,0x0000,
	0x0000,0x0000,0x0000,0x0000,0x0000,0x0000,0x0000,0x0000,
	0x0000,0x0000,0x0000,0x0000,0x0000,0x0000,0x0000,0x0000,
	0x0000,0x0000,0x0000,0x0000,0x0000,0x0000,0x0000,0x0000,
	0x0000,0x0000,0x0D18,0x0D02,0x0D0D,0x0218,0x0D18,0x0D02,
	0x0D0D,0x0218,0x0D18,0x0D02,0x0D0D,0x0218,0x0D18,0x0D02,
	0x0D0D,0x0218,0x0D18,0x0D02,0x0D0D,0x0218,0x0D18,0x0D02,

	0x0D0D,0x180D,0x0D0D,0x0D0D,0x0D0D,0x180D,0x0D0D,0x0D0D,
	0x0D0D,0x180D,0x0D0D,0x0D0D,0x0D0D,0x180D,0x0D0D,0x0D0D,
	0x190D,0x0802,0x0208,0x190B,0x1919,0x0819,0x0202,0x1908,
	0x190B,0x1914,0x1919,0x020B,0x0802,0x190B,0x0D0D,0x0D0D,
	0x0D0D,0x020B,0x030B,0x030B,0x0D18,0x030B,0x0B0B,0x0318,
	0x0217,0x0B03,0x030D,0x0B0B,0x0217,0x0B03,0x030D,0x0B0B,
	0x0D18,0x0D0D,0x0D02,0x0D0D,0x0D0D,0x180D,0x0D0D,0x0D0D,
	0x0D0D,0x180D,0x0D0D,0x0D0D,0x0D0D,0x180D,0x0D0D,0x0D0D,

	0x0D0D,0x180D,0x0D0D,0x0D0D,0x0D0D,0x180D,0x0D0D,0x0D0D,
	0x0D0D,0x180D,0x0D0D,0x0D0D,0x0D0D,0x180D,0x0D0D,0x0D0D,
	0x0D18,0x180D,0x0D02,0x0D18,0x0D0D,0x180D,0x0D0D,0x0D0D,
	0x0D0D,0x180D,0x0D0D,0x0D0D,0x0D0D,0x180D,0x0D0D,0x0D0D,
	0x0202,0x0D0D,0x0218,0x0D0D,0x0D0D,0x1802,0x0D0D,0x0D0D,
	0x0D0D,0x180D,0x0D0D,0x0D0D,0x0D0D,0x180D,0x0D0D,0x0D0D,
	0x0D0D,0x180D,0x0D0D,0x0D0D,0x0D0D,0x180D,0x0D0D,0x0D0D,
	0x0D0D,0x180D,0x0D0D,0x0D0D,0x0D0D,0x180D,0x0D0D,0x0D0D,

	0x0D0D,0x180D,0x0D0D,0x0D0D,0x0D0D,0x180D,0x0D0D,0x0B19,
	0x0802,0x190B,0x0219,0x190B,0x0D0D,0x180D,0x0D0D,0x0D0D,
	0x0D0D,0x180D,0x0D0D,0x0D0D,0x0D0D,0x180D,0x0D0D,0x0D0D,
	0x0D0D,0x180D,0x0D0D,0x0D0D,0x0D0D,0x180D,0x0D0D,0x0D0D,
	0x0D0D,0x180D,0x0D0D,0x0D0D,0x0D18,0x180D,0x1818,0x1205,
	0x1212,0x1212,0x1212,0x1212,0x1212,0x1212,0x1212,0x1212,
	0x1212,0x1212,0x1212,0x1212,0x1212,0x1212,0x1212,0x1212,
	0x1212,0x1212,0x1212,0x1212,0x1212,0x1212,0x1212,0x1212,

	0x1212,0x1212,0x1212,0x1212,0x0217,0x0B03,0x030D,0x0B0B,
	0x0D18,0x0D0D,0x0D02,0x0D0D,0x0D0D,0x1806,0x0002,0x0000,
	0x0000,0x0000,0x0000,0x0000,0x0000,0x0000,0x0000,0x0000,
	0x0000,0x0000,0x0000,0x0000,0x0000,0x0000,0x0000,0x0000,
	0x0000,0x0000,0x0000,0x0000,0x0000,0x0000,0x0000,0x0000,
	0x0000,0x0000,0x0D02,0x0D0D,0x0D0D,0x180D,0x0D0D,0x0D0D,
	0x0D0D,0x180D,0x0D0D,0x0D0D,0x0D0D,0x180D,0x0D0D,0x0D0D,
	0x0D0D,0x180D,0x0D0D,0x0D0D,0x0D0D,0x180D,0x0D0D,0x0D0D,

	0x020D,0x180D,0x0D0D,0x0D18,0x020D,0x180D,0x0D0D,0x0D18,
	0x020D,0x180D,0x0D0D,0x0D18,0x020D,0x180D,0x0D0D,0x0D18,
	0x020D,0x0219,0x0802,0x0B02,0x1919,0x020B,0x0808,0x1902,
	0x1919,0x1919,0x1919,0x020B,0x0208,0x0B0B,0x1819,0x0202,
	0x020D,0x0B0D,0x0303,0x0303,0x0D18,0x030B,0x0303,0x170B,
	0x1705,0x0317,0x170D,0x1803,0x1705,0x0317,0x170D,0x1803,
	0x0202,0x0D0D,0x0D0D,0x0D18,0x020D,0x180D,0x0D0D,0x0D18,
	0x020D,0x180D,0x0D0D,0x0D18,0x020D,0x180D,0x0D0D,0x0D18,

	0x020D,0x180D,0x0D0D,0x0D18,0x020D,0x180D,0x0D0D,0x0D18,
	0x020D,0x180D,0x0D0D,0x0D18,0x020D,0x180D,0x0D0D,0x0D18,
	0x0D0D,0x1802,0x0D02,0x0D0D,0x020D,0x180D,0x0D0D,0x0218,
	0x020D,0x180D,0x0D0D,0x0D18,0x020D,0x180D,0x0D0D,0x0D18,
	0x0D18,0x020D,0x0D0D,0x1802,0x0D0D,0x0D02,0x0D18,0x0D02,
	0x020D,0x180D,0x0D0D,0x0D18,0x020D,0x180D,0x0D0D,0x0D18,
	0x020D,0x180D,0x0D0D,0x0D18,0x020D,0x180D,0x0D0D,0x0D18,
	0x020D,0x180D,0x0D0D,0x0D18,0x020D,0x180D,0x0D0D,0x0D18,

	0x020D,0x180D,0x190D,0x0D19,0x190D,0x1919,0x190B,0x1919,
	0x190B,0x1919,0x020B,0x0208,0x1919,0x1919,0x0D19,0x0D18,
	0x020D,0x180D,0x0D0D,0x0D18,0x020D,0x180D,0x0D0D,0x0D18,
	0x020D,0x180D,0x0D0D,0x0D18,0x020D,0x180D,0x0D0D,0x0D18,
	0x020D,0x180D,0x0D0D,0x0D18,0x0D0D,0x0D18,0x0D0D,0x1218,
	0x1212,0x1212,0x1212,0x1212,0x1212,0x1212,0x1212,0x1212,
	0x1212,0x1212,0x1212,0x1212,0x1212,0x1212,0x1212,0x1212,
	0x1212,0x1212,0x1212,0x1212,0x1212,0x1212,0x1212,0x1212,

	0x1212,0x1212,0x1212,0x1212,0x1705,0x0317,0x170D,0x1803,
	0x0202,0x0D0D,0x0D0D,0x0D18,0x020D,0x0606,0x0006,0x0000,
	0x0000,0x0000,0x0000,0x0000,0x0000,0x0000,0x0000,0x0000,
	0x0000,0x0000,0x0000,0x0000,0x0000,0x0000,0x0000,0x0000,
	0x0000,0x0000,0x0000,0x0000,0x0000,0x0000,0x0000,0x0000,
	0x0000,0x0000,0x0D0D,0x0D18,0x020D,0x180D,0x0D0D,0x0D18,
	0x020D,0x180D,0x0D0D,0x0D18,0x020D,0x180D,0x0D0D,0x0D18,
	0x020D,0x180D,0x0D0D,0x0D18,0x020D,0x180D,0x0D0D,0x0D18,

	0x0D18,0x0D02,0x180D,0x0D02,0x0D18,0x0D02,0x180D,0x0D02,
	0x0D18,0x0D02,0x180D,0x0D02,0x0D18,0x0D02,0x180D,0x0D02,
	0x0D18,0x1919,0x1919,0x0219,0x0B02,0x0B02,0x1919,0x190B,
	0x190B,0x0202,0x0B02,0x1919,0x0B19,0x0202,0x1902,0x0B0D,
	0x020B,0x030D,0x0317,0x1717,0x0B17,0x0517,0x0317,0x0505,
	0x1205,0x0505,0x1717,0x0D03,0x1205,0x0505,0x1717,0x0D03,
	0x0D0B,0x180D,0x0D0D,0x0D0D,0x0D18,0x0D02,0x180D,0x0D02,
	0x0D18,0x0D02,0x180D,0x0D02,0x0D18,0x0D02,0x180D,0x0D02,

	0x0D18,0x0D02,0x180D,0x0D02,0x0D18,0x0D02,0x180D,0x0D02,
	0x0D18,0x0D02,0x180D,0x0D02,0x0D18,0x0D02,0x180D,0x0D02,
	0x0D02,0x020D,0x0D0D,0x0D0D,0x0D18,0x0D02,0x180D,0x0D02,
	0x0D18,0x0D02,0x180D,0x0D02,0x0D18,0x0D02,0x180D,0x0D02,
	0x180D,0x0D02,0x0D0D,0x0D02,0x0D18,0x0D0D,0x0218,0x020D,
	0x0D18,0x0D02,0x180D,0x0D02,0x0D18,0x0D02,0x180D,0x0D02,
	0x0D18,0x0D02,0x180D,0x0D02,0x0D18,0x0D02,0x180D,0x0D02,
	0x0D18,0x0D02,0x180D,0x0D02,0x0D18,0x0D02,0x180D,0x0D02,

	0x0D18,0x0D02,0x190D,0x1902,0x0B19,0x020B,0x0B02,0x0819,
	0x0818,0x0B0B,0x0B19,0x1902,0x020B,0x0818,0x1819,0x0D02,
	0x0D18,0x0D02,0x180D,0x0D02,0x0D18,0x0D02,0x180D,0x0D02,
	0x0D18,0x0D02,0x180D,0x0D02,0x0D18,0x0D02,0x180D,0x0D02,
	0x0D18,0x0D02,0x180D,0x0D02,0x0D02,0x0D0D,0x0202,0x0502,
	0x1212,0x1212,0x1212,0x1212,0x1212,0x1212,0x1212,0x1212,
	0x1212,0x1212,0x1212,0x1212,0x1212,0x1212,0x1212,0x1212,
	0x1212,0x1212,0x1212,0x1212,0x1212,0x1212,0x1212,0x1212,

	0x1212,0x1212,0x1212,0x1212,0x1205,0x0505,0x1717,0x0D03,
	0x0D0B,0x180D,0x0D0D,0x0D0D,0x0D18,0x0D02,0x0006,0x0000,
	0x0000,0x0000,0x0000,0x0000,0x0000,0x0000,0x0000,0x0000,
	0x0000,0x0000,0x0000,0x0000,0x0000,0x0000,0x0000,0x0000,
	0x0000,0x0000,0x0000,0x0000,0x0000,0x0000,0x0000,0x0000,
	0x0000,0x0000,0x1802,0x0D02,0x0D18,0x0D02,0x180D,0x0D02,
	0x0D18,0x0D02,0x180D,0x0D02,0x0D18,0x0D02,0x180D,0x0D02,
	0x0D18,0x0D02,0x180D,0x0D02,0x0D18,0x0D02,0x180D,0x0D02,

	0x180D,0x0D02,0x180D,0x1802,0x180D,0x0D02,0x180D,0x1802,
	0x180D,0x0D02,0x180D,0x1802,0x180D,0x0D02,0x180D,0x1802,
	0x180D,0x1919,0x0B0B,0x0819,0x0202,0x1902,0x0219,0x0B0B,
	0x0B02,0x0208,0x0B08,0x0202,0x190B,0x080B,0x0802,0x0D19,
	0x0303,0x1718,0x0517,0x0505,0x1712,0x1205,0x0505,0x1205,
	0x0512,0x0512,0x0512,0x0D17,0x0512,0x0512,0x0512,0x0D17,
	0x0B03,0x0D0D,0x0D18,0x0D0D,0x180D,0x0D02,0x180D,0x1802,
	0x180D,0x0D02,0x180D,0x1802,0x180D,0x0D02,0x180D,0x1802,

	0x180D,0x0D02,0x180D,0x1802,0x180D,0x0D02,0x180D,0x1802,
	0x180D,0x0D02,0x180D,0x1802,0x180D,0x0D02,0x180D,0x1802,
	0x0D0D,0x020D,0x0D0D,0x0D0D,0x180D,0x0D02,0x180D,0x1802,
	0x180D,0x0D02,0x180D,0x1802,0x180D,0x0D02,0x180D,0x1802,
	0x0D0D,0x0B02,0x0D0B,0x0D0D,0x0B0B,0x0D0B,0x0B0B,0x0D0D,
	0x180D,0x0D02,0x180D,0x1802,0x180D,0x0D02,0x180D,0x1802,
	0x180D,0x0D02,0x180D,0x1802,0x180D,0x0D02,0x180D,0x1802,
	0x180D,0x0D02,0x180D,0x1802,0x180D,0x0D02,0x180D,0x1802,

	0x180D,0x0D02,0x190D,0x0B08,0x0219,0x1808,0x0218,0x180B,
	0x1808,0x190B,0x1902,0x0B19,0x0202,0x0B08,0x1819,0x1802,
	0x180D,0x0D02,0x180D,0x1802,0x180D,0x0D02,0x180D,0x1802,
	0x180D,0x0D02,0x180D,0x1802,0x180D,0x0D02,0x180D,0x1802,
	0x180D,0x0D02,0x180D,0x1802,0x0D0D,0x0202,0x0B02,0x0517,
	0x1212,0x1212,0x1212,0x1212,0x1212,0x1212,0x1212,0x1212,
	0x1212,0x1212,0x1212,0x1212,0x1212,0x1212,0x1212,0x1212,
	0x1212,0x1212,0x1212,0x1212,0x1212,0x1212,0x1212,0x1212,

	0x1212,0x1212,0x1212,0x1212,0x0512,0x0512,0x0512,0x0D17,
	0x0B03,0x0D0D,0x0D18,0x0D0D,0x180D,0x0D02,0x0006,0x0000,
	0x0000,0x0000,0x0000,0x0000,0x0000,0x0000,0x0000,0x0000,
	0x0000,0x0000,0x0000,0x0000,0x0000,0x0000,0x0000,0x0000,
	0x0000,0x0000,0x0000,0x0000,0x0000,0x0000,0x0000,0x0000,
	0x0000,0x0000,0x180D,0x1802,0x180D,0x0D02,0x180D,0x1802,
	0x180D,0x0D02,0x180D,0x1802,0x180D,0x0D02,0x180D,0x1802,
	0x180D,0x0D02,0x180D,0x1802,0x180D,0x0D02,0x180D,0x1802,

	0x180D,0x0D0D,0x0D0D,0x180D,0x180D,0x0D0D,0x0D0D,0x180D,
	0x180D,0x0D0D,0x0D0D,0x180D,0x180D,0x0D0D,0x0D0D,0x180D,
	0x190D,0x0219,0x0B02,0x0B19,0x0808,0x190B,0x080B,0x0202,
	0x1902,0x080B,0x190B,0x020B,0x1908,0x0B19,0x0808,0x0D19,
	0x030D,0x0517,0x1205,0x1205,0x0512,0x0512,0x1212,0x1205,
	0x1212,0x1212,0x0505,0x1705,0x1212,0x1212,0x0505,0x1705,
	0x0303,0x0D02,0x0D18,0x020D,0x180D,0x0D0D,0x0D0D,0x180D,
	0x180D,0x0D0D,0x0D0D,0x180D,0x180D,0x0D0D,0x0D0D,0x180D,

	0x180D,0x0D0D,0x0D0D,0x180D,0x180D,0x0D0D,0x0D0D,0x180D,
	0x180D,0x0D0D,0x0D0D,0x180D,0x180D,0x0D0D,0x0D0D,0x180D,
	0x0D0D,0x0D0D,0x020D,0x0D0D,0x180D,0x0D0D,0x0D0D,0x180D,
	0x180D,0x0D0D,0x0D0D,0x180D,0x180D,0x0D0D,0x0D0D,0x0B0D,
	0x180B,0x080B,0x0B0B,0x0B0B,0x0D02,0x0B0B,0x0D0D,0x020B,
	0x180D,0x0D0D,0x0D0D,0x180D,0x180D,0x0D0D,0x0D0D,0x180D,
	0x180D,0x0D0D,0x0D0D,0x180D,0x180D,0x0D0D,0x0D0D,0x180D,
	0x180D,0x0D0D,0x0D0D,0x180D,0x180D,0x0D0D,0x0D0D,0x180D,

	0x180D,0x0D0D,0x190D,0x0208,0x0B19,0x1802,0x0808,0x0819,
	0x0802,0x0B19,0x0808,0x1902,0x080B,0x1902,0x0D0D,0x180D,
	0x180D,0x0D0D,0x0D0D,0x180D,0x180D,0x0D0D,0x0D0D,0x180D,
	0x180D,0x0D0D,0x0D0D,0x180D,0x180D,0x0D0D,0x0D0D,0x180D,
	0x180D,0x0D0D,0x0D0D,0x180D,0x180D,0x020D,0x0D02,0x1818,
	0x1212,0x1212,0x1212,0x1212,0x1212,0x1212,0x1212,0x1212,
	0x1212,0x1212,0x1212,0x1212,0x1212,0x1212,0x1212,0x1212,
	0x1212,0x1212,0x1212,0x1212,0x1212,0x1212,0x1212,0x1212,

	0x1212,0x1212,0x1212,0x1212,0x1212,0x1212,0x0505,0x1705,
	0x0303,0x0D02,0x0D18,0x020D,0x180D,0x060D,0x0002,0x0000,
	0x0000,0x0000,0x0000,0x0000,0x0000,0x0000,0x0000,0x0000,
	0x0000,0x0000,0x0000,0x0000,0x0000,0x0000,0x0000,0x0000,
	0x0000,0x0000,0x0000,0x0000,0x0000,0x0000,0x0000,0x0000,
	0x0000,0x0000,0x0D0D,0x180D,0x180D,0x0D0D,0x0D0D,0x180D,
	0x180D,0x0D0D,0x0D0D,0x180D,0x180D,0x0D0D,0x0D0D,0x180D,
	0x180D,0x0D0D,0x0D0D,0x180D,0x180D,0x0D0D,0x0D0D,0x180D,

	0x0D0D,0x0D0D,0x0D18,0x0218,0x0D0D,0x0D0D,0x0D18,0x0218,
	0x0D0D,0x0D0D,0x0D18,0x0218,0x0D0D,0x0D0D,0x0D18,0x0218,
	0x0D0D,0x1919,0x1919,0x0B02,0x190B,0x1919,0x0B19,0x0808,
	0x190B,0x0B19,0x0219,0x0819,0x1908,0x190B,0x1919,0x0203,
	0x1718,0x1205,0x1212,0x1212,0x1212,0x1212,0x1212,0x1212,
	0x1212,0x1212,0x1212,0x1705,0x1212,0x1212,0x1212,0x1705,
	0x180D,0x020B,0x0D0D,0x0D02,0x0D0D,0x0D0D,0x0D18,0x0218,
	0x0D0D,0x0D0D,0x0D18,0x0218,0x0D0D,0x0D0D,0x0D18,0x0218,

	0x0D0D,0x0D0D,0x0D18,0x0218,0x0D0D,0x0D0D,0x0D18,0x0218,
	0x0D0D,0x0D0D,0x0D18,0x0218,0x0D0D,0x0D0D,0x0D18,0x0218,
	0x0D02,0x180D,0x0D02,0x180D,0x0D0D,0x0D0D,0x0D18,0x0218,
	0x0D0D,0x0D0D,0x0D18,0x0218,0x0000,0x0000,0x0000,0x0000,
	0x0000,0x0000,0x0000,0x0000,0x0000,0x0000,0x0000,0x0000,
	0x0000,0x0000,0x0000,0x0000,0x0000,0x0000,0x0000,0x0000,
	0x0D0D,0x0D0D,0x0D18,0x0218,0x0D0D,0x0D0D,0x0D18,0x0218,
	0x0D0D,0x0D0D,0x0D18,0x0218,0x0D0D,0x0D0D,0x0D18,0x0218,

	0x0D0D,0x0D0D,0x1918,0x0202,0x190B,0x0219,0x0208,0x0B19,
	0x1902,0x0203,0x0818,0x0218,0x1919,0x0D19,0x0D18,0x0218,
	0x0D0D,0x0D0D,0x0D18,0x0218,0x0D0D,0x0D0D,0x0D18,0x0218,
	0x0D0D,0x0D0D,0x0D18,0x0218,0x0D0D,0x0D0D,0x0D18,0x0218,
	0x0D0D,0x0D0D,0x0D18,0x0218,0x0D0D,0x020D,0x0D0D,0x0D0D,
	0x120D,0x1212,0x1212,0x1212,0x1212,0x1212,0x1212,0x1212,
	0x1212,0x1212,0x1212,0x1212,0x1212,0x1212,0x1212,0x1212,
	0x1212,0x1212,0x1212,0x1212,0x1212,0x1212,0x1212,0x1212,

	0x1212,0x1212,0x1212,0x1212,0x1212,0x1212,0x1212,0x1705,
	0x180D,0x020B,0x0D0D,0x0D02,0x0D0D,0x060D,0x000D,0x0000,
	0x0000,0x0000,0x0000,0x0000,0x0000,0x0000,0x0000,0x0000,
	0x0000,0x0000,0x0000,0x0000,0x0000,0x0000,0x0000,0x0000,
	0x0000,0x0000,0x0000,0x0000,0x0000,0x0000,0x0000,0x0000,
	0x0000,0x0000,0x0D18,0x0218,0x0D0D,0x0D0D,0x0D18,0x0218,
	0x0D0D,0x0D0D,0x0D18,0x0218,0x0D0D,0x0D0D,0x0D18,0x0218,
	0x0D0D,0x0D0D,0x0D18,0x0218,0x0D0D,0x0D0D,0x0D18,0x0218,

	0x0D0D,0x0D18,0x180D,0x180D,0x0D0D,0x0D18,0x180D,0x180D,
	0x0D0D,0x0D18,0x180D,0x180D,0x0D0D,0x0D18,0x180D,0x180D,
	0x0D0D,0x1918,0x1919,0x0202,0x190B,0x1914,0x1919,0x0B0B,
	0x1919,0x1919,0x0802,0x0B19,0x1908,0x1919,0x0D19,0x170B,
	0x0518,0x1212,0x1212,0x0512,0x1212,0x1212,0x1212,0x1212,
	0x1212,0x1212,0x0512,0x0D12,0x1212,0x1212,0x0512,0x0D12,
	0x0D0D,0x180D,0x0D0D,0x1802,0x0D0D,0x0D18,0x180D,0x180D,
	0x0D0D,0x0D18,0x180D,0x180D,0x0D0D,0x0D18,0x180D,0x180D,

	0x0D0D,0x0D18,0x180D,0x180D,0x0D0D,0x0D18,0x180D,0x180D,
	0x0D0D,0x0D18,0x180D,0x180D,0x0D0D,0x0D18,0x180D,0x180D,
	0x020D,0x0D0D,0x0218,0x0D18,0x0D0D,0x0D18,0x180D,0x180D,
	0x0D0D,0x0D18,0x180D,0x180D,0x0000,0x0000,0x0000,0x0000,
	0x0000,0x0000,0x0000,0x0000,0x0000,0x0000,0x0000,0x0000,
	0x0000,0x0000,0x0000,0x0000,0x0000,0x0000,0x0000,0x0000,
	0x0D0D,0x0D18,0x180D,0x180D,0x0D0D,0x0D18,0x180D,0x180D,
	0x0D0D,0x0D18,0x180D,0x180D,0x0D0D,0x0D18,0x180D,0x180D,

	0x190D,0x1919,0x1919,0x0B02,0x0802,0x0B02,0x1419,0x1414,
	0x1419,0x1919,0x180B,0x1818,0x0B02,0x1919,0x1919,0x180D,
	0x0D0D,0x0D18,0x180D,0x180D,0x0D0D,0x0D18,0x180D,0x180D,
	0x0D0D,0x0D18,0x180D,0x180D,0x0D0D,0x0D18,0x180D,0x180D,
	0x0D0D,0x0D18,0x180D,0x180D,0x0D02,0x0D18,0x0B0D,0x1702,
	0x1212,0x1212,0x1212,0x1212,0x1212,0x1212,0x1212,0x1212,
	0x1212,0x1212,0x1212,0x1212,0x1212,0x1212,0x1212,0x1212,
	0x1212,0x1212,0x1212,0x1212,0x1212,0x1212,0x1212,0x1212,

	0x1212,0x1212,0x1212,0x1212,0x1212,0x1212,0x0512,0x0D12,
	0x0D0D,0x180D,0x0D0D,0x1802,0x0D0D,0x0618,0x000D,0x0000,
	0x0000,0x0000,0x0000,0x0000,0x0000,0x0000,0x0000,0x0000,
	0x0000,0x0000,0x0000,0x0000,0x0000,0x0000,0x0000,0x0000,
	0x0000,0x0000,0x0000,0x0000,0x0000,0x0000,0x0000,0x0000,
	0x0000,0x0000,0x1802,0x180D,0x0D0D,0x0D18,0x180D,0x180D,
	0x0D0D,0x0D18,0x180D,0x180D,0x0D0D,0x0D18,0x180D,0x180D,
	0x0D0D,0x0D18,0x180D,0x180D,0x0D0D,0x0D18,0x180D,0x180D,

	0x0D0D,0x0218,0x0D18,0x0D02,0x0D0D,0x0218,0x0D18,0x0D02,
	0x0D0D,0x0218,0x0D18,0x0D02,0x0D0D,0x0218,0x0D18,0x0D02,
	0x0218,0x0D18,0x1919,0x1919,0x1919,0x1419,0x1403,0x1919,
	0x1919,0x190B,0x190B,0x1919,0x1919,0x0B0B,0x0B19,0x0517,
	0x1212,0x1212,0x1212,0x1212,0x1212,0x1212,0x1212,0x1212,
	0x1212,0x1212,0x1212,0x1212,0x1212,0x1212,0x1212,0x0D18,
	0x0202,0x0D0D,0x1818,0x0D02,0x0D0D,0x0218,0x0D18,0x0D02,
	0x0218,0x0D18,0x020D,0x180D,0x0D0D,0x020D,0x0D0D,0x0D02,

	0x0218,0x0D0D,0x020D,0x180D,0x0D0D,0x0218,0x0D18,0x0D02,
	0x0D0D,0x0218,0x0D18,0x0D02,0x0218,0x0D18,0x020D,0x120D,
	0x020D,0x0B0B,0x0B18,0x0D02,0x0D0D,0x180D,0x020D,0x180D,
	0x0D0D,0x0218,0x0D18,0x0D02,0x0000,0x0000,0x0000,0x0000,
	0x0000,0x0000,0x0000,0x0000,0x0000,0x0000,0x0000,0x0000,
	0x0000,0x0000,0x0000,0x0000,0x0000,0x0000,0x0000,0x0000,
	0x0218,0x180D,0x0D0D,0x180D,0x0D0D,0x0218,0x0D18,0x0D02,
	0x0D0D,0x0218,0x0D18,0x0D02,0x0D0D,0x0218,0x0D18,0x0D02,

	0x190D,0x1808,0x0208,0x0219,0x0818,0x0818,0x1919,0x1903,
	0x190B,0x080B,0x0B08,0x1902,0x0B19,0x1808,0x1908,0x180D,
	0x0D0D,0x0218,0x0D18,0x0D02,0x0D0D,0x0218,0x0D18,0x0D02,
	0x0D0D,0x0218,0x0D18,0x0D02,0x0D0D,0x0218,0x0D18,0x0D02,
	0x0D0D,0x0218,0x0D18,0x0D02,0x0D0D,0x0D02,0x020D,0x0D18,
	0x1212,0x1212,0x1212,0x1212,0x1212,0x1212,0x1212,0x1212,
	0x1212,0x1212,0x1212,0x1212,0x1212,0x1212,0x1212,0x1212,
	0x1212,0x1212,0x1212,0x1212,0x1212,0x1212,0x1212,0x1212,

	0x1212,0x1212,0x1212,0x1212,0x1212,0x1212,0x1212,0x0D18,
	0x020D,0x0B0B,0x0B18,0x0D02,0x0D0D,0x0D06,0x0002,0x0000,
	0x0000,0x0000,0x0000,0x0000,0x0000,0x0000,0x0000,0x0000,
	0x0000,0x0000,0x0000,0x0000,0x0000,0x0000,0x0000,0x0000,
	0x0000,0x0000,0x0000,0x0000,0x0000,0x0000,0x0000,0x0000,
	0x0000,0x0000,0x020D,0x180D,0x0D0D,0x0218,0x0D18,0x0D02,
	0x0D0D,0x0218,0x0D18,0x0D02,0x0D0D,0x0218,0x0D18,0x0D02,
	0x0D0D,0x0218,0x0D18,0x0D02,0x0D0D,0x0218,0x0D18,0x0D02,

	0x0D0D,0x180D,0x0D0D,0x0D0D,0x0D0D,0x180D,0x0D0D,0x0D0D,
	0x0D0D,0x180D,0x0D0D,0x0D0D,0x0D0D,0x180D,0x0D0D,0x0D0D,
	0x0D18,0x190D,0x0B19,0x1919,0x190B,0x190B,0x1919,0x0B0B,
	0x190B,0x1919,0x190B,0x0B0B,0x190B,0x0B02,0x1902,0x1205,
	0x1212,0x1212,0x1212,0x1212,0x1212,0x1212,0x1212,0x1212,
	0x1212,0x1212,0x1212,0x1212,0x1212,0x1212,0x1212,0x0218,
	0x0B17,0x0D0B,0x0D0D,0x0D0D,0x0D0D,0x180D,0x0D0D,0x0D0D,
	0x0D18,0x180D,0x0D02,0x0D18,0x0D0D,0x0D0D,0x0D0D,0x0D0D,

	0x0D18,0x0D0D,0x0D02,0x0D18,0x0D0D,0x180D,0x0D0D,0x0D0D,
	0x0D0D,0x180D,0x0D0D,0x0D0D,0x0D18,0x180D,0x1702,0x1202,
	0x0217,0x0B03,0x030D,0x0B0B,0x0D18,0x0D0D,0x0D02,0x0D0D,
	0x0D0D,0x180D,0x0D0D,0x0D0D,0x0000,0x0000,0x0000,0x0000,
	0x0000,0x0000,0x0000,0x0000,0x0000,0x0000,0x0000,0x0000,
	0x0000,0x0000,0x0000,0x0000,0x0000,0x0000,0x0000,0x0000,
	0x0D18,0x0D02,0x0D0D,0x180D,0x0D0D,0x180D,0x0202,0x0202,
	0x0D02,0x180D,0x0D0D,0x0D0D,0x0202,0x0202,0x0202,0x0D0D,

	0x190D,0x020B,0x0808,0x0219,0x1818,0x0208,0x190B,0x0B14,
	0x0B02,0x1802,0x1808,0x0B0B,0x0802,0x0218,0x190B,0x180D,
	0x0D0D,0x180D,0x0D02,0x020D,0x0D0D,0x180D,0x0D0D,0x0D0D,
	0x0D0D,0x180D,0x0D0D,0x0D0D,0x0D0D,0x180D,0x0D0D,0x0D0D,
	0x0D0D,0x180D,0x0D0D,0x0D0D,0x0D02,0x020D,0x0D0D,0x0D0D,
	0x1212,0x1212,0x1212,0x1212,0x1212,0x1212,0x1212,0x1212,
	0x1212,0x0A05,0x120A,0x1212,0x1212,0x1212,0x1212,0x1212,
	0x1212,0x1212,0x1212,0x1212,0x1212,0x1212,0x1212,0x1212,

	0x1212,0x1212,0x1212,0x1212,0x1212,0x1212,0x1212,0x0218,
	0x0217,0x0B03,0x030D,0x0B0B,0x0D18,0x1806,0x000D,0x0000,
	0x0000,0x0000,0x0000,0x0000,0x0000,0x0000,0x0000,0x0000,
	0x0000,0x0000,0x0000,0x0000,0x0000,0x0000,0x0000,0x0000,
	0x0000,0x0000,0x0000,0x0000,0x0000,0x0000,0x0000,0x0000,
	0x0000,0x0000,0x0D02,0x0D0D,0x0D0D,0x180D,0x0D0D,0x0D0D,
	0x0D0D,0x180D,0x0D0D,0x0D0D,0x0D0D,0x180D,0x0D0D,0x0D0D,
	0x0D0D,0x180D,0x0D0D,0x0D0D,0x0D0D,0x180D,0x0D0D,0x0D0D,

	0x020D,0x180D,0x0D0D,0x0D18,0x020D,0x180D,0x0D0D,0x0D18,
	0x020D,0x180D,0x0D0D,0x0D18,0x020D,0x180D,0x0D0D,0x0D18,
	0x0D0D,0x1902,0x190B,0x190B,0x0B0B,0x1919,0x1914,0x0B02,
	0x020B,0x0B19,0x1902,0x0B02,0x190B,0x020B,0x1902,0x1218,
	0x1212,0x1212,0x1212,0x1212,0x1212,0x1212,0x1212,0x1212,
	0x1212,0x1212,0x1212,0x1212,0x1212,0x1212,0x1212,0x0512,
	0x0317,0x020B,0x0D0D,0x0218,0x020D,0x180D,0x0D0D,0x0D18,
	0x0D0D,0x1802,0x0D02,0x0D0D,0x020D,0x0D0D,0x0D18,0x020D,

	0x020D,0x0202,0x0D0D,0x0D0D,0x020D,0x180D,0x0D0D,0x0218,
	0x020D,0x180D,0x0D0D,0x0218,0x0D0D,0x0D02,0x020D,0x1217,
	0x1705,0x0317,0x170D,0x1803,0x0202,0x0D0D,0x0D0D,0x0D18,
	0x020D,0x180D,0x0D0D,0x0D18,0x0000,0x0000,0x0000,0x0000,
	0x0000,0x0000,0x0000,0x0000,0x0000,0x0000,0x0000,0x0000,
	0x0000,0x0000,0x0000,0x0000,0x0000,0x0000,0x0000,0x0000,
	0x0D0D,0x0D02,0x0D18,0x0D02,0x0D0D,0x180D,0x020D,0x1818,
	0x0218,0x180D,0x0D0D,0x0B18,0x180D,0x1818,0x020D,0x0D18,

	0x170D,0x0202,0x0202,0x190B,0x020B,0x0802,0x0B08,0x0819,
	0x0208,0x020B,0x1818,0x1914,0x020B,0x0B02,0x0D19,0x0D02,
	0x0D0D,0x180D,0x0D0D,0x020D,0x020D,0x180D,0x0D0D,0x0D18,
	0x020D,0x180D,0x0D0D,0x0D18,0x020D,0x180D,0x0D0D,0x0D18,
	0x020D,0x180D,0x0D0D,0x0D18,0x020D,0x020D,0x180D,0x0202,
	0x1212,0x1212,0x1212,0x1212,0x1212,0x1212,0x1212,0x1212,
	0x1712,0x0505,0x0A0A,0x120A,0x1212,0x1212,0x1212,0x1212,
	0x0512,0x0505,0x1212,0x1212,0x1212,0x1212,0x0512,0x1205,

	0x1212,0x1212,0x1212,0x1712,0x1212,0x1212,0x1212,0x0512,
	0x1705,0x0317,0x170D,0x1803,0x0202,0x1806,0x0018,0x0000,
	0x0000,0x0000,0x0000,0x0000,0x0000,0x0000,0x0000,0x0000,
	0x0000,0x0000,0x0000,0x0000,0x0000,0x0000,0x0000,0x0000,
	0x0000,0x0000,0x0000,0x0000,0x0000,0x0000,0x0000,0x0000,
	0x0000,0x0000,0x0D02,0x0D18,0x020D,0x180D,0x0D0D,0x0D18,
	0x020D,0x180D,0x0D0D,0x0D18,0x020D,0x180D,0x0D0D,0x0D18,
	0x020D,0x180D,0x0D0D,0x0D18,0x020D,0x180D,0x0D0D,0x0D18,

	0x0D18,0x0D02,0x180D,0x0D02,0x0D18,0x0D02,0x180D,0x0D02,
	0x0D18,0x0D02,0x180D,0x0D02,0x0D18,0x0D02,0x180D,0x0D02,
	0x0D02,0x190D,0x0B02,0x1919,0x1919,0x1919,0x1919,0x020B,
	0x0B02,0x0219,0x1902,0x020B,0x190B,0x1919,0x1919,0x0502,
	0x1212,0x1212,0x1212,0x1212,0x1212,0x1212,0x1212,0x1212,
	0x1212,0x1212,0x1212,0x1212,0x1212,0x1212,0x1212,0x0512,
	0x020D,0x1818,0x0D02,0x0D02,0x0D18,0x0D02,0x180D,0x0D02,
	0x0D02,0x020D,0x0D0D,0x0D18,0x0D18,0x0D02,0x180D,0x0D02,

	0x0D02,0x020D,0x0D0D,0x0D18,0x0D18,0x0D02,0x180D,0x0D02,
	0x0D18,0x0D02,0x180D,0x0D02,0x0D02,0x020D,0x0D0D,0x1205,
	0x1205,0x0505,0x1717,0x0D03,0x0D0B,0x180D,0x0D0D,0x0D0D,
	0x0D18,0x0D02,0x180D,0x0D02,0x0000,0x0000,0x0000,0x0000,
	0x0000,0x0000,0x0000,0x0000,0x0000,0x0000,0x0000,0x0000,
	0x0000,0x0000,0x0000,0x0000,0x0000,0x0000,0x0000,0x0000,
	0x0D02,0x180D,0x0D0D,0x0D0D,0x180D,0x0D0D,0x0D0D,0x180B,
	0x180D,0x0D02,0x180D,0x020B,0x0202,0x1802,0x180B,0x0D02,

	0x0202,0x1818,0x020D,0x190B,0x0B19,0x0818,0x0218,0x0819,
	0x0B18,0x0B19,0x1802,0x0B19,0x1419,0x1914,0x0D0D,0x0D0D,
	0x180D,0x0D0D,0x0D0D,0x0D18,0x0D18,0x0D02,0x180D,0x0D02,
	0x0D18,0x0D02,0x180D,0x0D02,0x0D18,0x0D02,0x180D,0x0D02,
	0x0D18,0x0D02,0x180D,0x0D02,0x020D,0x0D0D,0x0D0D,0x0B0D,
	0x1212,0x1212,0x1212,0x1212,0x1212,0x1212,0x1212,0x1212,
	0x1712,0x0513,0x0A0A,0x120A,0x1212,0x1212,0x1705,0x1317,
	0x1613,0x1313,0x0517,0x1212,0x1705,0x1313,0x1713,0x0505,

	0x1317,0x1217,0x1212,0x1712,0x1212,0x1212,0x1212,0x0512,
	0x1205,0x0505,0x1717,0x0D03,0x0D0B,0x0606,0x0006,0x0000,
	0x0000,0x0000,0x0000,0x0000,0x0000,0x0000,0x0000,0x0000,
	0x0000,0x0000,0x0000,0x0000,0x0000,0x0000,0x0000,0x0000,
	0x0000,0x0000,0x0000,0x0000,0x0000,0x0000,0x0000,0x0000,
	0x0000,0x0000,0x180D,0x0D0D,0x0D18,0x0D02,0x180D,0x0D02,
	0x0D18,0x0D02,0x180D,0x0D02,0x0D18,0x0D02,0x180D,0x0D02,
	0x0D18,0x0D02,0x180D,0x0D02,0x0D18,0x0D02,0x180D,0x0D02,

	0x180D,0x0D02,0x180D,0x1802,0x180D,0x0D02,0x180D,0x1802,
	0x180D,0x0B02,0x180B,0x1802,0x0B0B,0x0D0B,0x0B0B,0x1802,
	0x0D0D,0x190D,0x1919,0x1919,0x190B,0x0B19,0x1919,0x1919,
	0x1919,0x0B19,0x1902,0x1919,0x1919,0x1919,0x0B02,0x0517,
	0x1212,0x1212,0x1212,0x1212,0x1212,0x1212,0x1212,0x1212,
	0x1212,0x1212,0x1212,0x1212,0x1212,0x1212,0x1212,0x1212,
	0x1717,0x0D0D,0x0D18,0x1802,0x180D,0x0D02,0x180D,0x1802,
	0x0D0D,0x020D,0x0D0D,0x0D0D,0x180D,0x0D02,0x180D,0x180D,

	0x0D0D,0x0218,0x0D0D,0x0D0D,0x020D,0x0D02,0x0218,0x1802,
	0x020D,0x0D02,0x0218,0x1802,0x0D0D,0x020D,0x0502,0x1212,
	0x0512,0x0512,0x0512,0x0D17,0x0B03,0x0D0D,0x0D18,0x0D0D,
	0x180D,0x0D02,0x180D,0x0002,0x0000,0x0000,0x0000,0x0000,
	0x0000,0x0000,0x0000,0x0000,0x0000,0x0000,0x0000,0x0000,
	0x0000,0x0000,0x0000,0x0000,0x0000,0x0000,0x0000,0x0000,
	0x0000,0x0000,0x0000,0x0000,0x0000,0x0000,0x0000,0x0000,
	0x0000,0x0000,0x0000,0x0000,0x0000,0x0000,0x0000,0x0000,

	0x0000,0x0000,0x0000,0x0000,0x0000,0x0000,0x0000,0x0000,
	0x0B18,0x1919,0x190B,0x020B,0x0B19,0x190B,0x1819,0x020D,
	0x0D0D,0x0D18,0x0D0D,0x180D,0x180D,0x0D02,0x180D,0x1802,
	0x180D,0x0D02,0x180D,0x1802,0x180D,0x0D02,0x180D,0x1802,
	0x180D,0x0D02,0x180D,0x1802,0x0D0D,0x0D0D,0x020D,0x0D0D,
	0x1212,0x1212,0x1212,0x1212,0x1212,0x1212,0x1212,0x1212,
	0x1712,0x1313,0x0505,0x1205,0x1212,0x1305,0x1313,0x1713,
	0x1617,0x1317,0x0517,0x0505,0x1212,0x1705,0x1313,0x1717,

	0x1305,0x1313,0x0513,0x1212,0x1212,0x1212,0x1212,0x1212,
	0x0512,0x0512,0x0512,0x0D17,0x0B03,0x0D0D,0x0018,0x0000,
	0x0000,0x0000,0x0000,0x0000,0x0000,0x0000,0x0000,0x0000,
	0x0000,0x0000,0x0000,0x0000,0x0000,0x0000,0x0000,0x0000,
	0x0000,0x0000,0x0000,0x0000,0x0000,0x0000,0x0000,0x0000,
	0x0000,0x0000,0x0D18,0x0D0D,0x180D,0x0D02,0x180D,0x1802,
	0x180D,0x0D02,0x180D,0x1802,0x180D,0x0D02,0x180D,0x1802,
	0x180D,0x0D02,0x180D,0x1802,0x180D,0x0D02,0x180D,0x1802,

	0x180D,0x0D0D,0x0000,0x0000,0x0000,0x0000,0x0000,0x0000,
	0x0000,0x0000,0x0000,0x0000,0x0000,0x0000,0x0000,0x0000,
	0x0000,0x0000,0x0000,0x0000,0x0000,0x0000,0x0000,0x1900,
	0x0B19,0x1919,0x1919,0x190B,0x190B,0x0219,0x0D02,0x1818,
	0x1212,0x1212,0x1212,0x1212,0x1212,0x1212,0x1212,0x1212,
	0x1212,0x1212,0x1212,0x1212,0x1212,0x1212,0x1212,0x1212,
	0x0D0D,0x0D02,0x0D18,0x180D,0x180D,0x0D0D,0x0D0D,0x180D,
	0x0D0D,0x0D0D,0x020D,0x0D0D,0x180D,0x0D0D,0x0D0D,0x180D,

	0x180D,0x0B0D,0x0D0D,0x0218,0x0202,0x0202,0x0B0D,0x020B,
	0x0202,0x0202,0x0B0D,0x020B,0x180D,0x0B02,0x1217,0x1212,
	0x1212,0x1212,0x0505,0x1705,0x0303,0x0D02,0x0D18,0x020D,
	0x180D,0x0D0D,0x0D0D,0x000D,0x0000,0x0000,0x0000,0x0000,
	0x0000,0x0000,0x0000,0x0000,0x0000,0x0000,0x0000,0x0000,
	0x0000,0x0000,0x0000,0x0000,0x0000,0x0000,0x0000,0x0000,
	0x0000,0x0000,0x0000,0x0000,0x0000,0x0000,0x0000,0x0000,
	0x0000,0x0000,0x0000,0x0000,0x0000,0x0000,0x0000,0x0000,

	0x0000,0x0000,0x0000,0x0000,0x0000,0x0000,0x0000,0x0000,
	0x020B,0x1914,0x0219,0x0802,0x0B19,0x0202,0x190B,0x0D02,
	0x0D0D,0x0218,0x0D0D,0x180D,0x180D,0x0D0D,0x0D0D,0x180D,
	0x180D,0x0D0D,0x0D0D,0x180D,0x180D,0x0D0D,0x0D0D,0x180D,
	0x180D,0x0D0D,0x0D0D,0x180D,0x0D0D,0x0D18,0x0B02,0x0D02,
	0x1212,0x1212,0x1212,0x1212,0x1212,0x1212,0x1212,0x1212,
	0x1712,0x1317,0x0513,0x1217,0x1312,0x1613,0x1616,0x1613,
	0x1713,0x0505,0x1713,0x0517,0x0505,0x0512,0x1616,0x1613,

	0x1316,0x1616,0x1313,0x1213,0x1212,0x1212,0x1212,0x1212,
	0x1212,0x1212,0x0505,0x1705,0x0303,0x0D02,0x0018,0x0000,
	0x0000,0x0000,0x0000,0x0000,0x0000,0x0000,0x0000,0x0000,
	0x0000,0x0000,0x0000,0x0000,0x0000,0x0000,0x0000,0x0000,
	0x0000,0x0000,0x0000,0x0000,0x0000,0x0000,0x0000,0x0000,
	0x0000,0x0000,0x0D18,0x020D,0x180D,0x0D0D,0x0D0D,0x180D,
	0x180D,0x0D0D,0x0D0D,0x180D,0x180D,0x0D0D,0x0D0D,0x180D,
	0x180D,0x0D0D,0x0D0D,0x180D,0x180D,0x0D0D,0x0D0D,0x180D,

	0x0D0D,0x0D0D,0x0000,0x0000,0x0000,0x0000,0x0000,0x0000,
	0x0000,0x0000,0x0000,0x0000,0x0000,0x0000,0x0000,0x0000,
	0x0000,0x0000,0x0000,0x0000,0x0000,0x0000,0x0000,0x1900,
	0x0202,0x190B,0x1919,0x0B19,0x1902,0x020D,0x0D0D,0x0D0D,
	0x120D,0x1212,0x1212,0x1212,0x1212,0x1212,0x1212,0x1212,
	0x1212,0x1212,0x1212,0x1212,0x1212,0x1212,0x1212,0x0212,
	0x0B02,0x0D0D,0x0D0D,0x0218,0x0D0D,0x0D0D,0x0D18,0x0218,
	0x0D0D,0x0D18,0x0D02,0x180D,0x0D0D,0x0D0D,0x0D0D,0x0B18,

	0x020D,0x020D,0x0D0B,0x180D,0x0B0B,0x180B,0x0B0D,0x0B03,
	0x0B0B,0x180B,0x0B0D,0x0B03,0x180B,0x0302,0x1205,0x1212,
	0x1212,0x1212,0x1212,0x1705,0x180D,0x020B,0x0D0D,0x0D02,
	0x0D0D,0x0D0D,0x0D18,0x0018,0x0000,0x0000,0x0000,0x0000,
	0x0000,0x0000,0x0000,0x0000,0x0000,0x0000,0x0000,0x0000,
	0x0000,0x0000,0x0000,0x0000,0x0000,0x0000,0x0000,0x0000,
	0x0000,0x0000,0x0000,0x0000,0x0000,0x0000,0x0000,0x0000,
	0x0000,0x0000,0x0000,0x0000,0x0000,0x0000,0x0000,0x0000,

	0x0000,0x0000,0x0000,0x0000,0x0000,0x0000,0x0000,0x0000,
	0x0802,0x1419,0x0819,0x1802,0x0219,0x0802,0x0B08,0x0D19,
	0x0D02,0x0D0D,0x0D02,0x0218,0x0D0D,0x0D0D,0x0D18,0x0218,
	0x0D0D,0x0D0D,0x0D18,0x0218,0x0D0D,0x0D0D,0x0D18,0x0218,
	0x0D0D,0x0D0D,0x0D18,0x0218,0x0D02,0x0218,0x020B,0x0203,
	0x1212,0x1212,0x1212,0x1212,0x1212,0x1212,0x1212,0x1212,
	0x1212,0x1717,0x1217,0x0512,0x1717,0x1717,0x1317,0x1603,
	0x1717,0x1717,0x1613,0x1313,0x0517,0x0505,0x1313,0x0316,

	0x1603,0x1713,0x1717,0x1717,0x1212,0x1212,0x1212,0x0212,
	0x1212,0x1212,0x1212,0x1705,0x180D,0x020B,0x000D,0x0000,
	0x0000,0x0000,0x0000,0x0000,0x0000,0x0000,0x0000,0x0000,
	0x0000,0x0000,0x0000,0x0000,0x0000,0x0000,0x0000,0x0000,
	0x0000,0x0000,0x0000,0x0000,0x0000,0x0000,0x0000,0x0000,
	0x0000,0x0000,0x0D0D,0x0D02,0x0D0D,0x0D0D,0x0D18,0x0218,
	0x0D0D,0x0D0D,0x0D18,0x0218,0x0D0D,0x0D0D,0x0D18,0x0218,
	0x0D0D,0x0D0D,0x0D18,0x0218,0x0D0D,0x0D0D,0x0D18,0x0218,

	0x0D0D,0x0D18,0x0000,0x0000,0x0000,0x0000,0x0000,0x0000,
	0x0000,0x0000,0x0000,0x0000,0x0000,0x0000,0x0000,0x0000,
	0x0000,0x0000,0x0000,0x0000,0x0000,0x0000,0x0000,0x0200,
	0x0218,0x0D0D,0x020B,0x1919,0x1919,0x0D18,0x0B0D,0x1702,
	0x1212,0x1212,0x1212,0x1212,0x1212,0x1212,0x1212,0x1212,
	0x1212,0x1212,0x1212,0x1212,0x1212,0x1212,0x1212,0x0D18,
	0x0B0B,0x0D02,0x0D0D,0x180D,0x0D0D,0x0D18,0x180D,0x180D,
	0x0D02,0x0D18,0x1818,0x0D0D,0x0D0D,0x020D,0x0B18,0x0218,

	0x0218,0x0D0D,0x020B,0x0D0D,0x030B,0x180B,0x0302,0x0303,
	0x030B,0x180B,0x0302,0x0303,0x0203,0x0517,0x1212,0x1212,
	0x1212,0x1212,0x0512,0x0D12,0x0D0D,0x180D,0x0D0D,0x1802,
	0x0D0D,0x0D18,0x180D,0x000B,0x0000,0x0000,0x0000,0x0000,
	0x0000,0x0000,0x0000,0x0000,0x0000,0x0000,0x0000,0x0000,
	0x0000,0x0000,0x0000,0x0000,0x0000,0x0000,0x0000,0x0000,
	0x0000,0x0000,0x0000,0x0000,0x0000,0x0000,0x0000,0x0000,
	0x0000,0x0000,0x0000,0x0000,0x0000,0x0000,0x0000,0x0000,

	0x0000,0x0000,0x0000,0x0000,0x0000,0x0000,0x0000,0x0000,
	0x1808,0x0319,0x0219,0x1808,0x020B,0x0B0B,0x1919,0x0219,
	0x0D0D,0x0D0D,0x0D02,0x180D,0x0D0D,0x0D18,0x180D,0x180D,
	0x0D0D,0x0D18,0x180D,0x180D,0x0D0D,0x0D18,0x180D,0x180D,
	0x0D0D,0x0D18,0x180D,0x180D,0x020D,0x020D,0x0D0D,0x170B,
	0x1212,0x1212,0x1212,0x1212,0x1212,0x1212,0x1212,0x1212,
	0x1212,0x1212,0x1212,0x1712,0x0517,0x1212,0x1705,0x1603,
	0x1713,0x0313,0x0517,0x1617,0x1613,0x0517,0x1705,0x1303,

	0x0316,0x0517,0x1212,0x1705,0x1212,0x1212,0x1212,0x0D18,
	0x1212,0x1212,0x0512,0x0D12,0x0D0D,0x180D,0x0006,0x0000,
	0x0000,0x0000,0x0000,0x0000,0x0000,0x0000,0x0000,0x0000,
	0x0000,0x0000,0x0000,0x0000,0x0000,0x0000,0x0000,0x0000,
	0x0000,0x0000,0x0000,0x0000,0x0000,0x0000,0x0000,0x0000,
	0x0000,0x0000,0x0D0D,0x1802,0x0D0D,0x0D18,0x180D,0x180D,
	0x0D0D,0x0D18,0x180D,0x180D,0x0D0D,0x0D18,0x180D,0x180D,
	0x0D0D,0x0D18,0x180D,0x180D,0x0D0D,0x0D18,0x180D,0x180D,

	0x0D0D,0x0218,0x0000,0x0000,0x0000,0x0000,0x0000,0x0000,
	0x0000,0x0000,0x0000,0x0000,0x0000,0x0000,0x0000,0x0000,
	0x0000,0x0000,0x0000,0x0000,0x0000,0x0000,0x0000,0x0B00,
	0x0D0D,0x0D02,0x0318,0x0D02,0x0303,0x0D03,0x1703,0x1717,
	0x0505,0x1205,0x1212,0x1212,0x1212,0x1212,0x1212,0x1212,
	0x1212,0x1212,0x1212,0x1212,0x1212,0x1212,0x1212,0x1212,
	0x020D,0x0B0B,0x0B18,0x0D02,0x0D0D,0x0218,0x0D18,0x0D02,
	0x0D0D,0x0D02,0x020D,0x0D18,0x0218,0x0D02,0x0202,0x0B0D,

	0x0D0D,0x0D02,0x0318,0x0D02,0x0303,0x0D03,0x1703,0x1717,
	0x0303,0x0D03,0x1703,0x1717,0x0505,0x1205,0x1212,0x1212,
	0x1212,0x1212,0x1212,0x0D18,0x0202,0x0D0D,0x1818,0x0D02,
	0x0D0D,0x0218,0x0B18,0x0002,0x0000,0x0000,0x0000,0x0000,
	0x0000,0x0000,0x0000,0x0000,0x0000,0x0000,0x0000,0x0000,
	0x0000,0x0000,0x0000,0x0000,0x0000,0x0000,0x0000,0x0000,
	0x0000,0x0000,0x0000,0x0000,0x0000,0x0000,0x0000,0x0000,
	0x0000,0x0000,0x0000,0x0000,0x0000,0x0000,0x0000,0x0000,

	0x0000,0x0000,0x0000,0x0000,0x0000,0x0000,0x0000,0x0000,
	0x0B02,0x1419,0x0B19,0x1919,0x0B0B,0x1919,0x0D18,0x020D,
	0x020D,0x0D0D,0x0D0D,0x180D,0x0D0D,0x0218,0x0D18,0x0D02,
	0x0D0D,0x0218,0x0D18,0x0D02,0x0D0D,0x0218,0x0D18,0x0D02,
	0x0D0D,0x0D02,0x020D,0x0D18,0x0218,0x0D02,0x0202,0x0B0D,
	0x1212,0x1212,0x1212,0x1212,0x1212,0x1212,0x1212,0x1212,
	0x1212,0x1212,0x0512,0x1717,0x1217,0x1705,0x1317,0x0316,
	0x1303,0x1303,0x1713,0x1705,0x0505,0x1705,0x1317,0x0316,

	0x1603,0x1713,0x0517,0x1712,0x1717,0x1205,0x1717,0x1217,
	0x1212,0x1212,0x1212,0x0D18,0x0202,0x0D0D,0x0006,0x0000,
	0x0000,0x0000,0x0000,0x0000,0x0000,0x0000,0x0000,0x0000,
	0x0000,0x0000,0x0000,0x0000,0x0000,0x0000,0x0000,0x0000,
	0x0000,0x0000,0x0000,0x0000,0x0000,0x0000,0x0000,0x0000,
	0x0000,0x0000,0x0D18,0x0D02,0x0D0D,0x0218,0x0D18,0x0D02,
	0x0D0D,0x0218,0x0D18,0x0D02,0x0D0D,0x0218,0x0D18,0x0D02,
	0x0D0D,0x0218,0x0D18,0x0D02,0x0D0D,0x0218,0x0D18,0x0D02,

	0x0D0D,0x180D,0x0000,0x0000,0x0000,0x0000,0x0000,0x0000,
	0x0000,0x0000,0x0000,0x0000,0x0000,0x0000,0x0000,0x0000,
	0x0000,0x0000,0x0000,0x0000,0x0000,0x0000,0x0000,0x0300,
	0x0D02,0x020D,0x030D,0x1803,0x1717,0x0203,0x0517,0x0517,
	0x0505,0x1212,0x1212,0x1212,0x1212,0x1212,0x1212,0x1212,
	0x1212,0x1212,0x1212,0x1212,0x1212,0x1212,0x1212,0x1212,
	0x0217,0x0B03,0x030D,0x0B0B,0x0D0D,0x180D,0x0D0D,0x0D0D,
	0x0D02,0x020D,0x0D0D,0x0D0D,0x0D0D,0x020B,0x030B,0x030B,

	0x0D02,0x020D,0x030D,0x1803,0x1717,0x0203,0x0517,0x0517,
	0x1717,0x0203,0x0517,0x0517,0x0505,0x1212,0x1212,0x1212,
	0x1212,0x1212,0x1212,0x0218,0x0B17,0x0D0B,0x0D0D,0x0D0D,
	0x0D0D,0x180D,0x0B0D,0x0006,0x0000,0x0000,0x0000,0x0000,
	0x0000,0x0000,0x0000,0x0000,0x0000,0x0000,0x0000,0x0000,
	0x0000,0x0000,0x0000,0x0000,0x0000,0x0000,0x0000,0x0000,
	0x0000,0x0000,0x0000,0x0000,0x0000,0x0000,0x0000,0x0000,
	0x0000,0x0000,0x0000,0x0000,0x0000,0x0000,0x0000,0x0000,

	0x0000,0x0000,0x0000,0x0000,0x0000,0x0000,0x0000,0x0000,
	0x190B,0x1914,0x1919,0x020B,0x0802,0x190B,0x0218,0x0D0D,
	0x0D0D,0x1802,0x0D0D,0x0D0D,0x0D0D,0x180D,0x0D0D,0x0D0D,
	0x0D0D,0x180D,0x0D0D,0x0D0D,0x0D0D,0x180D,0x0D0D,0x0D0D,
	0x0D02,0x020D,0x0D0D,0x0D0D,0x0D0D,0x020B,0x030B,0x030B,
	0x1212,0x1212,0x1212,0x1212,0x1212,0x1212,0x1212,0x1212,
	0x1212,0x1212,0x1712,0x1713,0x1705,0x1717,0x1313,0x0316,
	0x0313,0x1303,0x1713,0x1313,0x1313,0x1717,0x1313,0x0313,

	0x1316,0x1313,0x1717,0x0517,0x1317,0x1217,0x1212,0x1212,
	0x1212,0x1212,0x1212,0x0218,0x0B17,0x0D0B,0x0006,0x0000,
	0x0000,0x0000,0x0000,0x0000,0x0000,0x0000,0x0000,0x0000,
	0x0000,0x0000,0x0000,0x0000,0x0000,0x0000,0x0000,0x0000,
	0x0000,0x0000,0x0000,0x0000,0x0000,0x0000,0x0000,0x0000,
	0x0000,0x0000,0x0D0D,0x0D0D,0x0D0D,0x180D,0x0D0D,0x0D0D,
	0x0D0D,0x180D,0x0D0D,0x0D0D,0x0D0D,0x180D,0x0D0D,0x0D0D,
	0x0D0D,0x180D,0x0D0D,0x0D0D,0x0D0D,0x180D,0x0D0D,0x0D0D,

	0x020D,0x180D,0x0000,0x0000,0x0000,0x0000,0x0000,0x0000,
	0x0000,0x0000,0x0000,0x0000,0x0000,0x0000,0x0000,0x0000,
	0x0000,0x0000,0x0000,0x0000,0x0000,0x0000,0x0000,0x0300,
	0x1803,0x0303,0x1718,0x1717,0x0517,0x1717,0x1705,0x0505,
	0x1205,0x1212,0x1212,0x1212,0x1212,0x1212,0x1212,0x1212,
	0x1212,0x1212,0x1212,0x1212,0x1212,0x1212,0x1212,0x1212,
	0x1705,0x0317,0x170D,0x1803,0x020D,0x180D,0x0D0D,0x0218,
	0x020D,0x020D,0x180D,0x0202,0x020D,0x0B0D,0x0303,0x0303,

	0x1803,0x0303,0x1718,0x1717,0x0517,0x1717,0x1705,0x0505,
	0x0517,0x1717,0x1705,0x0505,0x1205,0x1212,0x1212,0x1212,
	0x1212,0x1212,0x1212,0x0512,0x0317,0x020B,0x0D0D,0x0218,
	0x020D,0x180D,0x0D0D,0x0018,0x0000,0x0000,0x0000,0x0000,
	0x0000,0x0000,0x0000,0x0000,0x0000,0x0000,0x0000,0x0000,
	0x0000,0x0000,0x0000,0x0000,0x0000,0x0000,0x0000,0x0000,
	0x0000,0x0000,0x0000,0x0000,0x0000,0x0000,0x0000,0x0000,
	0x0000,0x0000,0x0000,0x0000,0x0000,0x0000,0x0000,0x0000,

	0x0000,0x0000,0x0000,0x0000,0x0000,0x0000,0x0000,0x0000,
	0x190B,0x1919,0x1919,0x020B,0x0208,0x0B0B,0x0D19,0x1802,
	0x0D0D,0x0D02,0x0D18,0x0D02,0x020D,0x180D,0x0D0D,0x0D18,
	0x020D,0x180D,0x0D0D,0x0D18,0x020D,0x180D,0x0D0D,0x0D18,
	0x020D,0x020D,0x180D,0x0202,0x020D,0x0B0D,0x0303,0x0303,
	0x1212,0x1212,0x1212,0x1212,0x1212,0x1212,0x1212,0x1212,
	0x1212,0x1212,0x1313,0x1717,0x1713,0x1313,0x0313,0x0303,
	0x0F03,0x1603,0x1313,0x1717,0x1713,0x1313,0x1613,0x0F03,

	0x0303,0x1303,0x1313,0x1317,0x1717,0x1313,0x1212,0x1212,
	0x1212,0x1212,0x1212,0x0512,0x0317,0x020B,0x0006,0x0000,
	0x0000,0x0000,0x0000,0x0000,0x0000,0x0000,0x0000,0x0000,
	0x0000,0x0000,0x0000,0x0000,0x0000,0x0000,0x0000,0x0000,
	0x0000,0x0000,0x0000,0x0000,0x0000,0x0000,0x0000,0x0000,
	0x0000,0x0000,0x0D0D,0x0D18,0x020D,0x180D,0x0D0D,0x0D18,
	0x020D,0x180D,0x0D0D,0x0D18,0x020D,0x180D,0x0D0D,0x0D18,
	0x020D,0x180D,0x0D0D,0x0D18,0x020D,0x180D,0x0D0D,0x0D18,

	0x0D18,0x0D02,0x0000,0x0000,0x0000,0x0000,0x0000,0x0000,
	0x0000,0x0000,0x0000,0x0000,0x0000,0x0000,0x0000,0x0000,
	0x0000,0x0000,0x0000,0x0000,0x0000,0x0000,0x0000,0x1700,
	0x1717,0x0505,0x0517,0x0505,0x1705,0x1205,0x0505,0x0512,
	0x1212,0x1212,0x1212,0x1212,0x1212,0x1212,0x1712,0x1313,
	0x1713,0x1212,0x0512,0x1217,0x1212,0x1212,0x1212,0x1212,
	0x1205,0x0505,0x1717,0x0D03,0x0D18,0x0D02,0x180D,0x0D02,
	0x020D,0x0D0D,0x0D0D,0x0B0D,0x020B,0x030D,0x0317,0x1717,

	0x1717,0x0505,0x0517,0x0505,0x1705,0x1205,0x0505,0x0512,
	0x1705,0x1205,0x0505,0x0512,0x1212,0x1212,0x1212,0x1212,
	0x1212,0x1212,0x1212,0x0512,0x020D,0x1818,0x0D02,0x0D02,
	0x0D18,0x0D02,0x180D,0x0006,0x0000,0x0000,0x0000,0x0000,
	0x0000,0x0000,0x0000,0x0000,0x0000,0x0000,0x0000,0x0000,
	0x0000,0x0000,0x0000,0x0000,0x0000,0x0000,0x0000,0x0000,
	0x0000,0x0000,0x0000,0x0000,0x0000,0x0000,0x0000,0x0000,
	0x0000,0x0000,0x0000,0x0000,0x0000,0x0000,0x0000,0x0000,

	0x0000,0x0000,0x0000,0x0000,0x0000,0x0000,0x0000,0x0000,
	0x190B,0x0202,0x0B02,0x1919,0x0B19,0x0202,0x1902,0x0D02,
	0x0D18,0x0D0D,0x0218,0x020D,0x0D18,0x0D02,0x180D,0x0D02,
	0x0D18,0x0D02,0x180D,0x0D02,0x0D18,0x0D02,0x180D,0x0D02,
	0x020D,0x0D0D,0x0D0D,0x0B0D,0x020B,0x030D,0x0317,0x1717,
	0x1212,0x1212,0x1212,0x1212,0x1212,0x1212,0x1212,0x1212,
	0x1212,0x1212,0x1317,0x1313,0x1317,0x1313,0x0303,0x0F0F,
	0x0F0F,0x0316,0x0313,0x1313,0x1317,0x1313,0x0303,0x0F0F,

	0x0F0F,0x0303,0x1313,0x1713,0x1313,0x1713,0x1217,0x1212,
	0x1212,0x1212,0x1212,0x0512,0x020D,0x1818,0x0006,0x0000,
	0x0000,0x0000,0x0000,0x0000,0x0000,0x0000,0x0000,0x0000,
	0x0000,0x0000,0x0000,0x0000,0x0000,0x0000,0x0000,0x0000,
	0x0000,0x0000,0x0000,0x0000,0x0000,0x0000,0x0000,0x0000,
	0x0000,0x0000,0x180D,0x0D02,0x0D18,0x0D02,0x180D,0x0D02,
	0x0D18,0x0D02,0x180D,0x0D02,0x0D18,0x0D02,0x180D,0x0D02,
	0x0D18,0x0D02,0x180D,0x0D02,0x0D18,0x0D02,0x180D,0x0D02,

	0x180D,0x0D02,0x0000,0x0000,0x0000,0x0000,0x0000,0x0000,
	0x0000,0x0000,0x0000,0x0000,0x0000,0x0000,0x0000,0x0000,
	0x0000,0x0000,0x0000,0x0000,0x0000,0x0000,0x0000,0x0500,
	0x0512,0x0512,0x0512,0x1212,0x0512,0x0512,0x1212,0x1212,
	0x1212,0x1212,0x1212,0x1212,0x1212,0x1212,0x1713,0x1717,
	0x0517,0x1213,0x1212,0x1205,0x1212,0x1212,0x1212,0x1212,
	0x0512,0x0512,0x0512,0x0D17,0x020D,0x0D02,0x0218,0x1802,
	0x0D0D,0x0D0D,0x020D,0x0D0D,0x0303,0x1718,0x0517,0x0505,

	0x0512,0x0512,0x0512,0x1212,0x0512,0x0512,0x1212,0x1212,
	0x0512,0x0512,0x1212,0x1212,0x1212,0x1212,0x1212,0x1212,
	0x1212,0x1212,0x1212,0x1212,0x1717,0x0D0D,0x0D18,0x1802,
	0x180D,0x0D02,0x180D,0x0006,0x0000,0x0000,0x0000,0x0000,
	0x0000,0x0000,0x0000,0x0000,0x0000,0x0000,0x0000,0x0000,
	0x0000,0x0000,0x0000,0x0000,0x0000,0x0000,0x0000,0x0000,
	0x0000,0x0000,0x0000,0x0000,0x0000,0x0000,0x0000,0x0000,
	0x0000,0x0000,0x0000,0x0000,0x0000,0x0000,0x0000,0x0000,

	0x0000,0x0000,0x0000,0x0000,0x0000,0x0000,0x0000,0x0000,
	0x0B02,0x0208,0x0B08,0x0202,0x190B,0x080B,0x0802,0x0D19,
	0x0D18,0x0D0D,0x020D,0x0D0D,0x180D,0x0D02,0x180D,0x1802,
	0x180D,0x0D02,0x180D,0x1802,0x180D,0x0D02,0x180D,0x1802,
	0x0D0D,0x0D0D,0x020D,0x0D0D,0x0303,0x1718,0x0517,0x0505,
	0x1212,0x1212,0x1212,0x1212,0x1212,0x1212,0x1212,0x1212,
	0x1212,0x1712,0x1317,0x1303,0x0313,0x0313,0x0F03,0x0F0F,
	0x0F0F,0x160F,0x1303,0x1303,0x0313,0x0316,0x0F03,0x0F0F,

	0x0F0F,0x030F,0x1303,0x1303,0x0313,0x1713,0x1217,0x1212,
	0x1212,0x1212,0x1212,0x1212,0x1717,0x0D0D,0x0006,0x0000,
	0x0000,0x0000,0x0000,0x0000,0x0000,0x0000,0x0000,0x0000,
	0x0000,0x0000,0x0000,0x0000,0x0000,0x0000,0x0000,0x0000,
	0x0000,0x0000,0x0000,0x0000,0x0000,0x0000,0x0000,0x0000,
	0x0000,0x0000,0x180D,0x1802,0x180D,0x0D02,0x180D,0x1802,
	0x180D,0x0D02,0x180D,0x1802,0x180D,0x0D02,0x180D,0x1802,
	0x180D,0x0D02,0x180D,0x1802,0x180D,0x0D02,0x180D,0x1802,

	0x180D,0x0D0D,0x0000,0x0000,0x0000,0x0000,0x0000,0x0000,
	0x0000,0x0000,0x0000,0x0000,0x0000,0x0000,0x0000,0x0000,
	0x0000,0x0000,0x0000,0x0000,0x0000,0x0000,0x0000,0x1200,
	0x1205,0x1212,0x1212,0x0512,0x1212,0x1212,0x1212,0x1212,
	0x1212,0x1212,0x1212,0x1212,0x1212,0x1212,0x0505,0x0517,
	0x1717,0x1317,0x1212,0x1212,0x1212,0x1212,0x1212,0x1212,
	0x1212,0x1212,0x0505,0x1705,0x0202,0x0202,0x0B0D,0x020B,
	0x0D0D,0x0D18,0x0B02,0x0D02,0x030D,0x0517,0x1205,0x1205,

	0x1205,0x1212,0x1212,0x0512,0x1212,0x1212,0x1212,0x1212,
	0x1212,0x1212,0x1212,0x1212,0x1212,0x1212,0x1212,0x1212,
	0x1212,0x1212,0x1212,0x1212,0x0D0D,0x0D02,0x0D18,0x180D,
	0x180D,0x0D0D,0x0D0D,0x000D,0x0000,0x0000,0x0000,0x0000,
	0x0000,0x0000,0x0000,0x0000,0x0000,0x0000,0x0000,0x0000,
	0x0000,0x0000,0x0000,0x0000,0x0000,0x0000,0x0000,0x0000,
	0x0000,0x0000,0x0000,0x0000,0x0000,0x0000,0x0000,0x0000,
	0x0000,0x0000,0x0000,0x0000,0x0000,0x0000,0x0000,0x0000,

	0x0000,0x0000,0x0000,0x0000,0x0000,0x0000,0x0000,0x0000,
	0x1902,0x080B,0x190B,0x020B,0x1908,0x0B19,0x0808,0x0D19,
	0x0D0D,0x0D02,0x0D0D,0x020D,0x180D,0x0D0D,0x0D0D,0x180D,
	0x180D,0x0D0D,0x0D0D,0x180D,0x180D,0x0D0D,0x0D0D,0x180D,
	0x0D0D,0x0D18,0x0B02,0x0D02,0x030D,0x0517,0x1205,0x1205,
	0x1212,0x1212,0x1212,0x1212,0x1212,0x1212,0x1212,0x1212,
	0x1212,0x1705,0x1313,0x0313,0x1303,0x0303,0x0F0F,0x070F,
	0x0F07,0x0F0F,0x0303,0x0316,0x1603,0x0303,0x0F0F,0x070F,

	0x0F07,0x0F0F,0x0303,0x0313,0x1303,0x1313,0x0517,0x1212,
	0x1212,0x1212,0x1212,0x1212,0x0D0D,0x0D02,0x000B,0x0000,
	0x0000,0x0000,0x0000,0x0000,0x0000,0x0000,0x0000,0x0000,
	0x0000,0x0000,0x0000,0x0000,0x0000,0x0000,0x0000,0x0000,
	0x0000,0x0000,0x0000,0x0000,0x0000,0x0000,0x0000,0x0000,
	0x0000,0x0000,0x0D0D,0x180D,0x180D,0x0D0D,0x0D0D,0x180D,
	0x180D,0x0D0D,0x0D0D,0x180D,0x180D,0x0D0D,0x0D0D,0x180D,
	0x180D,0x0D0D,0x0D0D,0x180D,0x180D,0x0D0D,0x0D0D,0x180D,

	0x0D0D,0x0D0D,0x0000,0x0000,0x0000,0x0000,0x0000,0x0000,
	0x0000,0x0000,0x0000,0x0000,0x0000,0x0000,0x0000,0x0000,
	0x0000,0x0000,0x0000,0x0000,0x0000,0x0000,0x0000,0x1200,
	0x1212,0x1212,0x1212,0x1212,0x1212,0x1212,0x1212,0x1212,
	0x1212,0x1212,0x1212,0x1212,0x1212,0x1212,0x1212,0x1205,
	0x1705,0x1717,0x1217,0x1212,0x1212,0x1212,0x1212,0x1212,
	0x1212,0x1212,0x1212,0x1705,0x0B0B,0x180B,0x0B0D,0x0B03,
	0x0D02,0x0218,0x020B,0x0203,0x1718,0x1205,0x1212,0x1212,

	0x1212,0x1212,0x1212,0x1212,0x1212,0x1212,0x1212,0x1212,
	0x1212,0x1212,0x1212,0x1212,0x1212,0x1212,0x1212,0x1212,
	0x1212,0x1212,0x1212,0x0212,0x0B02,0x0D0D,0x0D0D,0x0218,
	0x0D0D,0x0D0D,0x0618,0x000B,0x0000,0x0000,0x0000,0x0000,
	0x0000,0x0000,0x0000,0x0000,0x0000,0x0000,0x0000,0x0000,
	0x0000,0x0000,0x0000,0x0000,0x0000,0x0000,0x0000,0x0000,
	0x0000,0x0000,0x0000,0x0000,0x0000,0x0000,0x0000,0x0000,
	0x0000,0x0000,0x0000,0x0000,0x0000,0x0000,0x0000,0x0000,

	0x0000,0x0000,0x0000,0x0000,0x0000,0x0000,0x0000,0x0000,
	0x0B0B,0x0B19,0x0219,0x0819,0x1908,0x190B,0x1919,0x0D0D,
	0x0D0D,0x020D,0x0D0D,0x0D0D,0x0D0D,0x0D0D,0x0D18,0x0218,
	0x0D0D,0x0D0D,0x0D18,0x0218,0x0D0D,0x0D0D,0x0D18,0x0218,
	0x0D02,0x0218,0x020B,0x0203,0x1718,0x1205,0x1212,0x1212,
	0x1212,0x1212,0x1212,0x1212,0x1212,0x1212,0x1212,0x1212,
	0x1212,0x1317,0x1313,0x0303,0x0313,0x0F03,0x070F,0x0411,
	0x0704,0x0F11,0x0F0F,0x0303,0x0316,0x0F03,0x070F,0x0411,

	0x1104,0x0F07,0x030F,0x1303,0x0303,0x1313,0x1713,0x1212,
	0x1212,0x1212,0x1212,0x0212,0x0B02,0x0B0D,0x000B,0x0000,
	0x0000,0x0000,0x0000,0x0000,0x0000,0x0000,0x0000,0x0000,
	0x0000,0x0000,0x0000,0x0000,0x0000,0x0000,0x0000,0x0000,
	0x0000,0x0000,0x0000,0x0000,0x0000,0x0000,0x0000,0x0000,
	0x0000,0x0000,0x0D18,0x0218,0x0D0D,0x0D0D,0x0D18,0x0218,
	0x0D0D,0x0D0D,0x0D18,0x0218,0x0D0D,0x0D0D,0x0D18,0x0218,
	0x0D0D,0x0D0D,0x0D18,0x0218,0x0D0D,0x0D0D,0x0D18,0x0218,

	0x0D0D,0x0D18,0x0000,0x0000,0x0000,0x0000,0x0000,0x0000,
	0x0000,0x0000,0x0000,0x0000,0x0000,0x0000,0x0000,0x0000,
	0x0000,0x0000,0x0000,0x0000,0x0000,0x0000,0x0000,0x0500,
	0x1212,0x1212,0x1212,0x1212,0x1212,0x1212,0x1212,0x1212,
	0x1212,0x1212,0x1212,0x1212,0x1212,0x1212,0x1212,0x0512,
	0x0512,0x1717,0x1213,0x1212,0x1212,0x1212,0x1212,0x1212,
	0x1212,0x1212,0x0512,0x0D12,0x030B,0x180B,0x0302,0x0303,
	0x020D,0x020D,0x0D0D,0x170B,0x0518,0x1212,0x1212,0x0512,

	0x1212,0x1212,0x1212,0x1212,0x1212,0x1212,0x1212,0x1212,
	0x1212,0x1212,0x1212,0x1212,0x1212,0x1212,0x1212,0x1212,
	0x1212,0x1212,0x1212,0x0D18,0x0B0B,0x0D02,0x0D0D,0x180D,
	0x0D0D,0x0D18,0x020B,0x0002,0x0000,0x0000,0x0000,0x0000,
	0x0000,0x0000,0x0000,0x0000,0x0000,0x0000,0x0000,0x0000,
	0x0000,0x0000,0x0000,0x0000,0x0000,0x0000,0x0000,0x0000,
	0x0000,0x0000,0x0000,0x0000,0x0000,0x0000,0x0000,0x0000,
	0x0000,0x0000,0x0000,0x0000,0x0000,0x0000,0x0000,0x0000,

	0x0000,0x0000,0x0000,0x0000,0x0000,0x0000,0x0000,0x0000,
	0x1818,0x0B0B,0x0802,0x0B19,0x1908,0x1919,0x1819,0x020D,
	0x0D18,0x020D,0x0D0D,0x1802,0x0D0D,0x0D18,0x180D,0x180D,
	0x0D0D,0x0D18,0x180D,0x180D,0x0D0D,0x0D18,0x180D,0x180D,
	0x020D,0x020D,0x0D0D,0x170B,0x0518,0x1212,0x1212,0x0512,
	0x1212,0x1212,0x1212,0x1212,0x1212,0x1212,0x1212,0x1212,
	0x1212,0x1317,0x0F03,0x0303,0x1107,0x1107,0x0407,0x0404,
	0x0404,0x0704,0x1107,0x1111,0x1111,0x1107,0x0407,0x0404,

	0x0404,0x0704,0x0711,0x0711,0x0303,0x030F,0x1713,0x0512,
	0x1212,0x1212,0x1212,0x0D18,0x0B0B,0x0D02,0x000D,0x0000,
	0x0000,0x0000,0x0000,0x0000,0x0000,0x0000,0x0000,0x0000,
	0x0000,0x0000,0x0000,0x0000,0x0000,0x0000,0x0000,0x0000,
	0x0000,0x0000,0x0000,0x0000,0x0000,0x0000,0x0000,0x0000,
	0x0000,0x0000,0x180D,0x180D,0x0D0D,0x0D18,0x180D,0x180D,
	0x0D0D,0x0D18,0x180D,0x180D,0x0D0D,0x0D18,0x180D,0x180D,
	0x0D0D,0x0D18,0x180D,0x180D,0x0D0D,0x0D18,0x180D,0x180D,

	0x0D0D,0x0218,0x0000,0x0000,0x0000,0x0000,0x0000,0x0000,
	0x0000,0x0000,0x0000,0x0000,0x0000,0x0000,0x0000,0x0000,
	0x0000,0x0000,0x0000,0x0000,0x0000,0x0000,0x0000,0x1200,
	0x1212,0x1212,0x1212,0x1212,0x1212,0x1212,0x1212,0x1212,
	0x1212,0x1212,0x1212,0x1212,0x1212,0x1205,0x1212,0x1212,
	0x1212,0x1705,0x1213,0x1212,0x1212,0x1212,0x1212,0x1212,
	0x1212,0x1212,0x1212,0x1212,0x0303,0x0D03,0x1703,0x1717,
	0x0505,0x1205,0x1212,0x1212,0x1212,0x1212,0x1212,0x1212,

	0x1212,0x1212,0x1212,0x1212,0x1212,0x1212,0x1212,0x1212,
	0x1212,0x1212,0x1212,0x1212,0x1212,0x1212,0x1212,0x1212,
	0x1212,0x1212,0x1212,0x0D18,0x020D,0x0B0B,0x0B18,0x0D02,
	0x0D0D,0x180D,0x0D06,0x000D,0x0000,0x0000,0x0000,0x0000,
	0x0000,0x0000,0x0000,0x0000,0x0000,0x0000,0x0000,0x0000,
	0x0000,0x0000,0x0000,0x0000,0x0000,0x0000,0x0000,0x0000,
	0x0000,0x0000,0x0000,0x0000,0x0000,0x0000,0x0000,0x0000,
	0x0000,0x0000,0x0000,0x0000,0x0000,0x0000,0x0000,0x0000,

	0x0000,0x0000,0x0000,0x0000,0x0000,0x0000,0x0000,0x0000,
	0x0D0D,0x0D18,0x190B,0x1919,0x1919,0x0B0B,0x0D19,0x0D02,
	0x0D0D,0x0218,0x0D18,0x0D02,0x0D0D,0x0218,0x0D18,0x0D02,
	0x0D0D,0x0218,0x0D18,0x0D02,0x0D0D,0x0218,0x0D18,0x0D02,
	0x0218,0x0D18,0x0B02,0x0517,0x1212,0x1212,0x1212,0x1212,
	0x1212,0x1212,0x1212,0x1212,0x1212,0x1212,0x1212,0x1212,
	0x1212,0x1317,0x0303,0x0403,0x0000,0x0000,0x0000,0x0000,
	0x0000,0x0000,0x0000,0x0000,0x0000,0x0000,0x0000,0x0000,

	0x0000,0x0000,0x0000,0x0000,0x0300,0x0303,0x1713,0x1212,
	0x1212,0x1212,0x1212,0x0518,0x0317,0x0202,0x000D,0x0000,
	0x0000,0x0000,0x0000,0x0000,0x0000,0x0000,0x0000,0x0000,
	0x0000,0x0000,0x0000,0x0000,0x0000,0x0000,0x0000,0x0000,
	0x0000,0x0000,0x0000,0x0000,0x0000,0x0000,0x0000,0x0000,
	0x0000,0x0000,0x0D18,0x0D02,0x0D0D,0x0218,0x0D18,0x0D02,
	0x0D0D,0x0218,0x0D18,0x0D02,0x0D0D,0x0218,0x0D18,0x0D02,
	0x0D0D,0x0218,0x0D18,0x0D02,0x0D0D,0x0218,0x0D18,0x0D02,

	0x0D0D,0x180D,0x0000,0x0000,0x0000,0x0000,0x0000,0x0000,
	0x0000,0x0000,0x0000,0x0000,0x0000,0x0000,0x0000,0x0000,
	0x0000,0x0000,0x0000,0x0000,0x0000,0x0000,0x0000,0x1200,
	0x1212,0x1212,0x1212,0x1212,0x1212,0x0D12,0x1212,0x1212,
	0x1212,0x1212,0x1212,0x1212,0x1212,0x1205,0x1212,0x1212,
	0x0512,0x1712,0x1213,0x1212,0x1212,0x1212,0x1212,0x1212,
	0x1212,0x1212,0x1212,0x1212,0x1717,0x0203,0x0517,0x0517,
	0x0505,0x1212,0x1212,0x1212,0x1212,0x0A05,0x120A,0x1212,

	0x1212,0x1212,0x1212,0x1212,0x1212,0x1212,0x1212,0x1212,
	0x1212,0x1212,0x1212,0x1212,0x0A05,0x050A,0x1212,0x1212,
	0x1212,0x1212,0x1212,0x0218,0x0217,0x0B03,0x030D,0x0B0B,
	0x0D18,0x0606,0x0D08,0x0008,0x0000,0x0000,0x0000,0x0000,
	0x0000,0x0000,0x0000,0x0000,0x0000,0x0000,0x0000,0x0000,
	0x0000,0x0000,0x0000,0x0000,0x0000,0x0000,0x0000,0x0000,
	0x0000,0x0000,0x0000,0x0000,0x0000,0x0000,0x0000,0x0000,
	0x0000,0x0000,0x0000,0x0000,0x0000,0x0000,0x0000,0x0000,

	0x0000,0x0000,0x0000,0x0000,0x0000,0x0000,0x0000,0x0000,
	0x1818,0x0B02,0x190B,0x0B0B,0x190B,0x0B02,0x1902,0x0D0D,
	0x0D0D,0x180D,0x0D0D,0x0D0D,0x0D0D,0x180D,0x0D0D,0x0D0D,
	0x0D0D,0x180D,0x0D0D,0x0D0D,0x0D0D,0x180D,0x0D0D,0x0D0D,
	0x0D18,0x180D,0x1818,0x1205,0x1212,0x1212,0x1212,0x1212,
	0x1212,0x1212,0x1212,0x1212,0x1212,0x0D12,0x1212,0x1212,
	0x1212,0x1312,0x030F,0x0704,0x0000,0x0000,0x0000,0x0000,
	0x0000,0x0000,0x0000,0x0000,0x0000,0x0000,0x0000,0x0000,

	0x0000,0x0000,0x0000,0x0000,0x0400,0x0F03,0x1713,0x1212,
	0x1212,0x1212,0x1212,0x0512,0x0D02,0x020B,0x0002,0x0000,
	0x0000,0x0000,0x0000,0x0000,0x0000,0x0000,0x0000,0x0000,
	0x0000,0x0000,0x0000,0x0000,0x0000,0x0000,0x0000,0x0000,
	0x0000,0x0000,0x0000,0x0000,0x0000,0x0000,0x0000,0x0000,
	0x0000,0x0000,0x0D0D,0x0D0D,0x0D0D,0x180D,0x0D0D,0x0D0D,
	0x0D0D,0x180D,0x0D0D,0x0D0D,0x0D0D,0x180D,0x0D0D,0x0D0D,
	0x0D0D,0x180D,0x0D0D,0x0D0D,0x0D0D,0x180D,0x0D0D,0x0D0D,

	0x020D,0x180D,0x0000,0x0000,0x0000,0x0000,0x0000,0x0000,
	0x0000,0x0000,0x0000,0x0000,0x0000,0x0000,0x0000,0x0000,
	0x0000,0x0000,0x0000,0x0000,0x0000,0x0000,0x0000,0x1200,
	0x1212,0x1212,0x1212,0x1212,0x1218,0x120D,0x1212,0x1212,
	0x1212,0x1212,0x1212,0x1212,0x1212,0x1205,0x1212,0x1212,
	0x1212,0x0512,0x1217,0x1212,0x1212,0x1212,0x1212,0x1212,
	0x1212,0x1212,0x1212,0x1212,0x0517,0x1717,0x1705,0x0505,
	0x1205,0x1212,0x1212,0x1212,0x1712,0x0505,0x0A0A,0x120A,

	0x1212,0x1212,0x1212,0x1212,0x1212,0x1212,0x0512,0x1205,
	0x1212,0x1212,0x1212,0x1712,0x0513,0x0A0A,0x1212,0x1212,
	0x1212,0x1212,0x1212,0x0512,0x1705,0x0317,0x170D,0x1803,
	0x0602,0x0B0B,0x0808,0x0002,0x0000,0x0000,0x0000,0x0000,
	0x0000,0x0000,0x0000,0x0000,0x0000,0x0000,0x0000,0x0000,
	0x0000,0x0000,0x0000,0x0000,0x0000,0x0000,0x0000,0x0000,
	0x0000,0x0000,0x0000,0x0000,0x0000,0x0000,0x0000,0x0000,
	0x0000,0x0000,0x0000,0x0000,0x0000,0x0000,0x0000,0x0000,

	0x0000,0x0000,0x0000,0x0000,0x0000,0x0000,0x0000,0x0000,
	0x0202,0x0B0B,0x1902,0x0B02,0x190B,0x020B,0x1902,0x0D18,
	0x020D,0x180D,0x0D0D,0x0D18,0x020D,0x180D,0x0D0D,0x0D18,
	0x020D,0x180D,0x0D0D,0x0D18,0x020D,0x180D,0x0D0D,0x0D18,
	0x0D0D,0x0D18,0x0D0D,0x1218,0x1212,0x1212,0x1212,0x1212,
	0x1212,0x1212,0x1212,0x1212,0x1218,0x120D,0x1212,0x1212,
	0x1212,0x1712,0x0F0F,0x0411,0x0000,0x0000,0x0000,0x0000,
	0x0000,0x0000,0x0000,0x0000,0x0000,0x0000,0x0000,0x0000,

	0x0000,0x0000,0x0000,0x0000,0x1100,0x0F0F,0x1217,0x1212,
	0x1212,0x1212,0x1212,0x1212,0x0217,0x0D0D,0x0002,0x0000,
	0x0000,0x0000,0x0000,0x0000,0x0000,0x0000,0x0000,0x0000,
	0x0000,0x0000,0x0000,0x0000,0x0000,0x0000,0x0000,0x0000,
	0x0000,0x0000,0x0000,0x0000,0x0000,0x0000,0x0000,0x0000,
	0x0000,0x0000,0x0D0D,0x0D18,0x020D,0x180D,0x0D0D,0x0D18,
	0x020D,0x180D,0x0D0D,0x0D18,0x020D,0x180D,0x0D0D,0x0D18,
	0x020D,0x180D,0x0D0D,0x0D18,0x020D,0x180D,0x0D0D,0x0D18,

	0x0D18,0x0D02,0x0000,0x0000,0x0000,0x0000,0x0000,0x0000,
	0x0000,0x0000,0x0000,0x0000,0x0000,0x0000,0x0000,0x0000,
	0x0000,0x0000,0x0000,0x0000,0x0000,0x0000,0x0000,0x1200,
	0x1212,0x1218,0x0212,0x1218,0x180D,0x120D,0x1212,0x1212,
	0x1212,0x1212,0x1212,0x1212,0x1212,0x0505,0x1212,0x1212,
	0x1212,0x1712,0x1212,0x1212,0x1212,0x1212,0x1212,0x1212,
	0x1212,0x1212,0x1212,0x1212,0x1705,0x1205,0x0505,0x0512,
	0x1212,0x1212,0x1212,0x1212,0x1712,0x0513,0x0A0A,0x120A,

	0x1212,0x1212,0x1705,0x1317,0x1705,0x1313,0x1713,0x0505,
	0x1317,0x1217,0x1212,0x1712,0x1317,0x0513,0x1212,0x1212,
	0x1212,0x1212,0x1212,0x0512,0x1205,0x0505,0x1717,0x0D03,
	0x060B,0x0606,0x060B,0x000B,0x0000,0x0000,0x0000,0x0000,
	0x0000,0x0000,0x0000,0x0000,0x0000,0x0000,0x0000,0x0000,
	0x0000,0x0000,0x0000,0x0000,0x0000,0x0000,0x0000,0x0000,
	0x0000,0x0000,0x0000,0x0000,0x0000,0x0000,0x0000,0x0000,
	0x0000,0x0000,0x0000,0x0000,0x0000,0x0000,0x0000,0x0000,

	0x0000,0x0000,0x0000,0x0000,0x0000,0x0000,0x0000,0x0000,
	0x0B0B,0x0219,0x1902,0x020B,0x190B,0x1919,0x1919,0x0D02,
	0x0D18,0x0D02,0x180D,0x0D02,0x0D18,0x0D02,0x180D,0x0D02,
	0x0D18,0x0D02,0x180D,0x0D02,0x0D18,0x0D02,0x180D,0x0D02,
	0x0D02,0x0D0D,0x0202,0x0502,0x1212,0x1212,0x1212,0x1212,
	0x1212,0x1218,0x0212,0x1218,0x180D,0x120D,0x1212,0x1212,
	0x1212,0x1212,0x0F13,0x0407,0x0000,0x0000,0x0000,0x0000,
	0x0000,0x0000,0x0000,0x0000,0x0000,0x0000,0x0000,0x0000,

	0x0000,0x0000,0x0000,0x0000,0x0700,0x130F,0x1212,0x1212,
	0x1212,0x1212,0x1212,0x1212,0x1805,0x0D18,0x180D,0x0D0D,
	0x0D18,0x0606,0x0006,0x0000,0x0000,0x0000,0x0000,0x0000,
	0x0000,0x0000,0x0000,0x0000,0x0000,0x0000,0x0000,0x0000,
	0x0000,0x0000,0x0000,0x0D02,0x0D18,0x0D02,0x180D,0x0D02,
	0x0D18,0x0D02,0x180D,0x0D02,0x0D18,0x0D02,0x180D,0x0D02,
	0x0D18,0x0D02,0x180D,0x0D02,0x0D18,0x0D02,0x180D,0x0D02,
	0x0D18,0x0D02,0x180D,0x0D02,0x0D18,0x0D02,0x180D,0x0D02,

	0x180D,0x0D02,0x0000,0x0000,0x0000,0x0000,0x0000,0x0000,
	0x0000,0x0000,0x0000,0x0000,0x0000,0x0000,0x0000,0x0000,
	0x0000,0x0000,0x0000,0x0000,0x0000,0x0000,0x0000,0x1200,
	0x1212,0x1812,0x0D12,0x1202,0x1802,0x180D,0x1202,0x1212,
	0x1212,0x1212,0x1212,0x1212,0x1212,0x0512,0x1205,0x1212,
	0x1212,0x1212,0x1205,0x1212,0x1212,0x1212,0x1212,0x1212,
	0x1212,0x1212,0x1212,0x1212,0x0512,0x0512,0x1212,0x1212,
	0x1212,0x1212,0x1212,0x1212,0x1712,0x1313,0x0505,0x1205,

	0x1212,0x1305,0x1313,0x1713,0x1212,0x1705,0x1313,0x1717,
	0x1305,0x1313,0x0513,0x1212,0x1717,0x1217,0x1212,0x1212,
	0x1212,0x1212,0x1212,0x1212,0x0512,0x0512,0x0512,0x0D17,
	0x0B03,0x060D,0x020B,0x0008,0x0000,0x0000,0x0000,0x0000,
	0x0000,0x0000,0x0000,0x0000,0x0000,0x0000,0x0000,0x0000,
	0x0000,0x0000,0x0000,0x0000,0x0000,0x0000,0x0000,0x0000,
	0x0000,0x0000,0x0000,0x0000,0x0000,0x0000,0x0000,0x0000,
	0x0000,0x0000,0x0000,0x0000,0x0000,0x0000,0x0000,0x0000,

	0x0000,0x0000,0x0000,0x0000,0x0000,0x0000,0x0000,0x0000,
	0x0202,0x0B0B,0x1902,0x1919,0x1919,0x1919,0x180D,0x1802,
	0x180D,0x0D02,0x180D,0x1802,0x180D,0x0D02,0x180D,0x1802,
	0x180D,0x0D02,0x180D,0x1802,0x180D,0x0D02,0x180D,0x1802,
	0x0D0D,0x0202,0x0B02,0x0517,0x1212,0x1212,0x1212,0x1212,
	0x1212,0x1812,0x0D12,0x1202,0x1802,0x180D,0x1202,0x1212,
	0x1212,0x1212,0x1112,0x0404,0x0000,0x0000,0x0000,0x0000,
	0x0000,0x0000,0x0000,0x0000,0x0000,0x0000,0x0000,0x0000,

	0x0000,0x0000,0x0000,0x0000,0x0400,0x0511,0x1212,0x1212,
	0x1212,0x1212,0x1212,0x1212,0x1705,0x180D,0x0D18,0x0D0D,
	0x180D,0x0D02,0x000D,0x0000,0x0000,0x0000,0x0000,0x0000,
	0x0000,0x0000,0x0000,0x0000,0x0000,0x0000,0x0000,0x0000,
	0x0000,0x0000,0x0000,0x1802,0x180D,0x0D02,0x180D,0x1802,
	0x180D,0x0D02,0x180D,0x1802,0x180D,0x0D02,0x180D,0x1802,
	0x180D,0x0D02,0x180D,0x1802,0x180D,0x0D02,0x180D,0x1802,
	0x180D,0x0D02,0x180D,0x1802,0x180D,0x0D02,0x180D,0x1802,

	0x180D,0x0D0D,0x0000,0x0000,0x0000,0x0000,0x0000,0x0000,
	0x0000,0x0000,0x0000,0x0000,0x0000,0x0000,0x0000,0x0000,
	0x0000,0x0000,0x0000,0x0000,0x0000,0x0000,0x0000,0x1200,
	0x0D12,0x1812,0x0D12,0x1802,0x020D,0x0218,0x120D,0x1212,
	0x1212,0x1212,0x1212,0x1212,0x1212,0x1212,0x0505,0x1212,
	0x1212,0x0512,0x1212,0x1212,0x1212,0x1212,0x1212,0x1212,
	0x1212,0x1212,0x1212,0x1212,0x1212,0x1212,0x1212,0x1212,
	0x1212,0x1212,0x1212,0x1212,0x1712,0x1317,0x0513,0x1217,

	0x1312,0x1613,0x1616,0x1613,0x0505,0x0512,0x1616,0x1613,
	0x1316,0x1616,0x1313,0x1213,0x1212,0x1212,0x0A05,0x050A,
	0x1212,0x1212,0x1212,0x1212,0x1212,0x1212,0x0505,0x1705,
	0x0603,0x0606,0x0206,0x0008,0x0000,0x0000,0x0000,0x0000,
	0x0000,0x0000,0x0000,0x0000,0x0000,0x0000,0x0000,0x0000,
	0x0000,0x0000,0x0000,0x0000,0x0000,0x0000,0x0000,0x0000,
	0x0000,0x0000,0x0000,0x0000,0x0000,0x0000,0x0000,0x0000,
	0x0000,0x0000,0x0000,0x0000,0x0000,0x0000,0x0000,0x0000,

	0x0000,0x0000,0x0000,0x0000,0x0000,0x0000,0x0000,0x0000,
	0x0D02,0x020D,0x190B,0x190B,0x190B,0x0D19,0x0D0D,0x180D,
	0x180D,0x0D0D,0x0D0D,0x180D,0x180D,0x0D0D,0x0D0D,0x180D,
	0x180D,0x0D0D,0x0D0D,0x180D,0x180D,0x0D0D,0x0D0D,0x180D,
	0x180D,0x020D,0x0D02,0x1818,0x1212,0x1212,0x1212,0x1212,
	0x0D12,0x1812,0x0D12,0x1802,0x020D,0x0218,0x120D,0x1212,
	0x1212,0x1212,0x0F12,0x0407,0x0000,0x0000,0x0000,0x0000,
	0x0000,0x0000,0x0000,0x0000,0x0000,0x0000,0x0000,0x0000,

	0x0000,0x0000,0x0000,0x0000,0x0700,0x120F,0x1212,0x1212,
	0x1212,0x1212,0x1212,0x1212,0x1705,0x0D03,0x0D18,0x020D,
	0x180D,0x0D0D,0x000D,0x0000,0x0000,0x0000,0x0000,0x0000,
	0x0000,0x0000,0x0000,0x0000,0x0000,0x0000,0x0000,0x0000,
	0x0000,0x0000,0x0000,0x180D,0x180D,0x0D0D,0x0D0D,0x180D,
	0x180D,0x0D0D,0x0D0D,0x180D,0x180D,0x0D0D,0x0D0D,0x180D,
	0x180D,0x0D0D,0x0D0D,0x180D,0x180D,0x0D0D,0x0D0D,0x180D,
	0x180D,0x0D0D,0x0D0D,0x180D,0x180D,0x0D0D,0x0D0D,0x180D,

	0x0D0D,0x0D0D,0x0000,0x0000,0x0000,0x0000,0x0000,0x0000,
	0x0000,0x0000,0x0000,0x0000,0x0000,0x0000,0x0000,0x0000,
	0x0000,0x0000,0x0000,0x0000,0x0000,0x0000,0x0000,0x1200,
	0x1212,0x0D0D,0x020D,0x0D0D,0x0218,0x0218,0x120D,0x1212,
	0x1212,0x1212,0x1212,0x1212,0x1212,0x1212,0x0512,0x0505,
	0x0505,0x1205,0x1212,0x1212,0x1212,0x1212,0x1212,0x1212,
	0x1212,0x1212,0x1212,0x1212,0x1212,0x1212,0x1212,0x1212,
	0x1212,0x1212,0x1212,0x1212,0x1212,0x1717,0x1217,0x0512,

	0x1717,0x1717,0x1317,0x1603,0x0517,0x0505,0x1313,0x0316,
	0x1603,0x1713,0x1717,0x1717,0x1205,0x1712,0x0513,0x0A0A,
	0x1212,0x1212,0x1212,0x0212,0x1212,0x1212,0x1212,0x1705,
	0x060D,0x0D0D,0x060B,0x000B,0x0000,0x0000,0x0000,0x0000,
	0x0000,0x0000,0x0000,0x0000,0x0000,0x0000,0x0000,0x0000,
	0x0000,0x0000,0x0000,0x0000,0x0000,0x0000,0x0000,0x0000,
	0x0000,0x0000,0x0000,0x0000,0x0000,0x0000,0x0000,0x0000,
	0x0000,0x0000,0x0000,0x0000,0x0000,0x0000,0x0000,0x0000,

	0x0000,0x0000,0x0000,0x0000,0x0000,0x0000,0x0000,0x0000,
	0x0202,0x0D0D,0x190B,0x0B19,0x1902,0x0D0D,0x0D18,0x0218,
	0x0D0D,0x0D0D,0x0D18,0x0218,0x0D0D,0x0D0D,0x0D18,0x0218,
	0x0D0D,0x0D0D,0x0D18,0x0218,0x0D0D,0x0D0D,0x0D18,0x0218,
	0x0D0D,0x020D,0x0D0D,0x0D0D,0x120D,0x1212,0x1212,0x1212,
	0x1212,0x0D0D,0x020D,0x0D0D,0x0218,0x0218,0x120D,0x1212,
	0x1212,0x1212,0x0312,0x040F,0x0000,0x0000,0x0000,0x0000,
	0x0000,0x0000,0x0000,0x0000,0x0000,0x0000,0x0000,0x0000,

	0x0000,0x0000,0x0000,0x0000,0x0F00,0x1213,0x1212,0x1212,
	0x1212,0x1212,0x1212,0x0D12,0x170D,0x020B,0x0D0D,0x0D02,
	0x0D0D,0x0D0D,0x0018,0x0000,0x0000,0x0000,0x0000,0x0000,
	0x0000,0x0000,0x0000,0x0000,0x0000,0x0000,0x0000,0x0000,
	0x0000,0x0000,0x0000,0x0218,0x0D0D,0x0D0D,0x0D18,0x0218,
	0x0D0D,0x0D0D,0x0D18,0x0218,0x0D0D,0x0D0D,0x0D18,0x0218,
	0x0D0D,0x0D0D,0x0D18,0x0218,0x0D0D,0x0D0D,0x0D18,0x0218,
	0x0D0D,0x0D0D,0x0D18,0x0218,0x0D0D,0x0D0D,0x0D18,0x0218,

	0x0000,0x0000,0x0000,0x0000,0x0000,0x0000,0x0000,0x0000,
	0x0000,0x0000,0x0000,0x0000,0x0000,0x0000,0x0000,0x0000,
	0x0000,0x0000,0x0000,0x0000,0x0000,0x0000,0x0000,0x1200,
	0x1212,0x0212,0x0D18,0x0D02,0x0D18,0x0D0D,0x0218,0x1212,
	0x1212,0x1212,0x1212,0x1212,0x1212,0x1212,0x1212,0x1212,
	0x1212,0x1212,0x1212,0x1212,0x1212,0x1212,0x1212,0x1212,
	0x1212,0x1212,0x1212,0x1212,0x1212,0x1212,0x1212,0x1212,
	0x1212,0x1212,0x1212,0x1212,0x1212,0x1212,0x1212,0x1712,

	0x0517,0x1212,0x1705,0x1603,0x1613,0x0517,0x1705,0x1303,
	0x0316,0x0517,0x1212,0x1705,0x0517,0x1712,0x1317,0x0513,
	0x1212,0x1212,0x1212,0x0D18,0x1212,0x1212,0x0512,0x0D12,
	0x0D0D,0x0206,0x1902,0x0006,0x0000,0x0000,0x0000,0x0000,
	0x0000,0x0000,0x0000,0x0000,0x0000,0x0000,0x0000,0x0000,
	0x0000,0x0000,0x0000,0x0000,0x0000,0x0000,0x0000,0x0000,
	0x0000,0x0000,0x0000,0x0000,0x0000,0x0000,0x0000,0x0000,
	0x0000,0x0000,0x0000,0x0000,0x0000,0x0000,0x0000,0x0000,

	0x0000,0x0000,0x0000,0x0000,0x0000,0x0000,0x0000,0x0000,
	0x020D,0x180D,0x180B,0x1919,0x1919,0x0D18,0x180D,0x180D,
	0x0D0D,0x0D18,0x180D,0x180D,0x0D0D,0x0D18,0x180D,0x180D,
	0x0D0D,0x0D18,0x180D,0x180D,0x0D0D,0x0D18,0x180D,0x180D,
	0x0D02,0x0D18,0x0B0D,0x1702,0x1212,0x1212,0x1212,0x1212,
	0x1212,0x0212,0x0D18,0x0D02,0x0D18,0x0D0D,0x0218,0x1212,
	0x1212,0x1212,0x1312,0x0403,0x0000,0x0000,0x0000,0x0000,
	0x0000,0x0000,0x0000,0x0000,0x0000,0x0000,0x0000,0x0000,

	0x0000,0x0000,0x0000,0x0000,0x0300,0x1213,0x1212,0x1212,
	0x1212,0x1212,0x1212,0x1212,0x0D02,0x0202,0x0D0D,0x1802,
	0x0D0D,0x0D18,0x000D,0x0000,0x0000,0x0000,0x0000,0x0000,
	0x0000,0x0000,0x0000,0x0000,0x0000,0x0000,0x0000,0x0000,
	0x0000,0x0000,0x0000,0x180D,0x0D0D,0x0D18,0x180D,0x180D,
	0x0D0D,0x0D18,0x180D,0x180D,0x0D0D,0x0D18,0x180D,0x180D,
	0x0D0D,0x0D18,0x180D,0x180D,0x0D0D,0x0D18,0x180D,0x180D,
	0x0D0D,0x0D18,0x180D,0x180D,0x0D0D,0x0D18,0x180D,0x180D,

	0x0000,0x0000,0x0000,0x0000,0x0000,0x0000,0x0000,0x0000,
	0x0000,0x0000,0x0000,0x0000,0x0000,0x0000,0x0000,0x0000,
	0x0000,0x0000,0x0000,0x0000,0x0000,0x0000,0x0000,0x1200,
	0x0D12,0x0D18,0x1802,0x0D02,0x0D02,0x1802,0x0202,0x120D,
	0x1212,0x1212,0x1212,0x1212,0x1212,0x1212,0x1212,0x1212,
	0x1212,0x1212,0x1212,0x1212,0x1212,0x1212,0x1212,0x1212,
	0x1212,0x1212,0x1212,0x1212,0x1212,0x1212,0x1212,0x1212,
	0x1212,0x1212,0x1212,0x1212,0x1212,0x1212,0x0512,0x1717,

	0x1217,0x1705,0x1317,0x0316,0x0505,0x1705,0x1317,0x0316,
	0x1603,0x1713,0x0517,0x1712,0x1717,0x1205,0x1717,0x1217,
	0x1212,0x1212,0x1212,0x1212,0x1212,0x1212,0x1212,0x1212,
	0x0B0B,0x0B06,0x0606,0x0019,0x0000,0x0000,0x0000,0x0000,
	0x0000,0x0000,0x0000,0x0000,0x0000,0x0000,0x0000,0x0000,
	0x0000,0x0000,0x0000,0x0000,0x0000,0x0000,0x0000,0x0000,
	0x0000,0x0000,0x0000,0x0000,0x0000,0x0000,0x0000,0x0000,
	0x0000,0x0000,0x0000,0x0000,0x0000,0x0000,0x0000,0x0000,

	0x0000,0x0000,0x0000,0x0000,0x0000,0x0000,0x0000,0x0000,
	0x0D18,0x180D,0x0B0D,0x0D02,0x0D0D,0x0218,0x0D18,0x0D02,
	0x0D0D,0x0218,0x0D18,0x0D02,0x0218,0x0D0D,0x020D,0x180D,
	0x0D0D,0x0218,0x0D18,0x0D02,0x0D0D,0x0218,0x0D18,0x0D02,
	0x0D0D,0x0D0D,0x0202,0x1703,0x1212,0x1212,0x1212,0x1212,
	0x0D12,0x0D18,0x1802,0x0D02,0x0D02,0x1802,0x0202,0x120D,
	0x1212,0x1212,0x1312,0x0703,0x0000,0x0000,0x0000,0x0000,
	0x0000,0x0000,0x0000,0x0000,0x0000,0x0000,0x0000,0x0000,

	0x0000,0x0000,0x0000,0x0000,0x0300,0x1213,0x1212,0x1212,
	0x1212,0x1212,0x1212,0x1212,0x0D02,0x0D0D,0x0D18,0x0D0D,
	0x0D0D,0x180D,0x000D,0x0000,0x0000,0x0000,0x0000,0x0000,
	0x0000,0x0000,0x0000,0x0000,0x0000,0x0000,0x0000,0x0000,
	0x0000,0x0000,0x0000,0x0D02,0x0D0D,0x0218,0x0D18,0x0D02,
	0x0D0D,0x0218,0x0D18,0x0D02,0x0D0D,0x0218,0x0D18,0x0D02,
	0x0D0D,0x0218,0x0D18,0x0D02,0x0D0D,0x0218,0x0D18,0x0D02,
	0x0D0D,0x0218,0x0D18,0x0D02,0x0D0D,0x0218,0x0D18,0x0D02,

	0x0000,0x0000,0x0000,0x0000,0x0000,0x0000,0x0000,0x0000,
	0x0000,0x0000,0x0000,0x0000,0x0000,0x0000,0x0000,0x0000,
	0x0000,0x0000,0x0000,0x0000,0x0000,0x0000,0x0000,0x1200,
	0x1212,0x1802,0x1802,0x020D,0x020D,0x1802,0x020B,0x120D,
	0x1212,0x1212,0x1212,0x1212,0x1212,0x1212,0x1212,0x1212,
	0x1212,0x1212,0x1212,0x1212,0x1212,0x1212,0x1212,0x1212,
	0x1212,0x1212,0x1212,0x1212,0x1212,0x1212,0x1212,0x1212,
	0x1212,0x1212,0x1212,0x1212,0x1212,0x0012,0x0000,0x0000,

	0x0000,0x0000,0x0000,0x0000,0x0000,0x0000,0x0000,0x0000,
	0x0000,0x0000,0x0000,0x0000,0x0000,0x0000,0x1212,0x1212,
	0x1212,0x1212,0x1212,0x1212,0x1212,0x1212,0x1212,0x1212,
	0x0D0B,0x020D,0x0B0B,0x0019,0x0000,0x0000,0x0000,0x0000,
	0x0000,0x0000,0x0000,0x0000,0x0000,0x0000,0x0000,0x0000,
	0x0000,0x0000,0x0000,0x0000,0x0000,0x0000,0x0000,0x0000,
	0x0000,0x0000,0x0000,0x0000,0x0000,0x0000,0x0000,0x0000,
	0x0000,0x0000,0x0000,0x0000,0x0000,0x0000,0x0000,0x0000,

	0x0000,0x0000,0x0000,0x0000,0x0000,0x0000,0x0000,0x0000,
	0x1802,0x0D0D,0x0B18,0x0D0D,0x0D0D,0x180D,0x0D0D,0x0D0D,
	0x0D0D,0x180D,0x0D0D,0x0D0D,0x0D18,0x0D0D,0x0202,0x0D18,
	0x0D0D,0x180D,0x0D0D,0x0D0D,0x0D0D,0x180D,0x0D0D,0x0D0D,
	0x0D02,0x0B0B,0x180D,0x0503,0x1212,0x1212,0x1212,0x1212,
	0x1212,0x1802,0x1802,0x020D,0x020D,0x1802,0x020B,0x120D,
	0x1212,0x1212,0x1312,0x1103,0x0000,0x0000,0x0000,0x0000,
	0x0000,0x0000,0x0000,0x0000,0x0000,0x0000,0x0000,0x0000,

	0x0000,0x0000,0x0000,0x0000,0x0300,0x1213,0x1212,0x1212,
	0x1212,0x1212,0x1212,0x1212,0x0203,0x180D,0x0D02,0x0218,
	0x0D18,0x0D0D,0x0002,0x0000,0x0000,0x0000,0x0000,0x0000,
	0x0000,0x0000,0x0000,0x0000,0x0000,0x0000,0x0000,0x0000,
	0x0000,0x0000,0x0000,0x0D0D,0x0D0D,0x180D,0x0D0D,0x0D0D,
	0x0D0D,0x180D,0x0D0D,0x0D0D,0x0D0D,0x180D,0x0D0D,0x0D0D,
	0x0D0D,0x180D,0x0D0D,0x0D0D,0x0D0D,0x180D,0x0D0D,0x0D0D,
	0x0D0D,0x180D,0x0D0D,0x0D0D,0x0D0D,0x180D,0x0D0D,0x0D0D,

	0x0000,0x0000,0x0000,0x0000,0x0000,0x0000,0x0000,0x0000,
	0x0000,0x0000,0x0000,0x0000,0x0000,0x0000,0x0000,0x0000,
	0x0000,0x0000,0x0000,0x0000,0x0000,0x0000,0x0000,0x1200,
	0x1212,0x0212,0x0D0D,0x020D,0x020D,0x0B02,0x0B0D,0x120B,
	0x1212,0x1212,0x1212,0x1212,0x1212,0x1212,0x1212,0x1212,
	0x1212,0x1212,0x1212,0x1212,0x1212,0x1212,0x1212,0x1212,
	0x1212,0x1212,0x1212,0x1212,0x1212,0x1212,0x1212,0x1212,
	0x1212,0x1212,0x1212,0x1212,0x1212,0x0012,0x0000,0x0000,

	0x0000,0x0000,0x0000,0x0000,0x0000,0x0000,0x0000,0x0000,
	0x0000,0x0000,0x0000,0x0000,0x0000,0x0000,0x1212,0x1212,
	0x1212,0x1212,0x1212,0x1212,0x1212,0x1212,0x1212,0x1212,
	0x0D06,0x0B02,0x0202,0x0009,0x0000,0x0000,0x0000,0x0000,
	0x0000,0x0000,0x0000,0x0000,0x0000,0x0000,0x0000,0x0000,
	0x0000,0x0000,0x0000,0x0000,0x0000,0x0000,0x0000,0x0000,
	0x0000,0x0000,0x0000,0x0000,0x0000,0x0000,0x0000,0x0000,
	0x0000,0x0000,0x0000,0x0000,0x0000,0x0000,0x0000,0x0000,

	0x0000,0x0000,0x0000,0x0000,0x0000,0x0000,0x0000,0x0000,
	0x0206,0x0D18,0x0B18,0x0D18,0x020D,0x180D,0x0D0D,0x0D18,
	0x020D,0x180D,0x0D0D,0x0D18,0x0D0D,0x0218,0x0202,0x0D02,
	0x020D,0x1802,0x0D0D,0x0202,0x020D,0x180D,0x0D0D,0x0D18,
	0x020D,0x020D,0x0D0D,0x0518,0x1212,0x1212,0x1212,0x1212,
	0x1212,0x0212,0x0D0D,0x020D,0x020D,0x0B02,0x0B0D,0x120B,
	0x1212,0x1212,0x1312,0x1103,0x0000,0x0000,0x0000,0x0000,
	0x0000,0x0000,0x0000,0x0000,0x0000,0x0000,0x0000,0x0000,

	0x0000,0x0000,0x0000,0x0000,0x0300,0x1213,0x1212,0x1212,
	0x1212,0x1212,0x1212,0x1212,0x0B03,0x0D02,0x0B18,0x0202,
	0x0202,0x0D0D,0x000D,0x0000,0x0000,0x0000,0x0000,0x0000,
	0x0000,0x0000,0x0000,0x0000,0x0000,0x0000,0x0000,0x0000,
	0x0000,0x0000,0x0000,0x0D18,0x020D,0x180D,0x0D0D,0x0D18,
	0x020D,0x180D,0x0D0D,0x0D18,0x020D,0x180D,0x0D0D,0x0D18,
	0x020D,0x180D,0x0D0D,0x0D18,0x020D,0x180D,0x0D0D,0x0D18,
	0x020D,0x180D,0x0D0D,0x0D18,0x020D,0x180D,0x0D0D,0x0D18,

	0x0000,0x0000,0x0000,0x0000,0x0000,0x0000,0x0000,0x0000,
	0x0000,0x0000,0x0000,0x0000,0x0000,0x0000,0x0000,0x0000,
	0x0000,0x0000,0x0000,0x0000,0x0000,0x0000,0x0000,0x1200,
	0x0D12,0x1212,0x020B,0x1802,0x0202,0x0B0B,0x030D,0x120B,
	0x1212,0x1212,0x1212,0x1212,0x1212,0x1212,0x1212,0x1212,
	0x1212,0x1212,0x1212,0x1212,0x1212,0x1212,0x1212,0x1212,
	0x1212,0x1212,0x1212,0x1212,0x1212,0x1212,0x1212,0x1212,
	0x1212,0x1212,0x1212,0x1212,0x1212,0x0012,0x0000,0x0000,

	0x0000,0x0000,0x0000,0x0000,0x0000,0x0000,0x0000,0x0000,
	0x0000,0x0000,0x0000,0x0000,0x0000,0x0000,0x1217,0x1212,
	0x1212,0x1212,0x1212,0x1212,0x1212,0x1212,0x1212,0x1212,
	0x060D,0x0606,0x020D,0x0019,0x0000,0x0000,0x0000,0x0000,
	0x0000,0x0000,0x0000,0x0000,0x0000,0x0000,0x0000,0x0000,
	0x0000,0x0000,0x0000,0x0000,0x0000,0x0000,0x0000,0x0000,
	0x0000,0x0000,0x0000,0x0000,0x0000,0x0000,0x0000,0x0000,
	0x0000,0x0000,0x0000,0x0000,0x0000,0x0000,0x0000,0x0000,

	0x0000,0x0000,0x0000,0x0000,0x0000,0x0000,0x0000,0x0000,
	0x0606,0x180D,0x0B18,0x0D02,0x0D18,0x0D02,0x180D,0x0D02,
	0x0D18,0x0D02,0x180D,0x0D02,0x0202,0x020D,0x0A11,0x0D11,
	0x0202,0x0D02,0x180D,0x0D02,0x0D18,0x0D02,0x180D,0x0D02,
	0x020D,0x1818,0x0202,0x120D,0x1212,0x1212,0x1212,0x1212,
	0x0D12,0x1212,0x020B,0x1802,0x0202,0x0B0B,0x030D,0x120B,
	0x1212,0x1212,0x1312,0x1103,0x0000,0x0000,0x0000,0x0000,
	0x0000,0x0000,0x0000,0x0000,0x0000,0x0000,0x0000,0x0000,

	0x0000,0x0000,0x0000,0x0000,0x0300,0x1213,0x1212,0x1212,
	0x1212,0x1212,0x1212,0x1212,0x1705,0x0B03,0x0B0D,0x0D0B,
	0x0D0B,0x180D,0x000D,0x0000,0x0000,0x0000,0x0000,0x0000,
	0x0000,0x0000,0x0000,0x0000,0x0000,0x0000,0x0000,0x0000,
	0x0000,0x0000,0x0000,0x0D02,0x0D18,0x0D02,0x180D,0x0D02,
	0x0D18,0x0D02,0x180D,0x0D02,0x0D18,0x0D02,0x180D,0x0D02,
	0x0D18,0x0D02,0x180D,0x0D02,0x0D18,0x0D02,0x180D,0x0D02,
	0x0D18,0x0D02,0x180D,0x0D02,0x0D18,0x0D02,0x180D,0x0D02,

	0x0000,0x0000,0x0000,0x0000,0x0000,0x0000,0x0000,0x0000,
	0x0000,0x0000,0x0000,0x0000,0x0000,0x0000,0x0000,0x0000,
	0x0000,0x0000,0x0000,0x0000,0x0000,0x0000,0x0000,0x1200,
	0x1212,0x0D02,0x0B0B,0x0B18,0x0B0B,0x0303,0x1703,0x1205,
	0x1212,0x1212,0x1212,0x1212,0x1212,0x1212,0x1212,0x1212,
	0x1212,0x1212,0x1212,0x1212,0x1212,0x1212,0x1212,0x1212,
	0x1212,0x1212,0x0512,0x0D05,0x1818,0x1212,0x0D12,0x1212,
	0x1212,0x1212,0x1212,0x1212,0x1212,0x0012,0x0000,0x0000,

	0x0000,0x0000,0x0000,0x0000,0x0000,0x0000,0x0000,0x0000,
	0x0000,0x0000,0x0000,0x0000,0x0000,0x0000,0x1217,0x1212,
	0x1212,0x1212,0x1212,0x1212,0x1212,0x1212,0x1212,0x1212,
	0x0D06,0x0602,0x0B0D,0x0019,0x0000,0x0000,0x0000,0x0000,
	0x0000,0x0000,0x0000,0x0000,0x0000,0x0000,0x0000,0x0000,
	0x0000,0x0000,0x0000,0x0000,0x0000,0x0000,0x0000,0x0000,
	0x0000,0x0000,0x0000,0x0000,0x0000,0x0000,0x0000,0x0000,
	0x0000,0x0000,0x0000,0x0000,0x0000,0x0000,0x0000,0x0000,

	0x0000,0x0000,0x0000,0x0000,0x0000,0x0000,0x0000,0x0000,
	0x0606,0x0D06,0x0B18,0x1802,0x180D,0x0D02,0x180D,0x1802,
	0x180D,0x0D02,0x180D,0x1802,0x020D,0x180D,0x0707,0x1811,
	0x0202,0x0D02,0x0D0D,0x1802,0x180D,0x0D02,0x180D,0x1802,
	0x0D0D,0x0D0D,0x0D18,0x1217,0x1212,0x1212,0x1212,0x1212,
	0x1212,0x0D02,0x0B0B,0x0B18,0x0B0B,0x0303,0x1703,0x1205,
	0x1212,0x1212,0x1305,0x0703,0x0000,0x0000,0x0000,0x0000,
	0x0000,0x0000,0x0000,0x0000,0x0000,0x0000,0x0000,0x0000,

	0x0000,0x0000,0x0000,0x0000,0x0300,0x1213,0x1212,0x1212,
	0x1212,0x1212,0x1212,0x1212,0x1205,0x0B03,0x0318,0x0D0D,
	0x0B03,0x0D0D,0x0018,0x0000,0x0000,0x0000,0x0000,0x0000,
	0x0000,0x0000,0x0000,0x0000,0x0000,0x0000,0x0000,0x0000,
	0x0000,0x0000,0x0000,0x1802,0x180D,0x0D02,0x180D,0x1802,
	0x180D,0x0D02,0x180D,0x1802,0x180D,0x0B02,0x180B,0x1802,
	0x0B0B,0x0D0B,0x0B0B,0x1802,0x180D,0x0D02,0x180D,0x1802,
	0x180D,0x0D02,0x180D,0x1802,0x180D,0x0D02,0x180D,0x1802,

	0x0000,0x0000,0x0000,0x0000,0x0000,0x0000,0x0000,0x0000,
	0x0000,0x0000,0x0000,0x0000,0x0000,0x0000,0x0000,0x0000,
	0x0000,0x0000,0x0000,0x0000,0x0000,0x0000,0x0000,0x1200,
	0x0218,0x0D17,0x0303,0x0318,0x1703,0x1717,0x0D17,0x1212,
	0x1212,0x1212,0x1212,0x1212,0x1212,0x1212,0x1212,0x1212,
	0x1212,0x1212,0x1212,0x1212,0x1212,0x0D0D,0x0505,0x1212,
	0x1212,0x0512,0x1717,0x020D,0x170D,0x0517,0x020D,0x1205,
	0x1212,0x1212,0x1212,0x1212,0x1212,0x0005,0x0000,0x0000,

	0x0000,0x0000,0x0000,0x0000,0x0000,0x0000,0x0000,0x0000,
	0x0000,0x0000,0x0000,0x0000,0x0000,0x0000,0x0517,0x1212,
	0x1212,0x1212,0x1212,0x1212,0x1212,0x1212,0x1212,0x1212,
	0x0606,0x0B0B,0x0606,0x0019,0x0000,0x0000,0x0000,0x0000,
	0x0000,0x0000,0x0000,0x0000,0x0000,0x0000,0x0000,0x0000,
	0x0000,0x0000,0x0000,0x0000,0x0000,0x0000,0x0000,0x0000,
	0x0000,0x0000,0x0000,0x0000,0x0000,0x0000,0x0000,0x0000,
	0x0000,0x0000,0x0000,0x0000,0x0000,0x0000,0x0000,0x0000,

	0x0000,0x0000,0x0000,0x0000,0x0000,0x0000,0x0000,0x0000,
	0x020B,0x060D,0x0B0B,0x180B,0x180D,0x0D0D,0x0D0D,0x180D,
	0x180D,0x0D0D,0x0D0D,0x180D,0x020D,0x180D,0x070D,0x180D,
	0x0202,0x0202,0x0D02,0x180D,0x180D,0x0D0D,0x0D0D,0x180D,
	0x0D0D,0x0D18,0x0302,0x1217,0x1212,0x1212,0x1212,0x1212,
	0x0218,0x0D17,0x0303,0x0318,0x1703,0x1717,0x0D17,0x1212,
	0x1212,0x1212,0x1317,0x070F,0x0000,0x0000,0x0000,0x0000,
	0x0000,0x0000,0x0000,0x0000,0x0000,0x0000,0x0000,0x0000,

	0x0000,0x0000,0x0000,0x0000,0x0F00,0x1713,0x1212,0x1212,
	0x1212,0x1212,0x1212,0x1212,0x0512,0x1712,0x0318,0x0D18,
	0x0303,0x0D02,0x0018,0x0000,0x0000,0x0000,0x0000,0x0000,
	0x0000,0x0000,0x0000,0x0000,0x0000,0x0000,0x0000,0x0000,
	0x0000,0x0000,0x0000,0x180D,0x180D,0x0D0D,0x0D0D,0x180D,
	0x180D,0x0D0D,0x0D0D,0x0B0D,0x180B,0x080B,0x0B0B,0x0B0B,
	0x0D02,0x0B0B,0x0D0D,0x180B,0x180D,0x0D0D,0x0D0D,0x180D,
	0x180D,0x0D0D,0x0D0D,0x180D,0x180D,0x0D0D,0x0D0D,0x180D,

	0x0000,0x0000,0x0000,0x0000,0x0000,0x0000,0x0000,0x0000,
	0x0000,0x0000,0x0000,0x0000,0x0000,0x0000,0x0000,0x0000,
	0x0000,0x0000,0x0000,0x0000,0x0000,0x0000,0x0000,0x1200,
	0x0D12,0x0505,0x1717,0x0517,0x050D,0x1705,0x050D,0x1212,
	0x1212,0x1212,0x1212,0x1212,0x1212,0x1212,0x1212,0x1212,
	0x1212,0x1212,0x1212,0x1212,0x1712,0x0217,0x0D02,0x170B,
	0x0512,0x1817,0x0D0B,0x020D,0x020B,0x180B,0x020D,0x1717,
	0x1212,0x1212,0x1212,0x1212,0x1212,0x0017,0x0000,0x0000,

	0x0000,0x0000,0x0000,0x0000,0x0000,0x0000,0x0000,0x0000,
	0x0000,0x0000,0x0000,0x0000,0x0000,0x0000,0x1713,0x1212,
	0x1212,0x1212,0x1212,0x1212,0x1212,0x1212,0x1212,0x1212,
	0x0B02,0x0206,0x0B02,0x0006,0x0000,0x0000,0x0000,0x0000,
	0x0000,0x0000,0x0000,0x0000,0x0000,0x0000,0x0000,0x0000,
	0x0000,0x0000,0x0000,0x0000,0x0000,0x0000,0x0000,0x0000,
	0x0000,0x0000,0x0000,0x0000,0x0000,0x0000,0x0000,0x0000,
	0x0000,0x0000,0x0000,0x0000,0x0000,0x0000,0x0000,0x0000,

	0x0000,0x0000,0x0000,0x0000,0x0000,0x0000,0x0000,0x0000,
	0x0202,0x0218,0x0D18,0x0218,0x0D0D,0x0D0D,0x0D18,0x0606,
	0x0D06,0x0D0D,0x0D18,0x0218,0x0D0D,0x0D02,0x0B0B,0x0D0B,
	0x0202,0x0B02,0x0202,0x0218,0x0D0D,0x0D0D,0x0D18,0x0218,
	0x0D02,0x0218,0x0B02,0x0517,0x1212,0x1212,0x1212,0x1212,
	0x0D12,0x0505,0x1717,0x0517,0x050D,0x1705,0x050D,0x1212,
	0x1212,0x1212,0x0313,0x0411,0x0000,0x0000,0x0000,0x0000,
	0x0000,0x0000,0x0000,0x0000,0x0000,0x0000,0x0000,0x0000,

	0x0000,0x0000,0x0000,0x0000,0x1100,0x1303,0x1212,0x1212,
	0x1212,0x1212,0x1212,0x1212,0x1212,0x0505,0x1705,0x0B18,
	0x180D,0x020B,0x000D,0x0000,0x0000,0x0000,0x0000,0x0000,
	0x0000,0x0000,0x0000,0x0000,0x0000,0x0000,0x0000,0x0000,
	0x0000,0x0000,0x0000,0x0218,0x0D0D,0x0D0D,0x0D18,0x0218,
	0x0D0D,0x0D0D,0x0D18,0x020B,0x0B0D,0x0D0D,0x0D02,0x0B02,
	0x0B02,0x0B0B,0x020B,0x060B,0x0B06,0x0D0D,0x0D18,0x0218,
	0x0D0D,0x0D0D,0x0D18,0x0218,0x0D0D,0x0D0D,0x0D18,0x0218,

	0x0000,0x0000,0x0000,0x0000,0x0000,0x0000,0x0000,0x0000,
	0x0000,0x0000,0x0000,0x0000,0x0000,0x0000,0x0000,0x0000,
	0x0000,0x0000,0x0000,0x0000,0x0000,0x0000,0x0000,0x1200,
	0x1212,0x0502,0x1212,0x1212,0x1212,0x1705,0x1202,0x1212,
	0x1212,0x1212,0x1212,0x1212,0x1212,0x1212,0x1212,0x1212,
	0x1212,0x1212,0x180D,0x1212,0x0D05,0x0B18,0x020D,0x0B18,
	0x1717,0x180B,0x1802,0x0B02,0x0218,0x0D02,0x0B02,0x0B02,
	0x1212,0x1212,0x1212,0x1212,0x1212,0x0017,0x0000,0x0000,

	0x0000,0x0000,0x0000,0x0000,0x0000,0x0000,0x0000,0x0000,
	0x0000,0x0000,0x0000,0x0000,0x0000,0x0000,0x1713,0x0512,
	0x1212,0x1212,0x1212,0x1212,0x1212,0x1212,0x1212,0x1212,
	0x0B0B,0x0D06,0x0602,0x0019,0x0000,0x0000,0x0000,0x0000,
	0x0000,0x0000,0x0000,0x0000,0x0000,0x0000,0x0000,0x0000,
	0x0000,0x0000,0x0000,0x0000,0x0000,0x0000,0x0000,0x0000,
	0x0000,0x0000,0x0000,0x0000,0x0000,0x0000,0x0000,0x0000,
	0x0000,0x0000,0x0000,0x0000,0x0000,0x0000,0x0000,0x0000,

	0x0000,0x0000,0x0000,0x0000,0x0000,0x0000,0x0000,0x0000,
	0x0000,0x0000,0x0000,0x0000,0x0000,0x0000,0x0000,0x0000,
	0x0000,0x0000,0x0000,0x0000,0x0000,0x0000,0x0000,0x0000,
	0x1100,0x110A,0x0202,0x180D,0x0D0D,0x0D18,0x180D,0x180D,
	0x020D,0x020D,0x0D0B,0x0518,0x1212,0x1212,0x1212,0x1212,
	0x1212,0x0502,0x1212,0x1212,0x1212,0x1705,0x1202,0x1212,
	0x1212,0x1712,0x0F03,0x0407,0x0000,0x0000,0x0000,0x0000,
	0x0000,0x0000,0x0000,0x0000,0x0000,0x0000,0x0000,0x0000,

	0x0000,0x0000,0x0000,0x0000,0x0700,0x030F,0x1213,0x1212,
	0x1212,0x1212,0x1212,0x1212,0x1212,0x1212,0x0512,0x1717,
	0x0D0D,0x180D,0x000D,0x0000,0x0000,0x0000,0x0000,0x0000,
	0x0000,0x0000,0x0000,0x0000,0x0000,0x0000,0x0000,0x0000,
	0x0000,0x0000,0x0000,0x180D,0x0D0D,0x0D18,0x180D,0x180D,
	0x0D0D,0x0D18,0x180D,0x0B0B,0x0202,0x0202,0x180D,0x020D,
	0x180D,0x0D0D,0x1808,0x0B06,0x0D02,0x0D0B,0x180D,0x180D,
	0x0D0D,0x0D18,0x180D,0x180D,0x0D0D,0x0D18,0x180D,0x180D,

	0x0000,0x0000,0x0000,0x0000,0x0000,0x0000,0x0000,0x0000,
	0x0000,0x0000,0x0000,0x0000,0x0000,0x0000,0x0000,0x0000,
	0x0000,0x0000,0x0000,0x0000,0x0000,0x0000,0x0000,0x0600,
	0x1212,0x1212,0x1212,0x1212,0x1212,0x1212,0x1212,0x1212,
	0x1212,0x1212,0x1212,0x1212,0x1212,0x1212,0x1212,0x1212,
	0x1212,0x1212,0x0D12,0x170D,0x0B0B,0x020D,0x020B,0x180D,
	0x0D0D,0x0B0D,0x0218,0x180B,0x0D0D,0x0D0D,0x0202,0x1703,
	0x1212,0x1212,0x1212,0x1212,0x1212,0x0017,0x0000,0x0000,

	0x0000,0x0000,0x0000,0x0000,0x0000,0x0000,0x0000,0x0000,
	0x0000,0x0000,0x0000,0x0000,0x0000,0x0000,0x1213,0x1212,
	0x1212,0x1212,0x1212,0x1212,0x1212,0x1212,0x1212,0x1212,
	0x0317,0x0D06,0x190B,0x0006,0x0000,0x0000,0x0000,0x0000,
	0x0000,0x0000,0x0000,0x0000,0x0000,0x0000,0x0000,0x0000,
	0x0000,0x0000,0x0000,0x0000,0x0000,0x0000,0x0000,0x0000,
	0x0000,0x0000,0x0000,0x0000,0x0000,0x0000,0x0000,0x0000,
	0x0000,0x0000,0x0000,0x0000,0x0000,0x0000,0x0000,0x0000,

	0x0000,0x0000,0x0000,0x0000,0x0000,0x0000,0x0000,0x0000,
	0x0000,0x0000,0x0000,0x0000,0x0000,0x0000,0x0000,0x0000,
	0x0000,0x0000,0x0000,0x0000,0x0000,0x0000,0x0000,0x0000,
	0x0700,0x1107,0x0218,0x180D,0x0D0D,0x0218,0x0D18,0x0D02,
	0x0218,0x0218,0x0D18,0x180D,0x1212,0x1212,0x1212,0x1212,
	0x1212,0x1212,0x1212,0x1212,0x1212,0x1212,0x1212,0x1212,
	0x1212,0x1312,0x0F03,0x0404,0x0000,0x0000,0x0000,0x0000,
	0x0000,0x0000,0x0000,0x0000,0x0000,0x0000,0x0000,0x0000,

	0x0000,0x0000,0x0000,0x0000,0x0400,0x030F,0x1213,0x1212,
	0x1212,0x1212,0x1212,0x1212,0x1212,0x1212,0x1212,0x1212,
	0x0202,0x0D0D,0x0018,0x0000,0x0000,0x0000,0x0000,0x0000,
	0x0000,0x0000,0x0000,0x0000,0x0000,0x0000,0x0000,0x0000,
	0x0000,0x0000,0x0000,0x0D02,0x000D,0x0000,0x0000,0x0000,
	0x0000,0x0000,0x0000,0x0000,0x0000,0x0000,0x0000,0x0000,
	0x0000,0x0000,0x0000,0x0000,0x0000,0x0000,0x0000,0x0000,
	0x0000,0x0000,0x0000,0x0000,0x0000,0x0200,0x0D18,0x0D02,

	0x0000,0x0000,0x0000,0x0000,0x0000,0x0000,0x0000,0x0000,
	0x0000,0x0000,0x0000,0x0000,0x0000,0x0000,0x0000,0x0000,
	0x0000,0x0000,0x0000,0x0000,0x0000,0x0000,0x0000,0x0600,
	0x1212,0x1212,0x1212,0x1212,0x1212,0x1212,0x1212,0x1212,
	0x1212,0x1212,0x1212,0x1212,0x1212,0x1212,0x1212,0x1212,
	0x1212,0x1212,0x0212,0x0D0D,0x0D02,0x0D0D,0x180B,0x0D0D,
	0x180D,0x020D,0x0202,0x180D,0x0D02,0x0B0B,0x180D,0x0503,
	0x1212,0x1212,0x1212,0x1212,0x1212,0x0012,0x0000,0x0000,

	0x0000,0x0000,0x0000,0x0000,0x0000,0x0000,0x0000,0x0000,
	0x0000,0x0000,0x0000,0x0000,0x0000,0x0000,0x1213,0x1212,
	0x1212,0x1212,0x1212,0x1212,0x1212,0x1212,0x1212,0x1212,
	0x0D02,0x1906,0x0619,0x000B,0x0000,0x0000,0x0000,0x0000,
	0x0000,0x0000,0x0000,0x0000,0x0000,0x0000,0x0000,0x0000,
	0x0000,0x0000,0x0000,0x0000,0x0000,0x0000,0x0000,0x0000,
	0x0000,0x0000,0x0000,0x0000,0x0000,0x0000,0x0000,0x0000,
	0x0000,0x0000,0x0000,0x0000,0x0000,0x0000,0x0000,0x0000,

	0x0000,0x0000,0x0000,0x0000,0x0000,0x0000,0x0000,0x0000,
	0x0000,0x0000,0x0000,0x0000,0x0000,0x0000,0x0000,0x0000,
	0x0000,0x0000,0x0000,0x0000,0x0000,0x0000,0x0000,0x0000,
	0x0D00,0x0D07,0x0218,0x0D0D,0x0D0D,0x180D,0x0D0D,0x0D0D,
	0x0D18,0x020D,0x0D0D,0x0D0B,0x1205,0x1212,0x1212,0x1212,
	0x1205,0x1212,0x1212,0x1212,0x1212,0x1212,0x1212,0x1212,
	0x1212,0x1312,0x070F,0x0404,0x0000,0x0000,0x0000,0x0000,
	0x0000,0x0000,0x0000,0x0000,0x0000,0x0000,0x0000,0x0000,

	0x0000,0x0000,0x0000,0x0000,0x0400,0x0F07,0x1213,0x1212,
	0x1212,0x1212,0x1212,0x1212,0x1212,0x1212,0x1212,0x1212,
	0x0B17,0x0D0B,0x000D,0x0000,0x0000,0x0000,0x0000,0x0000,
	0x0000,0x0000,0x0000,0x0000,0x0000,0x0000,0x0000,0x0000,
	0x0000,0x0000,0x0000,0x0D0D,0x000D,0x0000,0x0000,0x0000,
	0x0000,0x0000,0x0000,0x0000,0x0000,0x0000,0x0000,0x0000,
	0x0000,0x0000,0x0000,0x0000,0x0000,0x0000,0x0000,0x0000,
	0x0000,0x0000,0x0000,0x0000,0x0000,0x1800,0x0D0D,0x0D0D,

	0x0000,0x0000,0x0000,0x0000,0x0000,0x0000,0x0000,0x0000,
	0x0000,0x0000,0x0000,0x0000,0x0000,0x0000,0x0000,0x0000,
	0x0000,0x0000,0x0000,0x0000,0x0000,0x0000,0x0000,0x0600,
	0x1212,0x1212,0x1212,0x1212,0x1212,0x1212,0x1212,0x1212,
	0x1212,0x1212,0x1212,0x1212,0x1212,0x1212,0x1212,0x1212,
	0x1212,0x1212,0x0217,0x0D0B,0x020D,0x0D0D,0x0D0D,0x0D18,
	0x0D0D,0x0D18,0x020D,0x0D0D,0x020D,0x020D,0x0D0D,0x0518,
	0x1212,0x1212,0x1212,0x1212,0x1212,0x0012,0x0000,0x0000,

	0x0000,0x0000,0x0000,0x0000,0x0000,0x0000,0x0000,0x0000,
	0x0000,0x0000,0x0000,0x0000,0x0000,0x0000,0x1217,0x1212,
	0x1212,0x1212,0x1212,0x1212,0x1212,0x1212,0x1212,0x1212,
	0x0217,0x060D,0x0B0B,0x0006,0x0000,0x0000,0x0000,0x0000,
	0x0000,0x0000,0x0000,0x0000,0x0000,0x0000,0x0000,0x0000,
	0x0000,0x0000,0x0000,0x0000,0x0000,0x0000,0x0000,0x0000,
	0x0000,0x0000,0x0000,0x0000,0x0000,0x0000,0x0000,0x0000,
	0x0000,0x0000,0x0000,0x0000,0x0000,0x0000,0x0000,0x0000,

	0x0000,0x0000,0x0000,0x0000,0x0000,0x0000,0x0000,0x0000,
	0x0000,0x0000,0x0000,0x0000,0x0000,0x0000,0x0000,0x0000,
	0x0000,0x0000,0x0000,0x0000,0x0000,0x0000,0x0000,0x0000,
	0x0B00,0x0B0B,0x020D,0x0D0D,0x020D,0x180D,0x0D0D,0x0D18,
	0x0D0D,0x1802,0x0B02,0x0B0B,0x1217,0x1212,0x1212,0x1212,
	0x1217,0x1212,0x1212,0x1212,0x1212,0x1212,0x1212,0x1212,
	0x1212,0x1712,0x070F,0x1107,0x0000,0x0000,0x0000,0x0000,
	0x0000,0x0000,0x0000,0x0000,0x0000,0x0000,0x0000,0x0000,

	0x0000,0x0000,0x0000,0x0000,0x0400,0x0F04,0x1217,0x1212,
	0x1212,0x1212,0x1212,0x1212,0x1212,0x1212,0x1212,0x1212,
	0x0317,0x020B,0x000D,0x0000,0x0000,0x0000,0x0000,0x0000,
	0x0000,0x0000,0x0000,0x0000,0x0000,0x0000,0x0000,0x0000,
	0x0000,0x0000,0x0000,0x0D18,0x000D,0x0000,0x0000,0x0000,
	0x0000,0x0000,0x0000,0x0000,0x0000,0x0000,0x0000,0x0000,
	0x0000,0x0000,0x0000,0x0000,0x0000,0x0000,0x0000,0x0000,
	0x0000,0x0000,0x0000,0x0000,0x0000,0x1800,0x0D0D,0x0D18,

	0x0000,0x0000,0x0000,0x0000,0x0000,0x0000,0x0000,0x0000,
	0x0000,0x0000,0x0000,0x0000,0x0000,0x0000,0x0000,0x0000,
	0x0000,0x0000,0x0000,0x0000,0x0000,0x0000,0x0000,0x1200,
	0x1212,0x1212,0x1212,0x1212,0x1212,0x1212,0x1212,0x1212,
	0x1212,0x1212,0x1212,0x1212,0x1212,0x1212,0x1212,0x1212,
	0x120B,0x0518,0x0B17,0x0202,0x0D0D,0x020D,0x0D0D,0x0D0D,
	0x0D02,0x0D18,0x0D0D,0x0D02,0x020D,0x1818,0x0202,0x120D,
	0x1212,0x1212,0x1212,0x1212,0x1212,0x0012,0x0000,0x0000,

	0x0000,0x0000,0x0000,0x0000,0x0000,0x0000,0x0000,0x0000,
	0x0000,0x0000,0x0000,0x0000,0x0000,0x0000,0x1212,0x1212,
	0x1212,0x1212,0x1212,0x1212,0x1212,0x1212,0x1212,0x1212,
	0x1805,0x0618,0x0202,0x0006,0x0000,0x0000,0x0000,0x0000,
	0x0000,0x0000,0x0000,0x0000,0x0000,0x0000,0x0000,0x0000,
	0x0000,0x0000,0x0000,0x0000,0x0000,0x0000,0x0000,0x0000,
	0x0000,0x0000,0x0000,0x0000,0x0000,0x0000,0x0000,0x0000,
	0x0000,0x0000,0x0000,0x0000,0x0000,0x0000,0x0000,0x0000,

	0x0000,0x0000,0x0000,0x0000,0x0000,0x0000,0x0000,0x0000,
	0x0000,0x0000,0x0000,0x0000,0x0000,0x0000,0x0000,0x0000,
	0x0000,0x0000,0x0000,0x0000,0x0000,0x0000,0x0000,0x0000,
	0x0200,0x0202,0x0202,0x0D0D,0x0D18,0x0D02,0x180D,0x0D02,
	0x0D02,0x020D,0x020B,0x1818,0x1217,0x1212,0x1212,0x1212,
	0x1217,0x1212,0x1212,0x1212,0x1212,0x1212,0x1212,0x1212,
	0x1212,0x1212,0x0713,0x0704,0x0000,0x0000,0x0000,0x0000,
	0x0000,0x0000,0x0000,0x0000,0x0000,0x0000,0x0000,0x0000,

	0x0000,0x0000,0x0000,0x0000,0x0700,0x1307,0x1212,0x1212,
	0x1212,0x1212,0x1712,0x1313,0x1713,0x1212,0x0512,0x1217,
	0x020D,0x1818,0x0002,0x0000,0x0000,0x0000,0x0000,0x0000,
	0x0000,0x0000,0x0000,0x0000,0x0000,0x0000,0x0000,0x0000,
	0x0000,0x0000,0x0000,0x0D02,0x0018,0x0000,0x0000,0x0000,
	0x0000,0x0000,0x0000,0x0000,0x0000,0x0000,0x0000,0x0000,
	0x0000,0x0000,0x0000,0x0000,0x0000,0x0000,0x0000,0x0000,
	0x0000,0x0000,0x0000,0x0000,0x0000,0x0D00,0x180D,0x0D02,

	0x0000,0x0000,0x0000,0x0000,0x0000,0x0000,0x0000,0x0000,
	0x0000,0x0000,0x0000,0x0000,0x0000,0x0000,0x0000,0x0000,
	0x0000,0x0000,0x0000,0x0000,0x0000,0x0000,0x0000,0x0600,
	0x1212,0x1212,0x1212,0x1212,0x1212,0x1212,0x1212,0x1212,
	0x1212,0x1212,0x1212,0x1212,0x1212,0x1212,0x1212,0x1212,
	0x1202,0x170D,0x020B,0x0D02,0x0D0D,0x0D18,0x0D0D,0x180D,
	0x020D,0x0D0D,0x0D0D,0x0218,0x0D0D,0x0D0D,0x0D18,0x1217,
	0x1212,0x1212,0x1212,0x1212,0x1212,0x0012,0x0000,0x0000,

	0x0000,0x0000,0x0000,0x0000,0x0000,0x0000,0x0000,0x0000,
	0x0000,0x0000,0x0000,0x0000,0x0000,0x0000,0x1212,0x1212,
	0x1212,0x1212,0x1212,0x1212,0x1212,0x1212,0x1212,0x1212,
	0x1705,0x0D06,0x0D02,0x0006,0x0000,0x0000,0x0000,0x0000,
	0x0000,0x0000,0x0000,0x0000,0x0000,0x0000,0x0000,0x0000,
	0x0000,0x0000,0x0000,0x0000,0x0000,0x0000,0x0000,0x0000,
	0x0000,0x0000,0x0000,0x0000,0x0000,0x0000,0x0000,0x0000,
	0x0000,0x0000,0x0000,0x0000,0x0000,0x0000,0x0000,0x0000,

	0x0000,0x0000,0x0000,0x0000,0x0000,0x0000,0x0000,0x0000,
	0x0000,0x0000,0x0000,0x0000,0x0000,0x0000,0x0000,0x0000,
	0x0000,0x0000,0x0000,0x0000,0x0000,0x0000,0x0000,0x0000,
	0x0200,0x0202,0x0D02,0x0D0D,0x180D,0x0D02,0x180D,0x1802,
	0x0D0D,0x020D,0x1802,0x0D0D,0x0518,0x1212,0x1212,0x1212,
	0x0518,0x1212,0x1212,0x1212,0x1212,0x1212,0x1212,0x1212,
	0x1212,0x1212,0x1104,0x0404,0x0000,0x0000,0x0000,0x0000,
	0x0000,0x0000,0x0000,0x0000,0x0000,0x0000,0x0000,0x0000,

	0x0000,0x0000,0x0000,0x0000,0x0400,0x0411,0x1212,0x1212,
	0x1212,0x1212,0x1713,0x1717,0x0517,0x1213,0x1212,0x1205,
	0x1717,0x0D0D,0x0018,0x0000,0x0000,0x0000,0x0000,0x0000,
	0x0000,0x0000,0x0000,0x0000,0x0000,0x0000,0x0000,0x0000,
	0x0000,0x0000,0x0000,0x1802,0x000D,0x0000,0x0000,0x0000,
	0x0000,0x0000,0x0000,0x0000,0x0000,0x0000,0x0000,0x0000,
	0x0000,0x0000,0x0000,0x0000,0x0000,0x0000,0x0000,0x0000,
	0x0000,0x0000,0x0000,0x0000,0x0000,0x0D00,0x180D,0x1802,

	0x0000,0x0000,0x0000,0x0000,0x0000,0x0000,0x0000,0x0000,
	0x0000,0x0000,0x0000,0x0000,0x0000,0x0000,0x0000,0x0000,
	0x0000,0x0000,0x0000,0x0000,0x0000,0x0000,0x0000,0x0600,
	0x1212,0x1212,0x1212,0x1212,0x1212,0x1212,0x1212,0x1212,
	0x1212,0x1212,0x1212,0x1212,0x1212,0x1212,0x1212,0x1212,
	0x0D0D,0x0B02,0x0202,0x020D,0x0D0D,0x180D,0x0D18,0x0D0D,
	0x0218,0x0D0D,0x0D02,0x0218,0x0D0D,0x0D18,0x0302,0x1217,
	0x1212,0x1212,0x1212,0x1212,0x1212,0x0012,0x0000,0x0000,

	0x0000,0x0000,0x0000,0x0000,0x0000,0x0000,0x0000,0x0000,
	0x0000,0x0000,0x0000,0x0000,0x0000,0x0000,0x1212,0x1212,
	0x1212,0x1212,0x1212,0x1212,0x1212,0x1212,0x1212,0x1212,
	0x1705,0x0D06,0x0B0D,0x0019,0x0000,0x0000,0x0000,0x0000,
	0x0000,0x0000,0x0000,0x0000,0x0000,0x0000,0x0000,0x0000,
	0x0000,0x0000,0x0000,0x0000,0x0000,0x0000,0x0000,0x0000,
	0x0000,0x0000,0x0000,0x0000,0x0000,0x0000,0x0000,0x0000,
	0x0000,0x0000,0x0000,0x0000,0x0000,0x0000,0x0000,0x0000,

	0x0000,0x0000,0x0000,0x0000,0x0000,0x0000,0x0000,0x0000,
	0x0000,0x0000,0x0000,0x0000,0x0000,0x0000,0x0000,0x0000,
	0x0000,0x0000,0x0000,0x0000,0x0000,0x0000,0x0000,0x0000,
	0x0200,0x0202,0x0202,0x0202,0x180D,0x0D0D,0x0D0D,0x180D,
	0x180D,0x0D0D,0x0D0D,0x020D,0x0517,0x120D,0x1212,0x1212,
	0x0517,0x120D,0x1212,0x1212,0x1212,0x1212,0x1212,0x1212,
	0x1212,0x1212,0x040F,0x0407,0x0000,0x0000,0x0000,0x0000,
	0x0000,0x0000,0x0000,0x0000,0x0000,0x0000,0x0000,0x0000,

	0x0000,0x0000,0x0000,0x0000,0x0700,0x0F04,0x1212,0x1212,
	0x1212,0x1212,0x0505,0x0517,0x1717,0x1317,0x1212,0x1212,
	0x0D0D,0x0D02,0x0018,0x0000,0x0000,0x0000,0x0000,0x0000,
	0x0000,0x0000,0x0000,0x0000,0x0000,0x0000,0x0000,0x0000,
	0x0000,0x0000,0x0000,0x180D,0x000D,0x0000,0x0000,0x0000,
	0x0000,0x0000,0x0000,0x0000,0x0000,0x0000,0x0000,0x0000,
	0x0000,0x0000,0x0000,0x0000,0x0000,0x0000,0x0000,0x0000,
	0x0000,0x0000,0x0000,0x0000,0x0000,0x0D00,0x0D0D,0x180D,

	0x0000,0x0000,0x0000,0x0000,0x0000,0x0000,0x0000,0x0000,
	0x0000,0x0000,0x0000,0x0000,0x0000,0x0000,0x0000,0x0000,
	0x0000,0x0000,0x0000,0x0000,0x0000,0x0000,0x0000,0x0600,
	0x1212,0x1212,0x1212,0x1212,0x1212,0x1212,0x1212,0x1212,
	0x1212,0x1212,0x1212,0x1212,0x1212,0x1212,0x1212,0x1212,
	0x0D0D,0x0218,0x0D18,0x020D,0x0D0D,0x0D02,0x0D0D,0x0D02,
	0x0D18,0x180D,0x020D,0x0D0D,0x0D02,0x0218,0x0B02,0x0517,
	0x1212,0x1212,0x1212,0x1212,0x1212,0x0012,0x0000,0x0000,

	0x0000,0x0000,0x0000,0x0000,0x0000,0x0000,0x0000,0x0000,
	0x0000,0x0000,0x0000,0x0000,0x0000,0x0000,0x1212,0x1212,
	0x1212,0x1212,0x1212,0x1212,0x1212,0x1212,0x1212,0x1212,
	0x170D,0x060B,0x0606,0x000B,0x0000,0x0000,0x0000,0x0000,
	0x0000,0x0000,0x0000,0x0000,0x0000,0x0000,0x0000,0x0000,
	0x0000,0x0000,0x0000,0x0000,0x0000,0x0000,0x0000,0x0000,
	0x0000,0x0000,0x0000,0x0000,0x0000,0x0000,0x0000,0x0000,
	0x0000,0x0000,0x0000,0x0000,0x0000,0x0000,0x0000,0x0000,

	0x0000,0x0000,0x0000,0x0000,0x0000,0x0000,0x0000,0x0000,
	0x0000,0x0000,0x0000,0x0000,0x0000,0x0000,0x0000,0x0000,
	0x0000,0x0000,0x0000,0x0000,0x0000,0x0000,0x0000,0x0000,
	0x0D00,0x0202,0x0D02,0x0D02,0x0D0D,0x0D0D,0x0D18,0x0218,
	0x0D0D,0x0D18,0x0202,0x180B,0x0D03,0x0D0D,0x1202,0x1212,
	0x0D03,0x0D0D,0x1202,0x1212,0x1212,0x1212,0x1212,0x1212,
	0x1212,0x1212,0x0F03,0x0404,0x0000,0x0000,0x0000,0x0000,
	0x0000,0x0000,0x0000,0x0000,0x0000,0x0000,0x0000,0x0000,

	0x0000,0x0000,0x0000,0x0000,0x0400,0x030F,0x1212,0x1212,
	0x1212,0x1212,0x1212,0x1205,0x1705,0x1717,0x1217,0x1212,
	0x0B02,0x0D0D,0x000D,0x0000,0x0000,0x0000,0x0000,0x0000,
	0x0000,0x0000,0x0000,0x0000,0x0000,0x0000,0x0000,0x0000,
	0x0000,0x0000,0x0000,0x0218,0x000D,0x0000,0x0000,0x0000,
	0x0000,0x0000,0x0000,0x0000,0x0000,0x0000,0x0000,0x0000,
	0x0000,0x0000,0x0000,0x0000,0x0000,0x0000,0x0000,0x0000,
	0x0000,0x0000,0x0000,0x0000,0x0000,0x0D00,0x0D18,0x0218,

	0x0000,0x0000,0x0000,0x0000,0x0000,0x0000,0x0000,0x0000,
	0x0000,0x0000,0x0000,0x0000,0x0000,0x0000,0x0000,0x0000,
	0x0000,0x0000,0x0000,0x0000,0x0000,0x0000,0x0000,0x1200,
	0x1212,0x1212,0x1212,0x1212,0x1212,0x1212,0x1212,0x1212,
	0x1212,0x1212,0x1212,0x1212,0x1212,0x1212,0x1212,0x1212,
	0x020D,0x020D,0x180D,0x0D0D,0x0D0D,0x0218,0x0D0D,0x0D02,
	0x0D0D,0x0D0D,0x0218,0x020D,0x020D,0x020D,0x0D0B,0x0518,
	0x1212,0x1212,0x1212,0x1212,0x1212,0x0012,0x0000,0x0000,

	0x0000,0x0000,0x0000,0x0000,0x0000,0x0000,0x0000,0x0000,
	0x0000,0x0000,0x0000,0x0000,0x0000,0x0000,0x1212,0x1212,
	0x1212,0x1212,0x1212,0x1212,0x1212,0x1212,0x1212,0x1212,
	0x0D02,0x0602,0x0202,0x000B,0x0000,0x0000,0x0000,0x0000,
	0x0000,0x0000,0x0000,0x0000,0x0000,0x0000,0x0000,0x0000,
	0x0000,0x0000,0x0000,0x0000,0x0000,0x0000,0x0000,0x0000,
	0x0000,0x0000,0x0000,0x0000,0x0000,0x0000,0x0000,0x0000,
	0x0000,0x0000,0x0000,0x0000,0x0000,0x0000,0x0000,0x0000,

	0x0000,0x0000,0x0000,0x0000,0x0000,0x0000,0x0000,0x0000,
	0x0000,0x0000,0x0000,0x0000,0x0000,0x0000,0x0000,0x0000,
	0x0000,0x0000,0x0000,0x0000,0x0000,0x0000,0x0000,0x0000,
	0x0D00,0x020D,0x0D0D,0x1802,0x0D0D,0x0D18,0x180D,0x180D,
	0x0D02,0x0D18,0x0D02,0x0B18,0x0D18,0x1702,0x0505,0x1212,
	0x0D18,0x1702,0x0505,0x1212,0x1212,0x1212,0x1212,0x1212,
	0x1212,0x1212,0x0313,0x0404,0x0000,0x0000,0x0000,0x0000,
	0x0000,0x0000,0x0000,0x0000,0x0000,0x0000,0x0000,0x0000,

	0x0000,0x0000,0x0000,0x0000,0x0700,0x1303,0x1212,0x1212,
	0x1212,0x1212,0x1212,0x0512,0x0512,0x1717,0x1213,0x1212,
	0x0B0B,0x0D02,0x000D,0x0000,0x0000,0x0000,0x0000,0x0000,
	0x0000,0x0000,0x0000,0x0000,0x0000,0x0000,0x0000,0x0000,
	0x0000,0x0000,0x0000,0x180D,0x000D,0x0000,0x0000,0x0000,
	0x0000,0x0000,0x0000,0x0000,0x0000,0x0000,0x0000,0x0000,
	0x0000,0x0000,0x0000,0x0000,0x0000,0x0000,0x0000,0x0000,
	0x0000,0x0000,0x0000,0x0000,0x0000,0x0D00,0x180D,0x180D,

	0x0000,0x0000,0x0000,0x0000,0x0000,0x0000,0x0000,0x0000,
	0x0000,0x0000,0x0000,0x0000,0x0000,0x0000,0x0000,0x0000,
	0x0000,0x0000,0x0000,0x0000,0x0000,0x0000,0x0000,0x0500,
	0x0505,0x1818,0x1212,0x1212,0x1212,0x1212,0x1212,0x1212,
	0x1212,0x1212,0x1212,0x1212,0x1212,0x1212,0x1212,0x1212,
	0x1712,0x020B,0x0D02,0x0D0D,0x0D02,0x180D,0x020D,0x180D,
	0x0D0D,0x0218,0x0D18,0x0D02,0x0218,0x0D18,0x0B02,0x0517,
	0x1212,0x1212,0x1212,0x1212,0x1212,0x0012,0x0000,0x0000,

	0x0000,0x0000,0x0000,0x0000,0x0000,0x0000,0x0000,0x0000,
	0x0000,0x0000,0x0000,0x0000,0x0000,0x0000,0x1212,0x1212,
	0x1212,0x1212,0x1212,0x1212,0x1212,0x1212,0x1212,0x0212,
	0x0D05,0x0206,0x0D02,0x0006,0x0000,0x0000,0x0000,0x0000,
	0x0000,0x0000,0x0000,0x0000,0x0000,0x0000,0x0000,0x0000,
	0x0000,0x0000,0x0000,0x0000,0x0000,0x0000,0x0000,0x0000,
	0x0000,0x0000,0x0000,0x0000,0x0000,0x0000,0x0000,0x0000,
	0x0000,0x0000,0x0000,0x0000,0x0000,0x0000,0x0000,0x0000,

	0x0000,0x0000,0x0000,0x0000,0x0000,0x0000,0x0000,0x0000,
	0x0000,0x0000,0x0000,0x0000,0x0000,0x0000,0x0000,0x0000,
	0x0000,0x0000,0x0000,0x0000,0x0000,0x0000,0x0000,0x0000,
	0x0D00,0x0218,0x0D18,0x0D02,0x0D0D,0x0218,0x0D18,0x0D02,
	0x0D0D,0x0218,0x0D18,0x0D02,0x0D0D,0x0D02,0x0D0D,0x0218,
	0x0B0D,0x030B,0x1718,0x0518,0x1212,0x1212,0x1212,0x1212,
	0x1212,0x1212,0x0313,0x0407,0x0000,0x0000,0x0000,0x0000,
	0x0000,0x0000,0x0000,0x0000,0x0000,0x0000,0x0000,0x0000,

	0x0000,0x0000,0x0000,0x0000,0x0700,0x1303,0x1212,0x1212,
	0x1212,0x1205,0x1212,0x1212,0x1212,0x1705,0x1213,0x1212,
	0x0317,0x0202,0x000D,0x0000,0x0000,0x0000,0x0000,0x0000,
	0x0000,0x0000,0x0000,0x0000,0x0000,0x0000,0x0000,0x0000,
	0x0000,0x0000,0x0000,0x0D02,0x000D,0x0000,0x0000,0x0000,
	0x0000,0x0000,0x0000,0x0000,0x0000,0x0000,0x0000,0x0000,
	0x0000,0x0000,0x0000,0x0000,0x0000,0x0000,0x0000,0x0000,
	0x0000,0x0000,0x0000,0x0000,0x0000,0x0200,0x0D18,0x0D02,

	0x0000,0x0000,0x0000,0x0000,0x0000,0x0000,0x0000,0x0000,
	0x0000,0x0000,0x0000,0x0000,0x0000,0x0000,0x0000,0x0000,
	0x0000,0x0000,0x0000,0x0000,0x0000,0x0000,0x0000,0x0200,
	0x1802,0x050D,0x1212,0x1212,0x0202,0x0202,0x0202,0x180D,
	0x1212,0x1212,0x1212,0x1212,0x1212,0x1212,0x1212,0x1212,
	0x1818,0x020B,0x0D0D,0x0D0D,0x020D,0x180D,0x0D02,0x0D0D,
	0x0D0D,0x180D,0x0D0D,0x0D0D,0x0D18,0x180D,0x1818,0x1205,
	0x1212,0x1212,0x1212,0x1212,0x1212,0x0012,0x0000,0x0000,

	0x0000,0x0000,0x0000,0x0000,0x0000,0x0000,0x0000,0x0000,
	0x0000,0x0000,0x0000,0x0000,0x0000,0x0000,0x1212,0x1212,
	0x1212,0x1212,0x1212,0x1212,0x1212,0x1212,0x1212,0x0B12,
	0x0202,0x0D0B,0x0B0D,0x000B,0x0000,0x0000,0x0000,0x0000,
	0x0000,0x0000,0x0000,0x0000,0x0000,0x0000,0x0000,0x0000,
	0x0000,0x0000,0x0000,0x0000,0x0000,0x0000,0x0000,0x0000,
	0x0000,0x0000,0x0000,0x0000,0x0000,0x0000,0x0000,0x0000,
	0x0000,0x0000,0x0000,0x0000,0x0000,0x0000,0x0000,0x0000,

	0x0000,0x0000,0x0000,0x0000,0x0000,0x0000,0x0000,0x0000,
	0x0000,0x0000,0x0000,0x0000,0x0000,0x0000,0x0000,0x0000,
	0x0000,0x0000,0x0000,0x0000,0x0000,0x0000,0x0000,0x0000,
	0x0D00,0x180D,0x0D0D,0x0D0D,0x0D0D,0x180D,0x0D0D,0x0D0D,
	0x0D0D,0x180D,0x0D0D,0x0D0D,0x0D02,0x020D,0x0D0D,0x0D0D,
	0x020D,0x180D,0x020D,0x180D,0x1212,0x1212,0x1212,0x1212,
	0x1212,0x1212,0x0313,0x0411,0x0000,0x0000,0x0000,0x0000,
	0x0000,0x0000,0x0000,0x0000,0x0000,0x0000,0x0000,0x0000,

	0x0000,0x0000,0x0000,0x0000,0x1100,0x1303,0x1212,0x1212,
	0x1212,0x1205,0x1212,0x1212,0x0512,0x1712,0x1213,0x1212,
	0x0D02,0x020B,0x0002,0x0000,0x0000,0x0000,0x0000,0x0000,
	0x0000,0x0000,0x0000,0x0000,0x0000,0x0000,0x0000,0x0000,
	0x0000,0x0000,0x0000,0x0D0D,0x000D,0x0000,0x0000,0x0000,
	0x0000,0x0000,0x0000,0x0000,0x0000,0x0000,0x0000,0x0000,
	0x0000,0x0000,0x0000,0x0000,0x0000,0x0000,0x0000,0x0000,
	0x0000,0x0000,0x0000,0x0000,0x0000,0x1800,0x0D0D,0x0D0D,

	0x0000,0x0000,0x0000,0x0000,0x0000,0x0000,0x0000,0x0000,
	0x0000,0x0000,0x0000,0x0000,0x0000,0x0000,0x0000,0x0000,
	0x0000,0x0000,0x0000,0x0000,0x0000,0x0000,0x0000,0x1800,
	0x0218,0x020D,0x1205,0x0B05,0x180D,0x1818,0x020D,0x170D,
	0x1705,0x0202,0x0202,0x1212,0x1212,0x1212,0x1212,0x1212,
	0x0D17,0x0D18,0x0D0D,0x0D0D,0x020D,0x0D0D,0x0D02,0x0D18,
	0x020D,0x180D,0x0D0D,0x0D18,0x0D0D,0x0D18,0x0D0D,0x1218,
	0x1212,0x1212,0x1212,0x1212,0x1212,0x0012,0x0000,0x0000,

	0x0000,0x0000,0x0000,0x0000,0x0000,0x0000,0x0000,0x0000,
	0x0000,0x0000,0x0000,0x0000,0x0000,0x0000,0x1212,0x1212,
	0x1212,0x1212,0x1212,0x1212,0x1212,0x1212,0x1812,0x0505,
	0x020B,0x0B0B,0x0B06,0x0006,0x0000,0x0000,0x0000,0x0000,
	0x0000,0x0000,0x0000,0x0000,0x0000,0x0000,0x0000,0x0000,
	0x0000,0x0000,0x0000,0x0000,0x0000,0x0000,0x0000,0x0000,
	0x0000,0x0000,0x0000,0x0000,0x0000,0x0000,0x0000,0x0000,
	0x0000,0x0000,0x0000,0x0000,0x0000,0x0000,0x0000,0x0000,

	0x0000,0x0000,0x0000,0x0000,0x0000,0x0000,0x0000,0x0000,
	0x0000,0x0000,0x0000,0x0000,0x0000,0x0000,0x0000,0x0000,
	0x0000,0x0000,0x0000,0x0000,0x0000,0x0000,0x0000,0x0000,
	0x0200,0x180D,0x0D0D,0x0D18,0x020D,0x180D,0x0D0D,0x0D18,
	0x020D,0x180D,0x0D0D,0x0D18,0x020D,0x020D,0x180D,0x0D0D,
	0x0D18,0x0202,0x0202,0x0D0D,0x0505,0x1212,0x1212,0x1212,
	0x1212,0x1212,0x0313,0x0411,0x0000,0x0000,0x0000,0x0000,
	0x0000,0x0000,0x0000,0x0000,0x0000,0x0000,0x0000,0x0000,

	0x0000,0x0000,0x0000,0x0000,0x1100,0x1303,0x1212,0x1212,
	0x1212,0x1205,0x1212,0x1212,0x1212,0x0512,0x1217,0x1212,
	0x0217,0x0D0D,0x0002,0x0000,0x0000,0x0000,0x0000,0x0000,
	0x0000,0x0000,0x0000,0x0000,0x0000,0x0000,0x0000,0x0000,
	0x0000,0x0000,0x0000,0x0D18,0x000D,0x0000,0x0000,0x0000,
	0x0000,0x0000,0x0000,0x0000,0x0000,0x0000,0x0000,0x0000,
	0x0000,0x0000,0x0000,0x0000,0x0000,0x0000,0x0000,0x0000,
	0x0000,0x0000,0x0000,0x0000,0x0000,0x1800,0x0D0D,0x0D18,

	0x0000,0x0000,0x0000,0x0000,0x0000,0x0000,0x0000,0x0000,
	0x0000,0x0000,0x0000,0x0000,0x0000,0x0000,0x0000,0x0000,
	0x0000,0x0000,0x0000,0x0000,0x0000,0x0000,0x0000,0x1800,
	0x180D,0x0B02,0x1717,0x020B,0x0202,0x1802,0x0D0B,0x0B0B,
	0x0202,0x1818,0x020D,0x1212,0x1212,0x1212,0x1212,0x1212,
	0x020B,0x180D,0x0D0D,0x0D0D,0x0D18,0x180D,0x180D,0x0D0D,
	0x0D18,0x0D02,0x180D,0x0D02,0x0D02,0x0D0D,0x0202,0x0502,
	0x1212,0x1212,0x1212,0x1212,0x1212,0x0012,0x0000,0x0000,

	0x0000,0x0000,0x0000,0x0000,0x0000,0x0000,0x0000,0x0000,
	0x0000,0x0000,0x0000,0x0000,0x0000,0x0000,0x1212,0x1212,
	0x1212,0x1212,0x1212,0x1212,0x1212,0x1212,0x0D05,0x180D,
	0x0B17,0x0D02,0x1919,0x0019,0x0000,0x0000,0x0000,0x0000,
	0x0000,0x0000,0x0000,0x0000,0x0000,0x0000,0x0000,0x0000,
	0x0000,0x0000,0x0000,0x0000,0x0000,0x0000,0x0000,0x0000,
	0x0000,0x0000,0x0000,0x0000,0x0000,0x0000,0x0000,0x0000,
	0x0000,0x0000,0x0000,0x0000,0x0000,0x0000,0x0000,0x0000,

	0x0000,0x0000,0x0000,0x0000,0x0000,0x0000,0x0000,0x0000,
	0x0000,0x0000,0x0000,0x0000,0x0000,0x0000,0x0000,0x0000,
	0x0000,0x0000,0x0000,0x0000,0x0000,0x0000,0x0000,0x0000,
	0x0D00,0x0D02,0x180D,0x0D02,0x0D18,0x0D02,0x180D,0x0D02,
	0x0D18,0x0D02,0x180D,0x0D02,0x020D,0x0D0D,0x0D18,0x0D0D,
	0x0D18,0x020D,0x020B,0x0D02,0x1717,0x1218,0x1212,0x1212,
	0x1212,0x1212,0x0313,0x0411,0x0000,0x0000,0x0000,0x0000,
	0x0000,0x0000,0x0000,0x0000,0x0000,0x0000,0x0000,0x0000,

	0x0000,0x0000,0x0000,0x0000,0x1100,0x1303,0x1212,0x1212,
	0x1212,0x0505,0x1212,0x1212,0x1212,0x1712,0x1212,0x1212,
	0x1805,0x0D18,0x000D,0x0000,0x0000,0x0000,0x0000,0x0000,
	0x0000,0x0000,0x0000,0x0000,0x0000,0x0000,0x0000,0x0000,
	0x0000,0x0000,0x0000,0x0D02,0x0018,0x0000,0x0000,0x0000,
	0x0000,0x0000,0x0000,0x0000,0x0000,0x0000,0x0000,0x0000,
	0x0000,0x0000,0x0000,0x0000,0x0000,0x0000,0x0000,0x0000,
	0x0000,0x0000,0x0000,0x0000,0x0000,0x0D00,0x180D,0x0D02,

	0x0000,0x0000,0x0000,0x0000,0x0000,0x0000,0x0000,0x0000,
	0x0000,0x0000,0x0000,0x0000,0x0000,0x0000,0x0000,0x0000,
	0x0000,0x0000,0x0000,0x0000,0x0000,0x0000,0x0000,0x1800,
	0x0D0D,0x0218,0x0202,0x0206,0x0B0B,0x0618,0x0202,0x0B02,
	0x180D,0x180D,0x1202,0x1212,0x1212,0x1212,0x1212,0x1212,
	0x0B02,0x0D0B,0x0D0D,0x0D02,0x180D,0x0D0D,0x0D18,0x0D0D,
	0x180D,0x0D02,0x180D,0x1802,0x0D0D,0x0202,0x0B02,0x0517,
	0x1212,0x1212,0x1212,0x1212,0x1212,0x0012,0x0000,0x0000,

	0x0000,0x0000,0x0000,0x0000,0x0000,0x0000,0x0000,0x0000,
	0x0000,0x0000,0x0000,0x0000,0x0000,0x0000,0x1212,0x1212,
	0x1212,0x1212,0x1212,0x1212,0x1212,0x1212,0x0205,0x0D0D,
	0x0B18,0x0202,0x190D,0x0006,0x0000,0x0000,0x0000,0x0000,
	0x0000,0x0000,0x0000,0x0000,0x0000,0x0000,0x0000,0x0000,
	0x0000,0x0000,0x0000,0x0000,0x0000,0x0000,0x0000,0x0000,
	0x0000,0x0000,0x0000,0x0000,0x0000,0x0000,0x0000,0x0000,
	0x0000,0x0000,0x0000,0x0000,0x0000,0x0000,0x0000,0x0000,

	0x0000,0x0000,0x0000,0x0000,0x0000,0x0000,0x0000,0x0000,
	0x0000,0x0000,0x0000,0x0000,0x0000,0x0000,0x0000,0x0000,
	0x0000,0x0000,0x0000,0x0000,0x0000,0x0000,0x0000,0x0000,
	0x1800,0x0D02,0x180D,0x1802,0x180D,0x0D02,0x180D,0x1802,
	0x180D,0x0D02,0x180D,0x1802,0x0D0D,0x0D0D,0x0D18,0x0D02,
	0x020D,0x0D02,0x0B0D,0x0202,0x0D0B,0x180D,0x1212,0x1212,
	0x1212,0x1212,0x0313,0x0407,0x0000,0x0000,0x0000,0x0000,
	0x0000,0x0000,0x0000,0x0000,0x0000,0x0000,0x0000,0x0000,

	0x0000,0x0000,0x0000,0x0000,0x0700,0x1303,0x1212,0x1212,
	0x1212,0x0512,0x1205,0x1212,0x1212,0x1212,0x1205,0x1212,
	0x1705,0x180D,0x0018,0x0000,0x0000,0x0000,0x0000,0x0000,
	0x0000,0x0000,0x0000,0x0000,0x0000,0x0000,0x0000,0x0000,
	0x0000,0x0000,0x0000,0x1802,0x000D,0x0000,0x0000,0x0000,
	0x0000,0x0000,0x0000,0x0000,0x0000,0x0000,0x0000,0x0000,
	0x0000,0x0000,0x0000,0x0000,0x0000,0x0000,0x0000,0x0000,
	0x0000,0x0000,0x0000,0x0000,0x0000,0x0D00,0x180D,0x1802,

	0x0000,0x0000,0x0000,0x0000,0x0000,0x0000,0x0000,0x0000,
	0x0000,0x0000,0x0000,0x0000,0x0000,0x0000,0x0000,0x0000,
	0x0000,0x0000,0x0000,0x0000,0x0000,0x0000,0x0000,0x0B00,
	0x0218,0x0D0D,0x0606,0x0B02,0x0B06,0x0602,0x0D0D,0x180B,
	0x0D18,0x180D,0x120B,0x0B12,0x020B,0x0202,0x1202,0x1212,
	0x0B02,0x0D02,0x0D02,0x0D18,0x180D,0x0D0D,0x0D18,0x020D,
	0x180D,0x0D0D,0x0D0D,0x180D,0x180D,0x020D,0x0D02,0x1818,
	0x1212,0x1212,0x1212,0x1212,0x1212,0x0012,0x0000,0x0000,

	0x0000,0x0000,0x0000,0x0000,0x0000,0x0000,0x0000,0x0000,
	0x0000,0x0000,0x0000,0x0000,0x0000,0x0000,0x1217,0x1212,
	0x1212,0x1212,0x1212,0x1212,0x1212,0x0512,0x1717,0x0D02,
	0x180D,0x0202,0x190D,0x0006,0x0000,0x0000,0x0000,0x0000,
	0x0000,0x0000,0x0000,0x0000,0x0000,0x0000,0x0000,0x0000,
	0x0000,0x0000,0x0000,0x0000,0x0000,0x0000,0x0000,0x0000,
	0x0000,0x0000,0x0000,0x0000,0x0000,0x0000,0x0000,0x0000,
	0x0000,0x0000,0x0000,0x0000,0x0000,0x0000,0x0000,0x0000,

	0x0000,0x0000,0x0000,0x0000,0x0000,0x0000,0x0000,0x0000,
	0x0000,0x0000,0x0000,0x0000,0x0000,0x0000,0x0000,0x0000,
	0x0000,0x0000,0x0000,0x0000,0x0000,0x0000,0x0000,0x0000,
	0x0600,0x0D0D,0x0D0D,0x180D,0x180D,0x0D0D,0x0D0D,0x180D,
	0x180D,0x0D0D,0x0D0D,0x180D,0x0D0D,0x0D18,0x0D02,0x0D18,
	0x180D,0x020D,0x0D0D,0x0D0D,0x0D0B,0x1702,0x1212,0x1212,
	0x1212,0x1212,0x0F13,0x0407,0x0000,0x0000,0x0000,0x0000,
	0x0000,0x0000,0x0000,0x0000,0x0000,0x0000,0x0000,0x0000,

	0x0000,0x0000,0x0000,0x0000,0x0700,0x130F,0x1217,0x1212,
	0x1212,0x1212,0x0505,0x1212,0x1212,0x0512,0x1212,0x1212,
	0x1705,0x0D03,0x0018,0x0000,0x0000,0x0000,0x0000,0x0000,
	0x0000,0x0000,0x0000,0x0000,0x0000,0x0000,0x0000,0x0000,
	0x0000,0x0000,0x0000,0x180D,0x000D,0x0000,0x0000,0x0000,
	0x0000,0x0000,0x0000,0x0000,0x0000,0x0000,0x0000,0x0000,
	0x0000,0x0000,0x0000,0x0000,0x0000,0x0000,0x0000,0x0000,
	0x0000,0x0000,0x0000,0x0000,0x0000,0x0D00,0x0D0D,0x180D,

	0x0000,0x0000,0x0000,0x0000,0x0000,0x0000,0x0000,0x0000,
	0x0000,0x0000,0x0000,0x0000,0x0000,0x0000,0x0000,0x0000,
	0x0000,0x0000,0x0000,0x0000,0x0000,0x0000,0x0000,0x0000,
	0x0000,0x0000,0x0000,0x0000,0x0000,0x0000,0x0000,0x0000,
	0x0000,0x0000,0x0000,0x0000,0x0000,0x0000,0x0000,0x0000,
	0x0000,0x0200,0x180D,0x020D,0x0D0D,0x0D02,0x0D0D,0x0D02,
	0x0D0D,0x0D0D,0x0D18,0x0218,0x0D0D,0x020D,0x0D0D,0x0D0D,
	0x120D,0x1212,0x1212,0x1212,0x1212,0x0012,0x0000,0x0000,

	0x0000,0x0000,0x0000,0x0000,0x0000,0x0000,0x0000,0x0000,
	0x0000,0x0000,0x0000,0x0000,0x0000,0x0000,0x0513,0x1212,
	0x1212,0x1212,0x1212,0x1212,0x0D12,0x0D0D,0x0B0D,0x0D0B,
	0x020D,0x0D0D,0x1918,0x000B,0x0000,0x0000,0x0000,0x0000,
	0x0000,0x0000,0x0000,0x0000,0x0000,0x0000,0x0000,0x0000,
	0x0000,0x0000,0x0000,0x0000,0x0000,0x0000,0x0000,0x0000,
	0x0000,0x0000,0x0000,0x0000,0x0000,0x0000,0x0000,0x0000,
	0x0000,0x0000,0x0000,0x0000,0x0000,0x0000,0x0000,0x0000,

	0x0000,0x0000,0x0000,0x0000,0x0000,0x0000,0x0000,0x0000,
	0x0000,0x0000,0x0000,0x0000,0x0000,0x0000,0x0000,0x0000,
	0x0000,0x0000,0x0000,0x0000,0x0000,0x0000,0x0000,0x0000,
	0x0200,0x0D06,0x0D18,0x0218,0x0D0D,0x0D0D,0x0D18,0x0218,
	0x0D0D,0x0D0D,0x0D18,0x0218,0x0D02,0x0218,0x180D,0x020D,
	0x0D0D,0x0D02,0x0D0D,0x0D02,0x020D,0x0B02,0x1205,0x1212,
	0x1212,0x1712,0x0F03,0x0411,0x0000,0x0000,0x0000,0x0000,
	0x0000,0x0000,0x0000,0x0000,0x0000,0x0000,0x0000,0x0000,

	0x0000,0x0000,0x0000,0x0000,0x1100,0x030F,0x0513,0x1212,
	0x1212,0x1212,0x0512,0x0505,0x0505,0x1205,0x1212,0x1212,
	0x170D,0x020B,0x000D,0x0000,0x0000,0x0000,0x0000,0x0000,
	0x0000,0x0000,0x0000,0x0000,0x0000,0x0000,0x0000,0x0000,
	0x0000,0x0000,0x0000,0x0000,0x0000,0x0000,0x0000,0x0000,
	0x0000,0x0000,0x0000,0x0000,0x0000,0x0000,0x0000,0x0000,
	0x0000,0x0000,0x0000,0x0000,0x0000,0x0000,0x0000,0x0000,
	0x0000,0x0000,0x0000,0x0000,0x0000,0x0D00,0x0D18,0x0218,

	0x0000,0x0000,0x0000,0x0000,0x0000,0x0000,0x0000,0x0000,
	0x0000,0x0000,0x0000,0x0000,0x0000,0x0000,0x0000,0x0000,
	0x0000,0x0000,0x0000,0x0000,0x0000,0x0000,0x0000,0x0000,
	0x0000,0x0000,0x0000,0x0000,0x0000,0x0000,0x0000,0x0000,
	0x0000,0x0000,0x0000,0x0000,0x0000,0x0000,0x0000,0x0000,
	0x0000,0x0200,0x180D,0x0D0D,0x0D0D,0x0218,0x0D0D,0x1802,
	0x0D0D,0x0D18,0x180D,0x180D,0x0D02,0x0D18,0x0B0D,0x1702,
	0x1212,0x1212,0x1212,0x1212,0x1212,0x0012,0x0000,0x0000,

	0x0000,0x0000,0x0000,0x0000,0x0000,0x0000,0x0000,0x0000,
	0x0000,0x0000,0x0000,0x0000,0x0000,0x0000,0x1213,0x1212,
	0x1212,0x1212,0x1212,0x1212,0x0512,0x0217,0x0D0D,0x0D02,
	0x0D0D,0x0D18,0x190D,0x0019,0x0000,0x0000,0x0000,0x0000,
	0x0000,0x0000,0x0000,0x0000,0x0000,0x0000,0x0000,0x0000,
	0x0000,0x0000,0x0000,0x0000,0x0000,0x0000,0x0000,0x0000,
	0x0000,0x0000,0x0000,0x0000,0x0000,0x0000,0x0000,0x0000,
	0x0000,0x0000,0x0000,0x0000,0x0000,0x0000,0x0000,0x0000,

	0x0000,0x0000,0x0000,0x0000,0x0000,0x0000,0x0000,0x0000,
	0x0000,0x0000,0x0000,0x0000,0x0000,0x0000,0x0000,0x0000,
	0x0000,0x0000,0x0000,0x0000,0x0000,0x0000,0x0000,0x0000,
	0x0D00,0x060D,0x180D,0x180D,0x0D0D,0x0D18,0x180D,0x180D,
	0x0D0D,0x0D18,0x180D,0x180D,0x020D,0x020D,0x180D,0x0D0D,
	0x0D0D,0x0218,0x0D0D,0x1802,0x020D,0x020B,0x0D02,0x1205,
	0x1212,0x1312,0x0F03,0x0407,0x0000,0x0000,0x0000,0x0000,
	0x0000,0x0000,0x0000,0x0000,0x0000,0x0000,0x0000,0x0000,

	0x0000,0x0000,0x0000,0x0000,0x0700,0x030F,0x1213,0x1212,
	0x1212,0x1212,0x1212,0x1212,0x1212,0x1212,0x1212,0x1212,
	0x0D02,0x0202,0x000D,0x0000,0x0000,0x0000,0x0000,0x0000,
	0x0000,0x0000,0x0000,0x0000,0x0000,0x0000,0x0000,0x0000,
	0x0000,0x0000,0x0000,0x0000,0x0000,0x0000,0x0000,0x0000,
	0x0000,0x0000,0x0000,0x0000,0x0000,0x0000,0x0000,0x0000,
	0x0000,0x0000,0x0000,0x0000,0x0000,0x0000,0x0000,0x0000,
	0x0000,0x0000,0x0000,0x0000,0x0000,0x0D00,0x180D,0x180D,

	0x0000,0x0000,0x0000,0x0000,0x0000,0x0000,0x0000,0x0000,
	0x0000,0x0000,0x0000,0x0000,0x0000,0x0000,0x0000,0x0000,
	0x0000,0x0000,0x0000,0x0000,0x0000,0x0000,0x0000,0x0000,
	0x0000,0x0000,0x0000,0x0000,0x0000,0x0000,0x0000,0x0000,
	0x0000,0x0000,0x0000,0x0000,0x0000,0x0000,0x0000,0x0000,
	0x0000,0x0B00,0x0B18,0x0D02,0x0D0D,0x0D18,0x0D18,0x0D02,
	0x0D0D,0x0218,0x0D18,0x0D02,0x0D0D,0x0D0D,0x0202,0x1703,
	0x1212,0x1212,0x1212,0x1212,0x1212,0x0012,0x0000,0x0000,

	0x0000,0x0000,0x0000,0x0000,0x0000,0x0000,0x0000,0x0000,
	0x0000,0x0000,0x0000,0x0000,0x0000,0x0000,0x1203,0x1212,
	0x1212,0x1212,0x1212,0x0518,0x0317,0x0202,0x020D,0x180D,
	0x0D02,0x180D,0x020D,0x000D,0x0000,0x0000,0x0000,0x0000,
	0x0000,0x0000,0x0000,0x0000,0x0000,0x0000,0x0000,0x0000,
	0x0000,0x0000,0x0000,0x0B19,0x190B,0x0218,0x0B06,0x0000,
	0x0000,0x0000,0x0000,0x0000,0x0000,0x0000,0x0000,0x0000,
	0x0000,0x0000,0x0000,0x0000,0x0000,0x0000,0x0000,0x0000,

	0x0000,0x0000,0x0000,0x0000,0x0000,0x0000,0x0000,0x0000,
	0x0000,0x0000,0x0000,0x0000,0x0000,0x0000,0x0000,0x0000,
	0x0000,0x0000,0x0000,0x0000,0x0000,0x0000,0x0000,0x0000,
	0x0D00,0x0606,0x0D18,0x0D02,0x0D0D,0x0218,0x0D18,0x0D02,
	0x0D0D,0x0218,0x0D18,0x0D02,0x0D0D,0x0218,0x0D18,0x0D02,
	0x0D0D,0x0218,0x0D18,0x0D02,0x0218,0x0D18,0x0B02,0x0517,
	0x1212,0x0312,0x0F03,0x0404,0x0000,0x0000,0x0000,0x0000,
	0x0000,0x0000,0x0000,0x0000,0x0000,0x0000,0x0000,0x0000,

	0x0000,0x0000,0x0000,0x0000,0x0400,0x030F,0x1203,0x1212,
	0x1212,0x1212,0x1212,0x1212,0x1212,0x1212,0x1212,0x0518,
	0x0317,0x0202,0x000D,0x0000,0x0000,0x0000,0x0000,0x0000,
	0x0000,0x0000,0x0000,0x0000,0x0000,0x0000,0x0000,0x0000,
	0x0000,0x0000,0x0000,0x0000,0x0000,0x0000,0x0000,0x0000,
	0x0000,0x0000,0x0000,0x0000,0x0000,0x0000,0x0000,0x0000,
	0x0000,0x0000,0x0000,0x0000,0x0000,0x0000,0x0000,0x0000,
	0x0000,0x0000,0x0000,0x0000,0x0000,0x0200,0x0D18,0x0D02,

	0x0000,0x0000,0x0000,0x0000,0x0000,0x0000,0x0000,0x0000,
	0x0000,0x0000,0x0000,0x0000,0x0000,0x0000,0x0000,0x0000,
	0x0000,0x0000,0x0000,0x0000,0x0000,0x0000,0x0000,0x0000,
	0x0000,0x0000,0x0000,0x0000,0x0000,0x0000,0x0000,0x0000,
	0x0000,0x0000,0x0000,0x0000,0x0000,0x0000,0x0000,0x0000,
	0x0000,0x0B00,0x030D,0x0B0B,0x0D0D,0x180D,0x0D0D,0x0D0D,
	0x0D0D,0x180D,0x0D0D,0x0D0D,0x0D02,0x0B0B,0x180D,0x0503,
	0x1212,0x1212,0x1212,0x1212,0x1212,0x0012,0x0000,0x0000,

	0x0000,0x0000,0x0000,0x0000,0x0000,0x0000,0x0000,0x0000,
	0x0000,0x0000,0x0000,0x0000,0x0000,0x0000,0x1203,0x1212,
	0x1212,0x1212,0x1212,0x0512,0x0D02,0x020B,0x0D02,0x0D0D,
	0x0202,0x0D0D,0x0D02,0x0002,0x0000,0x0000,0x0000,0x0000,
	0x0000,0x0000,0x0000,0x0000,0x0000,0x0000,0x0000,0x0000,
	0x0000,0x0000,0x0000,0x1919,0x1919,0x180D,0x0206,0x0000,
	0x0000,0x0000,0x0000,0x0000,0x0000,0x0000,0x0000,0x0000,
	0x0000,0x0000,0x0000,0x0000,0x0000,0x0000,0x0000,0x0000,

	0x0000,0x0000,0x0000,0x0000,0x0000,0x0000,0x0000,0x0000,
	0x0000,0x0000,0x0000,0x0000,0x0000,0x0000,0x0000,0x0000,
	0x0000,0x0000,0x0000,0x0000,0x0000,0x0000,0x0000,0x0000,
	0x0600,0x0B06,0x0B0B,0x0D0B,0x0D0D,0x180D,0x0D0D,0x0D0D,
	0x0D0D,0x180D,0x0D0D,0x0D0D,0x0D0D,0x180D,0x0D0D,0x0D0D,
	0x0D0D,0x180D,0x0D0D,0x0D0D,0x0D18,0x180D,0x1818,0x1205,
	0x1212,0x0312,0x0F03,0x1107,0x0000,0x0000,0x0000,0x0000,
	0x0000,0x0000,0x0000,0x0000,0x0000,0x0000,0x0000,0x0000,

	0x0000,0x0000,0x0000,0x0000,0x0400,0x030F,0x1203,0x1212,
	0x1212,0x1212,0x1212,0x1212,0x1212,0x1212,0x1212,0x0512,
	0x0D02,0x020B,0x0002,0x0000,0x0000,0x0000,0x0000,0x0000,
	0x0000,0x0000,0x0000,0x0000,0x0000,0x0000,0x0000,0x0000,
	0x0000,0x0000,0x0000,0x0000,0x0000,0x0000,0x0000,0x0000,
	0x0000,0x0000,0x0000,0x0000,0x0000,0x0000,0x0000,0x0000,
	0x0000,0x0000,0x0000,0x0000,0x0000,0x0000,0x0000,0x0000,
	0x0000,0x0000,0x0000,0x0000,0x0000,0x1800,0x0D0D,0x0D0D,

	0x0000,0x0000,0x0000,0x0000,0x0000,0x0000,0x0000,0x0000,
	0x0000,0x0000,0x0000,0x0000,0x0000,0x0000,0x0000,0x0000,
	0x0000,0x0000,0x0000,0x0000,0x0000,0x0000,0x0000,0x0000,
	0x0000,0x0000,0x0000,0x0000,0x0000,0x0000,0x0000,0x0000,
	0x0000,0x0000,0x0000,0x0000,0x0000,0x0000,0x0000,0x0000,
	0x0000,0x0300,0x170D,0x1803,0x020D,0x180D,0x0D0D,0x0218,
	0x020D,0x180D,0x0D0D,0x0D18,0x020D,0x020D,0x0D0D,0x0518,
	0x1212,0x1212,0x1212,0x1212,0x1212,0x0012,0x0000,0x0000,

	0x0000,0x0000,0x0000,0x0000,0x0000,0x0000,0x0000,0x0000,
	0x0000,0x0000,0x0000,0x0000,0x0000,0x0000,0x0503,0x1212,
	0x1212,0x1212,0x1212,0x1212,0x0217,0x0D0D,0x0D02,0x0D18,
	0x0B02,0x020B,0x0202,0x000D,0x0000,0x0000,0x0000,0x0000,
	0x0000,0x0000,0x0000,0x0000,0x0000,0x0000,0x0000,0x0000,
	0x0000,0x0000,0x0000,0x1906,0x020D,0x180D,0x0D06,0x0000,
	0x0000,0x0000,0x0000,0x0000,0x0000,0x0000,0x0000,0x0000,
	0x0000,0x0000,0x0000,0x0000,0x0000,0x0000,0x0000,0x0000,

	0x0000,0x0000,0x0000,0x0000,0x0000,0x0000,0x0000,0x0000,
	0x0000,0x0000,0x0000,0x0000,0x0000,0x0000,0x0000,0x0000,
	0x0000,0x0000,0x0000,0x0000,0x0000,0x0000,0x0000,0x0000,
	0x0600,0x0D0B,0x1818,0x0D0B,0x020D,0x180D,0x0D0D,0x0D18,
	0x020D,0x180D,0x0D0D,0x0D18,0x020D,0x180D,0x0D0D,0x0D18,
	0x020D,0x180D,0x0D0D,0x0D18,0x0D0D,0x0D18,0x0D0D,0x1218,
	0x1212,0x0312,0x070F,0x0704,0x0000,0x0000,0x0000,0x0000,
	0x0000,0x0000,0x0000,0x0000,0x0000,0x0000,0x0000,0x0000,

	0x0000,0x0000,0x0000,0x0000,0x0700,0x0F07,0x0503,0x1212,
	0x1212,0x1212,0x1212,0x1212,0x1212,0x1212,0x1212,0x1212,
	0x0217,0x0D0D,0x0002,0x0000,0x0000,0x0000,0x0000,0x0000,
	0x0000,0x0000,0x0000,0x0000,0x0000,0x0000,0x0000,0x0000,
	0x0000,0x0000,0x0000,0x0000,0x0000,0x0000,0x0000,0x0000,
	0x0000,0x0000,0x0000,0x0000,0x0000,0x0000,0x0000,0x0000,
	0x0000,0x0000,0x0000,0x0000,0x0000,0x0000,0x0000,0x0000,
	0x0000,0x0000,0x0000,0x0000,0x0000,0x1800,0x0D0D,0x0D18,

	0x0000,0x0000,0x0000,0x0000,0x0000,0x0000,0x0000,0x0000,
	0x0000,0x0000,0x0000,0x0000,0x0000,0x0000,0x0000,0x0000,
	0x0000,0x0000,0x0000,0x0000,0x0000,0x0000,0x0000,0x0000,
	0x0000,0x0000,0x0000,0x0000,0x0000,0x0000,0x0000,0x0000,
	0x0000,0x0000,0x0000,0x0000,0x0000,0x0000,0x0000,0x0000,
	0x0000,0x0500,0x1717,0x0D03,0x0D18,0x0D02,0x180D,0x0D02,
	0x0D18,0x0D02,0x180D,0x0D02,0x020D,0x1818,0x0202,0x120D,
	0x1212,0x1212,0x1212,0x1212,0x1212,0x0012,0x0000,0x0000,

	0x0000,0x0000,0x0000,0x0000,0x0000,0x0000,0x0000,0x0000,
	0x0000,0x0000,0x0000,0x0000,0x0000,0x0000,0x1205,0x1212,
	0x1212,0x1212,0x1212,0x1212,0x1805,0x0D18,0x180D,0x0D0D,
	0x020D,0x0D0B,0x0D02,0x0002,0x0000,0x0000,0x0000,0x0000,
	0x0000,0x0000,0x0000,0x0000,0x0000,0x0000,0x0000,0x0000,
	0x0000,0x0000,0x0000,0x190B,0x0D18,0x0D02,0x0D06,0x0000,
	0x0000,0x0000,0x0000,0x0000,0x0000,0x0000,0x0000,0x0000,
	0x0000,0x0000,0x0000,0x0000,0x0000,0x0000,0x0000,0x0000,

	0x0000,0x0000,0x0000,0x0000,0x0000,0x0000,0x0000,0x0000,
	0x0000,0x0000,0x0000,0x0000,0x0000,0x0000,0x0000,0x0000,
	0x0000,0x0000,0x0000,0x0000,0x0000,0x0000,0x0000,0x0000,
	0x0F00,0x0B0F,0x0D02,0x0D0B,0x0D18,0x0D02,0x180D,0x0D02,
	0x0D18,0x0D02,0x180D,0x0D02,0x0D18,0x0D02,0x180D,0x0D02,
	0x0D18,0x0D02,0x180D,0x0D02,0x0D02,0x0D0D,0x0202,0x0502,
	0x1212,0x0512,0x0412,0x1107,0x0000,0x0000,0x0000,0x0000,
	0x0000,0x0000,0x0000,0x0000,0x0000,0x0000,0x0000,0x0000,

	0x0000,0x0000,0x0000,0x0000,0x0400,0x1204,0x1205,0x1212,
	0x1212,0x1212,0x1212,0x1212,0x1212,0x1212,0x1212,0x1212,
	0x1805,0x0D18,0x000D,0x0000,0x0000,0x0000,0x0000,0x0000,
	0x0000,0x0000,0x0000,0x0000,0x0000,0x0000,0x0000,0x0000,
	0x0000,0x0000,0x0000,0x0000,0x0000,0x0000,0x0000,0x0000,
	0x0000,0x0000,0x0000,0x0000,0x0000,0x0000,0x0000,0x0000,
	0x0000,0x0000,0x0000,0x0000,0x0000,0x0000,0x0000,0x0000,
	0x0000,0x0000,0x0000,0x0000,0x0000,0x0D00,0x180D,0x0D02,

	0x0000,0x0000,0x0000,0x0000,0x0000,0x0000,0x0000,0x0000,
	0x0000,0x0000,0x0000,0x0000,0x0000,0x0000,0x0000,0x0000,
	0x0000,0x0000,0x0000,0x0000,0x0000,0x0000,0x0000,0x0000,
	0x0000,0x0000,0x0000,0x0000,0x0000,0x0000,0x0000,0x0000,
	0x0000,0x0000,0x0000,0x0000,0x0000,0x0000,0x0000,0x0000,
	0x0000,0x0500,0x0512,0x0D17,0x180D,0x0D02,0x180D,0x1802,
	0x180D,0x0D02,0x180D,0x1802,0x0D0D,0x0D0D,0x0D18,0x1217,
	0x1212,0x1212,0x1212,0x1212,0x1212,0x0012,0x0000,0x0000,

	0x0000,0x0000,0x0000,0x0000,0x0000,0x0000,0x0000,0x0000,
	0x0000,0x0000,0x0000,0x0000,0x0000,0x0000,0x1212,0x1212,
	0x1212,0x1212,0x1212,0x1212,0x1705,0x180D,0x0D18,0x0D0D,
	0x0D02,0x0202,0x020D,0x0002,0x0000,0x0000,0x0000,0x0000,
	0x0000,0x0000,0x0000,0x0000,0x0000,0x0000,0x0000,0x0000,
	0x0000,0x0000,0x0000,0x1819,0x180D,0x0D02,0x0D06,0x0000,
	0x0000,0x0000,0x0000,0x0000,0x0000,0x0000,0x0000,0x0000,
	0x0000,0x0000,0x0000,0x0000,0x0000,0x0000,0x0000,0x0000,

	0x0000,0x0000,0x0000,0x0000,0x0000,0x0000,0x0000,0x0000,
	0x0000,0x0000,0x0000,0x0000,0x0000,0x0000,0x0000,0x0000,
	0x0000,0x0000,0x0000,0x0000,0x0000,0x0000,0x0000,0x0000,
	0x1600,0x0F0F,0x0B02,0x1802,0x180D,0x0D02,0x180D,0x1802,
	0x180D,0x0D02,0x180D,0x1802,0x180D,0x0D02,0x180D,0x1802,
	0x180D,0x0D02,0x180D,0x1802,0x0D0D,0x0202,0x0B02,0x0517,
	0x1212,0x1212,0x1205,0x0412,0x0000,0x0000,0x0000,0x0000,
	0x0000,0x0000,0x0000,0x0000,0x0000,0x0000,0x0000,0x0000,

	0x0000,0x0000,0x0000,0x0000,0x1200,0x0512,0x1212,0x1212,
	0x1212,0x1212,0x1212,0x1212,0x1212,0x1212,0x1212,0x1212,
	0x1705,0x180D,0x0018,0x0000,0x0000,0x0000,0x0000,0x0000,
	0x0000,0x0000,0x0000,0x0000,0x0000,0x0000,0x0000,0x0000,
	0x0000,0x0000,0x0000,0x0000,0x0000,0x0000,0x0000,0x0000,
	0x0000,0x0000,0x0000,0x0000,0x0000,0x0000,0x0000,0x0000,
	0x0000,0x0000,0x0000,0x0000,0x0000,0x0000,0x0000,0x0000,
	0x0000,0x0000,0x0000,0x0000,0x0000,0x0D00,0x180D,0x1802,

	0x0000,0x0000,0x0000,0x0000,0x0000,0x0000,0x0000,0x0000,
	0x0000,0x0000,0x0000,0x0000,0x0000,0x0000,0x0000,0x0000,
	0x0000,0x0000,0x0000,0x0000,0x0000,0x0000,0x0000,0x0000,
	0x0000,0x0000,0x0000,0x0000,0x0000,0x0000,0x0000,0x0000,
	0x0000,0x0000,0x0000,0x0000,0x0000,0x0000,0x0000,0x0000,
	0x0000,0x1200,0x0505,0x1705,0x180D,0x0D0D,0x0D0D,0x180D,
	0x180D,0x0D0D,0x0D0D,0x180D,0x0D0D,0x0D18,0x0302,0x1217,
	0x1212,0x1212,0x1212,0x1212,0x0512,0x000A,0x0000,0x0000,

	0x0000,0x0000,0x0000,0x0000,0x0000,0x0000,0x0000,0x0000,
	0x0000,0x0000,0x0000,0x0000,0x0000,0x0000,0x0A0A,0x1205,
	0x1212,0x1212,0x1212,0x1212,0x1705,0x0D03,0x0D18,0x020D,
	0x0D02,0x0202,0x020D,0x0002,0x0000,0x0000,0x0000,0x0000,
	0x0000,0x0000,0x0000,0x0000,0x0000,0x0000,0x0000,0x0000,
	0x0000,0x0000,0x0000,0x180D,0x180D,0x0D0D,0x020B,0x0000,
	0x0000,0x0000,0x0000,0x0000,0x0000,0x0000,0x0000,0x0000,
	0x0000,0x0000,0x0000,0x0000,0x0000,0x0000,0x0000,0x0000,

	0x0000,0x0000,0x0000,0x0000,0x0000,0x0000,0x0000,0x0000,
	0x0000,0x0000,0x0000,0x0000,0x0000,0x0000,0x0000,0x0000,
	0x0000,0x0000,0x0000,0x0000,0x0000,0x0000,0x0000,0x0000,
	0x0B00,0x0B0B,0x0D0B,0x180D,0x180D,0x0D0D,0x0D0D,0x180D,
	0x180D,0x0D0D,0x0D0D,0x180D,0x180D,0x0D0D,0x0D0D,0x180D,
	0x180D,0x0D0D,0x0D0D,0x180D,0x180D,0x020D,0x0D02,0x1818,
	0x0512,0x0A0A,0x0505,0x1212,0x0000,0x0000,0x0000,0x0000,
	0x0000,0x0000,0x0000,0x0000,0x0000,0x0000,0x0000,0x0000,

	0x0000,0x0000,0x0000,0x0000,0x0500,0x0505,0x0A0A,0x1205,
	0x1212,0x1212,0x1212,0x1212,0x1212,0x1212,0x1212,0x1212,
	0x1705,0x0D03,0x0018,0x0000,0x0000,0x0000,0x0000,0x0000,
	0x0000,0x0000,0x0000,0x0000,0x0000,0x0000,0x0000,0x0000,
	0x0000,0x0000,0x0000,0x0000,0x0000,0x0000,0x0000,0x0000,
	0x0000,0x0000,0x0000,0x0000,0x0000,0x0000,0x0000,0x0000,
	0x0000,0x0000,0x0000,0x0000,0x0000,0x0000,0x0000,0x0000,
	0x0000,0x0000,0x0000,0x0000,0x0000,0x0D00,0x0D0D,0x180D,

	0x0000,0x0000,0x0000,0x0000,0x0000,0x0000,0x0000,0x0000,
	0x0000,0x0000,0x0000,0x0000,0x0000,0x0000,0x0000,0x0000,
	0x0000,0x0000,0x0000,0x0000,0x0000,0x0000,0x0000,0x0000,
	0x0000,0x0000,0x0000,0x0000,0x0000,0x0000,0x0000,0x0000,
	0x0000,0x0000,0x0000,0x0000,0x0000,0x0000,0x0000,0x0000,
	0x0000,0x1200,0x1212,0x1705,0x0D0D,0x0D0D,0x0D18,0x0218,
	0x0D0D,0x0D0D,0x0D18,0x0218,0x0D02,0x0218,0x0B02,0x0517,
	0x1212,0x1212,0x1212,0x1212,0x1317,0x0005,0x0000,0x0000,

	0x0000,0x0000,0x0000,0x0000,0x0000,0x0000,0x0000,0x0000,
	0x0000,0x0000,0x0000,0x0000,0x0000,0x0000,0x050A,0x1205,
	0x1212,0x1212,0x1212,0x0D12,0x170D,0x020B,0x0D0D,0x0D02,
	0x0202,0x020B,0x0202,0x000B,0x0000,0x0000,0x0000,0x0000,
	0x0000,0x0000,0x0000,0x0000,0x0000,0x0000,0x0000,0x0000,
	0x0000,0x0000,0x0000,0x0218,0x0D0D,0x0B0D,0x060B,0x0000,
	0x0000,0x0000,0x0000,0x0000,0x0000,0x0000,0x0000,0x0000,
	0x0000,0x0000,0x0000,0x0000,0x0000,0x0000,0x0000,0x0000,

	0x0000,0x0000,0x0000,0x0000,0x0000,0x0000,0x0000,0x0000,
	0x0000,0x0000,0x0000,0x0000,0x0000,0x0000,0x0000,0x0000,
	0x0000,0x0000,0x0000,0x0000,0x0000,0x0000,0x0000,0x0000,
	0x0B00,0x180D,0x0B0D,0x0218,0x0D0D,0x0D0D,0x0D18,0x0218,
	0x0D0D,0x0D0D,0x0D18,0x0218,0x0D0D,0x0D0D,0x0D18,0x0218,
	0x0D0D,0x0D0D,0x0D18,0x0218,0x0D0D,0x020D,0x0D0D,0x0D0D,
	0x1317,0x0A05,0x120A,0x1212,0x0000,0x0000,0x0000,0x0000,
	0x0000,0x0000,0x0000,0x0000,0x0000,0x0000,0x0000,0x0000,

	0x0000,0x0000,0x0000,0x0000,0x1200,0x0A12,0x050A,0x1205,
	0x1212,0x1212,0x1212,0x1212,0x1212,0x1212,0x1212,0x0D12,
	0x170D,0x020B,0x000D,0x0000,0x0000,0x0000,0x0000,0x0000,
	0x0000,0x0000,0x0000,0x0000,0x0000,0x0000,0x0000,0x0000,
	0x0000,0x0000,0x0000,0x0000,0x0000,0x0000,0x0000,0x0000,
	0x0000,0x0000,0x0000,0x0000,0x0000,0x0000,0x0000,0x0000,
	0x0000,0x0000,0x0000,0x0000,0x0000,0x0000,0x0000,0x0000,
	0x0000,0x0000,0x0000,0x0000,0x0000,0x0D00,0x0D18,0x0218,

	0x0000,0x0000,0x0000,0x0000,0x0000,0x0000,0x0000,0x0000,
	0x0000,0x0000,0x0000,0x0000,0x0000,0x0000,0x0000,0x0000,
	0x0000,0x0000,0x0000,0x0000,0x0000,0x0000,0x0000,0x0000,
	0x0000,0x0000,0x0000,0x0000,0x0000,0x0000,0x0000,0x0000,
	0x0000,0x0000,0x0000,0x0000,0x0000,0x0000,0x0000,0x0000,
	0x0000,0x0B00,0x0512,0x0D12,0x0D0D,0x0D18,0x180D,0x180D,
	0x0D0D,0x0D18,0x180D,0x180D,0x020D,0x020D,0x0D0B,0x0518,
	0x1212,0x1212,0x1212,0x1212,0x1717,0x0013,0x0000,0x0000,

	0x0000,0x0000,0x0000,0x0000,0x0000,0x0000,0x0000,0x0000,
	0x0000,0x0000,0x0000,0x0000,0x0000,0x0000,0x1313,0x1212,
	0x1212,0x1212,0x1212,0x1212,0x0D02,0x0202,0x0D0D,0x1802,
	0x0202,0x0B0D,0x0202,0x000B,0x0000,0x0000,0x0000,0x0000,
	0x0000,0x0000,0x0000,0x0000,0x0000,0x0000,0x0000,0x0000,
	0x0000,0x0000,0x0000,0x180D,0x0D0D,0x0D18,0x180D,0x0000,
	0x0000,0x0000,0x0000,0x0000,0x0000,0x0000,0x0000,0x0000,
	0x0000,0x0000,0x0000,0x0000,0x0000,0x0000,0x0000,0x0000,

	0x0000,0x0000,0x0000,0x0000,0x0000,0x0000,0x0000,0x0000,
	0x0000,0x0000,0x0000,0x0000,0x0000,0x0000,0x0000,0x0000,
	0x0000,0x0000,0x0000,0x0000,0x0000,0x0000,0x0000,0x0000,
	0x0200,0x0D0D,0x0B18,0x180D,0x0D0D,0x0D18,0x180D,0x180D,
	0x0D0D,0x0D18,0x180D,0x180D,0x0D0D,0x0D18,0x180D,0x180D,
	0x0D0D,0x0D18,0x180D,0x180D,0x0D02,0x0D18,0x0B0D,0x1702,
	0x1717,0x1313,0x1205,0x1212,0x0000,0x0000,0x0000,0x0000,
	0x0000,0x0000,0x0000,0x0000,0x0000,0x0000,0x0000,0x0000,

	0x0000,0x0000,0x0000,0x0000,0x1200,0x0517,0x1313,0x1212,
	0x1212,0x1212,0x1212,0x1212,0x1212,0x1212,0x1212,0x1212,
	0x0D02,0x0202,0x000D,0x0000,0x0000,0x0000,0x0000,0x0000,
	0x0000,0x0000,0x0000,0x0000,0x0000,0x0000,0x0000,0x0000,
	0x0000,0x0000,0x0000,0x0000,0x0000,0x0000,0x0000,0x0000,
	0x0000,0x0000,0x0000,0x0000,0x0000,0x0000,0x0000,0x0000,
	0x0000,0x0000,0x0000,0x0000,0x0000,0x0000,0x0000,0x0000,
	0x0000,0x0000,0x0000,0x0000,0x0000,0x0D00,0x180D,0x180D,

	0x0000,0x0000,0x0000,0x0000,0x0000,0x0000,0x0000,0x0000,
	0x0000,0x0000,0x0000,0x0000,0x0000,0x0000,0x0000,0x0000,
	0x0000,0x0000,0x0000,0x0000,0x0000,0x0000,0x0000,0x0000,
	0x0000,0x0000,0x0000,0x0000,0x0000,0x0000,0x0000,0x0000,
	0x0000,0x0000,0x0000,0x0000,0x0000,0x0000,0x0000,0x0000,
	0x0000,0x0D00,0x120B,0x1212,0x020D,0x0B0B,0x0B18,0x0D02,
	0x0D0D,0x180D,0x020D,0x180D,0x0218,0x0218,0x0D18,0x180D,
	0x1212,0x1212,0x1212,0x1212,0x1712,0x0017,0x0000,0x0000,

	0x0000,0x0000,0x0000,0x0000,0x0000,0x0000,0x0000,0x0000,
	0x0000,0x0000,0x0000,0x0000,0x0000,0x0000,0x1212,0x1212,
	0x1212,0x1212,0x1212,0x0212,0x0D05,0x0D0D,0x0D18,0x0D02,
	0x0202,0x0B0D,0x020D,0x0002,0x0000,0x0000,0x0000,0x0000,
	0x0000,0x0000,0x0000,0x0000,0x0000,0x0000,0x0000,0x0000,
	0x0000,0x0000,0x0000,0x0D02,0x0D0D,0x0218,0x0D18,0x0000,
	0x0000,0x0000,0x0000,0x0000,0x0000,0x0000,0x0000,0x0000,
	0x0000,0x0000,0x0000,0x0000,0x0000,0x0000,0x0000,0x0000,

	0x0000,0x0000,0x0000,0x0000,0x0000,0x0000,0x0000,0x0000,
	0x0000,0x0000,0x0000,0x0000,0x0000,0x0000,0x0000,0x0000,
	0x0000,0x0000,0x0000,0x0000,0x0000,0x0000,0x0000,0x0000,
	0x0B00,0x0D18,0x0B18,0x0D02,0x0D0D,0x0218,0x0D18,0x0D02,
	0x0D0D,0x0218,0x0D18,0x0D02,0x0D0D,0x0D02,0x020D,0x0D18,
	0x0D0D,0x0D02,0x0318,0x0D02,0x0D0D,0x0D02,0x0318,0x0D02,
	0x1712,0x1717,0x1212,0x1212,0x1212,0x0404,0x0404,0x0404,
	0x0404,0x0404,0x0404,0x0404,0x0404,0x0404,0x0404,0x0404,

	0x0404,0x0404,0x0404,0x1212,0x1212,0x1717,0x1217,0x1212,
	0x1212,0x1212,0x1212,0x1212,0x1212,0x1212,0x1212,0x0212,
	0x0D05,0x0D0D,0x0018,0x0000,0x0000,0x0000,0x0000,0x0000,
	0x0000,0x0000,0x0000,0x0000,0x0000,0x0000,0x0000,0x0000,
	0x0000,0x0000,0x0000,0x0000,0x0000,0x0000,0x0000,0x0000,
	0x0000,0x0000,0x0000,0x0000,0x0000,0x0000,0x0000,0x0000,
	0x0000,0x0000,0x0000,0x0000,0x0000,0x0000,0x0000,0x0000,
	0x0000,0x0000,0x0000,0x0000,0x0000,0x0200,0x0D18,0x0D02,

	0x0000,0x0000,0x0000,0x0000,0x0000,0x0000,0x0000,0x0000,
	0x0000,0x0000,0x0000,0x0000,0x0000,0x0000,0x0000,0x0000,
	0x0000,0x0000,0x0000,0x0000,0x0000,0x0000,0x0000,0x0000,
	0x0000,0x0000,0x0000,0x0000,0x0000,0x0000,0x0000,0x0000,
	0x0000,0x0000,0x0000,0x0000,0x0000,0x0000,0x0000,0x0000,
	0x0000,0x0B00,0x120B,0x1212,0x0217,0x0B03,0x030D,0x0B0B,
	0x0D18,0x0D0D,0x0D02,0x0D0D,0x0D18,0x020D,0x0D0D,0x0D0B,
	0x1205,0x1212,0x1212,0x1212,0x1212,0x0012,0x0000,0x0000,

	0x0000,0x0000,0x0000,0x0000,0x0000,0x0000,0x0000,0x0000,
	0x0000,0x0000,0x0000,0x0000,0x0000,0x0000,0x1212,0x1212,
	0x1212,0x1212,0x1212,0x0B12,0x0202,0x180D,0x0D0D,0x0D0D,
	0x0202,0x0B02,0x0B02,0x0002,0x0000,0x0000,0x0000,0x0000,
	0x0000,0x0000,0x0000,0x0000,0x0000,0x0000,0x0000,0x0000,
	0x0000,0x0000,0x0000,0x0D0D,0x0D0D,0x180D,0x0D0D,0x0000,
	0x0000,0x0000,0x0000,0x0000,0x0000,0x0000,0x0000,0x0000,
	0x0000,0x0000,0x0000,0x0000,0x0000,0x0000,0x0000,0x0000,

	0x0000,0x0000,0x0000,0x0000,0x0000,0x0000,0x0000,0x0000,
	0x0000,0x0000,0x0000,0x0000,0x0000,0x0000,0x0000,0x0000,
	0x0000,0x0000,0x0000,0x0000,0x0000,0x0000,0x0000,0x0000,
	0x0600,0x1802,0x0B18,0x0D0D,0x0D0D,0x180D,0x0D0D,0x0D0D,
	0x0D0D,0x180D,0x0D0D,0x0D0D,0x0D02,0x020D,0x020D,0x0202,
	0x0D02,0x020D,0x030D,0x1803,0x0202,0x0202,0x0202,0x1803,
	0x1212,0x1212,0x1212,0x1212,0x1212,0x0412,0x0704,0x0407,
	0x0404,0x0404,0x0704,0x0407,0x0404,0x0404,0x0704,0x0407,

	0x0404,0x0404,0x1204,0x1212,0x1212,0x1212,0x1212,0x1212,
	0x1212,0x1212,0x1212,0x1212,0x1212,0x1212,0x1212,0x0B12,
	0x0202,0x180D,0x000D,0x0000,0x0000,0x0000,0x0000,0x0000,
	0x0000,0x0000,0x0000,0x0000,0x0000,0x0000,0x0000,0x0000,
	0x0000,0x0000,0x0000,0x0000,0x0000,0x0000,0x0000,0x0000,
	0x0000,0x0000,0x0000,0x0000,0x0000,0x0000,0x0000,0x0000,
	0x0000,0x0000,0x0000,0x0000,0x0000,0x0000,0x0000,0x0000,
	0x0000,0x0000,0x0000,0x0000,0x0000,0x1800,0x0D0D,0x0D0D,

	0x0000,0x0000,0x0000,0x0000,0x0000,0x0000,0x0000,0x0000,
	0x0000,0x0000,0x0000,0x0000,0x0000,0x0000,0x0000,0x0000,
	0x0000,0x0000,0x0000,0x0000,0x0000,0x0000,0x0000,0x0000,
	0x0000,0x0000,0x0000,0x0000,0x0000,0x0000,0x0000,0x0000,
	0x0000,0x0000,0x0000,0x0000,0x0000,0x0000,0x0000,0x0000,
	0x0000,0x1200,0x1212,0x1212,0x1705,0x0317,0x170D,0x1803,
	0x0202,0x0D0D,0x0D0D,0x0D18,0x0D0D,0x1802,0x0B02,0x0B0B,
	0x1217,0x1212,0x1212,0x1212,0x1212,0x1212,0x1212,0x1212,

	0x1212,0x1212,0x0707,0x0407,0x0404,0x0404,0x0707,0x0407,
	0x0404,0x0404,0x1212,0x1212,0x0517,0x1205,0x1212,0x1212,
	0x1212,0x1212,0x1812,0x0505,0x020B,0x0D0D,0x0D0D,0x0218,
	0x020D,0x0202,0x0202,0x000B,0x0000,0x0000,0x0000,0x0000,
	0x0000,0x0000,0x0000,0x0000,0x0000,0x0000,0x0000,0x0000,
	0x0000,0x0000,0x0000,0x0D18,0x020D,0x180D,0x0D0D,0x0000,
	0x0000,0x0000,0x0000,0x0000,0x0000,0x0000,0x0000,0x0000,
	0x0000,0x0000,0x0000,0x0000,0x0000,0x0000,0x0000,0x0000,

	0x0000,0x0000,0x0000,0x0000,0x0000,0x0000,0x0000,0x0000,
	0x0000,0x0000,0x0000,0x0000,0x0000,0x0000,0x0000,0x0000,
	0x0000,0x0000,0x0000,0x0000,0x0000,0x0000,0x0000,0x0000,
	0x0600,0x020B,0x0D18,0x0D0B,0x020D,0x180D,0x0D0D,0x0D18,
	0x020D,0x180D,0x0D0D,0x0D18,0x020D,0x020D,0x020D,0x1818,
	0x0218,0x0303,0x1718,0x0B17,0x180D,0x1818,0x020D,0x1717,
	0x1712,0x0202,0x0202,0x1212,0x1212,0x1212,0x0707,0x0404,
	0x0404,0x0704,0x0707,0x0404,0x0404,0x0704,0x0707,0x0404,

	0x0404,0x0704,0x1212,0x1212,0x0A05,0x120A,0x1212,0x1212,
	0x1212,0x1212,0x1212,0x1212,0x1212,0x1212,0x1812,0x0505,
	0x020B,0x0D0D,0x000D,0x0000,0x0000,0x0000,0x0000,0x0000,
	0x0000,0x0000,0x0000,0x0000,0x0000,0x0000,0x0000,0x0000,
	0x0000,0x0000,0x0000,0x0000,0x0000,0x0000,0x0000,0x0000,
	0x0000,0x0000,0x0000,0x0000,0x0000,0x0000,0x0000,0x0000,
	0x0000,0x0000,0x0000,0x0000,0x0000,0x0000,0x0000,0x0000,
	0x0000,0x0000,0x0000,0x0000,0x0000,0x1800,0x0D0D,0x0D18,

	0x0000,0x0000,0x0000,0x0000,0x0000,0x0000,0x0000,0x0000,
	0x0000,0x0000,0x0000,0x0000,0x0000,0x0000,0x0000,0x0000,
	0x0000,0x0000,0x0000,0x0000,0x0000,0x0000,0x0000,0x0000,
	0x0000,0x0000,0x0000,0x0000,0x0000,0x0000,0x0000,0x0000,
	0x0000,0x0000,0x0000,0x0000,0x0000,0x0000,0x0000,0x0000,
	0x0000,0x1200,0x1212,0x1212,0x1205,0x0505,0x1717,0x0D03,
	0x0D0B,0x180D,0x0D0D,0x0D0D,0x0D02,0x020D,0x020B,0x1818,
	0x1217,0x1212,0x1212,0x1212,0x1212,0x1212,0x1212,0x1212,

	0x1212,0x1212,0x0412,0x0404,0x1212,0x0712,0x0404,0x0404,
	0x0404,0x1207,0x1212,0x1712,0x0505,0x1217,0x1212,0x1212,
	0x1212,0x1212,0x0D05,0x180D,0x0B17,0x0D02,0x180D,0x0D02,
	0x0D02,0x020B,0x0202,0x000B,0x0000,0x0000,0x0000,0x0000,
	0x0000,0x0000,0x0000,0x0000,0x0000,0x0000,0x0000,0x0000,
	0x0000,0x0000,0x0000,0x0D02,0x0D18,0x0D02,0x180D,0x0000,
	0x0000,0x0000,0x0000,0x0000,0x0000,0x0000,0x0000,0x0000,
	0x0000,0x0000,0x0000,0x0000,0x0000,0x0000,0x0000,0x0000,

	0x0000,0x0000,0x0000,0x0000,0x0000,0x0000,0x0000,0x0000,
	0x0000,0x0000,0x0000,0x0000,0x0000,0x0000,0x0000,0x0000,
	0x0000,0x0000,0x0000,0x0000,0x0000,0x0000,0x0000,0x0000,
	0x0600,0x0B19,0x0B0B,0x0D0B,0x0D18,0x0D02,0x180D,0x0D02,
	0x0D18,0x0D02,0x180D,0x0D02,0x020D,0x0D0D,0x0D0D,0x180B,
	0x180D,0x0502,0x0517,0x020B,0x0202,0x1802,0x050B,0x0505,
	0x0202,0x1818,0x020D,0x1212,0x1212,0x1212,0x0412,0x1107,
	0x0404,0x0404,0x0404,0x1212,0x1212,0x0412,0x0404,0x1107,

	0x0404,0x1204,0x1212,0x1712,0x0505,0x0A0A,0x120A,0x1212,
	0x1212,0x1212,0x1212,0x1212,0x1212,0x1212,0x0D05,0x180D,
	0x0B17,0x0D02,0x000D,0x0000,0x0000,0x0000,0x0000,0x0000,
	0x0000,0x0000,0x0000,0x0000,0x0000,0x0000,0x0000,0x0000,
	0x0000,0x0000,0x0000,0x0000,0x0000,0x0000,0x0000,0x0000,
	0x0000,0x0000,0x0000,0x0000,0x0000,0x0000,0x0000,0x0000,
	0x0000,0x0000,0x0000,0x0000,0x0000,0x0000,0x0000,0x0000,
	0x0000,0x0000,0x0000,0x0000,0x0000,0x0D00,0x180D,0x0D02,

	0x0000,0x0000,0x0000,0x0000,0x0000,0x0000,0x0000,0x0000,
	0x0000,0x0000,0x0000,0x0000,0x0000,0x0000,0x0000,0x0000,
	0x0000,0x0000,0x0000,0x0000,0x0000,0x0000,0x0000,0x0000,
	0x0000,0x0000,0x0000,0x0000,0x0000,0x0000,0x0000,0x0000,
	0x0000,0x0000,0x0000,0x0000,0x0000,0x0000,0x0000,0x0000,
	0x0000,0x0B00,0x1212,0x1212,0x0512,0x0512,0x0512,0x0D17,
	0x0B03,0x0B0D,0x0D0B,0x0D0D,0x0B0B,0x020B,0x0B0B,0x0D0D,
	0x0518,0x1212,0x1212,0x1212,0x0512,0x0A0A,0x0505,0x1212,

	0x1212,0x1212,0x1212,0x0404,0x1212,0x1212,0x0412,0x0404,
	0x0404,0x1212,0x1212,0x1712,0x0512,0x1205,0x1212,0x1212,
	0x1212,0x1212,0x0205,0x0D0D,0x0B18,0x0202,0x180D,0x1802,
	0x0D02,0x0B02,0x0D02,0x000B,0x0000,0x0000,0x0000,0x0000,
	0x0000,0x0000,0x0000,0x0000,0x0000,0x0000,0x0000,0x0000,
	0x0000,0x0000,0x0000,0x1802,0x180D,0x0D02,0x180D,0x0000,
	0x0000,0x0000,0x0000,0x0000,0x0000,0x0000,0x0000,0x0000,
	0x0000,0x0000,0x0000,0x0000,0x0000,0x0000,0x0000,0x0000,

	0x0000,0x0000,0x0000,0x0000,0x0000,0x0000,0x0000,0x0000,
	0x0000,0x0000,0x0000,0x0000,0x0000,0x0000,0x0000,0x0000,
	0x0000,0x0000,0x0000,0x0000,0x0000,0x0000,0x0000,0x0000,
	0x0600,0x0D19,0x180D,0x1802,0x180D,0x0D02,0x180D,0x1802,
	0x180D,0x0D02,0x180D,0x1802,0x0D0D,0x0D0D,0x020D,0x180B,
	0x0D0D,0x0218,0x0512,0x0206,0x0B0B,0x0618,0x0512,0x0B12,
	0x180D,0x180D,0x0502,0x1212,0x1212,0x1212,0x1212,0x0404,
	0x0407,0x0404,0x1212,0x1212,0x1212,0x1212,0x0412,0x0404,

	0x0407,0x1212,0x1212,0x1712,0x0513,0x0A0A,0x120A,0x1212,
	0x1212,0x1212,0x1212,0x1212,0x1212,0x1212,0x0205,0x0D0D,
	0x0B18,0x0202,0x000D,0x0000,0x0000,0x0000,0x0000,0x0000,
	0x0000,0x0000,0x0000,0x0000,0x0000,0x0000,0x0000,0x0000,
	0x0000,0x0000,0x0000,0x0000,0x0000,0x0000,0x0000,0x0000,
	0x0000,0x0000,0x0000,0x0000,0x0000,0x0000,0x0000,0x0000,
	0x0000,0x0000,0x0000,0x0000,0x0000,0x0000,0x0000,0x0000,
	0x0000,0x0000,0x0000,0x0000,0x0000,0x0D00,0x180D,0x1802,

	0x0000,0x0000,0x0000,0x0000,0x0000,0x0000,0x0000,0x0000,
	0x0000,0x0000,0x0000,0x0000,0x0000,0x0000,0x0000,0x0000,
	0x0000,0x0000,0x0000,0x0000,0x0000,0x0000,0x0000,0x0000,
	0x0000,0x0000,0x0000,0x0000,0x0000,0x0000,0x0000,0x0000,
	0x0000,0x0000,0x0000,0x0000,0x0000,0x0000,0x0000,0x0000,
	0x0000,0x0000,0x0000,0x0000,0x0000,0x0000,0x0000,0x0000,
	0x0000,0x0000,0x0000,0x0000,0x0000,0x0000,0x0000,0x0000,
	0x0000,0x0000,0x0000,0x0000,0x0000,0x0000,0x0000,0x0000,

	0x1212,0x1212,0x1212,0x0404,0x1212,0x1212,0x1212,0x0404,
	0x0404,0x1212,0x1212,0x1712,0x1212,0x1212,0x1212,0x1212,
	0x1212,0x0512,0x1717,0x0D02,0x180D,0x0202,0x0D0D,0x180D,
	0x0D02,0x0B02,0x020D,0x0002,0x0000,0x0000,0x0000,0x0000,
	0x0000,0x0000,0x0000,0x0000,0x0000,0x0000,0x0000,0x0000,
	0x0000,0x0000,0x0000,0x180D,0x180D,0x0D0D,0x0D0D,0x0000,
	0x0000,0x0000,0x0000,0x0000,0x0000,0x0000,0x0000,0x0000,
	0x0000,0x0000,0x0000,0x0000,0x0000,0x0000,0x0000,0x0000,

	0x0000,0x0000,0x0000,0x0000,0x0000,0x0000,0x0000,0x0000,
	0x0000,0x0000,0x0000,0x0000,0x0000,0x0000,0x0000,0x0000,
	0x0000,0x0000,0x0000,0x0000,0x0000,0x0000,0x0000,0x0000,
	0x1900,0x1906,0x0D0D,0x180D,0x180D,0x0D0D,0x0D0D,0x180D,
	0x180D,0x0D0D,0x0D0D,0x180D,0x0D0D,0x0D18,0x0B02,0x0B02,
	0x0218,0x0D0D,0x0606,0x0B02,0x0B06,0x0602,0x1212,0x180B,
	0x0D18,0x180D,0x120B,0x0B12,0x020B,0x0202,0x1202,0x0404,
	0x1204,0x1212,0x1212,0x1212,0x1212,0x1212,0x1212,0x0404,

	0x0404,0x1212,0x1212,0x1712,0x1313,0x0505,0x1205,0x1212,
	0x1212,0x1212,0x1212,0x1212,0x1212,0x0512,0x1717,0x0D02,
	0x180D,0x0202,0x000D,0x0000,0x0000,0x0000,0x0000,0x0000,
	0x0000,0x0000,0x0000,0x0000,0x0000,0x0000,0x0000,0x0000,
	0x0000,0x0000,0x0000,0x0000,0x0000,0x0000,0x0000,0x0000,
	0x0000,0x0000,0x0000,0x0000,0x0000,0x0000,0x0000,0x0000,
	0x0000,0x0000,0x0000,0x0000,0x0000,0x0000,0x0000,0x0000,
	0x0000,0x0000,0x0000,0x0000,0x0000,0x0D00,0x0D0D,0x180D,

	0x0000,0x0000,0x0000,0x0000,0x0000,0x0000,0x0000,0x0000,
	0x0000,0x0000,0x0000,0x0000,0x0000,0x0000,0x0000,0x0000,
	0x0000,0x0000,0x0000,0x0000,0x0000,0x0000,0x0000,0x0000,
	0x0000,0x0000,0x0000,0x0000,0x0000,0x0000,0x0000,0x0000,
	0x0000,0x0000,0x0000,0x0000,0x0000,0x0000,0x0000,0x0000,
	0x0000,0x0000,0x0000,0x0000,0x0000,0x0000,0x0000,0x0000,
	0x0000,0x0000,0x0000,0x0000,0x0000,0x0000,0x0000,0x0000,
	0x0000,0x0000,0x0000,0x0000,0x0000,0x0000,0x0000,0x0000,

	0x1212,0x1212,0x1212,0x0412,0x1212,0x1212,0x1212,0x1212,
	0x1204,0x1212,0x1212,0x1712,0x1212,0x1212,0x1212,0x1212,
	0x0D12,0x0D0D,0x0B0D,0x0D0B,0x020D,0x0D0D,0x0D18,0x0218,
	0x0202,0x0202,0x020D,0x000D,0x0000,0x0000,0x0000,0x0000,
	0x0000,0x0000,0x0000,0x0000,0x0000,0x0000,0x0000,0x0000,
	0x0000,0x0000,0x0000,0x0218,0x0D0D,0x0D0D,0x0D18,0x0000,
	0x0000,0x0000,0x0000,0x0000,0x0000,0x0000,0x0000,0x0000,
	0x0000,0x0000,0x0000,0x0000,0x0000,0x0000,0x0000,0x0000,

	0x0000,0x0000,0x0000,0x0000,0x0000,0x0000,0x0000,0x0000,
	0x0000,0x0000,0x0000,0x0000,0x0000,0x0000,0x0000,0x0000,
	0x0000,0x0000,0x0000,0x0000,0x0000,0x0000,0x0000,0x0000,
	0x1900,0x1919,0x0D18,0x0218,0x0D0D,0x0D0D,0x0D18,0x0218,
	0x0D0D,0x0D0D,0x0D18,0x0218,0x0D02,0x0218,0x020B,0x0B03,
	0x020D,0x0D02,0x0606,0x060B,0x0B06,0x1506,0x0615,0x0D0B,
	0x0D0D,0x0202,0x060B,0x0D06,0x1818,0x0D18,0x1202,0x0412,
	0x1212,0x1212,0x1212,0x1212,0x1212,0x1212,0x1212,0x1212,

	0x1204,0x1212,0x1212,0x1712,0x1317,0x0513,0x120C,0x1212,
	0x1212,0x1212,0x1212,0x1212,0x0D12,0x0D0D,0x0B0D,0x0D0B,
	0x020D,0x0D0D,0x0018,0x0000,0x0000,0x0000,0x0000,0x0000,
	0x0000,0x0000,0x0000,0x0000,0x0000,0x0000,0x0000,0x0000,
	0x0000,0x0000,0x0000,0x0000,0x0000,0x0000,0x0000,0x0000,
	0x0000,0x0000,0x0000,0x0000,0x0000,0x0000,0x0000,0x0000,
	0x0000,0x0000,0x0000,0x0000,0x0000,0x0000,0x0000,0x0000,
	0x0000,0x0000,0x0000,0x0000,0x0000,0x0D00,0x0D18,0x0218,

	0x0000,0x0000,0x0000,0x0000,0x0000,0x0000,0x0000,0x0000,
	0x0000,0x0000,0x0000,0x0000,0x0000,0x0000,0x0000,0x0000,
	0x0000,0x0000,0x0000,0x0000,0x0000,0x0000,0x0000,0x0000,
	0x0000,0x0000,0x0000,0x0000,0x0000,0x0000,0x0000,0x0000,
	0x0000,0x0000,0x0000,0x0000,0x0000,0x0000,0x0000,0x0000,
	0x0000,0x0000,0x0000,0x0000,0x0000,0x0000,0x0000,0x0000,
	0x0000,0x0000,0x0000,0x0000,0x0000,0x0000,0x0000,0x0000,
	0x0000,0x0000,0x0000,0x0000,0x0000,0x0000,0x0000,0x0000,

	0x1212,0x1212,0x1212,0x1212,0x1212,0x1212,0x1212,0x1212,
	0x1212,0x1212,0x1212,0x1212,0x1212,0x1212,0x1212,0x1212,
	0x0512,0x0217,0x0D0D,0x0D02,0x0D0D,0x0D18,0x180D,0x180D,
	0x0202,0x020D,0x0202,0x0002,0x0000,0x0000,0x0000,0x0000,
	0x0000,0x0000,0x0000,0x0000,0x0000,0x0000,0x0000,0x0000,
	0x0000,0x0000,0x0000,0x180D,0x0D0D,0x0D18,0x180D,0x0000,
	0x0000,0x0000,0x0000,0x0000,0x0000,0x0000,0x0000,0x0000,
	0x0000,0x0000,0x0000,0x0000,0x0000,0x0000,0x0000,0x0000,

	0x0000,0x0000,0x0000,0x0000,0x0000,0x0000,0x0000,0x0000,
	0x0000,0x0000,0x0000,0x0000,0x0000,0x0000,0x0000,0x0000,
	0x0000,0x0000,0x0000,0x0000,0x0000,0x0000,0x0000,0x0000,
	0x0600,0x0D18,0x180D,0x180D,0x0D0D,0x0D18,0x180D,0x000D,
	0x0000,0x0000,0x0000,0x0000,0x0000,0x0000,0x0000,0x0000,
	0x0000,0x0000,0x0000,0x0000,0x0000,0x0000,0x0000,0x0000,
	0x0000,0x0000,0x0000,0x0000,0x0000,0x0000,0x0000,0x0000,
	0x0000,0x0000,0x0000,0x1200,0x1212,0x1212,0x1212,0x1212,

	0x1212,0x1212,0x1212,0x1212,0x1717,0x1217,0x1212,0x1212,
	0x1212,0x1212,0x1212,0x1212,0x0512,0x0217,0x0D0D,0x0D02,
	0x0D0D,0x0D18,0x000D,0x0000,0x0000,0x0000,0x0000,0x0000,
	0x0000,0x0000,0x0000,0x0000,0x0000,0x0000,0x0000,0x0000,
	0x0000,0x0000,0x0000,0x0000,0x0000,0x0000,0x0000,0x0000,
	0x0000,0x0000,0x0000,0x0000,0x0000,0x0000,0x0000,0x0000,
	0x0000,0x0000,0x0000,0x0000,0x0000,0x0000,0x0000,0x0000,
	0x0000,0x0000,0x0000,0x0000,0x0000,0x0D00,0x180D,0x180D,

	0x0000,0x0000,0x0000,0x0000,0x0000,0x0000,0x0000,0x0000,
	0x0000,0x0000,0x0000,0x0000,0x0000,0x0000,0x0000,0x0000,
	0x0000,0x0000,0x0000,0x0000,0x0000,0x0000,0x0000,0x0000,
	0x0000,0x0000,0x0000,0x0000,0x0000,0x0000,0x0000,0x0000,
	0x0000,0x0000,0x0000,0x0000,0x0000,0x0000,0x0000,0x0000,
	0x0000,0x0000,0x0000,0x0000,0x0000,0x0000,0x0000,0x0000,
	0x0000,0x0000,0x0000,0x0000,0x0000,0x0000,0x0000,0x0000,
	0x0000,0x0000,0x0000,0x0000,0x0000,0x0000,0x0000,0x0000,

	0x1212,0x1212,0x1212,0x1212,0x1212,0x1212,0x1212,0x1212,
	0x1212,0x1212,0x1212,0x1212,0x1212,0x1212,0x1212,0x1212,
	0x1712,0x020B,0x0D02,0x0D0D,0x0D02,0x180D,0x020D,0x180D,
	0x020B,0x0D02,0x0B02,0x0002,0x0000,0x0000,0x0000,0x0000,
	0x0000,0x0000,0x0000,0x0000,0x0000,0x0000,0x0000,0x0000,
	0x0000,0x0000,0x0000,0x0D02,0x0D0D,0x0218,0x0D18,0x0000,
	0x0000,0x0000,0x0000,0x0000,0x0000,0x0000,0x0000,0x0000,
	0x0000,0x0000,0x0000,0x0000,0x0000,0x0000,0x0000,0x0000,

	0x0000,0x0000,0x0000,0x0000,0x0000,0x0000,0x0000,0x0000,
	0x0000,0x0000,0x0000,0x0000,0x0000,0x0000,0x0000,0x0000,
	0x0000,0x0000,0x0000,0x0000,0x0000,0x0000,0x0000,0x0000,
	0x0600,0x0218,0x0D18,0x0D02,0x0D0D,0x0218,0x0D18,0x0002,
	0x0000,0x0000,0x0000,0x0000,0x0000,0x0000,0x0000,0x0000,
	0x0000,0x0000,0x0000,0x0000,0x0000,0x0000,0x0000,0x0000,
	0x0000,0x0000,0x0000,0x0000,0x0000,0x0000,0x0000,0x0000,
	0x0000,0x0000,0x0000,0x1200,0x1212,0x1212,0x1212,0x1212,

	0x1212,0x1212,0x1212,0x1212,0x1212,0x1212,0x1212,0x1212,
	0x1212,0x1212,0x1212,0x1212,0x1712,0x020B,0x0D02,0x0D0D,
	0x0D02,0x180D,0x000D,0x0000,0x0000,0x0000,0x0000,0x0000,
	0x0000,0x0000,0x0000,0x0000,0x0000,0x0000,0x0000,0x0000,
	0x0000,0x0000,0x0000,0x0000,0x0000,0x0000,0x0000,0x0000,
	0x0000,0x0000,0x0000,0x0000,0x0000,0x0000,0x0000,0x0000,
	0x0000,0x0000,0x0000,0x0000,0x0000,0x0000,0x0000,0x0000,
	0x0000,0x0000,0x0000,0x0000,0x0000,0x0200,0x0D18,0x0D02,

	0x0000,0x0000,0x0000,0x0000,0x0000,0x0000,0x0000,0x0000,
	0x0000,0x0000,0x0000,0x0000,0x0000,0x0000,0x0000,0x0000,
	0x0000,0x0000,0x0000,0x0000,0x0000,0x0000,0x0000,0x0000,
	0x0000,0x0000,0x0000,0x0000,0x0000,0x0000,0x0000,0x0000,
	0x0000,0x0000,0x0000,0x0000,0x0000,0x0000,0x0000,0x0000,
	0x0000,0x0000,0x0000,0x0000,0x0000,0x0000,0x0000,0x0000,
	0x0000,0x0000,0x0000,0x0000,0x0000,0x0000,0x0000,0x0000,
	0x0000,0x0000,0x0000,0x0000,0x0000,0x0000,0x0000,0x0000,

	0x1212,0x1212,0x1212,0x1212,0x1212,0x1212,0x1212,0x1212,
	0x1212,0x1212,0x1212,0x1212,0x1212,0x1212,0x1212,0x1212,
	0x1818,0x020B,0x0D0D,0x0D0D,0x020D,0x180D,0x0D02,0x0D0D,
	0x0B02,0x0D02,0x0202,0x0002,0x0000,0x0000,0x0000,0x0000,
	0x0000,0x0000,0x0000,0x0000,0x0000,0x0000,0x0000,0x0000,
	0x0000,0x0000,0x0000,0x0D0D,0x0D0D,0x180D,0x0D0D,0x0000,
	0x0000,0x0000,0x0000,0x0000,0x0000,0x0000,0x0000,0x0000,
	0x0000,0x0000,0x0000,0x0000,0x0000,0x0000,0x0000,0x0000,

	0x0000,0x0000,0x0000,0x0000,0x0000,0x0000,0x0000,0x0000,
	0x0000,0x0000,0x0000,0x0000,0x0000,0x0000,0x0000,0x0000,
	0x0000,0x0000,0x0000,0x0000,0x0000,0x0000,0x0000,0x0000,
	0x0600,0x0606,0x0D06,0x0D0D,0x0D0D,0x180D,0x0D0D,0x000D,
	0x0000,0x0000,0x0000,0x0000,0x0000,0x0000,0x0000,0x0000,
	0x0000,0x0000,0x0000,0x0000,0x0000,0x0000,0x0000,0x0000,
	0x0000,0x0000,0x0000,0x0000,0x0000,0x0000,0x0000,0x0000,
	0x0000,0x0000,0x0000,0x1200,0x1212,0x1212,0x1212,0x1212,

	0x1212,0x1212,0x1212,0x1212,0x1212,0x1212,0x1212,0x1212,
	0x1212,0x1212,0x1212,0x1212,0x1818,0x020B,0x0D0D,0x0D0D,
	0x020D,0x180D,0x0002,0x0000,0x0000,0x0000,0x0000,0x0000,
	0x0000,0x0000,0x0000,0x0000,0x0000,0x0000,0x0000,0x0000,
	0x0000,0x0000,0x0000,0x0000,0x0000,0x0000,0x0000,0x0000,
	0x0000,0x0000,0x0000,0x0000,0x0000,0x0000,0x0000,0x0000,
	0x0000,0x0000,0x0000,0x0000,0x0000,0x0000,0x0000,0x0000,
	0x0000,0x0000,0x0000,0x0000,0x0000,0x1800,0x0D0D,0x0D0D,

	0x0000,0x0000,0x0000,0x0000,0x0000,0x0000,0x0000,0x0000,
	0x0000,0x0000,0x0000,0x0000,0x0000,0x0000,0x0000,0x0000,
	0x0000,0x0000,0x0000,0x0000,0x0000,0x0000,0x0000,0x0000,
	0x0000,0x0000,0x0000,0x0000,0x0000,0x0000,0x0000,0x0000,
	0x0000,0x0000,0x0000,0x0000,0x0000,0x0000,0x0000,0x0000,
	0x0000,0x0000,0x0000,0x0000,0x0000,0x0000,0x0000,0x0000,
	0x0000,0x0000,0x0000,0x0000,0x0000,0x0000,0x0000,0x0000,
	0x0000,0x0000,0x0000,0x0000,0x0000,0x0000,0x0000,0x0000,

	0x1212,0x1212,0x1212,0x1212,0x1212,0x1212,0x1212,0x1212,
	0x1212,0x1212,0x1212,0x1212,0x1212,0x1212,0x1212,0x1212,
	0x0D17,0x0D18,0x0D0D,0x0D0D,0x020D,0x0D0D,0x0D02,0x0D18,
	0x0B02,0x0202,0x0202,0x000D,0x0000,0x0000,0x0000,0x0000,
	0x0000,0x0000,0x0000,0x0000,0x0000,0x0000,0x0000,0x0000,
	0x0000,0x0000,0x0000,0x0D18,0x020D,0x180D,0x0D0D,0x0000,
	0x0000,0x0000,0x0000,0x0000,0x0000,0x0000,0x0000,0x0000,
	0x0000,0x0000,0x0000,0x0000,0x0000,0x0000,0x0000,0x0000,

	0x0000,0x0000,0x0000,0x0000,0x0000,0x0000,0x0000,0x0000,
	0x0000,0x0000,0x0000,0x0000,0x0000,0x0000,0x0000,0x0000,
	0x0000,0x0000,0x0000,0x0000,0x0000,0x0000,0x0000,0x0000,
	0x0600,0x020B,0x0602,0x0D18,0x020D,0x180D,0x0D0D,0x0018,
	0x0000,0x0000,0x0000,0x0000,0x0000,0x0000,0x0000,0x0000,
	0x0000,0x0000,0x0000,0x0000,0x0000,0x0000,0x0000,0x0000,
	0x0000,0x0000,0x0000,0x0000,0x0000,0x0000,0x0000,0x0000,
	0x0000,0x0000,0x0000,0x1200,0x1212,0x1212,0x1212,0x1212,

	0x1212,0x1212,0x1212,0x1212,0x1212,0x1212,0x1212,0x1212,
	0x1212,0x1212,0x1212,0x1212,0x0D17,0x0D18,0x0D0D,0x0D0D,
	0x020D,0x0D0D,0x0002,0x0000,0x0000,0x0000,0x0000,0x0000,
	0x0000,0x0000,0x0000,0x0000,0x0000,0x0000,0x0000,0x0000,
	0x0000,0x0000,0x0000,0x0000,0x0000,0x0000,0x0000,0x0000,
	0x0000,0x0000,0x0000,0x0000,0x0000,0x0000,0x0000,0x0000,
	0x0000,0x0000,0x0000,0x0000,0x0000,0x0000,0x0000,0x0000,
	0x0000,0x0000,0x0000,0x0000,0x0000,0x1800,0x0D0D,0x0D18,

	0x0000,0x0000,0x0000,0x0000,0x0000,0x0000,0x0000,0x0000,
	0x0000,0x0000,0x0000,0x0000,0x0000,0x0000,0x0000,0x0000,
	0x0000,0x0000,0x0000,0x0000,0x0000,0x0000,0x0000,0x0000,
	0x0000,0x0000,0x0000,0x0000,0x0000,0x0000,0x0000,0x0000,
	0x0000,0x0000,0x0000,0x0000,0x0000,0x0000,0x0000,0x0000,
	0x0000,0x0000,0x0000,0x0000,0x0000,0x0000,0x0000,0x0000,
	0x0000,0x0000,0x0000,0x0000,0x0000,0x0000,0x0000,0x0000,
	0x0000,0x0000,0x0000,0x0000,0x0000,0x0000,0x0000,0x0000,

	0x1212,0x1212,0x1212,0x1212,0x1212,0x1212,0x1212,0x1212,
	0x1212,0x1212,0x1212,0x1212,0x1212,0x1212,0x1212,0x1212,
	0x020B,0x180D,0x0D0D,0x0D0D,0x0D18,0x180D,0x180D,0x0D0D,
	0x0B0D,0x0D02,0x0202,0x0002,0x0000,0x0000,0x0000,0x0000,
	0x0000,0x0000,0x0000,0x0000,0x0000,0x0000,0x0000,0x0000,
	0x0000,0x0000,0x0000,0x0D02,0x0D18,0x0D02,0x180D,0x0000,
	0x0000,0x0000,0x0000,0x0000,0x0000,0x0000,0x0000,0x0000,
	0x0000,0x0000,0x0000,0x0000,0x0000,0x0000,0x0000,0x0000,

	0x0000,0x0000,0x0000,0x0000,0x0000,0x0000,0x0000,0x0000,
	0x0000,0x0000,0x0000,0x0000,0x0000,0x0000,0x0000,0x0000,
	0x0000,0x0000,0x0000,0x0000,0x0000,0x0000,0x0000,0x0000,
	0x0600,0x020B,0x0D0D,0x0D06,0x0D18,0x0D02,0x180D,0x0002,
	0x0000,0x0000,0x0000,0x0000,0x0000,0x0000,0x0000,0x0000,
	0x0000,0x0000,0x0000,0x0000,0x0000,0x0000,0x0000,0x0000,
	0x0000,0x0000,0x0000,0x0000,0x0000,0x0000,0x0000,0x0000,
	0x0000,0x0000,0x0000,0x1200,0x1212,0x1212,0x1212,0x1212,

	0x1212,0x1212,0x1212,0x1212,0x1212,0x1212,0x1212,0x1212,
	0x1212,0x1212,0x1212,0x1212,0x020B,0x180D,0x0D0D,0x0D0D,
	0x0D18,0x180D,0x000D,0x0000,0x0000,0x0000,0x0000,0x0000,
	0x0000,0x0000,0x0000,0x0000,0x0000,0x0000,0x0000,0x0000,
	0x0000,0x0000,0x0000,0x0000,0x0000,0x0000,0x0000,0x0000,
	0x0000,0x0000,0x0000,0x0000,0x0000,0x0000,0x0000,0x0000,
	0x0000,0x0000,0x0000,0x0000,0x0000,0x0000,0x0000,0x0000,
	0x0000,0x0000,0x0000,0x0000,0x0000,0x0D00,0x180D,0x0D02,

	0x0000,0x0000,0x0000,0x0000,0x0000,0x0000,0x0000,0x0000,
	0x0000,0x0000,0x0000,0x0000,0x0000,0x0000,0x0000,0x0000,
	0x0000,0x0000,0x0000,0x0000,0x0000,0x0000,0x0000,0x0000,
	0x0000,0x0000,0x0000,0x0000,0x0000,0x0000,0x0000,0x0000,
	0x0000,0x0000,0x0000,0x0000,0x0000,0x0000,0x0000,0x0000,
	0x0000,0x0000,0x0000,0x0000,0x0000,0x0000,0x0000,0x0000,
	0x0000,0x0000,0x0000,0x0000,0x0000,0x0000,0x0000,0x0000,
	0x0000,0x0000,0x0000,0x0000,0x0000,0x0000,0x0000,0x0000,

	0x1212,0x1212,0x1212,0x1212,0x1212,0x1212,0x1212,0x1212,
	0x1212,0x1212,0x1212,0x1212,0x1212,0x1212,0x1212,0x1212,
	0x0B02,0x0D0B,0x0D0D,0x0D02,0x180D,0x0D0D,0x0D18,0x0D0D,
	0x0D02,0x0202,0x020D,0x0002,0x0000,0x0000,0x0000,0x0000,
	0x0000,0x0000,0x0000,0x0000,0x0000,0x0000,0x0000,0x0000,
	0x0000,0x0000,0x0000,0x1802,0x180D,0x0D02,0x180D,0x0000,
	0x0000,0x0000,0x0000,0x0000,0x0000,0x0000,0x0000,0x0000,
	0x0000,0x0000,0x0000,0x0000,0x0000,0x0000,0x0000,0x0000,

	0x0000,0x0000,0x0000,0x0000,0x0000,0x0000,0x0000,0x0000,
	0x0000,0x0000,0x0000,0x0000,0x0000,0x0000,0x0000,0x0000,
	0x0000,0x0000,0x0000,0x0000,0x0000,0x0000,0x0000,0x0000,
	0x1900,0x0D0B,0x060D,0x1806,0x180D,0x0D02,0x180D,0x0002,
	0x0000,0x0000,0x0000,0x0000,0x0000,0x0000,0x0000,0x0000,
	0x0000,0x0000,0x0000,0x0000,0x0000,0x0000,0x0000,0x0000,
	0x0000,0x0000,0x0000,0x0000,0x0000,0x0000,0x0000,0x0000,
	0x0000,0x0000,0x0000,0x0D00,0x1818,0x1212,0x0D12,0x1212,

	0x1212,0x1212,0x1212,0x1212,0x1212,0x1212,0x0512,0x0D05,
	0x1818,0x1212,0x0D12,0x1212,0x0B02,0x0D0B,0x0D0D,0x0D02,
	0x180D,0x0D0D,0x0018,0x0000,0x0000,0x0000,0x0000,0x0000,
	0x0000,0x0000,0x0000,0x0000,0x0000,0x0000,0x0000,0x0000,
	0x0000,0x0000,0x0000,0x0000,0x0000,0x0000,0x0000,0x0000,
	0x0000,0x0000,0x0000,0x0000,0x0000,0x0000,0x0000,0x0000,
	0x0000,0x0000,0x0000,0x0000,0x0000,0x0000,0x0000,0x0000,
	0x0000,0x0000,0x0000,0x0000,0x0000,0x0D00,0x180D,0x1802,

	0x0000,0x0000,0x0000,0x0000,0x0000,0x0000,0x0000,0x0000,
	0x0000,0x0000,0x0000,0x0000,0x0000,0x0000,0x0000,0x0000,
	0x0000,0x0000,0x0000,0x0000,0x0000,0x0000,0x0000,0x0000,
	0x0000,0x0000,0x0000,0x0000,0x0000,0x0000,0x0000,0x0000,
	0x0000,0x0000,0x0000,0x0000,0x0000,0x0000,0x0000,0x0000,
	0x0000,0x0000,0x0000,0x0000,0x0000,0x0000,0x0000,0x0000,
	0x0000,0x0000,0x0000,0x0000,0x0000,0x0000,0x0000,0x0000,
	0x0000,0x0000,0x0000,0x0000,0x0000,0x0000,0x0000,0x0000,

	0x1212,0x1212,0x1212,0x1212,0x1212,0x1212,0x1212,0x1212,
	0x1212,0x1212,0x1212,0x1212,0x1212,0x1212,0x1212,0x1212,
	0x0B02,0x0D02,0x0D02,0x0D18,0x180D,0x0D0D,0x0D18,0x020D,
	0x0D02,0x0202,0x020D,0x0002,0x0000,0x0000,0x0000,0x0000,
	0x0000,0x0000,0x0000,0x0000,0x0000,0x0000,0x0000,0x0000,
	0x0000,0x0000,0x0000,0x180D,0x180D,0x0D0D,0x0D0D,0x0000,
	0x0000,0x0000,0x0000,0x0000,0x0000,0x0000,0x0000,0x0000,
	0x0000,0x0000,0x0000,0x0000,0x0000,0x0000,0x0000,0x0000,

	0x0000,0x0000,0x0000,0x0000,0x0000,0x0000,0x0000,0x0000,
	0x0000,0x0000,0x0000,0x0000,0x0000,0x0000,0x0000,0x0000,
	0x0000,0x0000,0x0000,0x0000,0x0000,0x0000,0x0000,0x0000,
	0x0600,0x0B19,0x0D06,0x180D,0x180D,0x0D0D,0x0D0D,0x000D,
	0x0000,0x0000,0x0000,0x0000,0x0000,0x0000,0x0000,0x0000,
	0x0000,0x0000,0x0000,0x0000,0x0000,0x0000,0x0000,0x0000,
	0x0000,0x0000,0x0000,0x0000,0x0000,0x0000,0x0000,0x0000,
	0x0000,0x0000,0x0000,0x0200,0x170D,0x0517,0x020D,0x1205,

	0x1212,0x0D0D,0x0505,0x1212,0x1212,0x0512,0x1717,0x020D,
	0x170D,0x0517,0x020D,0x1205,0x0B02,0x0D02,0x0D02,0x0D18,
	0x180D,0x0D0D,0x0018,0x0000,0x0000,0x0000,0x0000,0x0000,
	0x0000,0x0000,0x0000,0x0000,0x0000,0x0000,0x0000,0x0000,
	0x0000,0x0000,0x0000,0x0000,0x0000,0x0000,0x0000,0x0000,
	0x0000,0x0000,0x0000,0x0000,0x0000,0x0000,0x0000,0x0000,
	0x0000,0x0000,0x0000,0x0000,0x0000,0x0000,0x0000,0x0000,
	0x0000,0x0000,0x0000,0x0000,0x0000,0x0D00,0x0D0D,0x180D,

	0x0000,0x0000,0x0000,0x0000,0x0000,0x0000,0x0000,0x0000,
	0x0000,0x0000,0x0000,0x0000,0x0000,0x0000,0x0000,0x0000,
	0x0000,0x0000,0x0000,0x0000,0x0000,0x0000,0x0000,0x0000,
	0x0000,0x0000,0x0000,0x0000,0x0000,0x0000,0x0000,0x0000,
	0x0000,0x0000,0x0000,0x0000,0x0000,0x0000,0x0000,0x0000,
	0x0000,0x0000,0x0000,0x0000,0x0000,0x0000,0x0000,0x0000,
	0x0000,0x0000,0x0000,0x0000,0x0000,0x0000,0x0000,0x0000,
	0x0000,0x0000,0x0000,0x0000,0x0000,0x0000,0x0000,0x0000,

	0x1212,0x1212,0x1212,0x1212,0x1212,0x1212,0x1212,0x1212,
	0x1212,0x1212,0x1212,0x1212,0x1212,0x1212,0x1212,0x1212,
	0x1802,0x0202,0x180D,0x020D,0x0D0D,0x0D02,0x0D0D,0x0D02,
	0x0D02,0x020B,0x020D,0x000B,0x0000,0x0000,0x0000,0x0000,
	0x0000,0x0000,0x0000,0x0000,0x0000,0x0000,0x0000,0x0000,
	0x0000,0x0000,0x0000,0x0218,0x0D0D,0x0D0D,0x0D18,0x0000,
	0x0000,0x0000,0x0000,0x0000,0x0000,0x0000,0x0000,0x0000,
	0x0000,0x0000,0x0000,0x0000,0x0000,0x0000,0x0000,0x0000,

	0x0000,0x0000,0x0000,0x0000,0x0000,0x0000,0x0000,0x0000,
	0x0000,0x0000,0x0000,0x0000,0x0000,0x0000,0x0000,0x0000,
	0x0000,0x0000,0x0000,0x0000,0x0000,0x0000,0x0000,0x0000,
	0x0600,0x060B,0x0D18,0x0218,0x0D0D,0x0D0D,0x0D18,0x0018,
	0x0000,0x0000,0x0000,0x0000,0x0000,0x0000,0x0000,0x0000,
	0x0000,0x0000,0x0000,0x0000,0x0000,0x0000,0x0000,0x0000,
	0x0000,0x0000,0x0000,0x0000,0x0000,0x0000,0x0000,0x0000,
	0x0000,0x0000,0x0000,0x0200,0x020B,0x180B,0x020D,0x1717,

	0x1712,0x0217,0x0D02,0x170B,0x0512,0x1817,0x0D0B,0x020D,
	0x020B,0x180B,0x020D,0x1717,0x1802,0x0202,0x180D,0x020D,
	0x0D0D,0x0D02,0x000D,0x0000,0x0000,0x0000,0x0000,0x0000,
	0x0000,0x0000,0x0000,0x0000,0x0000,0x0000,0x0000,0x0000,
	0x0000,0x0000,0x0000,0x0000,0x0000,0x0000,0x0000,0x0000,
	0x0000,0x0000,0x0000,0x0000,0x0000,0x0000,0x0000,0x0000,
	0x0000,0x0000,0x0000,0x0000,0x0000,0x0000,0x0000,0x0000,
	0x0000,0x0000,0x0000,0x0000,0x0000,0x0D00,0x0D18,0x0218,

	0x0000,0x0000,0x0000,0x0000,0x0000,0x0000,0x0000,0x0000,
	0x0000,0x0000,0x0000,0x0000,0x0000,0x0000,0x0000,0x0000,
	0x0000,0x0000,0x0000,0x0000,0x0000,0x0000,0x0000,0x0000,
	0x0000,0x0000,0x0000,0x0000,0x0000,0x0000,0x0000,0x0000,
	0x0000,0x0000,0x0000,0x0000,0x0000,0x0000,0x0000,0x0000,
	0x0000,0x0000,0x0000,0x0000,0x0000,0x0000,0x0000,0x0000,
	0x0000,0x0000,0x0000,0x0000,0x0000,0x0000,0x0000,0x0000,
	0x0000,0x0000,0x0000,0x0000,0x0000,0x0000,0x0000,0x0000,

	0x1212,0x1212,0x1212,0x1212,0x1212,0x1212,0x1212,0x1212,
	0x1212,0x1212,0x1212,0x1212,0x1212,0x1212,0x1212,0x1212,
	0x0218,0x020D,0x180D,0x0D0D,0x0D0D,0x0218,0x0D0D,0x1802,
	0x0202,0x0B0D,0x0202,0x000B,0x0000,0x0000,0x0000,0x0000,
	0x0000,0x0000,0x0000,0x0000,0x0000,0x0000,0x0000,0x0000,
	0x0000,0x0000,0x0000,0x180D,0x0D0D,0x0D18,0x180D,0x0000,
	0x0000,0x0000,0x0000,0x0000,0x0000,0x0000,0x0000,0x0000,
	0x0000,0x0000,0x0000,0x0000,0x0000,0x0000,0x0000,0x0000,

	0x0000,0x0000,0x0000,0x0000,0x0000,0x0000,0x0000,0x0000,
	0x0000,0x0000,0x0000,0x0000,0x0000,0x0000,0x0000,0x0000,
	0x0000,0x0000,0x0000,0x0000,0x0000,0x0000,0x0000,0x0000,
	0x0B00,0x0602,0x180D,0x180D,0x0D0D,0x0D18,0x180D,0x000D,
	0x0000,0x0000,0x0000,0x0000,0x0000,0x0000,0x0000,0x0000,
	0x0000,0x0000,0x0000,0x0000,0x0000,0x0000,0x0000,0x0000,
	0x0000,0x0000,0x0000,0x0000,0x0000,0x0000,0x0000,0x0000,
	0x0000,0x0000,0x0000,0x0B00,0x0218,0x0D02,0x0B02,0x0B02,

	0x0D05,0x0B18,0x020D,0x0B18,0x1717,0x180B,0x1802,0x0B02,
	0x0218,0x0D02,0x0B02,0x0B02,0x0218,0x020D,0x180D,0x0D0D,
	0x0D0D,0x0000,0x0000,0x0000,0x0000,0x0000,0x0000,0x0000,
	0x0000,0x0000,0x0000,0x0000,0x0000,0x0000,0x0000,0x0000,
	0x0000,0x0000,0x0000,0x0000,0x0000,0x0000,0x0000,0x0000,
	0x0000,0x0000,0x0000,0x0000,0x0000,0x0000,0x0000,0x0000,
	0x0000,0x0000,0x0000,0x0000,0x0000,0x0000,0x0000,0x0000,
	0x0000,0x0000,0x0000,0x0000,0x0000,0x0D00,0x180D,0x180D,

	0x0000,0x0000,0x0000,0x0000,0x0000,0x0000,0x0000,0x0000,
	0x0000,0x0000,0x0000,0x0000,0x0000,0x0000,0x0000,0x0000,
	0x0000,0x0000,0x0000,0x0000,0x0000,0x0000,0x0000,0x0000,
	0x0000,0x0000,0x0000,0x0000,0x0000,0x0000,0x0000,0x0000,
	0x0000,0x0000,0x0000,0x0000,0x0000,0x0000,0x0000,0x0000,
	0x0000,0x0000,0x0000,0x0000,0x0000,0x0000,0x0000,0x0000,
	0x0000,0x0000,0x0000,0x0000,0x0000,0x0000,0x0000,0x0000,
	0x0000,0x0000,0x0000,0x0000,0x0000,0x0000,0x0000,0x0000,

	0x0505,0x1818,0x1212,0x1212,0x1212,0x1212,0x1212,0x1212,
	0x0505,0x1818,0x1212,0x1212,0x1212,0x1212,0x1212,0x1212,
	0x0B02,0x0B0D,0x020D,0x020B,0x0B0D,0x020D,0x0B02,0x0D02,
	0x0202,0x0B0D,0x020D,0x000B,0x0000,0x0000,0x0000,0x0000,
	0x0000,0x0000,0x0000,0x0000,0x0000,0x0000,0x0000,0x0000,
	0x0000,0x0000,0x0000,0x180D,0x0D0D,0x0218,0x0D18,0x0000,
	0x0000,0x0000,0x0000,0x0000,0x0000,0x0000,0x0000,0x0000,
	0x0000,0x0000,0x0000,0x0000,0x0000,0x0000,0x0000,0x0000,

	0x0000,0x0000,0x0000,0x0000,0x0000,0x0000,0x0000,0x0000,
	0x0000,0x0000,0x0000,0x0000,0x0000,0x0000,0x0000,0x0000,
	0x0000,0x0000,0x0000,0x0000,0x0000,0x0000,0x0000,0x0000,
	0x0200,0x060D,0x0D18,0x0D02,0x0D0D,0x0B18,0x0B0B,0x0006,
	0x0000,0x0000,0x0000,0x0000,0x0000,0x0000,0x0000,0x0000,
	0x0000,0x0000,0x0000,0x0000,0x0000,0x0000,0x0000,0x0000,
	0x0000,0x0000,0x0000,0x0000,0x0000,0x0000,0x0000,0x0000,
	0x0000,0x0000,0x0000,0x1800,0x0000,0x0000,0x0000,0x0000,

	0x0000,0x0000,0x0000,0x0000,0x0000,0x0000,0x0000,0x0000,
	0x0000,0x0000,0x0000,0x0000,0x0000,0x0000,0x0000,0x0D02,
	0x0D0D,0x0000,0x0000,0x0000,0x0000,0x0000,0x0000,0x0000,
	0x0000,0x0000,0x0000,0x0000,0x0000,0x0000,0x0000,0x0000,
	0x0000,0x0000,0x0000,0x0000,0x0000,0x0000,0x0000,0x0000,
	0x0000,0x0000,0x0000,0x0000,0x0000,0x0000,0x0000,0x0000,
	0x0000,0x0000,0x0000,0x0000,0x0000,0x0000,0x0000,0x0000,
	0x0000,0x0000,0x0000,0x0000,0x0000,0x0200,0x0D18,0x0D02,

	0x0000,0x0000,0x0000,0x0000,0x0000,0x0000,0x0000,0x0000,
	0x0000,0x0000,0x0000,0x0000,0x0000,0x0000,0x0000,0x0000,
	0x0000,0x0000,0x0000,0x0000,0x0000,0x0000,0x0000,0x0000,
	0x0000,0x0000,0x0000,0x0000,0x0000,0x0000,0x0000,0x0000,
	0x0000,0x0000,0x0000,0x0000,0x0000,0x0000,0x0000,0x0000,
	0x0000,0x0000,0x0000,0x0000,0x0000,0x0000,0x0000,0x0000,
	0x0000,0x0000,0x0000,0x0000,0x0000,0x0000,0x0000,0x0000,
	0x0000,0x0000,0x0000,0x0000,0x0000,0x0000,0x0000,0x0000,

	0x1817,0x050D,0x1212,0x1212,0x0212,0x0502,0x0518,0x180D,
	0x1817,0x050D,0x1212,0x1212,0x0212,0x0502,0x0518,0x180D,
	0x0606,0x0B02,0x0202,0x0202,0x020D,0x0D02,0x020B,0x020D,
	0x0202,0x0B02,0x0202,0x0002,0x0000,0x0000,0x0000,0x0000,
	0x0000,0x0000,0x0000,0x0000,0x0000,0x0000,0x0000,0x0000,
	0x0000,0x0000,0x0000,0x180D,0x0D0D,0x180D,0x0D02,0x0000,
	0x0000,0x0000,0x0000,0x0000,0x0000,0x0000,0x0000,0x0000,
	0x0000,0x0000,0x0000,0x0000,0x0000,0x0000,0x0000,0x0000,

	0x0000,0x0000,0x0000,0x0000,0x0000,0x0000,0x0000,0x0000,
	0x0000,0x0000,0x0000,0x0000,0x0000,0x0000,0x0000,0x0000,
	0x0000,0x0000,0x0000,0x0000,0x0000,0x0000,0x0000,0x0000,
	0x0B00,0x060D,0x0D0D,0x0D0D,0x0D0D,0x0B0D,0x1818,0x000D,
	0x0000,0x0000,0x0000,0x0000,0x0000,0x0000,0x0000,0x0000,
	0x0000,0x0000,0x0000,0x0000,0x0000,0x0000,0x0000,0x0000,
	0x0000,0x0000,0x0000,0x0000,0x0000,0x0000,0x0000,0x0000,
	0x0000,0x0000,0x0000,0x1800,0x0000,0x0000,0x0000,0x0000,

	0x0000,0x0000,0x0000,0x0000,0x0000,0x0000,0x0000,0x0000,
	0x0000,0x0000,0x0000,0x0000,0x0000,0x0000,0x0000,0x0D0D,
	0x0D0D,0x0000,0x0000,0x0000,0x0000,0x0000,0x0000,0x0000,
	0x0000,0x0000,0x0000,0x0000,0x0000,0x0000,0x0000,0x0000,
	0x0000,0x0000,0x0000,0x0000,0x0000,0x0000,0x0000,0x0000,
	0x0000,0x0000,0x0000,0x0000,0x0000,0x0000,0x0000,0x0000,
	0x0000,0x0000,0x0000,0x0000,0x0000,0x0000,0x0000,0x0000,
	0x0000,0x0000,0x0000,0x0000,0x0000,0x1800,0x0D0D,0x0D0D,

	0x0000,0x0000,0x0000,0x0000,0x0000,0x0000,0x0000,0x0000,
	0x0000,0x0000,0x0000,0x0000,0x0000,0x0000,0x0000,0x0000,
	0x0000,0x0000,0x0000,0x0000,0x0000,0x0000,0x0000,0x0000,
	0x0000,0x0000,0x0000,0x0000,0x0000,0x0000,0x0000,0x0000,
	0x0000,0x0000,0x0000,0x0000,0x0000,0x0000,0x0000,0x0000,
	0x0000,0x0000,0x0000,0x0000,0x0000,0x0000,0x0000,0x0000,
	0x0000,0x0000,0x0000,0x0000,0x0000,0x0000,0x0000,0x0000,
	0x0000,0x0000,0x0000,0x0000,0x0000,0x0000,0x0000,0x0000,

	0x0D18,0x020D,0x1205,0x0505,0x0B02,0x1717,0x020D,0x170D,
	0x0D18,0x020D,0x1205,0x0505,0x0B02,0x1717,0x020D,0x170D,
	0x0B02,0x0B06,0x0202,0x0B0D,0x0202,0x0D0B,0x020B,0x0202,
	0x0B02,0x0B02,0x0202,0x000D,0x0000,0x0000,0x0000,0x0000,
	0x0000,0x0000,0x0000,0x0000,0x0000,0x0000,0x0000,0x0000,
	0x0000,0x0000,0x0000,0x0D02,0x0D0D,0x180D,0x0D0D,0x0000,
	0x0000,0x0000,0x0000,0x0000,0x0000,0x0000,0x0000,0x0000,
	0x0000,0x0000,0x0000,0x0000,0x0000,0x0000,0x0000,0x0000,

	0x0000,0x0000,0x0000,0x0000,0x0000,0x0000,0x0000,0x0000,
	0x0000,0x0000,0x0000,0x0000,0x0000,0x0000,0x0000,0x0000,
	0x0000,0x0000,0x0000,0x0000,0x0000,0x0000,0x0000,0x0000,
	0x0600,0x0606,0x0D0D,0x0D18,0x020D,0x060D,0x0D18,0x0002,
	0x0000,0x0000,0x0000,0x0000,0x0000,0x0000,0x0000,0x0000,
	0x0000,0x0000,0x0000,0x0000,0x0000,0x0000,0x0000,0x0000,
	0x0000,0x0000,0x0000,0x0000,0x0000,0x0000,0x0000,0x0000,
	0x0000,0x0000,0x0000,0x0D00,0x0000,0x0000,0x0000,0x0000,

	0x0000,0x0000,0x0000,0x0000,0x0000,0x0000,0x0000,0x0000,
	0x0000,0x0000,0x0000,0x0000,0x0000,0x0000,0x0000,0x0D18,
	0x020D,0x0000,0x0000,0x0000,0x0000,0x0000,0x0000,0x0000,
	0x0000,0x0000,0x0000,0x0000,0x0000,0x0000,0x0000,0x0000,
	0x0000,0x0000,0x0000,0x0000,0x0000,0x0000,0x0000,0x0000,
	0x0000,0x0000,0x0000,0x0000,0x0000,0x0000,0x0000,0x0000,
	0x0000,0x0000,0x0000,0x0000,0x0000,0x0000,0x0000,0x0000,
	0x0000,0x0000,0x0000,0x0000,0x0000,0x1800,0x0D0D,0x0D18,

	0x0000,0x0000,0x0000,0x0000,0x0000,0x0000,0x0000,0x0000,
	0x0000,0x0000,0x0000,0x0000,0x0000,0x0000,0x0000,0x0000,
	0x0000,0x0000,0x0000,0x0000,0x0000,0x0000,0x0000,0x0000,
	0x0000,0x0000,0x0000,0x0000,0x0000,0x0000,0x0000,0x0000,
	0x0000,0x0000,0x0000,0x0000,0x0000,0x0000,0x0000,0x0000,
	0x0000,0x0000,0x0000,0x0000,0x0000,0x0000,0x0000,0x0000,
	0x0000,0x0000,0x0000,0x0000,0x0000,0x0000,0x0000,0x0000,
	0x0000,0x0000,0x0000,0x0000,0x0000,0x0000,0x0000,0x0000,

	0x0D0D,0x0B0B,0x1717,0x0217,0x020B,0x0B0B,0x0D02,0x0B0B,
	0x0D0D,0x0B0B,0x1717,0x0217,0x020B,0x0B0B,0x0D02,0x0B0B,
	0x060D,0x020B,0x0D02,0x020B,0x020B,0x0B02,0x0202,0x020D,
	0x020D,0x020B,0x0D02,0x000B,0x0000,0x0000,0x0000,0x0000,
	0x0000,0x0000,0x0000,0x0000,0x0000,0x0000,0x0000,0x0000,
	0x0000,0x0000,0x0000,0x0D0D,0x180D,0x0D0D,0x0606,0x0000,
	0x0000,0x0000,0x0000,0x0000,0x0000,0x0000,0x0000,0x0000,
	0x0000,0x0000,0x0000,0x0000,0x0000,0x0000,0x0000,0x0000,

	0x0000,0x0000,0x0000,0x0000,0x0000,0x0000,0x0000,0x0000,
	0x0000,0x0000,0x0000,0x0000,0x0000,0x0000,0x0000,0x0000,
	0x0000,0x0000,0x0000,0x0000,0x0000,0x0000,0x0000,0x0000,
	0x1900,0x0D19,0x180D,0x0D02,0x0D18,0x0D02,0x1806,0x000D,
	0x0000,0x0000,0x0000,0x0000,0x0000,0x0000,0x0000,0x0000,
	0x0000,0x0000,0x0000,0x0000,0x0000,0x0000,0x0000,0x0000,
	0x0000,0x0000,0x0000,0x0000,0x0000,0x0000,0x0000,0x0000,
	0x0000,0x0000,0x0000,0x0D00,0x0000,0x0000,0x0000,0x0000,

	0x0000,0x0000,0x0000,0x0000,0x0000,0x0000,0x0000,0x0000,
	0x0000,0x0000,0x0000,0x0000,0x0000,0x0000,0x0000,0x0D02,
	0x0D18,0x0000,0x0000,0x0000,0x0000,0x0000,0x0000,0x0000,
	0x0000,0x0000,0x0000,0x0000,0x0000,0x0000,0x0000,0x0000,
	0x0000,0x0000,0x0000,0x0000,0x0000,0x0000,0x0000,0x0000,
	0x0000,0x0000,0x0000,0x0000,0x0000,0x0000,0x0000,0x0000,
	0x0000,0x0000,0x0000,0x0000,0x0000,0x0000,0x0000,0x0000,
	0x0000,0x0000,0x0000,0x0000,0x0000,0x0D00,0x180D,0x0D02,

	0x0000,0x0000,0x0000,0x0000,0x0000,0x0000,0x0000,0x0000,
	0x0000,0x0000,0x0000,0x0000,0x0000,0x0000,0x0000,0x0000,
	0x0000,0x0000,0x0000,0x0000,0x0000,0x0000,0x0000,0x0000,
	0x0000,0x0000,0x0000,0x0000,0x0000,0x0000,0x0000,0x0000,
	0x0000,0x0000,0x0000,0x0000,0x0000,0x0000,0x0000,0x0000,
	0x0000,0x0000,0x0000,0x0000,0x0000,0x0000,0x0000,0x0000,
	0x0000,0x0000,0x0000,0x0000,0x0000,0x0000,0x0000,0x0000,
	0x0000,0x0000,0x0000,0x0000,0x0000,0x0000,0x0000,0x0000,

	0x0B0D,0x0202,0x0202,0x0D02,0x0D18,0x020D,0x0202,0x0202,
	0x0B0D,0x0202,0x0202,0x0D02,0x0D18,0x020D,0x0202,0x0202,
	0x0D02,0x0202,0x0D02,0x0D0B,0x0202,0x0B02,0x0D02,0x0202,
	0x0D02,0x020B,0x0D02,0x000B,0x0000,0x0000,0x0000,0x0000,
	0x0000,0x0000,0x0000,0x0000,0x0000,0x0000,0x0000,0x0000,
	0x0000,0x0000,0x0000,0x020D,0x0D0D,0x0618,0x0202,0x0000,
	0x0000,0x0000,0x0000,0x0000,0x0000,0x0000,0x0000,0x0000,
	0x0000,0x0000,0x0000,0x0000,0x0000,0x0000,0x0000,0x0000,

	0x0000,0x0000,0x0000,0x0000,0x0000,0x0000,0x0000,0x0000,
	0x0000,0x0000,0x0000,0x0000,0x0000,0x0000,0x0000,0x0000,
	0x0000,0x0000,0x0000,0x0000,0x0000,0x0000,0x0000,0x0000,
	0x1900,0x0D02,0x180D,0x1802,0x180D,0x0D02,0x060D,0x0018,
	0x0000,0x0000,0x0000,0x0000,0x0000,0x0000,0x0000,0x0000,
	0x0000,0x0000,0x0000,0x0000,0x0000,0x0000,0x0000,0x0000,
	0x0000,0x0000,0x0000,0x0000,0x0000,0x0000,0x0000,0x0000,
	0x0000,0x0000,0x0000,0x0200,0x0000,0x0000,0x0000,0x0000,

	0x0000,0x0000,0x0000,0x0000,0x0000,0x0000,0x0000,0x0000,
	0x0000,0x0000,0x0000,0x0000,0x0000,0x0000,0x0000,0x1802,
	0x180D,0x0000,0x0000,0x0000,0x0000,0x0000,0x0000,0x0000,
	0x0000,0x0000,0x0000,0x0000,0x0000,0x0000,0x0000,0x0000,
	0x0000,0x0000,0x0000,0x0000,0x0000,0x0000,0x0000,0x0000,
	0x0000,0x0000,0x0000,0x0000,0x0000,0x0000,0x0000,0x0000,
	0x0000,0x0000,0x0000,0x0000,0x0000,0x0000,0x0000,0x0000,
	0x0000,0x0000,0x0000,0x0000,0x0000,0x0D00,0x180D,0x1802,

	0x0000,0x0000,0x0000,0x0000,0x0000,0x0000,0x0000,0x0000,
	0x0000,0x0000,0x0000,0x0000,0x0000,0x0000,0x0000,0x0000,
	0x0000,0x0000,0x0000,0x0000,0x0000,0x0000,0x0000,0x0000,
	0x0000,0x0000,0x0000,0x0000,0x0000,0x0000,0x0000,0x0000,
	0x0000,0x0000,0x0000,0x0000,0x0000,0x0000,0x0000,0x0000,
	0x0000,0x0000,0x0000,0x0000,0x0000,0x0000,0x0000,0x0000,
	0x0000,0x0000,0x0000,0x0000,0x0000,0x0000,0x0000,0x0000,
	0x0000,0x0000,0x0000,0x0000,0x0000,0x0000,0x0000,0x0000,

	0x0D0D,0x0D0D,0x180D,0x180D,0x0D0D,0x180D,0x0D0D,0x0B18,
	0x0D0D,0x0D0D,0x180D,0x180D,0x0D0D,0x180D,0x0D0D,0x0B18,
	0x0202,0x0206,0x0202,0x0D0B,0x0D02,0x0B02,0x0D02,0x0202,
	0x0D02,0x0202,0x0202,0x0002,0x0000,0x0000,0x0000,0x0000,
	0x0000,0x0000,0x0000,0x0000,0x0000,0x0000,0x0000,0x0000,
	0x0000,0x0000,0x0000,0x0D02,0x0D0D,0x0D06,0x020D,0x0000,
	0x0000,0x0000,0x0000,0x0000,0x0000,0x0000,0x0000,0x0000,
	0x0000,0x0000,0x0000,0x0000,0x0000,0x0000,0x0000,0x0000,

	0x0000,0x0000,0x0000,0x0000,0x0000,0x0000,0x0000,0x0000,
	0x0000,0x0000,0x0000,0x0000,0x0000,0x0000,0x0000,0x0000,
	0x0000,0x0000,0x0000,0x0000,0x0000,0x0000,0x0000,0x0000,
	0x1800,0x0D0D,0x0D0D,0x180D,0x180D,0x0D0D,0x0D0D,0x0006,
	0x0000,0x0000,0x0000,0x0000,0x0000,0x0000,0x0000,0x0000,
	0x0000,0x0000,0x0000,0x0000,0x0000,0x0000,0x0000,0x0000,
	0x0000,0x0000,0x0000,0x0000,0x0000,0x0000,0x0000,0x0000,
	0x0000,0x0000,0x0000,0x0200,0x0000,0x0000,0x0000,0x0000,

	0x0000,0x0000,0x0000,0x0000,0x0000,0x0000,0x0000,0x0000,
	0x0000,0x0000,0x0000,0x0000,0x0000,0x0000,0x0000,0x0000,
	0x0000,0x0000,0x0000,0x0000,0x0000,0x0000,0x0000,0x0000,
	0x0000,0x0000,0x0000,0x0000,0x0000,0x0000,0x0000,0x0000,
	0x0000,0x0000,0x0000,0x0000,0x0000,0x0000,0x0000,0x0000,
	0x0000,0x0000,0x0000,0x0000,0x0000,0x0000,0x0000,0x0000,
	0x0000,0x0000,0x0000,0x0000,0x0000,0x0000,0x0000,0x0000,
	0x0000,0x0000,0x0000,0x0000,0x0000,0x0D00,0x0D0D,0x180D,

	0x0000,0x0000,0x0000,0x0000,0x0000,0x0000,0x0000,0x0000,
	0x0000,0x0000,0x0000,0x0000,0x0000,0x0000,0x0000,0x0000,
	0x0000,0x0000,0x0000,0x0000,0x0000,0x0000,0x0000,0x0000,
	0x0000,0x0000,0x0000,0x0000,0x0000,0x0000,0x0000,0x0000,
	0x0000,0x0000,0x0000,0x0000,0x0000,0x0000,0x0000,0x0000,
	0x0000,0x0000,0x0000,0x0000,0x0000,0x0000,0x0000,0x0000,
	0x0000,0x0000,0x0000,0x0000,0x0000,0x0000,0x0000,0x0000,
	0x0000,0x0000,0x0000,0x0000,0x0000,0x0000,0x0000,0x0000,

	0x0D0D,0x0218,0x0D18,0x180D,0x0D0D,0x0D02,0x0D0D,0x0D0D,
	0x0D0D,0x0218,0x0D18,0x180D,0x0D0D,0x0D02,0x0D0D,0x0D0D,
	0x0202,0x020B,0x020D,0x0B0D,0x0202,0x020D,0x0B02,0x0D02,
	0x0202,0x0202,0x020D,0x000D,0x0000,0x0000,0x0000,0x0000,
	0x0000,0x0000,0x0000,0x0000,0x0000,0x0000,0x0000,0x0000,
	0x0000,0x0000,0x0000,0x0D0D,0x0D02,0x0606,0x0D0D,0x0000,
	0x0000,0x0000,0x0000,0x0000,0x0000,0x0000,0x0000,0x0000,
	0x0000,0x0000,0x0000,0x0000,0x0000,0x0000,0x0000,0x0000,

	0x0000,0x0000,0x0000,0x0000,0x0000,0x0000,0x0000,0x0000,
	0x0000,0x0000,0x0000,0x0000,0x0000,0x0000,0x0000,0x0000,
	0x0000,0x0000,0x0000,0x0000,0x0000,0x0000,0x0000,0x0000,
	0x0D00,0x0D0D,0x0D18,0x0218,0x0D0D,0x0B0B,0x060B,0x0006,
	0x0000,0x0000,0x0000,0x0000,0x0000,0x0000,0x0000,0x0000,
	0x0000,0x0000,0x0000,0x0000,0x0000,0x0000,0x0000,0x0000,
	0x0000,0x0000,0x0000,0x0000,0x0000,0x0000,0x0000,0x0000,
	0x0000,0x0000,0x0000,0x0D00,0x0000,0x0000,0x0000,0x0000,

	0x0000,0x0000,0x0000,0x0000,0x0000,0x0000,0x0000,0x0000,
	0x0000,0x0000,0x0000,0x0000,0x0000,0x0000,0x0000,0x0000,
	0x0000,0x0000,0x0000,0x0000,0x0000,0x0000,0x0000,0x0000,
	0x0000,0x0000,0x0000,0x0000,0x0000,0x0000,0x0000,0x0000,
	0x0000,0x0000,0x0000,0x0218,0x000D,0x0000,0x0000,0x0000,
	0x0000,0x0000,0x0000,0x0000,0x0000,0x0000,0x0000,0x0000,
	0x0000,0x0000,0x0000,0x0000,0x0000,0x0000,0x0000,0x0000,
	0x0000,0x0000,0x0000,0x0000,0x0000,0x0D00,0x0D18,0x0218,

	0x0000,0x0000,0x0000,0x0000,0x0000,0x0000,0x0000,0x0000,
	0x0000,0x0000,0x0000,0x0000,0x0000,0x0000,0x0000,0x0000,
	0x0000,0x0000,0x0000,0x0000,0x0000,0x0000,0x0000,0x0000,
	0x0000,0x0000,0x0000,0x0000,0x0000,0x0000,0x0000,0x0000,
	0x0000,0x0000,0x0000,0x0000,0x0000,0x0000,0x0000,0x0000,
	0x0000,0x0000,0x0000,0x0000,0x0000,0x0000,0x0000,0x0000,
	0x0000,0x0000,0x0000,0x0000,0x0000,0x0000,0x0000,0x0000,
	0x0000,0x0000,0x0000,0x0000,0x0000,0x0000,0x0000,0x0000,

	0x020D,0x0D0D,0x180D,0x0D0D,0x0D0D,0x0218,0x0D0D,0x180D,
	0x020D,0x0D0D,0x180D,0x0D0D,0x0D0D,0x0218,0x0D0D,0x180D,
	0x020D,0x0B06,0x0D0B,0x0D0B,0x020B,0x020D,0x020B,0x020D,
	0x0202,0x020D,0x0D02,0x0002,0x0000,0x0000,0x0000,0x0000,
	0x0000,0x0000,0x0000,0x0000,0x0000,0x0000,0x0000,0x0000,
	0x0000,0x0000,0x0000,0x020D,0x0D0D,0x0D0D,0x0B06,0x0000,
	0x0000,0x0000,0x0000,0x0000,0x0000,0x0000,0x0000,0x0000,
	0x0000,0x0000,0x0000,0x0000,0x0000,0x0000,0x0000,0x0000,

	0x0000,0x0000,0x0000,0x0000,0x0000,0x0000,0x0000,0x0000,
	0x0000,0x0000,0x0000,0x0000,0x0000,0x0000,0x0000,0x0000,
	0x0000,0x0000,0x0000,0x0000,0x0000,0x0000,0x0000,0x0000,
	0x0D00,0x0D18,0x180D,0x180D,0x0D0D,0x1806,0x0D18,0x0002,
	0x0000,0x0000,0x0000,0x0000,0x0000,0x0000,0x0000,0x0000,
	0x0000,0x0000,0x0000,0x0000,0x0000,0x0000,0x0000,0x0000,
	0x0000,0x0000,0x0000,0x0000,0x0000,0x0000,0x0000,0x0000,
	0x0000,0x0000,0x0000,0x0200,0x0000,0x0000,0x0000,0x0000,

	0x0000,0x0000,0x0000,0x0000,0x0000,0x0000,0x0000,0x0000,
	0x0000,0x0000,0x0000,0x0000,0x0000,0x0000,0x0000,0x0000,
	0x0000,0x0000,0x0000,0x0000,0x0000,0x0000,0x0000,0x0000,
	0x0000,0x0000,0x0000,0x0000,0x0000,0x0000,0x0000,0x0000,
	0x0000,0x0000,0x0000,0x180D,0x000D,0x0000,0x0000,0x0000,
	0x0000,0x0000,0x0000,0x0000,0x0000,0x0000,0x0000,0x0000,
	0x0000,0x0000,0x0000,0x0000,0x0000,0x0000,0x0000,0x0000,
	0x0000,0x0000,0x0000,0x0000,0x0000,0x0D00,0x180D,0x180D,

	0x0000,0x0000,0x0000,0x0000,0x0000,0x0000,0x0000,0x0000,
	0x0000,0x0000,0x0000,0x0000,0x0000,0x0000,0x0000,0x0000,
	0x0000,0x0000,0x0000,0x0000,0x0000,0x0000,0x0000,0x0000,
	0x0000,0x0000,0x0000,0x0000,0x0000,0x0000,0x0000,0x0000,
	0x0000,0x0000,0x0000,0x0000,0x0000,0x0000,0x0000,0x0000,
	0x0000,0x0000,0x0000,0x0000,0x0000,0x0000,0x0000,0x0000,
	0x0000,0x0000,0x0000,0x0000,0x0000,0x0000,0x0000,0x0000,
	0x0000,0x0000,0x0000,0x0000,0x0000,0x0000,0x0000,0x0000,

	0x0218,0x0D0D,0x020D,0x180D,0x0D0D,0x0218,0x0D18,0x0D02,
	0x0218,0x0D0D,0x020D,0x180D,0x0D0D,0x0218,0x0D18,0x0D02,
	0x0202,0x0602,0x0B06,0x0D0B,0x020B,0x020B,0x020B,0x020B,
	0x020B,0x0D02,0x0B02,0x0002,0x0000,0x0000,0x0000,0x0000,
	0x0000,0x0000,0x0000,0x0000,0x0000,0x0000,0x0000,0x0000,
	0x0000,0x0000,0x0000,0x020D,0x020D,0x0D0D,0x060D,0x0000,
	0x0000,0x0000,0x0000,0x0000,0x0000,0x0000,0x0000,0x0000,
	0x0000,0x0000,0x0000,0x0000,0x0000,0x0000,0x0000,0x0000,

	0x0000,0x0000,0x0000,0x0000,0x0000,0x0000,0x0000,0x0000,
	0x0000,0x0000,0x0000,0x0000,0x0000,0x0000,0x0000,0x0000,
	0x0000,0x0000,0x0000,0x0000,0x0000,0x0000,0x0000,0x0000,
	0x0D00,0x0218,0x0D18,0x0D02,0x0D0D,0x1806,0x020D,0x0002,
	0x0000,0x0000,0x0000,0x0000,0x0000,0x0000,0x0000,0x0000,
	0x0000,0x0000,0x0000,0x0000,0x0000,0x0000,0x0000,0x0000,
	0x0000,0x0000,0x0000,0x0000,0x0000,0x0000,0x0000,0x0000,
	0x0000,0x0000,0x0000,0x0D00,0x0000,0x0000,0x0000,0x0000,

	0x0000,0x0000,0x0000,0x0000,0x0000,0x0000,0x0000,0x0000,
	0x0000,0x0000,0x0000,0x0000,0x0000,0x0000,0x0000,0x0000,
	0x0000,0x0000,0x0000,0x0000,0x0000,0x0000,0x0000,0x0000,
	0x0000,0x0000,0x0000,0x0000,0x0000,0x0000,0x0000,0x0000,
	0x0000,0x0000,0x0000,0x0D02,0x000D,0x0000,0x0000,0x0000,
	0x0000,0x0000,0x0000,0x0000,0x0000,0x0000,0x0000,0x0000,
	0x0000,0x0000,0x0000,0x0000,0x0000,0x0000,0x0000,0x0000,
	0x0000,0x0000,0x0000,0x0000,0x0000,0x0200,0x0D18,0x0D02,

	0x0000,0x0000,0x0000,0x0000,0x0000,0x0000,0x0000,0x0000,
	0x0000,0x0000,0x0000,0x0000,0x0000,0x0000,0x0000,0x0000,
	0x0000,0x0000,0x0000,0x0000,0x0000,0x0000,0x0000,0x0000,
	0x0000,0x0000,0x0000,0x0000,0x0000,0x0000,0x0000,0x0000,
	0x0000,0x0000,0x0000,0x0000,0x0000,0x0000,0x0000,0x0000,
	0x0000,0x0000,0x0000,0x0000,0x0000,0x0000,0x0000,0x0000,
	0x0000,0x0000,0x0000,0x0000,0x0000,0x0000,0x0000,0x0000,
	0x0000,0x0000,0x0000,0x0000,0x0000,0x0000,0x0000,0x0000,

	0x0D18,0x0D0D,0x0202,0x0D18,0x0D0D,0x180D,0x0D0D,0x0D0D,
	0x0D18,0x0D0D,0x0202,0x0D18,0x0D0D,0x180D,0x0D0D,0x0D0D,
	0x020D,0x0202,0x0B0B,0x0B06,0x0B0B,0x060B,0x0B06,0x0606,
	0x020B,0x0D0B,0x0B0B,0x000B,0x0000,0x0000,0x0000,0x0000,
	0x0000,0x0000,0x0000,0x0000,0x0000,0x0000,0x0000,0x0000,
	0x0000,0x0000,0x0000,0x0D0D,0x0D0D,0x1802,0x0D0D,0x0000,
	0x0000,0x0000,0x0000,0x0000,0x0000,0x0000,0x0000,0x0000,
	0x0000,0x0000,0x0000,0x0000,0x0000,0x0000,0x0000,0x0000,

	0x0000,0x0000,0x0000,0x0000,0x0000,0x0000,0x0000,0x0000,
	0x0000,0x0000,0x0000,0x0000,0x0000,0x0000,0x0000,0x0000,
	0x0000,0x0000,0x0000,0x0000,0x0000,0x0000,0x0000,0x0000,
	0x0D00,0x180D,0x0D0D,0x0D0D,0x0D0D,0x0206,0x1818,0x000D,
	0x0000,0x0000,0x0000,0x0000,0x0000,0x0000,0x0000,0x0000,
	0x0000,0x0000,0x0000,0x0000,0x0000,0x0000,0x0000,0x0000,
	0x0000,0x0000,0x0000,0x0000,0x0000,0x0000,0x0000,0x0000,
	0x0000,0x0000,0x0000,0x0D00,0x0000,0x0000,0x0000,0x0000,

	0x0000,0x0000,0x0000,0x0000,0x0000,0x0000,0x0000,0x0000,
	0x0000,0x0000,0x0000,0x0000,0x0000,0x0000,0x0000,0x0000,
	0x0000,0x0000,0x0000,0x0000,0x0000,0x0000,0x0000,0x0000,
	0x0000,0x0000,0x0000,0x0000,0x0000,0x0000,0x0000,0x0000,
	0x0000,0x0000,0x0000,0x0D0D,0x000D,0x0000,0x0000,0x0000,
	0x0000,0x0000,0x0000,0x0000,0x0000,0x0000,0x0000,0x0000,
	0x0000,0x0000,0x0000,0x0000,0x0000,0x0000,0x0000,0x0000,
	0x0000,0x0000,0x0000,0x0000,0x0000,0x1800,0x0D0D,0x0D0D,

	0x0000,0x0000,0x0000,0x0000,0x0000,0x0000,0x0000,0x0000,
	0x0000,0x0000,0x0000,0x0000,0x0000,0x0000,0x0000,0x0000,
	0x0000,0x0000,0x0000,0x0000,0x0000,0x0000,0x0000,0x0000,
	0x0000,0x0000,0x0000,0x0000,0x0000,0x0000,0x0000,0x0000,
	0x0000,0x0000,0x0000,0x0000,0x0000,0x0000,0x0000,0x0000,
	0x0000,0x0000,0x0000,0x0000,0x0000,0x0000,0x0000,0x0000,
	0x0000,0x0000,0x0000,0x0000,0x0000,0x0000,0x0000,0x0000,
	0x0000,0x0000,0x0000,0x0000,0x0000,0x0000,0x0000,0x0000,

	0x0D0D,0x0218,0x0202,0x0D02,0x020D,0x1802,0x0D0D,0x0202,
	0x0D0D,0x0218,0x0202,0x0D02,0x020D,0x1802,0x0D0D,0x0202,
	0x020D,0x020D,0x0202,0x020B,0x0606,0x0B06,0x020B,0x0B02,
	0x0B06,0x0B0B,0x0606,0x0006,0x0000,0x0000,0x0000,0x0000,
	0x0000,0x0000,0x0000,0x0000,0x0000,0x0000,0x0000,0x0000,
	0x0000,0x0000,0x0000,0x1802,0x0D0D,0x0602,0x0B06,0x0000,
	0x0000,0x0000,0x0000,0x0000,0x0000,0x0000,0x0000,0x0000,
	0x0000,0x0000,0x0000,0x0000,0x0000,0x0000,0x0000,0x0000,

	0x0000,0x0000,0x0000,0x0000,0x0000,0x0000,0x0000,0x0000,
	0x0000,0x0000,0x0000,0x0000,0x0000,0x0000,0x0000,0x0000,
	0x0000,0x0000,0x0000,0x0000,0x0000,0x0000,0x0000,0x0000,
	0x0200,0x180D,0x0D0D,0x0D18,0x020D,0x060D,0x0206,0x000D,
	0x0000,0x0000,0x0000,0x0000,0x0000,0x0000,0x0000,0x0000,
	0x0000,0x0000,0x0000,0x0000,0x0000,0x0000,0x0000,0x0000,
	0x0000,0x0000,0x0000,0x0000,0x0000,0x0000,0x0000,0x0000,
	0x0000,0x0000,0x0000,0x0D00,0x0000,0x0000,0x0000,0x0000,

	0x0000,0x0000,0x0000,0x0000,0x0000,0x0000,0x0000,0x0000,
	0x0000,0x0000,0x0000,0x0000,0x0000,0x0000,0x0000,0x0000,
	0x0000,0x0000,0x0000,0x0000,0x0000,0x0000,0x0000,0x0000,
	0x0000,0x0000,0x0000,0x0000,0x0000,0x0000,0x0000,0x0000,
	0x0000,0x0000,0x0000,0x0D18,0x000D,0x0000,0x0000,0x0000,
	0x0000,0x0000,0x0000,0x0000,0x0000,0x0000,0x0000,0x0000,
	0x0000,0x0000,0x0000,0x0000,0x0000,0x0000,0x0000,0x0000,
	0x0000,0x0000,0x0000,0x0000,0x0000,0x1800,0x0D0D,0x0D18,

	0x0000,0x0000,0x0000,0x0000,0x0000,0x0000,0x0000,0x0000,
	0x0000,0x0000,0x0000,0x0000,0x0000,0x0000,0x0000,0x0000,
	0x0000,0x0000,0x0000,0x0000,0x0000,0x0000,0x0000,0x0000,
	0x0000,0x0000,0x0000,0x0000,0x0000,0x0000,0x0000,0x0000,
	0x0000,0x0000,0x0000,0x0000,0x0000,0x0000,0x0000,0x0000,
	0x0000,0x0000,0x0000,0x0000,0x0000,0x0000,0x0000,0x0000,
	0x0000,0x0000,0x0000,0x0000,0x0000,0x0000,0x0000,0x0000,
	0x0000,0x0000,0x0000,0x0000,0x0000,0x0000,0x0000,0x0000,

	0x0202,0x020D,0x0A11,0x0D11,0x0202,0x0D02,0x180D,0x0D02,
	0x0202,0x020D,0x0202,0x0D02,0x0202,0x0D02,0x180D,0x0D02,
	0x0D18,0x1802,0x0B02,0x020D,0x0202,0x020B,0x0202,0x020D,
	0x0B02,0x0206,0x020B,0x000B,0x0000,0x0000,0x0000,0x0000,
	0x0000,0x0000,0x0000,0x0000,0x0000,0x0000,0x0000,0x0000,
	0x0000,0x0000,0x0000,0x0D02,0x0D18,0x0B06,0x0D0B,0x0000,
	0x0000,0x0000,0x0000,0x0000,0x0000,0x0000,0x0000,0x0000,
	0x0000,0x0000,0x0000,0x0000,0x0000,0x0000,0x0000,0x0000,

	0x0000,0x0000,0x0000,0x0000,0x0000,0x0000,0x0000,0x0000,
	0x0000,0x0000,0x0000,0x0000,0x0000,0x0000,0x0000,0x0000,
	0x0000,0x0000,0x0000,0x0000,0x0000,0x0000,0x0000,0x0000,
	0x0D00,0x0D02,0x180D,0x0D02,0x0D18,0x0D02,0x060D,0x0006,
	0x0000,0x0000,0x0000,0x0000,0x0000,0x0000,0x0000,0x0000,
	0x0000,0x0000,0x0000,0x0000,0x0000,0x0000,0x0000,0x0000,
	0x0000,0x0000,0x0000,0x0000,0x0000,0x0000,0x0000,0x0000,
	0x0000,0x0000,0x0000,0x0D00,0x0000,0x0000,0x0000,0x0000,

	0x0000,0x0000,0x0000,0x0000,0x0000,0x0000,0x0000,0x0000,
	0x0000,0x0000,0x0000,0x0000,0x0000,0x0000,0x0000,0x0000,
	0x0000,0x0000,0x0000,0x0000,0x0000,0x0000,0x0000,0x0000,
	0x0000,0x0000,0x0000,0x0000,0x0000,0x0000,0x0000,0x0000,
	0x0000,0x0000,0x0000,0x0D02,0x0018,0x0000,0x0000,0x0000,
	0x0000,0x0000,0x0000,0x0000,0x0000,0x0000,0x0000,0x0000,
	0x0000,0x0000,0x0000,0x0000,0x0000,0x0000,0x0000,0x0000,
	0x0000,0x0000,0x0000,0x0000,0x0000,0x0D00,0x180D,0x0D02,

	0x0000,0x0000,0x0000,0x0000,0x0000,0x0000,0x0000,0x0000,
	0x0000,0x0000,0x0000,0x0000,0x0000,0x0000,0x0000,0x0000,
	0x0000,0x0000,0x0000,0x0000,0x0000,0x0000,0x0000,0x0000,
	0x0000,0x0000,0x0000,0x0000,0x0000,0x0000,0x0000,0x0000,
	0x0000,0x0000,0x0000,0x0000,0x0000,0x0000,0x0000,0x0000,
	0x0000,0x0000,0x0000,0x0000,0x0000,0x0000,0x0000,0x0000,
	0x0000,0x0000,0x0000,0x0000,0x0000,0x0000,0x0000,0x0000,
	0x0000,0x0000,0x0000,0x0000,0x0000,0x0000,0x0000,0x0000,

	0x020D,0x180D,0x0707,0x1811,0x0202,0x0D02,0x0D0D,0x1802,
	0x020D,0x0D0D,0x0A11,0x0D11,0x0202,0x0D02,0x0D0D,0x1802,
	0x180D,0x0202,0x0D18,0x020D,0x020D,0x0D02,0x0218,0x0D02,
	0x0202,0x020D,0x0B02,0x0002,0x0000,0x0000,0x0000,0x0000,
	0x0000,0x0000,0x0000,0x0000,0x0000,0x0000,0x0000,0x0000,
	0x0000,0x0000,0x0000,0x0D0D,0x0618,0x0202,0x180B,0x0000,
	0x0000,0x0000,0x0000,0x0000,0x0000,0x0000,0x0000,0x0000,
	0x0000,0x0000,0x0000,0x0000,0x0000,0x0000,0x0000,0x0000,

	0x0000,0x0000,0x0000,0x0000,0x0000,0x0000,0x0000,0x0000,
	0x0000,0x0000,0x0000,0x0000,0x0000,0x0000,0x0000,0x0000,
	0x0000,0x0000,0x0000,0x0000,0x0000,0x0000,0x0000,0x0000,
	0x1800,0x0D02,0x180D,0x1802,0x180D,0x0D02,0x180D,0x0006,
	0x0000,0x0000,0x0000,0x0000,0x0000,0x0000,0x0000,0x0000,
	0x0000,0x0000,0x0000,0x0000,0x0000,0x0000,0x0000,0x0000,
	0x0000,0x0000,0x0000,0x0000,0x0000,0x0000,0x0000,0x0000,
	0x0000,0x0000,0x0000,0x1800,0x0000,0x0000,0x0000,0x0000,

	0x0000,0x0000,0x0000,0x0000,0x0000,0x0000,0x0000,0x0000,
	0x0000,0x0000,0x0000,0x0000,0x0000,0x0000,0x0000,0x0000,
	0x0000,0x0000,0x0000,0x0000,0x0000,0x0000,0x0000,0x0000,
	0x0000,0x0000,0x0000,0x0000,0x0000,0x0000,0x0000,0x0000,
	0x0000,0x0000,0x0000,0x1802,0x000D,0x0000,0x0000,0x0000,
	0x0000,0x0000,0x0000,0x0000,0x0000,0x0000,0x0000,0x0000,
	0x0000,0x0000,0x0000,0x0000,0x0000,0x0000,0x0000,0x0000,
	0x0000,0x0000,0x0000,0x0000,0x0000,0x0D00,0x180D,0x1802,

	0x0000,0x0000,0x0000,0x0000,0x0000,0x0000,0x0000,0x0000,
	0x0000,0x0000,0x0000,0x0000,0x0000,0x0000,0x0000,0x0000,
	0x0000,0x0000,0x0000,0x0000,0x0000,0x0000,0x0000,0x0000,
	0x0000,0x0000,0x0000,0x0000,0x0000,0x0000,0x0000,0x0000,
	0x0000,0x0000,0x0000,0x0000,0x0000,0x0000,0x0000,0x0000,
	0x0000,0x0000,0x0000,0x0000,0x0000,0x0000,0x0000,0x0000,
	0x0000,0x0000,0x0000,0x0000,0x0000,0x0000,0x0000,0x0000,
	0x0000,0x0000,0x0000,0x0000,0x0000,0x0000,0x0000,0x0000,

	0x020D,0x180D,0x070D,0x180D,0x0202,0x0202,0x0D02,0x180D,
	0x020D,0x180D,0x0707,0x1811,0x0202,0x0202,0x0D02,0x180D,
	0x180D,0x0D02,0x0D18,0x020D,0x0D02,0x0218,0x0202,0x0218,
	0x1802,0x020D,0x0218,0x020D,0x020D,0x0D18,0x0D02,0x0D18,
	0x0516,0x1617,0x0915,0x1715,0x090C,0x1615,0x050C,0x1617,
	0x1812,0x0D0D,0x0D18,0x0D18,0x060D,0x0B0D,0x180D,0x0000,
	0x0000,0x0000,0x0000,0x0000,0x0000,0x0000,0x0000,0x0000,
	0x0000,0x0000,0x0000,0x0000,0x0000,0x0000,0x0000,0x0000,

	0x0000,0x0000,0x0000,0x0000,0x0000,0x0000,0x0000,0x0000,
	0x0000,0x0000,0x0000,0x0000,0x0000,0x0000,0x0000,0x0000,
	0x0000,0x0000,0x0000,0x0000,0x0000,0x0000,0x0000,0x0000,
	0x1800,0x0D0D,0x0D0D,0x180D,0x180D,0x0D0D,0x0606,0x000D,
	0x0000,0x0000,0x0000,0x0000,0x0000,0x0000,0x0000,0x0000,
	0x0000,0x0000,0x0000,0x0000,0x0000,0x0000,0x0000,0x0000,
	0x0000,0x0000,0x0000,0x0000,0x0000,0x0000,0x0000,0x0000,
	0x0000,0x0000,0x0000,0x1800,0x0000,0x0000,0x0000,0x0000,

	0x0000,0x0000,0x0000,0x0000,0x0000,0x0000,0x0000,0x0000,
	0x0000,0x0000,0x0000,0x0000,0x0000,0x0000,0x0000,0x0000,
	0x0000,0x0000,0x0000,0x0000,0x0000,0x0000,0x0000,0x0000,
	0x0000,0x0000,0x0000,0x0000,0x0000,0x0000,0x0000,0x0000,
	0x0000,0x0000,0x0000,0x180D,0x000D,0x0000,0x0000,0x0000,
	0x0000,0x0000,0x0000,0x0000,0x0000,0x0000,0x0000,0x0000,
	0x0000,0x0000,0x0000,0x0000,0x0000,0x0000,0x0000,0x0000,
	0x0000,0x0000,0x0000,0x0000,0x0000,0x0D00,0x0D0D,0x180D,

	0x0000,0x0000,0x0000,0x0000,0x0000,0x0000,0x0000,0x0000,
	0x0000,0x0000,0x0000,0x0000,0x0000,0x0000,0x0000,0x0000,
	0x0000,0x0000,0x0000,0x0000,0x0000,0x0000,0x0000,0x0000,
	0x0000,0x0000,0x0000,0x0000,0x0000,0x0000,0x0000,0x0000,
	0x0000,0x0000,0x0000,0x0000,0x0000,0x0000,0x0000,0x0000,
	0x0000,0x0000,0x0000,0x0000,0x0000,0x0000,0x0000,0x0000,
	0x0000,0x0000,0x0000,0x0000,0x0000,0x0000,0x0000,0x0000,
	0x0000,0x0000,0x0000,0x0000,0x0000,0x0000,0x0000,0x0000,

	0x0D0D,0x0D02,0x0B0B,0x0D0B,0x0202,0x0B02,0x0202,0x0218,
	0x0D0D,0x0D18,0x070D,0x0D0D,0x0218,0x0B02,0x0202,0x0218,
	0x0D0D,0x0D02,0x0D0D,0x0D02,0x0D02,0x0218,0x1802,0x020D,
	0x0D02,0x0D02,0x0D0D,0x0D02,0x0202,0x0218,0x1802,0x020D,
	0x1716,0x150C,0x1519,0x1716,0x1516,0x1519,0x0C16,0x1617,
	0x0D1B,0x0D18,0x180D,0x0D0D,0x060D,0x0B06,0x020B,0x0000,
	0x0000,0x0000,0x0000,0x0000,0x0000,0x0000,0x0000,0x0000,
	0x0000,0x0000,0x0000,0x0000,0x0000,0x0000,0x0000,0x0000,

	0x0000,0x0000,0x0000,0x0000,0x0000,0x0000,0x0000,0x0000,
	0x0000,0x0000,0x0000,0x0000,0x0000,0x0000,0x0000,0x0000,
	0x0000,0x0000,0x0000,0x0000,0x0000,0x0000,0x0000,0x0000,
	0x0D00,0x0D0D,0x0D18,0x0218,0x0D0D,0x060D,0x020D,0x0002,
	0x0000,0x0000,0x0000,0x0000,0x0000,0x0000,0x0000,0x0000,
	0x0000,0x0000,0x0000,0x0000,0x0000,0x0000,0x0000,0x0000,
	0x0000,0x0000,0x0000,0x0000,0x0000,0x0000,0x0000,0x0000,
	0x0000,0x0000,0x0000,0x0200,0x0000,0x0000,0x0000,0x0000,

	0x0000,0x0000,0x0000,0x0000,0x0000,0x0000,0x0000,0x0000,
	0x0000,0x0000,0x0000,0x0000,0x0000,0x0000,0x0000,0x0000,
	0x0000,0x0000,0x0000,0x0000,0x0000,0x0000,0x0000,0x0000,
	0x0000,0x0000,0x0000,0x0000,0x0000,0x0000,0x0000,0x0000,
	0x0000,0x0000,0x0000,0x0218,0x000D,0x0000,0x0000,0x0000,
	0x0000,0x0000,0x0000,0x0000,0x0000,0x0000,0x0000,0x0000,
	0x0000,0x0000,0x0000,0x0000,0x0000,0x0000,0x0000,0x0000,
	0x0000,0x0000,0x0000,0x0000,0x0000,0x0D00,0x0D18,0x0218,

	0x0000,0x0000,0x0000,0x0000,0x0000,0x0000,0x0000,0x0000,
	0x0000,0x0000,0x0000,0x0000,0x0000,0x0000,0x0000,0x0000,
	0x0000,0x0000,0x0000,0x0000,0x0000,0x0000,0x0000,0x0000,
	0x0000,0x0000,0x0000,0x0000,0x0000,0x0000,0x0000,0x0000,
	0x0000,0x0000,0x0000,0x0000,0x0000,0x0000,0x0000,0x0000,
	0x0000,0x0000,0x0000,0x0000,0x0000,0x0000,0x0000,0x0000,
	0x0000,0x0000,0x0000,0x0000,0x0000,0x0000,0x0000,0x0000,
	0x0000,0x0000,0x0000,0x0000,0x0000,0x0000,0x0000,0x0000,

	0x0202,0x0202,0x0202,0x0202,0x1102,0x110A,0x0202,0x180D,
	0x0202,0x0B02,0x0B0B,0x0B0B,0x0202,0x0202,0x0202,0x180D,
	0x0D0D,0x0218,0x0D0D,0x1802,0x020D,0x020D,0x180D,0x0D0D,
	0x0D0D,0x0202,0x0D0D,0x1802,0x020D,0x020D,0x1802,0x0D0D,
	0x1616,0x0215,0x190D,0x0C15,0x0D15,0x1918,0x1515,0x1616,
	0x1B14,0x0218,0x180D,0x020D,0x0D18,0x020D,0x1919,0x0000,
	0x0000,0x0000,0x0000,0x0000,0x0000,0x0000,0x0000,0x0000,
	0x0000,0x0000,0x0000,0x0000,0x0000,0x0000,0x0000,0x0000,

	0x0000,0x0000,0x0000,0x0000,0x0000,0x0000,0x0000,0x0000,
	0x0000,0x0000,0x0000,0x0000,0x0000,0x0000,0x0000,0x0000,
	0x0000,0x0000,0x0000,0x0000,0x0000,0x0000,0x0000,0x0000,
	0x0D00,0x0D18,0x180D,0x180D,0x0D0D,0x0D06,0x0D02,0x000D,
	0x0000,0x0000,0x0000,0x0000,0x0000,0x0000,0x0000,0x0000,
	0x0000,0x0000,0x0000,0x0000,0x0000,0x0000,0x0000,0x0000,
	0x0000,0x0000,0x0000,0x0000,0x0000,0x0000,0x0000,0x0000,
	0x0000,0x0000,0x0000,0x1800,0x0000,0x0000,0x0000,0x0000,

	0x0000,0x0000,0x0000,0x0000,0x0000,0x0000,0x0000,0x0000,
	0x0000,0x0000,0x0000,0x0000,0x0000,0x0000,0x0000,0x0000,
	0x0000,0x0000,0x0000,0x0000,0x0000,0x0000,0x0000,0x0000,
	0x0000,0x0000,0x0000,0x0000,0x0000,0x0000,0x0000,0x0000,
	0x0000,0x0000,0x0000,0x180D,0x000D,0x0000,0x0000,0x0000,
	0x0000,0x0000,0x0000,0x0000,0x0000,0x0000,0x0000,0x0000,
	0x0000,0x0000,0x0000,0x0000,0x0000,0x0000,0x0000,0x0000,
	0x0000,0x0000,0x0000,0x0000,0x0000,0x0D00,0x180D,0x180D,

	0x0000,0x0000,0x0000,0x0000,0x0000,0x0000,0x0000,0x0000,
	0x0000,0x0000,0x0000,0x0000,0x0000,0x0000,0x0000,0x0000,
	0x0000,0x0000,0x0000,0x0000,0x0000,0x0000,0x0000,0x0000,
	0x0000,0x0000,0x0000,0x0000,0x0000,0x0000,0x0000,0x0000,
	0x0000,0x0000,0x0000,0x0000,0x0000,0x0000,0x0000,0x0000,
	0x0000,0x0000,0x0000,0x0000,0x0000,0x0000,0x0000,0x0000,
	0x0000,0x0000,0x0000,0x0000,0x0000,0x0000,0x0000,0x0000,
	0x0000,0x0000,0x0000,0x0000,0x0000,0x0000,0x0000,0x0000,

	0x020D,0x0202,0x0202,0x0202,0x0718,0x1107,0x0218,0x180D,
	0x020D,0x0202,0x0202,0x0202,0x110D,0x110A,0x020D,0x180D,
	0x0D0B,0x020D,0x0D0D,0x0D02,0x0218,0x0D18,0x020D,0x180D,
	0x0D0D,0x0D18,0x0D18,0x0D02,0x0218,0x0D18,0x020D,0x180D,
	0x0D0D,0x0218,0x0D18,0x0D02,0x0D0D,0x0218,0x0D18,0x0D02,
	0x0D0D,0x0218,0x0D18,0x0D02,0x0D0D,0x1918,0x0619,0x0000,
	0x0000,0x0000,0x0000,0x0000,0x0000,0x0000,0x0000,0x0000,
	0x0000,0x0000,0x0000,0x0000,0x0000,0x0000,0x0000,0x0000,

	0x0000,0x0000,0x0000,0x0000,0x0000,0x0000,0x0000,0x0000,
	0x0000,0x0000,0x0000,0x0000,0x0000,0x0000,0x0000,0x0000,
	0x0000,0x0000,0x0000,0x0000,0x0000,0x0000,0x0000,0x0000,
	0x0D00,0x0218,0x0D18,0x0D02,0x0D0D,0x1806,0x0D0D,0x000D,
	0x0000,0x0000,0x0000,0x0000,0x0000,0x0000,0x0000,0x0000,
	0x0000,0x0000,0x0000,0x0000,0x0000,0x0000,0x0000,0x0000,
	0x0000,0x0000,0x0000,0x0000,0x0000,0x0000,0x0000,0x0000,
	0x0000,0x0000,0x0000,0x0D00,0x0000,0x0000,0x0000,0x0000,

	0x0000,0x0000,0x0000,0x0000,0x0000,0x0000,0x0000,0x0000,
	0x0000,0x0000,0x0000,0x0000,0x0000,0x0000,0x0000,0x0000,
	0x0000,0x0000,0x0000,0x0000,0x0000,0x0000,0x0000,0x0000,
	0x0000,0x0000,0x0000,0x0000,0x0000,0x0000,0x0000,0x0000,
	0x0000,0x0000,0x0000,0x0D02,0x000D,0x0000,0x0000,0x0000,
	0x0000,0x0000,0x0000,0x0000,0x0000,0x0000,0x0000,0x0000,
	0x0000,0x0000,0x0000,0x0000,0x0000,0x0000,0x0000,0x0000,
	0x0000,0x0000,0x0000,0x0000,0x0000,0x0200,0x0D18,0x0D02,

	0x0000,0x0000,0x0000,0x0000,0x0000,0x0000,0x0000,0x0000,
	0x0000,0x0000,0x0000,0x0000,0x0000,0x0000,0x0000,0x0000,
	0x0000,0x0000,0x0000,0x0000,0x0000,0x0000,0x0000,0x0000,
	0x0000,0x0000,0x0000,0x0000,0x0000,0x0000,0x0000,0x0000,
	0x0000,0x0000,0x0000,0x0000,0x0000,0x0000,0x0000,0x0000,
	0x0000,0x0000,0x0000,0x0000,0x0000,0x0000,0x0000,0x0000,
	0x0000,0x0000,0x0000,0x0000,0x0000,0x0000,0x0000,0x0000,
	0x0000,0x0000,0x0000,0x0000,0x0000,0x0000,0x0000,0x0000,

	0x0202,0x0202,0x0202,0x0202,0x0D18,0x0D07,0x0218,0x0D0D,
	0x0202,0x0202,0x0202,0x0202,0x0718,0x1107,0x0218,0x0D0D,
	0x0B0D,0x0D0D,0x0B0D,0x0D0D,0x0D18,0x180D,0x0D02,0x0D18,
	0x0D0D,0x180D,0x0D0D,0x0D0D,0x0D18,0x180D,0x0D02,0x0D18,
	0x0D0D,0x180D,0x0D0D,0x0D0D,0x0D0D,0x180D,0x0D0D,0x0D0D,
	0x0D0D,0x180D,0x0D0D,0x0D0D,0x0D0D,0x190D,0x0619,0x0000,
	0x0000,0x0000,0x0000,0x0000,0x0000,0x0000,0x0000,0x0000,
	0x0000,0x0000,0x0000,0x0000,0x0000,0x0000,0x0000,0x0000,

	0x0000,0x0000,0x0000,0x0000,0x0000,0x0000,0x0000,0x0000,
	0x0000,0x0000,0x0000,0x0000,0x0000,0x0000,0x0000,0x0000,
	0x0000,0x0000,0x0000,0x0000,0x0000,0x0000,0x0000,0x0000,
	0x0D00,0x180D,0x0D0D,0x0D0D,0x0D0D,0x1806,0x0602,0x0006,
	0x0000,0x0000,0x0000,0x0000,0x0000,0x0000,0x0000,0x0000,
	0x0000,0x0000,0x0000,0x0000,0x0000,0x0000,0x0000,0x0000,
	0x0000,0x0000,0x0000,0x0000,0x0000,0x0000,0x0000,0x0000,
	0x0000,0x0000,0x0000,0x0D00,0x0000,0x0000,0x0000,0x0000,

	0x0000,0x0000,0x0000,0x0000,0x0000,0x0000,0x0000,0x0000,
	0x0000,0x0000,0x0000,0x0000,0x0000,0x0000,0x0000,0x0000,
	0x0000,0x0000,0x0000,0x0000,0x0000,0x0000,0x0000,0x0000,
	0x0000,0x0000,0x0000,0x0000,0x0000,0x0000,0x0000,0x0000,
	0x0000,0x0000,0x0000,0x0D0B,0x000D,0x0000,0x0000,0x0000,
	0x0000,0x0000,0x0000,0x0000,0x0000,0x0000,0x0000,0x0000,
	0x0000,0x0000,0x0000,0x0000,0x0000,0x0000,0x0000,0x0000,
	0x0000,0x0000,0x0000,0x0000,0x0000,0x1800,0x0D0D,0x0D0D,

	0x0000,0x0000,0x0000,0x0000,0x0000,0x0000,0x0000,0x0000,
	0x0000,0x0000,0x0000,0x0000,0x0000,0x0000,0x0000,0x0000,
	0x0000,0x0000,0x0000,0x0000,0x0000,0x0000,0x0000,0x0000,
	0x0000,0x0000,0x0000,0x0000,0x0000,0x0000,0x0000,0x0000,
	0x0000,0x0000,0x0000,0x0000,0x0000,0x0000,0x0000,0x0000,
	0x0000,0x0000,0x0000,0x0000,0x0000,0x0000,0x0000,0x0000,
	0x0000,0x0000,0x0000,0x0000,0x0000,0x0000,0x0000,0x0000,
	0x0000,0x0000,0x0000,0x0000,0x0000,0x0000,0x0000,0x0000,

	0x020D,0x0202,0x0202,0x0202,0x0B0D,0x0B0B,0x020D,0x0D0D,
	0x020D,0x0202,0x0202,0x1802,0x0D0D,0x0D07,0x180D,0x0D0D,
	0x0B0D,0x0D02,0x0D0D,0x020B,0x0D0D,0x1802,0x0D02,0x0D0D,
	0x020D,0x180D,0x0D0D,0x0218,0x0D0D,0x1802,0x0D02,0x0D0D,
	0x020D,0x180D,0x0D0D,0x0218,0x020D,0x180D,0x0D0D,0x0D18,
	0x020D,0x180D,0x0D0D,0x0D18,0x020D,0x0606,0x0619,0x0000,
	0x0000,0x0000,0x0000,0x0000,0x0000,0x0000,0x0000,0x0000,
	0x0000,0x0000,0x0000,0x0000,0x0000,0x0000,0x0000,0x0000,

	0x0000,0x0000,0x0000,0x0000,0x0000,0x0000,0x0000,0x0000,
	0x0000,0x0000,0x0000,0x0000,0x0000,0x0000,0x0000,0x0000,
	0x0000,0x0000,0x0000,0x0000,0x0000,0x0000,0x0000,0x0000,
	0x0200,0x180D,0x0D0D,0x0D18,0x020D,0x0606,0x0606,0x0006,
	0x0000,0x0000,0x0000,0x0000,0x0000,0x0000,0x0000,0x0000,
	0x0000,0x0000,0x0000,0x0000,0x0000,0x0000,0x0000,0x0000,
	0x0000,0x0000,0x0000,0x0000,0x0000,0x0000,0x0000,0x0000,
	0x0000,0x0000,0x0000,0x0D00,0x0000,0x0000,0x0000,0x0000,

	0x0000,0x0000,0x0000,0x0000,0x0000,0x0000,0x0000,0x0000,
	0x0000,0x0000,0x0000,0x0000,0x0000,0x0000,0x0000,0x0000,
	0x0000,0x0000,0x0000,0x0000,0x0000,0x0000,0x0000,0x0000,
	0x0000,0x0000,0x0000,0x0000,0x0000,0x0000,0x0000,0x0000,
	0x0000,0x0000,0x0000,0x0D0B,0x000D,0x0000,0x0000,0x0000,
	0x0000,0x0000,0x0000,0x0000,0x0000,0x0000,0x0000,0x0000,
	0x0000,0x0000,0x0000,0x0000,0x0000,0x0000,0x0000,0x0000,
	0x0000,0x0000,0x0000,0x0000,0x0000,0x1800,0x0D0D,0x0D18,

	0x0000,0x0000,0x0000,0x0000,0x0000,0x0000,0x0000,0x0000,
	0x0000,0x0000,0x0000,0x0000,0x0000,0x0000,0x0000,0x0000,
	0x0000,0x0000,0x0000,0x0000,0x0000,0x0000,0x0000,0x0000,
	0x0000,0x0000,0x0000,0x0000,0x0000,0x0000,0x0000,0x0000,
	0x0000,0x0000,0x0000,0x0000,0x0000,0x0000,0x0000,0x0000,
	0x0000,0x0000,0x0000,0x0000,0x0000,0x0000,0x0000,0x0000,
	0x0000,0x0000,0x0000,0x0000,0x0000,0x0000,0x0000,0x0000,
	0x0000,0x0000,0x0000,0x0000,0x0000,0x0000,0x0000,0x0000,

	0x020D,0x0A07,0x0207,0x0202,0x0202,0x0202,0x0202,0x0D0D,
	0x020D,0x0202,0x0202,0x0202,0x0B0B,0x0B0B,0x020B,0x0D0D,
	0x0B02,0x0B02,0x0D0D,0x0D0B,0x0D02,0x020D,0x0D0D,0x0D0B,
	0x0218,0x0D0D,0x180D,0x0D02,0x0D02,0x020D,0x0D0D,0x0D18,
	0x0D18,0x0D02,0x180D,0x0D02,0x0D18,0x0D02,0x180D,0x0D02,
	0x0D18,0x0D02,0x180D,0x0D02,0x0618,0x0602,0x0206,0x0000,
	0x0000,0x0000,0x0000,0x0000,0x0000,0x0000,0x0000,0x0000,
	0x0000,0x0000,0x0000,0x0000,0x0000,0x0000,0x0000,0x0000,

	0x0000,0x0000,0x0000,0x0000,0x0000,0x0000,0x0000,0x0000,
	0x0000,0x0000,0x0000,0x0000,0x0000,0x0000,0x0000,0x0000,
	0x0000,0x0000,0x0000,0x0000,0x0000,0x0000,0x0000,0x0000,
	0x0D00,0x0D02,0x180D,0x0D02,0x0D18,0x0D02,0x0606,0x000B,
	0x0000,0x0000,0x0000,0x0000,0x0000,0x0000,0x0000,0x0000,
	0x0000,0x0000,0x0000,0x0000,0x0000,0x0000,0x0000,0x0000,
	0x0000,0x0000,0x0000,0x0000,0x0000,0x0000,0x0000,0x0000,
	0x0000,0x0000,0x0000,0x0D00,0x0000,0x0000,0x0000,0x0000,

	0x0000,0x0000,0x0000,0x0000,0x0000,0x0000,0x0000,0x0000,
	0x0000,0x0000,0x0000,0x0000,0x0000,0x0000,0x0000,0x0000,
	0x0000,0x0000,0x0000,0x0000,0x0000,0x0000,0x0000,0x0000,
	0x0000,0x0000,0x0000,0x0000,0x0000,0x0000,0x0000,0x0000,
	0x0000,0x0000,0x0000,0x0D0B,0x0018,0x0000,0x0000,0x0000,
	0x0000,0x0000,0x0000,0x0000,0x0000,0x0000,0x0000,0x0000,
	0x0000,0x0000,0x0000,0x0000,0x0000,0x0000,0x0000,0x0000,
	0x0000,0x0000,0x0000,0x0000,0x0000,0x0D00,0x180D,0x0D02,

	0x0000,0x0000,0x0000,0x0000,0x0000,0x0000,0x0000,0x0000,
	0x0000,0x0000,0x0000,0x0000,0x0000,0x0000,0x0000,0x0000,
	0x0000,0x0000,0x0000,0x0000,0x0000,0x0000,0x0000,0x0000,
	0x0000,0x0000,0x0000,0x0000,0x0000,0x0000,0x0000,0x0000,
	0x0000,0x0000,0x0000,0x0000,0x0000,0x0000,0x0000,0x0000,
	0x0000,0x0000,0x0000,0x0000,0x0000,0x0000,0x0000,0x0000,
	0x0000,0x0000,0x0000,0x0000,0x0000,0x0000,0x0000,0x0000,
	0x0000,0x0000,0x0000,0x0000,0x0000,0x0000,0x0000,0x0000,

	0x180D,0x0707,0x1807,0x0202,0x0202,0x0202,0x0D02,0x0D0D,
	0x0D0D,0x0A07,0x0D07,0x0202,0x0202,0x0202,0x0D02,0x0D0D,
	0x060D,0x0D0B,0x020D,0x0D0B,0x0D0D,0x020D,0x0D0D,0x0B0D,
	0x0D02,0x0B02,0x020D,0x1802,0x0D0D,0x020D,0x0D0D,0x0D0D,
	0x180D,0x0D02,0x180D,0x1802,0x180D,0x0D02,0x180D,0x1802,
	0x180D,0x0D02,0x180D,0x1802,0x0D06,0x020D,0x0606,0x0000,
	0x0000,0x0000,0x0000,0x0000,0x0000,0x0000,0x0000,0x0000,
	0x0000,0x0000,0x0000,0x0000,0x0000,0x0000,0x0000,0x0000,

	0x0000,0x0000,0x0000,0x0000,0x0000,0x0000,0x0000,0x0000,
	0x0000,0x0000,0x0000,0x0000,0x0000,0x0000,0x0000,0x0000,
	0x0000,0x0000,0x0000,0x0000,0x0000,0x0000,0x0000,0x0000,
	0x1800,0x0D02,0x180D,0x1802,0x180D,0x0D02,0x0206,0x000B,
	0x0000,0x0000,0x0000,0x0000,0x0000,0x0000,0x0000,0x0000,
	0x0000,0x0000,0x0000,0x0000,0x0000,0x0000,0x0000,0x0000,
	0x0000,0x0000,0x0000,0x0000,0x0000,0x0000,0x0000,0x0000,
	0x0000,0x0000,0x0000,0x1800,0x0000,0x0000,0x0000,0x0000,

	0x0000,0x0000,0x0000,0x0000,0x0000,0x0000,0x0000,0x0000,
	0x0000,0x0000,0x0000,0x0000,0x0000,0x0000,0x0000,0x0000,
	0x0000,0x0000,0x0000,0x0000,0x0000,0x0000,0x0000,0x0000,
	0x0000,0x0000,0x0000,0x0000,0x0000,0x0000,0x0000,0x0000,
	0x0000,0x0000,0x0000,0x1802,0x000D,0x0000,0x0000,0x0000,
	0x0000,0x0000,0x0000,0x0000,0x0000,0x0000,0x0000,0x0000,
	0x0000,0x0000,0x0000,0x0000,0x0000,0x0000,0x0000,0x0000,
	0x0000,0x0000,0x0000,0x0000,0x0000,0x0D00,0x180D,0x1802,

	0x0000,0x0000,0x0000,0x0000,0x0000,0x0000,0x0000,0x0000,
	0x0000,0x0000,0x0000,0x0000,0x0000,0x0000,0x0000,0x0000,
	0x0000,0x0000,0x0000,0x0000,0x0000,0x0000,0x0000,0x0000,
	0x0000,0x0000,0x0000,0x0000,0x0000,0x0000,0x0000,0x0000,
	0x0000,0x0000,0x0000,0x0000,0x0000,0x0000,0x0000,0x0000,
	0x0000,0x0000,0x0000,0x0000,0x0000,0x0000,0x0000,0x0000,
	0x0000,0x0000,0x0000,0x0000,0x0000,0x0000,0x0000,0x0000,
	0x0000,0x0000,0x0000,0x0000,0x0000,0x0000,0x0000,0x0000,

	0x180D,0x070D,0x180D,0x0202,0x0202,0x0202,0x0202,0x0202,
	0x180D,0x0707,0x1807,0x0202,0x0202,0x0202,0x0202,0x0202,
	0x0202,0x0D0B,0x0D0D,0x0D02,0x180D,0x020D,0x020D,0x0B0D,
	0x0D02,0x0D0B,0x0B02,0x180D,0x180D,0x0D0D,0x020D,0x0D0D,
	0x180D,0x0D0D,0x0D0D,0x180D,0x180D,0x0D0D,0x0D0D,0x180D,
	0x180D,0x0D0D,0x0D0D,0x180D,0x0606,0x0D0D,0x1919,0x0000,
	0x0000,0x0000,0x0000,0x0000,0x0000,0x0000,0x0000,0x0000,
	0x0000,0x0000,0x0000,0x0000,0x0000,0x0000,0x0000,0x0000,

	0x0000,0x0000,0x0000,0x0000,0x0000,0x0000,0x0000,0x0000,
	0x0000,0x0000,0x0000,0x0000,0x0000,0x0000,0x0000,0x0000,
	0x0000,0x0000,0x0000,0x0000,0x0000,0x0000,0x0000,0x0000,
	0x1800,0x0D0D,0x0D0D,0x180D,0x180D,0x060D,0x0D02,0x000B,
	0x0000,0x0000,0x0000,0x0000,0x0000,0x0000,0x0000,0x0000,
	0x0000,0x0000,0x0000,0x0000,0x0000,0x0000,0x0000,0x0000,
	0x0000,0x0000,0x0000,0x0000,0x0000,0x0000,0x0000,0x0000,
	0x0000,0x0000,0x0000,0x1800,0x0000,0x0000,0x0000,0x0000,

	0x0000,0x0000,0x0000,0x0000,0x0000,0x0000,0x0000,0x0000,
	0x0000,0x0000,0x0000,0x0000,0x0000,0x0000,0x0000,0x0000,
	0x0000,0x0000,0x0000,0x0000,0x0000,0x0000,0x0000,0x0000,
	0x0000,0x0000,0x0000,0x0000,0x0000,0x0000,0x0000,0x0000,
	0x0000,0x0000,0x0000,0x180D,0x000D,0x0000,0x0000,0x0000,
	0x0000,0x0000,0x0000,0x0000,0x0000,0x0000,0x0000,0x0000,
	0x0000,0x0000,0x0000,0x0000,0x0000,0x0000,0x0000,0x0000,
	0x0000,0x0000,0x0000,0x0000,0x0000,0x0D00,0x0D0D,0x180D,

	0x0D0D,0x0D0D,0x0000,0x0000,0x0000,0x0000,0x0000,0x0000,
	0x0000,0x0000,0x0000,0x0000,0x0000,0x0000,0x0000,0x0000,
	0x0000,0x0000,0x0000,0x0000,0x0000,0x0000,0x0000,0x0000,
	0x0000,0x0000,0x0000,0x0000,0x0000,0x0000,0x0000,0x0000,
	0x0000,0x0000,0x0000,0x0000,0x0000,0x0000,0x0000,0x0000,
	0x0000,0x0000,0x0000,0x0000,0x0000,0x0000,0x0000,0x0000,
	0x0000,0x0000,0x0000,0x0000,0x0000,0x0000,0x0000,0x0000,
	0x0000,0x0000,0x0000,0x0000,0x0000,0x0000,0x0000,0x0000,

	0x0D02,0x0B0B,0x0D0B,0x0202,0x0D02,0x0202,0x0D02,0x0D02,
	0x0D18,0x0702,0x0D02,0x0218,0x0D02,0x0202,0x0D02,0x0D02,
	0x020B,0x0D0B,0x0D0D,0x0202,0x0D0D,0x0D18,0x0D02,0x0B02,
	0x020D,0x020B,0x0D0B,0x0218,0x0D0D,0x0D18,0x0D02,0x180D,
	0x0D0D,0x0D0D,0x0D18,0x0218,0x0D0D,0x0D0D,0x0D18,0x0218,
	0x0D0D,0x0D0D,0x0D18,0x0218,0x0D0D,0x0B06,0x0619,0x0000,
	0x0000,0x0000,0x0000,0x0000,0x0000,0x0000,0x0000,0x0000,
	0x0000,0x0000,0x0000,0x0000,0x0000,0x0000,0x0000,0x0000,

	0x0000,0x0000,0x0000,0x0000,0x0000,0x0000,0x0000,0x0000,
	0x0000,0x0000,0x0000,0x0000,0x0000,0x0000,0x0000,0x0000,
	0x0000,0x0000,0x0000,0x0000,0x0000,0x0000,0x0000,0x0000,
	0x0D00,0x0D0D,0x0D18,0x0218,0x0D0D,0x060D,0x0B0D,0x0006,
	0x0000,0x0000,0x0000,0x0000,0x0000,0x0000,0x0000,0x0000,
	0x0000,0x0000,0x0000,0x0000,0x0000,0x0000,0x0000,0x0000,
	0x0000,0x0000,0x0000,0x0000,0x0000,0x0000,0x0000,0x0000,
	0x0000,0x0000,0x0000,0x0200,0x0000,0x0000,0x0000,0x0000,

	0x0000,0x0000,0x0000,0x0000,0x0000,0x0000,0x0000,0x0000,
	0x0000,0x0000,0x0000,0x0000,0x0000,0x0000,0x0000,0x0000,
	0x0000,0x0000,0x0000,0x0000,0x0000,0x0000,0x0000,0x0000,
	0x0000,0x0000,0x0000,0x0000,0x0000,0x0000,0x0000,0x0000,
	0x0000,0x0000,0x0000,0x0218,0x000D,0x0000,0x0000,0x0000,
	0x0000,0x0000,0x0000,0x0000,0x0000,0x0000,0x0000,0x0000,
	0x0000,0x0000,0x0000,0x0000,0x0000,0x0000,0x0000,0x0000,
	0x0000,0x0000,0x0000,0x0000,0x0000,0x0D00,0x0D18,0x0218,

	0x0D0D,0x0D18,0x0000,0x0000,0x0000,0x0000,0x0000,0x0000,
	0x0000,0x0000,0x0000,0x0000,0x0000,0x0000,0x0000,0x0000,
	0x0000,0x0000,0x0000,0x0000,0x0000,0x0000,0x0000,0x0000,
	0x0000,0x0000,0x0000,0x0000,0x0000,0x0000,0x0000,0x0000,
	0x0000,0x0000,0x0000,0x0000,0x0000,0x0000,0x0000,0x0000,
	0x0000,0x0000,0x0000,0x0000,0x0000,0x0000,0x0000,0x0000,
	0x0000,0x0000,0x0000,0x0000,0x0000,0x0000,0x0000,0x0000,
	0x0000,0x0000,0x0000,0x0000,0x0000,0x0000,0x0000,0x0000,

	0x020D,0x0202,0x0202,0x0202,0x0D02,0x020D,0x0D0D,0x1802,
	0x0B0D,0x0B0B,0x0B0B,0x0202,0x0D02,0x020D,0x0D0D,0x1802,
	0x020B,0x0D06,0x020D,0x0202,0x0D02,0x0B18,0x0D02,0x020B,
	0x0D02,0x020B,0x0D0B,0x180B,0x0D02,0x0D18,0x0D02,0x0D18,
	0x0D0D,0x0D18,0x180D,0x180D,0x0D0D,0x0D18,0x180D,0x180D,
	0x0D0D,0x0D18,0x180D,0x180D,0x0D0D,0x0D18,0x0206,0x0000,
	0x0000,0x0000,0x0000,0x0000,0x0000,0x0000,0x0000,0x0000,
	0x0000,0x0000,0x0000,0x0000,0x0000,0x0000,0x0000,0x0000,

	0x0000,0x0000,0x0000,0x0000,0x0000,0x0000,0x0000,0x0000,
	0x0000,0x0000,0x0000,0x0000,0x0000,0x0000,0x0000,0x0000,
	0x0000,0x0000,0x0000,0x0000,0x0000,0x0000,0x0000,0x0000,
	0x0D00,0x0D18,0x180D,0x180D,0x0D0D,0x0618,0x0B0D,0x0002,
	0x0000,0x0000,0x0000,0x0000,0x0000,0x0000,0x0000,0x0000,
	0x0000,0x0000,0x0000,0x0000,0x0000,0x0000,0x0000,0x0000,
	0x0000,0x0000,0x0000,0x0000,0x0000,0x0000,0x0000,0x0000,
	0x0000,0x0000,0x0000,0x1800,0x0000,0x0000,0x0000,0x0000,

	0x0000,0x0000,0x0000,0x0000,0x0000,0x0000,0x0000,0x0000,
	0x0000,0x0000,0x0000,0x0000,0x0000,0x0000,0x0000,0x0000,
	0x0000,0x0000,0x0000,0x0000,0x0000,0x0000,0x0000,0x0000,
	0x0000,0x0000,0x0000,0x0000,0x0000,0x0000,0x0000,0x0000,
	0x0000,0x0000,0x0000,0x180D,0x000D,0x0000,0x0000,0x0000,
	0x0000,0x0000,0x0000,0x0000,0x0000,0x0000,0x0000,0x0000,
	0x0000,0x0000,0x0000,0x0000,0x0000,0x0000,0x0000,0x0000,
	0x0000,0x0000,0x0000,0x0000,0x0000,0x0D00,0x180D,0x180D,
};

const unsigned short collisionMapPal[256] __attribute__((aligned(4)))=
{
	0x0000,0x44CE,0x1604,0x152F,0x59E9,0x1239,0x14E2,0x76BB,
	0x1765,0x0087,0x3EB9,0x1962,0x05D3,0x0A87,0x179F,0x050B,
	0x25B1,0x7FFF,0x12BD,0x1173,0x14E9,0x0C6A,0x0550,0x11D6,
	0x132E,0x0442,0x1066,0x2232,0x0000,0x0000,0x0000,0x0000,
	0x0000,0x0000,0x0000,0x0000,0x0000,0x0000,0x0000,0x0000,
	0x0000,0x0000,0x0000,0x0000,0x0000,0x0000,0x0000,0x0000,
	0x0000,0x0000,0x0000,0x0000,0x0000,0x0000,0x0000,0x0000,
	0x0000,0x0000,0x0000,0x0000,0x0000,0x0000,0x0000,0x0000,

	0x0000,0x0000,0x0000,0x0000,0x0000,0x0000,0x0000,0x0000,
	0x0000,0x0000,0x0000,0x0000,0x0000,0x0000,0x0000,0x0000,
	0x0000,0x0000,0x0000,0x0000,0x0000,0x0000,0x0000,0x0000,
	0x0000,0x0000,0x0000,0x0000,0x0000,0x0000,0x0000,0x0000,
	0x0000,0x0000,0x0000,0x0000,0x0000,0x0000,0x0000,0x0000,
	0x0000,0x0000,0x0000,0x0000,0x0000,0x0000,0x0000,0x0000,
	0x0000,0x0000,0x0000,0x0000,0x0000,0x0000,0x0000,0x0000,
	0x0000,0x0000,0x0000,0x0000,0x0000,0x0000,0x0000,0x0000,

	0x0000,0x0000,0x0000,0x0000,0x0000,0x0000,0x0000,0x0000,
	0x0000,0x0000,0x0000,0x0000,0x0000,0x0000,0x0000,0x0000,
	0x0000,0x0000,0x0000,0x0000,0x0000,0x0000,0x0000,0x0000,
	0x0000,0x0000,0x0000,0x0000,0x0000,0x0000,0x0000,0x0000,
	0x0000,0x0000,0x0000,0x0000,0x0000,0x0000,0x0000,0x0000,
	0x0000,0x0000,0x0000,0x0000,0x0000,0x0000,0x0000,0x0000,
	0x0000,0x0000,0x0000,0x0000,0x0000,0x0000,0x0000,0x0000,
	0x0000,0x0000,0x0000,0x0000,0x0000,0x0000,0x0000,0x0000,

	0x0000,0x0000,0x0000,0x0000,0x0000,0x0000,0x0000,0x0000,
	0x0000,0x0000,0x0000,0x0000,0x0000,0x0000,0x0000,0x0000,
	0x0000,0x0000,0x0000,0x0000,0x0000,0x0000,0x0000,0x0000,
	0x0000,0x0000,0x0000,0x0000,0x0000,0x0000,0x0000,0x0000,
	0x0000,0x0000,0x0000,0x0000,0x0000,0x0000,0x0000,0x0000,
	0x0000,0x0000,0x0000,0x0000,0x0000,0x0000,0x0000,0x0000,
	0x0000,0x0000,0x0000,0x0000,0x0000,0x0000,0x0000,0x0000,
	0x0000,0x0000,0x0000,0x0000,0x0000,0x0000,0x0000,0x0000,
};

//}}BLOCK(collisionMap)
