
//{{BLOCK(jungleTiles)

//======================================================================
//
//	jungleTiles, 272x272@4, 
//	+ palette 256 entries, not compressed
//	+ 1156 tiles not compressed
//	Total size: 512 + 36992 = 37504
//
//	Time-stamp: 2025-03-31, 16:11:34
//	Exported by Cearn's GBA Image Transmogrifier, v0.8.3
//	( http://www.coranac.com/projects/#grit )
//
//======================================================================

const unsigned short jungleTilesTiles[18496] __attribute__((aligned(4)))=
{
	0x0000,0x0000,0x0000,0x0000,0x0000,0x0000,0x0000,0x0000,
	0x0000,0x0000,0x0000,0x0000,0x0000,0x0000,0x0000,0x0000,
	0x0000,0x0000,0x0000,0x0000,0x0000,0x0000,0x0000,0x0000,
	0x0000,0x0000,0x0000,0x7000,0x0000,0x5700,0x0000,0x7700,
	0x0000,0x0000,0x0000,0x0000,0x0000,0x0000,0x0000,0x0000,
	0x7000,0x0007,0x6707,0x7777,0xDD7D,0x75D5,0x5555,0x5DCD,
	0x0000,0x0000,0x0000,0x0000,0x0000,0x0000,0x0000,0x0000,
	0x0777,0x0077,0x77D5,0x07DD,0x7775,0x3757,0xDDCD,0x73C6,

	0x0000,0x0000,0x0000,0x0000,0x0000,0x0000,0x0000,0x0000,
	0x0000,0x0000,0x0000,0x0000,0x0073,0x0000,0x07D5,0x0000,
	0x0000,0x0000,0x0000,0x0000,0x0000,0x0000,0x0000,0x0000,
	0x0000,0x0000,0x0000,0x0000,0x0000,0x0000,0x0000,0x0000,
	0x0000,0x0000,0x0000,0x0000,0x0000,0x0000,0x0000,0x0000,
	0x0000,0x0000,0x0000,0x0000,0x0000,0x0000,0x0000,0x0000,
	0x0000,0x0000,0x0000,0x0000,0x0000,0x0000,0x0000,0x0000,
	0x0000,0x0000,0x0000,0x0000,0x0000,0x0000,0x0000,0x0000,

	0x0000,0x0000,0x0000,0x0000,0x0000,0x0000,0x0000,0x0000,
	0x0000,0x0000,0x0000,0x0000,0x0000,0x3300,0x3033,0x5733,
	0x0000,0x0000,0x0000,0x0000,0x0000,0x0000,0x0000,0x0000,
	0x0000,0x0000,0x0000,0x0000,0x0003,0x0000,0x3335,0x0770,
	0x0000,0x0000,0x0000,0x0000,0x0000,0x0000,0x0000,0x0000,
	0x0000,0x0000,0x0000,0x0000,0x0000,0x0000,0x0000,0x0000,
	0x0000,0x0000,0x0000,0x0000,0x0000,0x0000,0x0000,0x0000,
	0x0000,0x0000,0x0000,0x0000,0x0000,0x0000,0x0000,0x0000,

	0x0000,0x0000,0x0000,0x0000,0x0000,0x0000,0x0000,0x0000,
	0x0000,0x0000,0x0000,0x0000,0x0000,0x0000,0x0000,0x0000,
	0x0000,0x0000,0x0000,0x0000,0x0000,0x0000,0x0000,0x0000,
	0x0000,0x0000,0x0000,0x0000,0x0000,0x0000,0x0000,0x0000,
	0x0000,0x0000,0x0000,0x5550,0x0000,0xCC50,0x0000,0xC700,
	0x0000,0xC700,0x0000,0x7000,0x0000,0x7000,0x3370,0x0033,
	0x0000,0x0000,0x0005,0x0000,0x005C,0x7000,0x05CD,0x5700,
	0x5CDD,0x5300,0xDD5C,0x7533,0xD55D,0x3733,0x5753,0x3337,

	0x0000,0x0000,0x5555,0x0055,0xCCCD,0x005D,0xC555,0x0007,
	0x3C77,0x7000,0x3573,0xC700,0xD373,0xD73D,0x3D37,0x7733,
	0x0000,0x0000,0x0000,0x0000,0x55F0,0x0055,0xCC55,0x005D,
	0xCDCD,0x0005,0xCDDC,0x7007,0x55DD,0xD337,0x7757,0x7733,
	0x0000,0x0000,0x0000,0x0000,0x0000,0x0000,0x0000,0x0000,
	0x0000,0x0000,0x5557,0x0005,0xDCCC,0x0005,0x5CD5,0x0000,
	0x0000,0x0000,0x0000,0x0000,0x0000,0x0000,0x0000,0x0000,
	0x0000,0x0000,0x0000,0x0000,0x0000,0x0000,0x0000,0x0000,

	0x0000,0x0000,0x0000,0x0000,0x0000,0x0000,0x0000,0x0000,
	0x0000,0x0000,0x0000,0x0000,0x0000,0x0000,0x0000,0x0000,
	0x0000,0x0000,0x0000,0x0000,0x0000,0x0000,0x0000,0x0000,
	0x0000,0x0000,0x0000,0x0000,0x0000,0x0000,0x0000,0x0000,
	0x0000,0x0000,0x0000,0x0000,0x0000,0x0000,0x0000,0x0000,
	0x0000,0x0000,0x0000,0x0000,0x0000,0x3000,0x0000,0x6330,
	0x0000,0x0000,0x0000,0x0000,0x0000,0x0000,0x0000,0x0000,
	0x0000,0x0000,0x0033,0x0000,0x0775,0x0000,0x0003,0x0000,

	0x0000,0x0000,0x0000,0x0000,0x0000,0x0000,0x0000,0x0000,
	0x0000,0x0000,0x0000,0x0000,0x0000,0x0000,0x0000,0x0000,
	0x0000,0x0000,0x0000,0x0000,0x0000,0x0000,0x0000,0x0000,
	0x0000,0x0000,0x0000,0x0000,0x0000,0x0000,0x0000,0x0000,
	0x0000,0x0000,0x0000,0x0000,0x0000,0x0000,0x0000,0x0000,
	0x0000,0x0000,0x0000,0x0000,0x0000,0x0000,0x0000,0x0000,
	0x0000,0x0000,0x0000,0x0000,0x0000,0x0000,0x0000,0x0000,
	0x0000,0x3300,0x0000,0x6300,0x3330,0x3003,0x6530,0x3037,

	0x0000,0x0000,0x0000,0x0000,0x0000,0x0000,0x0000,0x0000,
	0x0003,0x3330,0x0036,0x3653,0x0356,0x3573,0x3355,0x3357,
	0x0000,0x0000,0x0000,0x0000,0x0000,0x0000,0x0000,0x0000,
	0x0000,0x0000,0x0000,0x0000,0x3300,0x3003,0x6530,0x3003,
	0x0000,0x0000,0x0000,0x0000,0x0000,0x0000,0x0000,0x0000,
	0x0000,0x0000,0x0333,0x0000,0x0365,0x0000,0x03C6,0x3330,
	0x0000,0x0000,0x0000,0x0000,0x0000,0x0000,0x0000,0x0000,
	0x0000,0x0000,0x0000,0x0000,0x0000,0x0000,0x0003,0x0000,

	0x0000,0x0000,0x0000,0x0000,0x0000,0x0000,0x0000,0x0000,
	0x0000,0x0000,0x0000,0x0000,0x0000,0x0000,0x0000,0x0000,
	0x0000,0x0000,0x0000,0x0000,0x0000,0x0000,0x0000,0x0000,
	0x0000,0x0000,0x0000,0x0000,0x0000,0x0000,0x0000,0x0000,
	0x0000,0x0000,0x0000,0x0000,0x0000,0x0000,0x0000,0x0000,
	0x0000,0x0000,0x0000,0x0000,0x0000,0x0000,0x0000,0x7700,
	0x0000,0x5300,0x7550,0x5337,0xCC50,0x5775,0x6C70,0xCCD6,
	0x6570,0x6C5D,0x7300,0xD677,0x3330,0x5D57,0x5337,0x65DD,

	0x5D6C,0x7C66,0x56CC,0x7755,0x56D5,0xD566,0xD55D,0x65D6,
	0x3376,0x6D57,0x5775,0x75DD,0xC5D6,0x7D6C,0xD76C,0x35D6,
	0xDC66,0x7566,0x5757,0xC55D,0xC57C,0x665C,0x667C,0xC6DC,
	0xC656,0x5D75,0x5575,0xD56D,0xD573,0x5CC6,0x573A,0x776D,
	0x7757,0x0077,0x575C,0x0007,0x357C,0x0000,0x5675,0x0773,
	0x6D57,0x07D5,0x556D,0x007D,0xD7C6,0x7736,0x6365,0x6D3C,
	0x0000,0x0000,0x0000,0x0000,0x0000,0x0000,0x0000,0x0000,
	0x0000,0x0000,0x0000,0x0000,0x0005,0x0000,0x0005,0x0000,

	0x0000,0x0000,0x0000,0x0000,0x0000,0x0000,0x0000,0x0000,
	0x0000,0x0000,0x0000,0x0000,0x0000,0x3000,0x0000,0xD300,
	0x0000,0x0000,0x0000,0x3377,0x0000,0x35D7,0x0000,0x3753,
	0x0000,0x5733,0x7333,0x7537,0xD755,0x37DC,0xC75D,0x73DC,
	0x5373,0xD573,0x5753,0xCC57,0x75D5,0xDD57,0xDCCD,0x5D75,
	0xCDC5,0x757D,0x5D57,0x7375,0x3733,0x9993,0x9355,0x999B,
	0x3755,0x0757,0x735C,0x35D5,0x53DC,0x3DCD,0xD77D,0x5CDD,
	0xD535,0x5C55,0x7573,0x7D77,0x3379,0x7757,0x999B,0x5733,

	0x0033,0x0000,0x0037,0x0000,0x7733,0x0000,0x3577,0x0000,
	0x5557,0x0003,0x5D57,0x003D,0xD775,0x003D,0x3755,0x0033,
	0x0000,0x0000,0x0000,0x0000,0x0000,0x0000,0x0000,0x0000,
	0x0000,0x0000,0x0000,0x0000,0x0000,0x0000,0x0000,0x0000,
	0x0000,0x0000,0x0000,0x0000,0x0000,0x0000,0x0000,0x0000,
	0x0000,0x0000,0x0000,0x0000,0x0000,0x0000,0x0000,0x0000,
	0x0000,0x0000,0x0000,0x0000,0x7100,0x7777,0x7000,0xCCCC,
	0x3000,0xD5DC,0x3000,0x575D,0x3000,0x75D5,0x3000,0x3D53,

	0xDC70,0x3375,0xCC70,0xDCCC,0xCD77,0xCDDD,0xCD7D,0x55DD,
	0xD5DC,0x5DDC,0x75DD,0xD573,0x3333,0x5333,0x5557,0x3377,
	0x7753,0x3533,0x3773,0x5773,0xA73D,0x7373,0xA3DC,0x333A,
	0xA375,0x333A,0x9335,0xA3A8,0x8A37,0x9899,0xAA33,0x898A,
	0x3333,0xCD57,0x7333,0xDCC5,0x73A3,0xD5DD,0x73AA,0xDD55,
	0x7A8A,0x5773,0x3A98,0xD5D5,0x7389,0x5DD5,0x33AA,0xDCD5,
	0xDCCC,0x5737,0x5DCD,0x5573,0x7DCD,0x3333,0x35DC,0xCD53,
	0x3355,0x5533,0x35CC,0xD533,0x5CDD,0x5333,0xCDD5,0x3335,

	0x035D,0x0000,0x0033,0x0000,0x0777,0x7773,0x3CCC,0xCCCD,
	0x53CD,0x7CDD,0x533C,0x755D,0x5333,0xCCD7,0x3333,0xDDD5,
	0x0000,0x0000,0x0000,0x0000,0x0007,0x0000,0x0007,0x0000,
	0x0000,0x0000,0x0000,0x0000,0x0077,0x0000,0x77CC,0x0000,
	0x0000,0x0000,0x0000,0x0000,0x0000,0x0000,0x0000,0x0000,
	0x0000,0x0000,0x0000,0x0000,0x0000,0x0000,0x0000,0x0000,
	0x0000,0x0000,0x0000,0x0000,0x0000,0x0000,0x0000,0x0000,
	0x0000,0x0000,0x0000,0x0000,0x0000,0x3300,0x0000,0x5730,

	0x0000,0x5373,0x0000,0x7353,0x0000,0x5373,0x3300,0x6577,
	0x3730,0x6653,0x3773,0x6665,0x7357,0x6565,0x5375,0x6756,
	0x0333,0x0000,0x0355,0x0000,0x3777,0x0000,0x6575,0x0007,
	0x5766,0x0776,0x7655,0x7665,0x5575,0x6533,0x5376,0x7337,
	0x0000,0x0000,0x0000,0x0000,0x0000,0x0000,0x0000,0x0000,
	0x0000,0x0000,0x0077,0x0000,0x0076,0x0000,0x0007,0x0000,
	0x0000,0x0000,0x0000,0x0000,0x0000,0x0000,0x0000,0x0000,
	0x0000,0x0000,0x0000,0x0000,0x0000,0x0000,0x0000,0x0000,

	0x0000,0x0000,0x0000,0x0330,0x0000,0x3530,0x0000,0x7630,
	0x0000,0x5630,0x0000,0x5530,0x3330,0x7533,0xC630,0x5356,
	0x5300,0x3356,0x3330,0x7737,0x5773,0x6735,0xC653,0x635C,
	0xC573,0x5366,0x5337,0x3756,0x7565,0x3333,0x6C6C,0xF3F3,
	0x6633,0xC577,0x5633,0x6675,0x6376,0x7535,0x7565,0x7733,
	0x7556,0x3733,0x3577,0x3333,0x3773,0x73FF,0x7333,0x3663,
	0x7773,0x7337,0xC67C,0x7736,0x6535,0x677C,0x5573,0x6537,
	0x3773,0x5573,0xFF37,0x773F,0xF333,0x3333,0x3FF3,0x6677,

	0x3765,0x3753,0x3333,0x5657,0x75CC,0x3573,0x37C6,0x7335,
	0x7377,0x3566,0x5337,0x5C6C,0x3377,0xCCC7,0x6733,0x3576,
	0x0000,0x0000,0x3333,0x0003,0x6C57,0x0003,0x7655,0x0003,
	0x3567,0x0000,0x0333,0x0000,0x3375,0x0033,0xC673,0x0036,
	0x0000,0x0000,0x0000,0x0000,0x0000,0x0000,0x0000,0x0000,
	0x0000,0x0000,0x0000,0x0000,0x0000,0x0000,0x0000,0x0000,
	0x0000,0x0000,0x0000,0x0000,0x0000,0x0000,0x0000,0x0000,
	0x0000,0x0000,0x0000,0x0000,0x0000,0x0000,0x0000,0x0000,

	0x0000,0x6570,0x0000,0x3370,0x0000,0x3000,0x0000,0x7300,
	0x0000,0x3300,0x0000,0x7000,0x0000,0x5730,0x0000,0x7557,
	0xC37D,0xC7D6,0xC35D,0x757C,0x5733,0x5D57,0x3373,0xD6C7,
	0x5577,0x5CC3,0x5DD5,0x5733,0x76D6,0x6777,0x5766,0xC755,
	0x5775,0x7577,0xDD57,0x5DD5,0x5C65,0x76CD,0x56C7,0x356C,
	0x5D57,0x3775,0x55DD,0x3DDD,0x7766,0x7666,0x73D6,0x36C6,
	0x7573,0xD5D5,0x7DDD,0xC766,0x5666,0x57C6,0x36C6,0x33C5,
	0x75C5,0x7753,0xD777,0xD57D,0x6755,0x6766,0x5757,0x576C,

	0x535D,0x653C,0x77C6,0x7675,0x35CC,0x7737,0x7557,0x7337,
	0x3D55,0x5DD5,0x7D76,0xD6D5,0x3766,0xD777,0x35CC,0x75DD,
	0x0007,0x0000,0x0000,0x0000,0x0000,0x0000,0x0003,0x0000,
	0x0033,0x0000,0x0035,0x0000,0x3375,0x0000,0x57A3,0x0003,
	0x0000,0x3300,0x0000,0x0000,0x0000,0x3000,0x0000,0x7333,
	0x3000,0xD755,0xD300,0xC75D,0x3300,0xC7DD,0x0000,0xCD73,
	0xC7DD,0xD57D,0xC533,0xCD37,0x5373,0xC537,0xA377,0xD73A,
	0xA7DC,0x77A9,0xA7DC,0x3A99,0xA37D,0xAA99,0xA337,0x399A,

	0x77DC,0xB6B9,0x35DC,0x9699,0x737D,0x3B97,0x7577,0x7935,
	0x5573,0x7373,0x3393,0x5757,0x7933,0xDDD5,0x5737,0xCDC3,
	0x9339,0xD773,0x3757,0xD537,0x7555,0x7355,0x9D5D,0x3333,
	0x7DD7,0x5577,0x3797,0xDCD7,0x7375,0xCDD5,0x3953,0xCDC7,
	0x75DC,0x0037,0x5DCC,0x0357,0x75CD,0x3DD5,0x77C5,0x33DD,
	0x37D7,0x0037,0x5777,0x3775,0x7737,0x7DCD,0x5395,0x5CCD,
	0x0000,0x0000,0x0000,0x0000,0x0000,0x0000,0x0000,0x0000,
	0x0000,0x0000,0x0033,0x0000,0x0355,0x0000,0x3DD5,0x0000,

	0x7000,0x3377,0x7000,0xDDCC,0x3000,0x55DC,0x0000,0x5DC3,
	0x0000,0xCC30,0x0000,0x7300,0x7700,0x3337,0xC300,0x35DC,
	0x3333,0x5333,0x35DD,0xD333,0x5555,0xCA33,0x5575,0xCA37,
	0x7755,0xC333,0x555D,0xD333,0x5DD7,0x3337,0x3333,0x3A33,
	0x55DD,0x3355,0xD55D,0xA3CD,0xDD5D,0x335C,0xCDDD,0x5335,
	0x5CDD,0xD533,0x35CC,0xDD53,0x335C,0x5DD3,0x3335,0xDDD5,
	0xAA3A,0x3A33,0x3333,0x775D,0x3377,0x5DDC,0xA75D,0xDDC3,
	0x3555,0xCC3A,0x3DD5,0x7733,0x35DD,0x3333,0x335C,0x3337,

	0x33A3,0xCD53,0x33D5,0x5737,0xA3CD,0x3373,0x3A3C,0x7557,
	0x3333,0x55D7,0x3373,0x5DD5,0x35D3,0xDC57,0x35D7,0xC577,
	0xCDDD,0x733C,0xCDCC,0x733C,0xCCD7,0x735C,0x5333,0x33DD,
	0x3335,0x3353,0x333D,0x7333,0x533C,0x5333,0x553C,0x5533,
	0x3337,0x5553,0x3355,0xCD53,0xD55D,0x7733,0xDDD5,0x3337,
	0x3333,0x7333,0x3377,0x5733,0xDCCD,0xD533,0xCDD5,0x533C,
	0xDCDD,0x0007,0x75CC,0x0007,0x0755,0x0000,0x0077,0x0000,
	0x7755,0x0000,0x5DD5,0x0007,0xDD55,0x0007,0xCD5D,0x0007,

	0x0000,0x0000,0x0000,0x0000,0x0000,0x0000,0x0000,0x0000,
	0x0000,0x0000,0x0000,0x0000,0x0000,0x0000,0x0000,0x0000,
	0x0000,0x3330,0x0000,0x0000,0x0000,0x3000,0x0000,0x3300,
	0x0000,0x7300,0x0000,0x5770,0x0000,0x6567,0x7000,0x6665,
	0x6633,0x5755,0x7773,0x7777,0x7733,0x3337,0x3773,0x3333,
	0x3377,0x3377,0x3375,0x7375,0x5775,0x5736,0x6775,0x6775,
	0x3336,0x3777,0x7335,0x7777,0x7337,0x3565,0x5733,0x5656,
	0x6737,0x6557,0x6737,0x6567,0x6375,0x6767,0x5375,0x5767,

	0x0075,0x0000,0x0763,0x0000,0x7653,0x0000,0x6673,0x0077,
	0x6375,0x7756,0x5376,0x7566,0x7356,0x0777,0x3566,0x0007,
	0x0000,0x0000,0x0000,0x0000,0x0000,0x0000,0x0000,0x0000,
	0x0000,0x0000,0x0000,0x0000,0x0000,0x0000,0x0000,0x0000,
	0x5730,0x5366,0x7300,0x3755,0x3000,0x3773,0x7330,0x7337,
	0x6C30,0x3755,0x6530,0xF756,0x3300,0xF373,0x3330,0xF737,
	0x56CC,0x3F37,0x6557,0xC376,0x6C73,0xC35C,0xCC73,0xCF37,
	0x3775,0x33FF,0x5656,0x35F3,0x356C,0x7737,0x7377,0x5355,

	0x3766,0x5C6C,0x75C6,0x75CC,0xF75C,0x775C,0x3375,0x333F,
	0x3333,0x3777,0x3777,0x3565,0x3565,0x3753,0x36C6,0x5377,
	0x3333,0x6C53,0x37F3,0xC573,0x7557,0x573F,0xC66C,0x7377,
	0x6CC6,0x3373,0x7557,0x5333,0x333F,0x5377,0x7366,0x6357,
	0xC53C,0x77C6,0x573C,0x3FCC,0x733C,0x73C5,0x3333,0x5737,
	0x3FFF,0x6553,0xF337,0xC563,0x3375,0xC653,0xF356,0x3373,
	0x5C65,0x0037,0x7557,0x0003,0x3FF3,0x0000,0x3773,0x0003,
	0x5573,0x0037,0x6553,0x0376,0x7757,0x0333,0x3377,0x0000,

	0x0000,0x0000,0x0000,0x0000,0x0000,0x0000,0x0000,0x0000,
	0x0000,0x0000,0x0000,0x0000,0x0000,0x0000,0x0000,0x0000,
	0x0000,0x0000,0x0000,0x0000,0x0000,0x0000,0x0000,0x0000,
	0x0000,0x0000,0x0000,0x0000,0x0000,0x0000,0x0000,0x0000,
	0x0000,0x3DD3,0x3300,0x36D6,0x7730,0x7566,0x3330,0xD737,
	0x3000,0xD657,0x3330,0x6653,0xDD30,0x3737,0x5300,0x73A5,
	0xD577,0xC35D,0xD635,0x5776,0x6675,0x7375,0x333D,0x3757,
	0x5776,0x57DD,0x7557,0xD7D6,0x3DD7,0x6356,0x3D63,0x6777,

	0x3375,0x75C5,0x3735,0x3377,0x5537,0x7735,0xDD73,0x357D,
	0x6D75,0x353D,0x657D,0x7735,0x775D,0x55A7,0x3735,0xDDA3,
	0x7733,0x735C,0x35D5,0x5377,0x3DDD,0xD357,0x3D6D,0x6755,
	0x7565,0x77D5,0x7373,0x5577,0xDD37,0xDD3D,0x657D,0x6D35,
	0x7557,0x36D6,0x7575,0x3665,0x375D,0x7757,0xA3DD,0xD775,
	0xA766,0xD7DD,0x3737,0x576D,0x7573,0x7565,0xDD53,0x5737,
	0x65AA,0x003D,0x33A7,0x0033,0x3A35,0x0000,0x73AD,0x0003,
	0x5736,0x0337,0x3776,0x03D5,0x7735,0x0033,0x7537,0x0035,

	0x0000,0x5730,0x0000,0x3300,0x3000,0x5D73,0x7300,0x5CD7,
	0x5530,0x7DC7,0x7D30,0x37CD,0x7330,0x3757,0x0000,0x53AA,
	0x33A7,0x799A,0x3A9A,0x53A3,0x3A9A,0x7537,0x739A,0x3755,
	0xD79A,0x77DC,0xC79A,0xA5DD,0xC79A,0xA7CD,0xC537,0x935C,
	0x7575,0xCCC3,0x5DDD,0x5C57,0x7CDC,0x7575,0x3CCC,0x9733,
	0x75C5,0x99A3,0x3757,0x93A3,0x3379,0x3737,0x739A,0x7555,
	0x9993,0xCC53,0x3797,0xC577,0x7579,0x7775,0xDD57,0x375D,
	0xDC75,0x357C,0xCC39,0x333C,0xC579,0x7375,0x5793,0x5737,

	0x3935,0x7CD7,0x5577,0xDC77,0xCD77,0x757D,0xDD55,0x775C,
	0xDC7A,0x937C,0xC53A,0x9A5C,0x5377,0xAA5C,0x3755,0xA3A3,
	0x33DD,0x0000,0x7337,0x0777,0xD733,0x07CC,0x7999,0x07D5,
	0x99BB,0x0075,0x7779,0x0007,0xCD7A,0x007D,0xDD53,0x007C,
	0xC300,0x555D,0x5300,0x5DCC,0x3000,0xDD53,0x0000,0x3330,
	0x0000,0x5300,0x0000,0x5D33,0x3000,0x555D,0xD300,0xDDD5,
	0x3337,0x3AAA,0xA377,0x333A,0xAA3D,0x7553,0xAA33,0x75D5,
	0x3337,0x555D,0xC355,0xDD5D,0xC37D,0x55DC,0xC3A7,0x333D,

	0x3333,0xCCDC,0x3333,0x5DCC,0x3333,0x3555,0x3775,0x3333,
	0xA5DD,0x3333,0xA35D,0x77D5,0xAA33,0x57DD,0xAAAA,0x55DD,
	0x3335,0x775D,0x7333,0x55DC,0x7A33,0x5DDC,0x3333,0x5DCD,
	0x3757,0xDDC7,0xA7D5,0xDDC3,0x37DD,0xDCD3,0xA35D,0xCD33,
	0x35C5,0x3333,0x35CD,0x3333,0x35CD,0x5533,0x35CD,0xD553,
	0x35CD,0xD5D3,0x33CD,0xD5D3,0x335C,0xDDD3,0x333D,0xDDD3,
	0xD535,0xDD53,0xD333,0xD533,0x5333,0x333A,0x3335,0x33AA,
	0xA35D,0xAAA3,0x335D,0x3A3A,0xA35C,0x33A3,0x333C,0x3A33,

	0xD55D,0x33CC,0x5DCC,0x3DCD,0xCCD5,0x3CDD,0xD533,0x3CCC,
	0x3333,0x3C53,0x3333,0x3333,0x7333,0x7377,0x7773,0x3557,
	0xCDDC,0x007D,0xDDC5,0x007C,0xDC53,0x007C,0xCD33,0x007C,
	0xD333,0x007C,0x3D57,0x0777,0x5C55,0x0000,0x5C57,0x0000,
	0x0000,0x0000,0x0000,0x0000,0x0000,0x7000,0x0000,0x7000,
	0x0000,0x0000,0x0000,0x0000,0x0000,0x0000,0x0000,0x7700,
	0x5700,0x5566,0x6677,0x7355,0x5665,0x7533,0x3777,0x5533,
	0x3000,0x6535,0x3000,0x6655,0x5377,0x6666,0x6536,0x6666,

	0x6577,0x6575,0x6677,0x6577,0x5666,0x6737,0x7777,0x6533,
	0x3375,0x5673,0x7375,0x5737,0x5377,0x6737,0x6537,0x5677,
	0x7356,0x5765,0x3766,0x5757,0x5566,0x7777,0x5656,0x3337,
	0x7656,0x3377,0x7556,0x3376,0x7756,0x3765,0x7765,0x7565,
	0x5666,0x0073,0x6676,0x0756,0x5765,0x7637,0x5757,0x5637,
	0x5773,0x6575,0x5733,0x5776,0x5733,0x7765,0x7337,0x7565,
	0x0000,0x0000,0x0000,0x0000,0x0000,0x0000,0x0007,0x0000,
	0x0775,0x0000,0x7566,0x0007,0x5555,0x0007,0x7777,0x0000,

	0x6530,0x3756,0x5300,0x7565,0x3A00,0x5333,0x0000,0x7333,
	0x0000,0x3330,0x3000,0x3773,0x7300,0x3755,0x3300,0x7333,
	0x6333,0x6355,0x5733,0x5766,0x7575,0x3333,0x3777,0x3377,
	0x5377,0x7377,0x6333,0x5357,0x6377,0x7735,0x3377,0x3773,
	0x75CC,0x6355,0x6356,0x73C6,0x6733,0x33CC,0x5377,0xF356,
	0x3357,0x3333,0x3365,0x7337,0x3376,0x5775,0x3F33,0x6575,
	0x73CC,0x6365,0x3375,0x73C6,0x3337,0x7367,0x73F3,0x3353,
	0x333F,0xF333,0x7373,0x3F37,0x3733,0x3335,0x5533,0x7336,

	0x3F7C,0x5733,0x3376,0x5733,0x7733,0x7337,0x5733,0x3357,
	0x7333,0x3575,0x33FF,0x6657,0x3333,0x3333,0x7737,0x7737,
	0x3765,0x0000,0x7756,0x0033,0x7377,0x0365,0x7333,0x3657,
	0x373F,0x3333,0x5733,0x0035,0x3373,0x0366,0x7733,0x0333,
	0x0000,0x0000,0x0000,0x0000,0x0000,0x0000,0x0000,0x0000,
	0x0000,0x0000,0x0000,0x0000,0x0000,0x0000,0x0000,0x0000,
	0x0000,0x0000,0x0000,0x0000,0x0000,0x0000,0x0000,0x0000,
	0x0000,0x0000,0x0000,0x0000,0x0000,0x0000,0x0000,0x0000,

	0x7377,0x3A33,0x5DD7,0x8A77,0x75D3,0xA855,0x3330,0xDA5D,
	0x35D3,0x8A7D,0x7733,0x3A33,0x5300,0x7375,0xD300,0x7A35,
	0x7563,0x5355,0x3737,0x77DD,0x3755,0x53D6,0x73D5,0x5756,
	0x73DD,0x7333,0x737D,0x5375,0x5D83,0xD755,0xD837,0x63D5,
	0x5573,0x6D38,0xDDD3,0x653D,0xD6D3,0x778D,0x5657,0xDD8D,
	0x3775,0x6D3D,0x883D,0x65A8,0x3D3D,0xAA37,0x783D,0xAA77,
	0x773D,0x6577,0xD375,0x57DD,0xD737,0x77D6,0x537D,0x3356,
	0x337D,0x7373,0x7A35,0x3777,0x7AAA,0x7555,0x3A33,0x3D5D,

	0x6D73,0xDD33,0x6537,0x6DA3,0x57A3,0x65A7,0xAA37,0x57AA,
	0x3755,0x73AA,0x37D5,0xAAA3,0x7365,0x3A37,0x5AD7,0x7A7D,
	0x5733,0x337D,0x3373,0x3577,0x3777,0x3D57,0x7557,0x0333,
	0x7D53,0x3577,0x3D73,0x3D57,0x7737,0x3333,0x5355,0x0037,
	0xA000,0x753A,0xA000,0x7D3A,0x3300,0xDD3A,0x3530,0x7D53,
	0x5DD3,0xA333,0xDD33,0xA3AA,0x7300,0x753A,0x0000,0x3753,
	0xC5A3,0x39A5,0x57A5,0x7337,0xAA3A,0x55A3,0x375A,0xD7AA,
	0x57DA,0x5399,0xADDA,0x7A99,0x37DA,0x3A9A,0x33A3,0xAAA3,

	0x373A,0x3D5D,0xA373,0xA5DD,0x3555,0x37D7,0xA7D5,0x5373,
	0x93DD,0x753A,0x9A7D,0xA9A9,0x9A37,0xA999,0xAAAA,0xA9B9,
	0x73A7,0xD373,0x33A3,0xDA33,0x3737,0x73AA,0x5555,0x3AA3,
	0x7D5D,0xAA35,0xADD5,0x7373,0x37D7,0x5557,0x3A73,0xD5D3,
	0x73D5,0x573A,0xAA5D,0x73AA,0x3A7D,0x75A3,0x73A7,0xDA35,
	0x3AA3,0x7357,0x5AA3,0x33D7,0xAA37,0x53DD,0x3373,0x77D7,
	0xDC73,0x007C,0xC535,0x007C,0x573D,0x07DC,0x7A3D,0x0777,
	0x0A3D,0x0000,0xA3A3,0x0000,0xAAA3,0x0000,0x0035,0x0000,

	0xC300,0x7DDD,0xC300,0x3335,0x3300,0x3333,0x0000,0x7733,
	0x0000,0x7753,0x3000,0x37D5,0x3000,0x537D,0x3000,0x557D,
	0x3AA3,0x3AAA,0xA333,0x337A,0x3333,0x7337,0x7333,0x7737,
	0x7373,0x5735,0x5A75,0x5575,0xDA77,0x5575,0xDA37,0xD555,
	0xA333,0xD5DC,0xA333,0xDDDC,0x3377,0xCDDC,0x3375,0xDCDC,
	0x33D5,0x3DCD,0x33DD,0xA7D7,0xA37D,0xA373,0xA377,0x3A3A,
	0x3A7C,0x533A,0xAA3C,0x33A3,0x88A5,0x3AAA,0xA8A3,0x3A33,
	0x3A8A,0x3337,0x73AA,0x7375,0x53A3,0x5355,0xD3A3,0x5755,

	0xA335,0xCDC3,0xAA33,0x5C53,0xA3A3,0x7D3A,0x33A3,0x353A,
	0x3A37,0x3333,0xA375,0xA33A,0xA355,0xA33A,0xA3D5,0xA33A,
	0x333D,0x3333,0x3333,0xD553,0x3333,0x5533,0x53A3,0x5555,
	0x5A8A,0xDDDD,0x33A8,0xDCD5,0x333A,0xCD53,0x773A,0x5333,
	0x5533,0x5D55,0x535D,0xD55D,0x35DD,0xCDD3,0x3DCD,0xD533,
	0x3CD5,0x5333,0x3CDD,0x33AA,0x5CDD,0x3AAA,0xDCCC,0x3AA3,
	0x5CD3,0x0000,0x5CD3,0x0000,0x3CD3,0x0000,0x5CC3,0x0000,
	0x35D3,0x0000,0x3553,0x0000,0x3333,0x0000,0x0033,0x0000,

	0x0000,0x6577,0x7000,0x5665,0x5700,0x3556,0x5700,0x3355,
	0x7700,0x7337,0x0000,0x7333,0x0000,0x3330,0x0000,0x7330,
	0x7773,0x6757,0x6777,0x5775,0x6657,0x3375,0x5667,0x5337,
	0x5765,0x6533,0x7335,0x6677,0x3377,0x5657,0x3355,0x5565,
	0x6673,0x7775,0x5657,0x3375,0x7665,0x3375,0x7656,0x3375,
	0x5655,0x7337,0x7657,0x3337,0x7567,0x7733,0x3757,0x7773,
	0x5766,0x5655,0x7767,0x6675,0x5777,0x6675,0x5577,0x6657,
	0x7757,0x6655,0x5773,0x5665,0x5737,0x5566,0x7737,0x6755,

	0x7337,0x5655,0x7737,0x6553,0x7375,0x6577,0x5556,0x7775,
	0x7666,0x3773,0x3756,0x5377,0x3566,0x6577,0x5665,0x6573,
	0x0077,0x0000,0x0775,0x0000,0x0356,0x0000,0x0355,0x0000,
	0x3777,0x0000,0x3533,0x0000,0x6577,0x0003,0x5736,0x0036,
	0x3A00,0x6377,0x5300,0x7375,0x3300,0x7533,0xA000,0x563A,
	0x0000,0x333A,0xA000,0x3373,0x3000,0x3737,0x3000,0x3375,
	0x3555,0x7753,0x3766,0x5567,0x3337,0x6673,0x3F37,0x7733,
	0xF333,0x33F3,0x3737,0x7733,0x3377,0x753F,0x3333,0x5733,

	0x3337,0x3663,0x7735,0x3333,0x7773,0x7737,0x5753,0x7537,
	0x5533,0x5333,0x3533,0x73F3,0x3333,0x3F33,0x7373,0x33F3,
	0x63F3,0x7337,0x3333,0x3773,0x3773,0x3773,0x3577,0x5753,
	0x3355,0x6553,0xF376,0x6673,0x3F37,0x7333,0x3333,0x3373,
	0x5635,0x5536,0x6735,0x5737,0x7337,0x6353,0x3333,0x7365,
	0x3733,0x3337,0x3333,0x7737,0x7357,0x7535,0x5365,0x5736,
	0x6737,0x0035,0x7336,0x0366,0x3736,0x0333,0x3336,0x000A,
	0x7733,0x0003,0x7537,0x0035,0x5737,0x0036,0x3337,0x0033,

	0x0000,0x0000,0x0000,0x0000,0x0000,0x0000,0x0000,0x0000,
	0x0000,0x0000,0x0000,0x0000,0x0000,0x0000,0x0000,0x0000,
	0x0000,0x0000,0x0000,0x0000,0x0000,0x0000,0x0000,0x0000,
	0x0000,0x0000,0x0000,0x0000,0x0000,0x0000,0x0000,0x0000,
	0xD300,0x53A7,0xA300,0xD73A,0x3000,0xD377,0x3000,0x5355,
	0xD300,0xA3D5,0xD300,0x7A7D,0x3000,0x5733,0x3000,0x5755,
	0xD375,0x67DD,0x7735,0x535D,0x37A5,0xAA37,0x73A7,0xA3D8,
	0xAA33,0x7D83,0xAA77,0x5D3A,0x73D5,0x3837,0x53DD,0x3755,

	0x5385,0x7A55,0xDAA7,0x53D5,0xD7A3,0xDADD,0x533A,0xDA5D,
	0x3377,0x5A33,0x7A75,0x3377,0x5A35,0x3757,0x5A87,0xA375,
	0xA377,0x7DD7,0x3755,0x533A,0x57D5,0x5375,0x536D,0xD755,
	0xD35D,0x73D5,0x7A77,0x3A6D,0x7AAA,0xAA53,0xA373,0xAA73,
	0x5A73,0x3AD5,0x5375,0x336D,0x7A55,0x77D7,0xA3D5,0x3773,
	0x37DD,0x3AAA,0x7357,0x5377,0x5A73,0x5355,0xDA3A,0x7AD5,
	0xAAD5,0x0003,0x37D7,0x000A,0x5733,0x003D,0xD577,0x0036,
	0x73AA,0x0037,0x33D5,0x0033,0x576D,0x0035,0xD37D,0x03D5,

	0x0000,0x57D3,0x0000,0xADD3,0x3000,0x37D5,0x3000,0xAA33,
	0x0000,0xA3A0,0x0000,0x7373,0x0000,0x5753,0x0000,0x35D3,
	0xAA3A,0x9A3A,0x7533,0xAAA3,0x375A,0xA3AA,0x57DA,0x373A,
	0x3DD3,0x5573,0xA7DA,0x5D37,0xAAAA,0xD5A3,0xA33A,0x573A,
	0x99B9,0xAA9B,0x99AA,0x9A9B,0x9AA3,0x3A99,0xAA37,0x73AA,
	0x9375,0x37A3,0xA73D,0xA3AA,0x3AAD,0x3737,0x7337,0x7575,
	0x9AA9,0xDD5A,0x93A3,0x7D73,0x3737,0x3739,0x7555,0xA3A3,
	0x3D5D,0x3AA7,0xADD5,0xA333,0x37D7,0x3737,0x7373,0x7775,

	0xAA3A,0x533A,0x9AA3,0xDAAA,0x9AA3,0x73A9,0x9A33,0xAAA9,
	0x9357,0x99B9,0xA573,0xA999,0x3D75,0xAAA9,0x3DD3,0xA99A,
	0x003D,0x0000,0x333D,0x0003,0x573D,0x0035,0x5733,0x03DD,
	0xD7AA,0x033D,0x7A3A,0x0003,0x3737,0x0000,0x3575,0x0000,
	0xD300,0xD555,0xC300,0x7D5D,0xC300,0x37DC,0x3300,0xA333,
	0x0000,0xA000,0x0000,0xA300,0x0000,0x3330,0x0000,0x3333,
	0x5A37,0x7D5D,0x33A3,0x77D5,0xA33A,0x3757,0x3A33,0x3377,
	0x3AA3,0x3333,0x3AAA,0x3773,0x73AA,0x3757,0x5333,0xA375,

	0xAA37,0x33AA,0x3AA3,0xAA33,0x33AA,0x3333,0x7733,0x3733,
	0x7773,0x3773,0x7573,0x3577,0x557A,0x3577,0x5D7A,0x3D57,
	0xC3AA,0x555D,0x7A33,0xD5DC,0x3A33,0xCDCD,0xA333,0xDCD3,
	0xA373,0x3D3A,0x3773,0xA33A,0x3533,0xA3AA,0x3533,0xAAA3,
	0xA3CD,0x3373,0x3A3C,0x3777,0x7AAD,0x5555,0x53A3,0xD55D,
	0xD3AA,0xDD5D,0xD3AA,0xCD5D,0xD3AA,0xCDDD,0x53A3,0xCDDD,
	0x5733,0x3337,0xD733,0x3377,0xD737,0x3775,0xC737,0x35DD,
	0xD335,0x3DDC,0x5335,0x3DCD,0x3335,0x35C5,0x3337,0x33D3,

	0xCD57,0x33A3,0xC533,0x33A3,0x533A,0x33A3,0x33AA,0x73A3,
	0x3A3A,0x73A3,0xA333,0x53A3,0x3333,0x5333,0x7733,0x7373,
	0x0033,0x0000,0x0035,0x0000,0x003D,0x0000,0x03CD,0x0000,
	0x05CD,0x0000,0x05CD,0x0000,0x05DD,0x0000,0x03D5,0x0000,
	0x0000,0x5730,0x0000,0x6670,0x0000,0x6667,0x7700,0x5665,
	0x6530,0x5666,0x5657,0x7565,0x7567,0x7566,0x5777,0x3776,
	0x3756,0x7573,0x7566,0x7733,0x5655,0x3337,0x7677,0x7375,
	0x3757,0x5375,0x3357,0x5573,0x3337,0x5657,0x7333,0x6665,

	0x3377,0x6557,0x3337,0x6657,0x7773,0x6555,0x7755,0x6576,
	0x7755,0x5576,0x7356,0x5675,0x3366,0x7677,0x3566,0x7573,
	0x7735,0x6775,0x3376,0x6737,0x3376,0x7333,0x3756,0x3773,
	0x3756,0x7557,0x3756,0x5657,0x3755,0x6655,0x3375,0x6565,
	0x5667,0x5773,0x6667,0x5756,0x5567,0x7733,0x7567,0x7773,
	0x7753,0x7773,0x3373,0x5733,0x3377,0x5733,0x7776,0x5333,
	0x7366,0x0A36,0x6665,0xA357,0x6555,0xA333,0x5577,0x0375,
	0x3777,0x0033,0x3355,0x0000,0x7566,0x0000,0x5665,0x0077,

	0x3000,0x3A33,0x0000,0x3AAA,0x0000,0x3A00,0x0000,0x3300,
	0x0000,0xA000,0x0000,0x0000,0x0000,0x0000,0x0000,0x0000,
	0x7337,0x33F3,0x7735,0x3F33,0x3757,0x3F3A,0xA333,0xA33A,
	0x00AA,0x0AAA,0x0000,0x0000,0x0000,0x0000,0x0000,0x0000,
	0x5753,0xFF33,0x7563,0xF373,0x3333,0xF333,0x7373,0x3333,
	0x3773,0x3AA3,0x3573,0x00AA,0xA33A,0x0000,0x0000,0x0000,
	0x3FF3,0x3577,0x33FF,0x3665,0x33F3,0x3353,0x733F,0xA733,
	0x3333,0x0577,0xAAAA,0x0357,0xA000,0x0A33,0x0000,0x0000,

	0x7333,0x3336,0x3373,0x3733,0x3755,0x73AA,0xA333,0x3A00,
	0x0000,0x0000,0x0000,0x0000,0x0000,0x0000,0x0000,0x0000,
	0x0A33,0x0000,0x0037,0x0000,0x0035,0x0000,0x0033,0x0000,
	0x0000,0x0000,0x0000,0x0000,0x0000,0x0000,0x0000,0x0000,
	0x0000,0x0000,0x0000,0x0000,0x0000,0x0000,0x0000,0x0000,
	0x0000,0x0000,0x0000,0x0000,0x0000,0x0000,0x0000,0x0000,
	0x0000,0x0000,0x0000,0x0000,0x0000,0x0000,0x0000,0x0000,
	0x0000,0x0000,0x0000,0x0000,0x0000,0x0000,0x0000,0x0000,

	0x5300,0x73D5,0xD700,0x377D,0x7700,0xA373,0x0000,0xAAAA,
	0x0000,0x33A0,0x0000,0x73A0,0x0000,0xA7A0,0x0000,0xAAA0,
	0xDA5D,0x73D5,0xDAAA,0x737D,0x7A77,0xAA3D,0xAA73,0x7733,
	0x73AA,0x55A7,0x753A,0x53A5,0x553A,0x3AA3,0x3AAA,0x775A,
	0x3388,0xAA33,0x7733,0xAAA7,0x57A3,0xAAA7,0x53A7,0x3AA3,
	0x3837,0x73AA,0x8873,0x77AA,0xD353,0x75A8,0x8353,0x53AD,
	0xA777,0xA33A,0x3575,0x777A,0xA573,0x777A,0xA35A,0x575A,
	0x3A33,0xD5AA,0x73A7,0x85A7,0x77A5,0x88A7,0x75A5,0x8D35,

	0x7373,0xAA6D,0x3AAA,0x3A75,0x357A,0x3AA3,0xA55A,0xA377,
	0xA35A,0xA575,0xAA3A,0x3D53,0x577A,0xAA3A,0x557A,0x37A3,
	0x773A,0x076D,0x7AA3,0x0773,0x3AA7,0x0003,0xA337,0x0000,
	0xA37A,0x0000,0xA7AA,0x0000,0xAAAA,0x0000,0x00A3,0x0000,
	0x0000,0x37D3,0x0000,0x3333,0x0000,0x3000,0x0000,0xD300,
	0x0000,0x3300,0x0000,0x0000,0x0000,0xA000,0x0000,0x7A00,
	0x3737,0x73AA,0x3575,0xAAAA,0xA35D,0x3A33,0xA37D,0x7A37,
	0x3A33,0xAA77,0xA9AA,0xA997,0xB99A,0x3999,0x9933,0xAA39,

	0x3AA3,0x3D75,0xA333,0xA5D5,0x3737,0x3757,0x5577,0x7373,
	0x3D55,0xAA3A,0xADD5,0xA373,0x3757,0x3377,0xA373,0x5753,
	0x3AAA,0x3575,0xA3A3,0x3D55,0x3737,0xA757,0x7535,0x9373,
	0xAD75,0x993A,0xA5D5,0x9999,0x9757,0xA999,0x9373,0x7A9B,
	0x3D7A,0x9B9A,0x333A,0x99AA,0xAA99,0xAA3A,0xAA99,0x3737,
	0x3AA9,0x3575,0x5A3A,0x3D5A,0x73A3,0x3D73,0x3373,0x3337,
	0x3D5A,0x0000,0x3D73,0x0000,0x333A,0x0000,0x0AAA,0x0000,
	0x00A0,0x0000,0x0000,0x0000,0x0000,0x0000,0x0000,0x0000,

	0x0000,0x3773,0x0000,0x7753,0x0000,0x77D3,0x0000,0x57D3,
	0x0000,0x3DD3,0x0000,0x0357,0x7000,0x0037,0x0000,0x0000,
	0x5333,0x3AA7,0x3A37,0x3333,0xA335,0x3373,0xA333,0x3377,
	0x3333,0xA377,0x3373,0xAA37,0x3353,0xAA33,0x37D3,0x3A37,
	0x5D3A,0x3D55,0xD5A3,0x33D5,0x7AA3,0x733D,0x3AAA,0x7737,
	0xAA3A,0x7533,0xAA33,0x553A,0xA337,0x573A,0x3377,0x53AA,
	0x3333,0xAAA3,0x3333,0x3A37,0x3333,0x3375,0x3333,0x7755,
	0x3337,0x7557,0x33A5,0x5553,0x3333,0xD573,0x333A,0x5733,

	0x7A33,0xDCDD,0x3A37,0x5CDC,0xAA57,0x3DC5,0xA3D7,0x35D3,
	0xA3D5,0xA35A,0x3A5D,0xAA3A,0x3A3D,0x3AAA,0xAAA7,0x3333,
	0x3333,0x3353,0x3733,0x3333,0x753A,0x3333,0x557A,0x3333,
	0x573A,0x3333,0x7333,0x7333,0x33A3,0x533A,0xAAA3,0x537A,
	0x7573,0x3773,0x5753,0x3753,0x5573,0x3557,0x5D33,0x3D55,
	0xD533,0x33D5,0x5333,0x035D,0x3333,0x0035,0x3003,0x0003,
	0x03D7,0x0000,0x0353,0x0000,0x3333,0x0000,0x0000,0x0000,
	0x0000,0x0000,0x0000,0x0000,0x0000,0x0000,0x0000,0x0000,

	0x7577,0x3337,0x3730,0x5530,0x0000,0x7333,0x3000,0x3333,
	0x3300,0x5333,0x0000,0x3330,0x0000,0x3773,0x3000,0x7765,
	0x6666,0x6566,0x5555,0x6656,0x6577,0x6676,0x6665,0x5675,
	0x5555,0x5667,0x3377,0x7565,0x7333,0x7656,0x6773,0x7675,
	0x7565,0x7773,0x7665,0x7733,0x5667,0x3337,0x5657,0x3377,
	0x6677,0x3375,0x6577,0x5776,0x5733,0x5775,0x7333,0x5337,
	0x3375,0x5565,0x6735,0x6556,0x7737,0x6657,0x7553,0x5657,
	0x7665,0x5557,0x7566,0x5655,0x7766,0x7657,0x3766,0x7665,

	0x5566,0x7777,0x6666,0x5566,0x7666,0x6665,0x6656,0x7776,
	0x6566,0x3766,0x7566,0x5665,0x6666,0x5577,0x6656,0x7756,
	0x6655,0x0756,0x6665,0x3666,0x5657,0x3775,0x6677,0x0373,
	0x6573,0x0036,0x5733,0x0766,0x7737,0x0775,0x3333,0x0003,
	0x0000,0x0000,0x0000,0x0000,0x0000,0x0AA0,0x0000,0xA5A0,
	0x0000,0x76A0,0x0000,0x56A0,0x0000,0x55A0,0xAAA0,0x75AA,
	0x0000,0xA000,0x0000,0x7A00,0xAAA0,0xAAA7,0x577A,0x6A75,
	0xC65A,0xC75C,0xC57A,0x6A66,0x5AA7,0x7A56,0x7565,0xFFFA,

	0x0AAA,0xAAA0,0xA765,0xA75A,0xAAA7,0x5657,0x776C,0xA57A,
	0xA7C6,0x7AA5,0x7A65,0xA566,0x53A5,0x5C6C,0xAAFA,0xCCC7,
	0x000A,0x0000,0x0000,0x0000,0xAAAA,0x000A,0x6C57,0x000A,
	0x7655,0x000A,0xA567,0x0000,0x0AAA,0x0000,0xAA75,0x00AA,
	0x0000,0x0000,0x0000,0x0000,0x0000,0x0000,0x0000,0x0000,
	0x0000,0x0000,0x0000,0x0000,0x0000,0x0000,0x0000,0x0000,
	0x0000,0x0000,0x0000,0x0000,0x0000,0x0000,0x0000,0x0000,
	0x0000,0x0000,0x0000,0x0000,0x0000,0x0000,0x0000,0x0000,

	0x0000,0x0000,0x0000,0x0000,0x0000,0x0000,0x0000,0x0000,
	0x0000,0x0000,0x0000,0x0000,0x0000,0x0000,0x0000,0x0000,
	0x0000,0x0000,0x0000,0x0000,0x0000,0x0000,0x0000,0x0000,
	0x0000,0x0000,0x0000,0x0000,0x0000,0x0000,0x0000,0x0000,
	0x0000,0xA000,0x0000,0xA000,0x0000,0xA000,0x0000,0x0000,
	0x0000,0x0000,0x0000,0x0000,0x0000,0x0000,0x0000,0x0000,
	0xA733,0x7553,0xAA77,0x3533,0xA3AA,0xA3AA,0xAAA0,0xAAAA,
	0xA000,0xA3A3,0x0000,0x3A3A,0x0000,0xAAA0,0x0000,0x0000,

	0x837A,0x5AAD,0xAA3A,0x3A88,0xAAAA,0xAADA,0xA88A,0xA8DA,
	0x088A,0x8DA0,0x8BAA,0xD8A0,0xBDAA,0x8A08,0xBAAA,0x8AAD,
	0x55A3,0xA88D,0x53AA,0xAAD3,0x3A33,0xAA88,0xA777,0x3AAD,
	0xD575,0x83A8,0xD555,0xB8A8,0xD353,0xDB8A,0xD83A,0x8DB8,
	0x353A,0x7AA3,0xA3AA,0xAAAA,0x8AA3,0xA338,0xDD8A,0xA73D,
	0x8DBD,0x0AA8,0x088D,0x0000,0x0008,0x0000,0x0000,0x0000,
	0x00A7,0x0000,0x00AA,0x0000,0x0000,0x0000,0x0000,0x0000,
	0x0000,0x0000,0x0000,0x0000,0x0000,0x0000,0x0000,0x0000,

	0x0000,0x5300,0x0000,0x3000,0x0000,0x3000,0x0000,0x0000,
	0x0000,0x0000,0x0000,0x0000,0x0000,0x0000,0x0000,0x0000,
	0x3337,0xA737,0x3A75,0x3575,0x30A3,0xA35D,0xD300,0xA37D,
	0x3300,0xA033,0x0000,0xA000,0x0000,0x0000,0x0000,0x0000,
	0xA939,0x555A,0x9999,0x7573,0x9B99,0x373A,0xB9A3,0xA399,
	0x99A3,0xA99B,0x9337,0xA9B9,0xAA7A,0x9B69,0x0AA0,0x9699,
	0x993A,0x5AAB,0xB9A3,0x3AA9,0xB99A,0x33A9,0x999A,0x3999,
	0x999A,0x9999,0x9999,0x99B9,0x9999,0x9B6B,0xB999,0x0966,

	0xA357,0x00A3,0xA75D,0x00AA,0x7DD7,0x000A,0x3333,0x0000,
	0x0003,0x0000,0x0000,0x0000,0x0000,0x0000,0x0000,0x0000,
	0x0000,0x0000,0x0000,0x0000,0x0000,0x0000,0x0000,0x0000,
	0x0000,0x0000,0x0000,0x0000,0x0000,0x0000,0x0000,0x0000,
	0x0000,0x0000,0x0000,0x0000,0x0000,0x0000,0x0000,0x0000,
	0x0000,0x0000,0x0000,0x0000,0x0000,0x0000,0x0000,0x0000,
	0x75D3,0x333D,0x5D53,0x303D,0xD530,0x3035,0x3300,0x3003,
	0x0000,0x0000,0x0000,0x0000,0x0000,0x0000,0x0000,0x0000,

	0x3375,0x3333,0x777D,0xAA33,0x775D,0x3AA7,0x75D5,0x33AD,
	0xDD53,0x73A3,0x3730,0x77A3,0x3330,0x75A3,0x3300,0x75A8,
	0x773A,0x3337,0x753A,0x3A35,0x53A3,0xAA37,0x3A33,0x3AA3,
	0x3A33,0x33AA,0xAA33,0x733A,0xA333,0x733A,0x3337,0x773A,
	0xAAA3,0x3333,0xA3AA,0x7333,0xA333,0x7333,0xA333,0x7337,
	0xA733,0x5737,0x3733,0x5775,0x3773,0x7575,0x3573,0x355A,
	0x3A33,0x575A,0xA377,0x357A,0x8A75,0x037A,0x8A35,0x003A,
	0x88A7,0x00AA,0x88A3,0x0000,0x088A,0x0000,0x088A,0x0000,

	0x0003,0x0000,0x0000,0x0000,0x0000,0x0000,0x0000,0x0000,
	0x0000,0x0000,0x0000,0x0000,0x0000,0x0000,0x0000,0x0000,
	0x0000,0x0000,0x0000,0x0000,0x0000,0x0000,0x0000,0x0000,
	0x0000,0x0000,0x0000,0x0000,0x0000,0x0000,0x0000,0x0000,
	0x6300,0x3556,0x5630,0x3763,0x3300,0x7330,0x0000,0x5300,
	0x0000,0x6700,0x0000,0x5630,0x0000,0x3300,0x0000,0x0000,
	0x7333,0x3637,0x3377,0x8733,0x3775,0x7333,0x7756,0x7333,
	0x3553,0x3333,0x3763,0x3330,0x0330,0x3330,0x0000,0x0033,

	0x3333,0x5333,0x3737,0x5337,0x7387,0x7333,0x7887,0x3773,
	0x3887,0x3753,0x8883,0x8758,0x9983,0x8378,0x9883,0x9938,
	0x6576,0x3566,0x5776,0x3755,0x3735,0x3333,0x3737,0x3773,
	0x9873,0x3578,0x9983,0x3578,0x9998,0x3789,0x9999,0x3899,
	0x5576,0x7666,0x7376,0x6655,0x3335,0x3333,0x7737,0x3755,
	0x5733,0x3566,0x6733,0x5653,0x6303,0x6533,0x3003,0x3300,
	0x3733,0x0000,0x3773,0x0003,0x6573,0x0003,0x6573,0x0036,
	0x7333,0x0337,0x3033,0x0033,0x0336,0x0000,0x0003,0x0000,

	0xC6A0,0x5A56,0x57A0,0x5A66,0x7A00,0xA755,0xA000,0xA77A,
	0x7AA0,0x7AA7,0x6CA0,0xA755,0x65A0,0xF756,0xAA00,0xFA7A,
	0x6C6C,0xA3AA,0x56CC,0x7FA7,0x6557,0x6A76,0x6C7A,0x6A5C,
	0xCC7A,0x57A7,0xA775,0x7AAF,0x5656,0x65FA,0xA56C,0x57A7,
	0x67A7,0xA576,0xC575,0x77C6,0x5756,0xAFCC,0x7A7C,0x7AC5,
	0xAA7C,0x57A7,0xAF57,0x655A,0xFA65,0xC56A,0x3AC6,0xC65A,
	0xC67A,0x00A6,0x5C65,0x00A7,0x7557,0x000A,0xAFFA,0x0000,
	0xA77A,0x000A,0x557A,0x00A7,0x655A,0x0A76,0x7757,0x0AAA,

	0x0000,0x0000,0x0000,0x0000,0x0000,0x0000,0x0000,0x0000,
	0x0000,0x0000,0x0000,0x0000,0x0000,0x0000,0x0000,0x0000,
	0x0000,0x0000,0x0000,0x0000,0x0000,0x0000,0x0000,0x0000,
	0x0000,0x0000,0x0000,0x0000,0x0000,0x0000,0x0000,0x0000,
	0x0000,0x0000,0x0000,0x0000,0x0000,0x0000,0x0000,0x0000,
	0x0000,0x0000,0x0000,0x0000,0x0000,0x0000,0x0000,0x0000,
	0x0000,0x0000,0x0000,0x0000,0x0000,0x0000,0x0000,0x0000,
	0x0000,0x0000,0x0000,0x0000,0x0000,0x0000,0x0000,0x0000,

	0x0000,0x0000,0x0000,0x0000,0x0000,0x0000,0x0000,0x0000,
	0x0000,0x0000,0x0000,0x0000,0x0000,0x0000,0x0000,0x0000,
	0x0000,0x0000,0x0000,0x0000,0x0000,0x0000,0x0000,0x0000,
	0x0000,0x0000,0x0000,0x0000,0x0000,0x0000,0x0000,0x0000,
	0xDAA0,0xDA8B,0x8A00,0xD8DB,0xA000,0xBDBD,0xA000,0xB66D,
	0x0000,0x66F8,0x0000,0xF668,0x0000,0x66BD,0x0000,0x6BD0,
	0x8D88,0x08DD,0xDBD8,0x008B,0xB6BD,0x008B,0x6F6B,0x000D,
	0xBF6F,0x000D,0xDFF6,0x0000,0x86FF,0x0000,0xD6F6,0x0000,

	0x0000,0x0000,0x0000,0x0000,0x0000,0x0000,0x0000,0x0000,
	0x0000,0x0000,0x0000,0x0000,0x0000,0x0000,0x0000,0x0000,
	0x0000,0x0000,0x0000,0x0000,0x0000,0x0000,0x0000,0x0000,
	0x0000,0x0000,0x0000,0x0000,0x0000,0x0000,0x0000,0x0000,
	0x0000,0x0000,0x0000,0x0000,0x0000,0x0000,0x0000,0x0000,
	0x0000,0x0000,0x0000,0x0000,0x0000,0x0000,0x0000,0x0000,
	0x0000,0x0000,0x0000,0x0000,0x0000,0x0000,0x0000,0x0000,
	0x0000,0x0000,0x0000,0x0000,0x0000,0x0000,0x0000,0x0000,

	0x0000,0xBB90,0x0000,0x6990,0x0000,0x6A00,0x0000,0x6900,
	0x0000,0xB900,0x0000,0xB900,0x0000,0x9000,0x0000,0x9000,
	0x69B9,0x09B7,0x7B6B,0x0096,0x6766,0x0097,0x7676,0x0097,
	0x7766,0x0097,0x776B,0x0090,0x76B6,0x0097,0x776B,0x0090,
	0x0000,0x0000,0x0000,0x0000,0x0000,0x0000,0x0000,0x0000,
	0x0000,0x0000,0x0000,0x0000,0x0000,0x0000,0x0000,0x0000,
	0x0000,0x0000,0x0000,0x0000,0x0000,0x0000,0x0000,0x0000,
	0x0000,0x0000,0x0000,0x0000,0x0000,0x0000,0x0000,0x0000,

	0x0000,0x0000,0x0000,0x0000,0x0000,0x0000,0x0000,0x0000,
	0x0000,0x0000,0x0000,0x0000,0x0000,0x0000,0x0000,0x0000,
	0x0000,0x0000,0x0000,0x0000,0x0000,0x0000,0x0000,0x0000,
	0x0000,0x0000,0x0000,0x0000,0x0000,0x0000,0x0000,0x0000,
	0x0000,0x57A0,0x0000,0x7A00,0x0000,0xA800,0x0000,0xA000,
	0x0000,0x8000,0x0000,0x8000,0x0000,0x0000,0x0000,0x0000,
	0x7737,0x75A3,0x5775,0x57A3,0x3575,0x7A8A,0xA753,0xA888,
	0xA37A,0xA898,0xAA3A,0x8888,0xAAA8,0x8898,0xA888,0x8998,

	0x3D77,0xA7AA,0xAD57,0x8A88,0xA5D5,0x8888,0x8A75,0x8988,
	0x80A7,0x8988,0x800A,0x8998,0x8808,0x9999,0x9808,0x9999,
	0x0898,0x0000,0x0898,0x0000,0x0889,0x0000,0x0089,0x0000,
	0x0089,0x0000,0x0089,0x0000,0x0008,0x0000,0x0008,0x0000,
	0x0000,0x0000,0x0000,0x0000,0x0000,0x0000,0x0000,0x0000,
	0x0000,0x0000,0x0000,0x0000,0x0000,0x0000,0x0000,0x0000,
	0x0000,0x0000,0x0000,0x0000,0x0000,0x0000,0x0000,0x0000,
	0x0000,0x0000,0x0000,0x0000,0x0000,0x0000,0x0000,0x0000,

	0x0000,0x0000,0x0000,0x0000,0x0000,0x0000,0x0000,0x0000,
	0x0000,0x0000,0x0000,0x0000,0x0000,0x0000,0x0000,0x0000,
	0x0000,0x0000,0x0000,0x0000,0x0000,0x0000,0x0000,0x0000,
	0x0000,0x0000,0x0000,0x0000,0x0000,0x0000,0x0000,0x0000,
	0x8800,0x9B99,0x9800,0xB998,0x8000,0xB999,0x8000,0x9B98,
	0x8000,0x9999,0x8000,0x9999,0x9800,0x9998,0x9800,0xB999,
	0x9999,0x0899,0x9999,0x0089,0xB999,0x0099,0x9B99,0x009B,
	0xB9B9,0x0099,0xBBB9,0x094B,0xB4BB,0x099B,0x4BB9,0x099B,

	0x0000,0x0000,0x0000,0x0000,0x0000,0x0000,0x0000,0x0000,
	0x0000,0x0000,0x0000,0x0000,0x0000,0x0000,0x0000,0x0000,
	0x0000,0x0000,0x0000,0x0000,0x0000,0x0000,0x0000,0x0000,
	0x0000,0x0000,0x0000,0x0000,0x0000,0x0000,0x0000,0x0000,
	0xAAA0,0xF7A7,0x65A0,0xA756,0x5A00,0x7565,0xAA00,0x5AAA,
	0xAA00,0x6A77,0x5AA0,0x7A75,0xAA00,0x75AA,0xA000,0x55AA,
	0x7A77,0x7A55,0x6AAA,0xA655,0x57AA,0xA566,0x7575,0xA7AA,
	0xA555,0x775A,0xA766,0x5567,0xAAA7,0x667A,0xAFA7,0x77AA,

	0xFA75,0xAA7A,0xAFA7,0x57AA,0xAAAA,0x57AA,0x55A7,0xAA75,
	0x5675,0x5576,0x67A5,0x57A7,0x7AA7,0x6A5A,0xAAAA,0x7A65,
	0xAA77,0x0000,0xA765,0x0000,0x7756,0x000A,0x557A,0x00A5,
	0x67A7,0x0A65,0x7AA6,0x0A66,0xA7A6,0x00AA,0xAAA6,0x000A,
	0x0000,0x0000,0x0000,0x0000,0x0000,0x0000,0x0000,0x0000,
	0x0000,0x0000,0x0000,0x0000,0x0000,0x0000,0x0000,0x0000,
	0x0000,0x0000,0x0000,0x0000,0x0000,0x0000,0x0000,0x0000,
	0x0000,0x0000,0x0000,0x0000,0x0000,0x0000,0x0000,0x0000,

	0x0000,0x0000,0x0000,0x0000,0x0000,0x0000,0x0000,0x0000,
	0x0000,0x0000,0x0000,0x0000,0x0000,0x0000,0x0000,0x0000,
	0x0000,0x0000,0x0000,0x0000,0x0000,0x0000,0x0000,0x0000,
	0x0000,0x0000,0x0000,0x0000,0x0000,0x0000,0x0000,0x0000,
	0x0000,0x0000,0x0000,0x0000,0x0000,0x0000,0x0000,0x0000,
	0x0000,0x0000,0x0000,0x0000,0x0000,0x0000,0x0000,0x0000,
	0x0000,0x0000,0x0000,0x0000,0x0000,0x0000,0x0000,0x0000,
	0x0000,0x0000,0x0000,0x0000,0x0000,0x0000,0x0000,0x0000,

	0x0000,0x66D0,0x0000,0x6680,0x0000,0x6B80,0x0000,0x6B80,
	0x0000,0x6BD0,0x0000,0x6BD0,0x0000,0x6BBD,0x0000,0x66BD,
	0xD6FF,0x0000,0xBF6F,0x000D,0x67F6,0x000D,0xF766,0x000D,
	0xF7FB,0x000B,0x7766,0x000B,0x77FB,0x000B,0x77FB,0x000B,
	0x0000,0x0000,0x0000,0x0000,0x0000,0x0000,0x0000,0x0000,
	0x0000,0x0000,0x0000,0x0000,0x0000,0x0000,0x0000,0x0000,
	0x0000,0x0000,0x0000,0x0000,0x0000,0x0000,0x0000,0x0000,
	0x0000,0x0000,0x0000,0x0000,0x0000,0x0000,0x0000,0x0000,

	0x0000,0x0000,0x0000,0x0000,0x0000,0x0000,0x0000,0x0000,
	0x0000,0x0000,0x0000,0x0000,0x0000,0x0000,0x0000,0x0000,
	0x0000,0x0000,0x0000,0x0000,0x0000,0x0000,0x0000,0x0000,
	0x0000,0x0000,0x0000,0x0000,0x0000,0x0000,0x0000,0x0000,
	0x0000,0x9000,0x0000,0x9000,0x0000,0x9000,0x0000,0x9000,
	0x0000,0xB900,0x0000,0x6900,0x0000,0x6B90,0x0000,0x6B90,
	0x076B,0x0097,0x776B,0x0090,0x076B,0x0097,0x0766,0x0090,
	0x0766,0x0090,0x0776,0x0097,0x0076,0x0097,0x0777,0x0009,

	0x0000,0x0000,0x0000,0x0000,0x0000,0x0000,0x0000,0x0000,
	0x0000,0x0000,0x0000,0x0000,0x0000,0x0000,0x0000,0x0000,
	0x0000,0x0000,0x0000,0x0000,0x0000,0x0000,0x0000,0x0000,
	0x0000,0x0000,0x0000,0x0000,0x0000,0x0000,0x0000,0x0000,
	0x0000,0x0000,0x0000,0x0000,0x0000,0x0000,0x0000,0x0000,
	0x0000,0x0000,0x0000,0x0000,0x0000,0x0000,0x0000,0x0000,
	0x0000,0x0000,0x0000,0x0000,0x0000,0x0000,0x0000,0x0000,
	0x0000,0x0000,0x0000,0x0000,0x0000,0x0000,0x0000,0x0000,

	0x0000,0x0000,0x0000,0x0000,0x0000,0x0000,0x0000,0x0000,
	0x0000,0x0000,0x0000,0x0000,0x0000,0x0000,0x0000,0x0000,
	0xA898,0x9998,0xA898,0x9998,0xA980,0x9999,0x8980,0x9999,
	0x8980,0xB999,0x9800,0x9999,0x9800,0x9999,0x9800,0x99BB,
	0x9888,0x9999,0x9988,0x8999,0x9989,0x8999,0x9999,0x89B9,
	0x9999,0x89BB,0xB99B,0x894B,0xBB99,0x89B4,0x4B99,0x0894,
	0x0008,0x0000,0x0000,0x0000,0x0000,0x0000,0x0000,0x0000,
	0x0000,0x0000,0x0000,0x0000,0x0000,0x0000,0x0000,0x0000,

	0x0000,0x0000,0x0000,0x0000,0x0000,0x0000,0x0000,0x0000,
	0x0000,0x0000,0x0000,0x0000,0x0000,0x0000,0x0000,0x0000,
	0x0000,0x0000,0x0000,0x0000,0x0000,0x0000,0x0000,0x0000,
	0x0000,0x0000,0x0000,0x0000,0x0000,0x0000,0x0000,0x0000,
	0x0000,0x0000,0x0000,0x0000,0x0000,0x0000,0x0000,0x0000,
	0x0000,0x0000,0x0000,0x0000,0x0000,0x0000,0x0000,0x0000,
	0x0000,0x0000,0x0000,0x0000,0x0000,0x0000,0x0000,0x0000,
	0x0000,0x0000,0x0000,0x0000,0x0000,0x0000,0x0000,0x0000,

	0x9800,0x999B,0x9980,0x99B9,0x9980,0x99B9,0x9980,0xB999,
	0x9800,0x9999,0x8000,0xB999,0x9800,0x999B,0x9800,0xB9B9,
	0xB4BB,0x009B,0xB4B9,0x009B,0xB4BB,0x0099,0xB4B9,0x0009,
	0xB4BB,0x0009,0xB4B9,0x0009,0xBBBB,0x009B,0xB4B9,0x0099,
	0x0000,0x0000,0x0000,0x0000,0x0000,0x0000,0x0000,0x0000,
	0x0000,0x0000,0x0000,0x0000,0x0000,0x0000,0x0000,0x0000,
	0x0000,0x0000,0x0000,0x0000,0x0000,0x0000,0x0000,0x0000,
	0x0000,0x0000,0x0000,0x0000,0x0000,0x0000,0x0000,0x0000,

	0x0000,0xAAAA,0xA000,0xAA7A,0xA000,0xA7A7,0xA000,0xAA75,
	0xA000,0xAAAA,0x0000,0xAAAA,0x0000,0xAA00,0x0000,0x0000,
	0xFAAA,0xAAF3,0xA7A7,0x77AA,0xAA77,0x75AF,0xAAAA,0x57AA,
	0x7AA7,0xAAAA,0x77A5,0xAAAA,0xA757,0xAA0A,0x0000,0x0000,
	0xA7AA,0xAAA7,0xAAA7,0x77A7,0x7A57,0x75A5,0x5A75,0x57A5,
	0x7AAA,0xAAA5,0xAA7A,0xA7AA,0xA755,0x7AAA,0x0000,0xAA00,
	0x77AA,0x000A,0x75A7,0x00A5,0x57A7,0x00A5,0xAAA7,0x00AA,
	0xAAAA,0x0000,0x0AA7,0x0000,0x00A5,0x0000,0x00AA,0x0000,

	0x0000,0x0000,0x0000,0x0000,0x0000,0x0000,0x0000,0x0000,
	0x0000,0x0000,0x0000,0x0000,0x0000,0x0000,0x0000,0x0000,
	0x0000,0x0000,0x0000,0x0000,0x0000,0x0000,0x0000,0x0000,
	0x0000,0x0000,0x0000,0x0000,0x0000,0x0000,0x0000,0x0000,
	0x0000,0x0000,0x0000,0x0000,0x0000,0x0000,0x0000,0x0000,
	0x0000,0x0000,0x0000,0x0000,0x0000,0x0000,0x0000,0x0000,
	0x0000,0x0000,0x0000,0x0000,0x0000,0x0000,0x0000,0x0000,
	0x0000,0x0000,0x0000,0x0000,0x0000,0x0000,0x0000,0x0000,

	0x0000,0x0000,0x0000,0x0000,0x0000,0x0000,0x0000,0x0000,
	0x0000,0x0000,0x0000,0x0000,0x0000,0x0000,0x0000,0x0000,
	0x0000,0x0000,0x0000,0x0000,0x0000,0x0000,0x0000,0x0000,
	0x0000,0x0000,0x0000,0x0000,0x0000,0x0000,0x0000,0x0000,
	0x0000,0x6B6D,0x0000,0x6BBD,0xDBB0,0x6BDD,0x6FB0,0x66BD,
	0xB6D0,0x6B6D,0xDDA0,0x66BB,0xD8D0,0xF6BB,0x66BD,0x6B6B,
	0xF7F6,0x000B,0x77FB,0x000B,0xF7F6,0x0BBB,0x7766,0x0B7B,
	0xF7F6,0x0D6D,0xF76F,0x0AB8,0x67F6,0x0D8D,0x6FFF,0xDD6F,

	0x0000,0x0000,0x0000,0x0000,0x0000,0x0000,0x0000,0x0000,
	0x0000,0x0000,0x0000,0x0000,0x0000,0x0000,0x0000,0x0000,
	0x0000,0x0000,0x0000,0x0000,0x0000,0x0000,0x0000,0x0000,
	0x0000,0x0000,0x0000,0x0000,0x0000,0x0000,0x0000,0x0000,
	0x0000,0x0000,0x0000,0x0000,0x0000,0x0000,0x0000,0x0000,
	0x0000,0x0000,0x0000,0x0000,0x0000,0x0000,0x0000,0x0000,
	0x0000,0x0000,0x0000,0x0000,0x0000,0x0000,0x0000,0x0000,
	0x0000,0x0000,0x0000,0x0000,0x0000,0x0000,0x0000,0x0000,

	0x0000,0x6B90,0x9900,0x6B99,0x6900,0x6B99,0xB900,0x6999,
	0x9A00,0x69B9,0x9900,0xB99B,0xB690,0xBB99,0x9B69,0xB6B9,
	0x7076,0x0009,0x0777,0x00A9,0x7076,0x9999,0x6767,0x9769,
	0x6776,0x09B9,0xB676,0x0099,0x9B66,0x00A9,0x96BB,0x009B,
	0x0000,0x0000,0x0000,0x0000,0x0000,0x0000,0x0000,0x0000,
	0x0000,0x0000,0x0000,0x0000,0x0000,0x0000,0x0000,0x0000,
	0x0000,0x0000,0x0000,0x0000,0x0000,0x0000,0x0000,0x0000,
	0x0000,0x0000,0x0000,0x0000,0x0000,0x0000,0x0000,0x0000,

	0x0000,0x0000,0x0000,0x0000,0x0000,0x0000,0x0000,0x0000,
	0x0000,0x0000,0x0000,0x0000,0x0000,0x0000,0x0000,0x0000,
	0x0000,0x0000,0x0000,0x0000,0x0000,0x0000,0x0000,0x0000,
	0x0000,0x0000,0x0000,0x0000,0x0000,0x0000,0x0000,0x0000,
	0x0000,0x0000,0x0000,0x0000,0x0000,0x0000,0x0000,0x0000,
	0x0000,0x0000,0x0000,0x0000,0x0000,0x0000,0x0000,0x0000,
	0x9800,0x9B4B,0x9800,0xB4B9,0x9900,0xB999,0x9990,0x9999,
	0x9990,0x9BBB,0x9990,0xB4B9,0x9800,0x4B99,0x9800,0xB999,

	0xB999,0x0894,0x9999,0x089B,0x4999,0x09B4,0xB999,0x9B44,
	0x9999,0x9B4B,0x99B9,0x99B9,0x9B9B,0x0999,0x4B44,0x9B4B,
	0x0000,0x0000,0x0000,0x0000,0x0000,0x0000,0x0000,0x0000,
	0x0000,0x0000,0x0000,0x0000,0x0000,0x0000,0x0000,0x0000,
	0x0000,0x0000,0x0000,0x0000,0x0000,0x0000,0x0000,0x0000,
	0x0000,0x0000,0x0000,0x0000,0x0000,0x0000,0x0000,0x0000,
	0x0000,0x0000,0x0000,0x0000,0x0000,0x0000,0x0000,0x0000,
	0x0000,0x0000,0x0000,0x0000,0x0000,0x0000,0x0000,0x0000,

	0x0000,0x0000,0x0000,0x0000,0x0000,0x0000,0x0000,0x0000,
	0x0000,0x0000,0x0000,0x0000,0x0000,0x0000,0x0000,0x0000,
	0x0000,0x0000,0x0000,0x0000,0x0000,0x0000,0x0000,0x0000,
	0x0000,0x0000,0x0000,0x0000,0x0000,0x0000,0x0000,0x0000,
	0x9980,0x99B9,0x9980,0x9999,0x8980,0x9999,0x9800,0x9998,
	0x8800,0x9999,0x9800,0x9999,0x9880,0x9899,0x9898,0x9899,
	0xBBBB,0x0099,0x94B9,0x094B,0xBB99,0x09B9,0xB4B9,0x0999,
	0xB999,0x0099,0x9999,0x0999,0x99B9,0x9999,0x99BB,0x099B,

	0x0000,0x0000,0x0000,0x0000,0x0000,0x0000,0x0000,0x0000,
	0x0000,0x0000,0x0000,0x0000,0x0000,0x0000,0x0000,0x0000,
	0x0000,0x0000,0x0000,0x0000,0x0000,0x0000,0x0000,0x0000,
	0x0000,0x0000,0x0000,0x0000,0x0000,0x0000,0x0000,0x0000,
	0x0000,0x0000,0x0000,0x0000,0x0000,0x0000,0x0000,0x0000,
	0x0000,0x0000,0x0000,0x0000,0x0000,0x0000,0x0000,0x0000,
	0x0000,0x0000,0x0000,0x0000,0x0000,0x0000,0x0000,0x0000,
	0x0000,0x0000,0x0000,0x0000,0x0000,0x0000,0x0000,0x0000,

	0x0000,0x0000,0x0000,0x0000,0x0000,0x0000,0x0000,0x0000,
	0x0000,0x0000,0x0000,0x0000,0x0000,0x0000,0x0000,0x0000,
	0x0000,0x0000,0x0000,0x0000,0x0000,0x0000,0x0000,0x0000,
	0x0000,0x0000,0x0000,0x0000,0x0000,0x0000,0x0000,0x0000,
	0x0000,0x0000,0x0000,0x0000,0x0000,0x0000,0x0000,0x0000,
	0x0000,0x0000,0x0000,0x0000,0x0000,0x0000,0x0000,0x0000,
	0x0000,0x0000,0x0000,0x0000,0x0000,0x0000,0x0000,0x0000,
	0x0000,0x0000,0x0000,0x0000,0x0000,0x0000,0x0000,0x0000,

	0x0000,0x0000,0x0000,0x0000,0x0000,0x0000,0x0000,0x0000,
	0x0000,0x0000,0x0000,0x0000,0x0000,0x0000,0x0000,0x0000,
	0x0000,0x0000,0x0000,0x0000,0x0000,0x0000,0x0000,0x0000,
	0x0000,0x0000,0x0000,0x0000,0x0000,0x0000,0x0000,0x0000,
	0x0000,0x0000,0x0000,0x0000,0x0000,0x0000,0x0000,0x0000,
	0x0000,0x0000,0x0000,0x0000,0x0000,0x0000,0x0000,0x0000,
	0x0000,0x0000,0x0000,0x0000,0x0000,0x0000,0x0000,0x0000,
	0x0000,0x0000,0x0000,0x0000,0x0000,0x0000,0x0000,0x0000,

	0xB6FB,0xF6FB,0xDB6B,0x6F76,0xBDD0,0xF6F6,0x6BD0,0xFBD6,
	0xF6B0,0x6DDB,0xBF7B,0xFD8D,0xD6FB,0xFBDA,0x0DBB,0x6DA0,
	0xBFF6,0xD676,0xBF6B,0xD7FD,0xF6B6,0xADD6,0xFBD7,0x0DBF,
	0x6DDF,0x0B67,0xBD86,0xBF76,0xDADB,0xBF6B,0xA00D,0xBBDD,
	0x0000,0x0000,0x0000,0x0000,0x000F,0x0000,0x000F,0x0000,
	0x0000,0x0000,0x0000,0x0000,0x0004,0x0000,0x004F,0x0000,
	0x0000,0x0000,0x0000,0x0000,0x0000,0x0000,0x0000,0x0000,
	0x0000,0x0000,0x0000,0x0000,0x0000,0x0000,0x0000,0x0000,

	0x0000,0x0000,0x0000,0x0000,0x0000,0x0000,0x0000,0x0000,
	0x0000,0x0000,0x0000,0x0000,0x0000,0x0000,0x0000,0x0000,
	0x0000,0x0000,0x0000,0x0000,0x0000,0x0000,0x0000,0x0000,
	0x0000,0x0000,0x0000,0x0000,0x0000,0x0000,0x0000,0x0000,
	0x9999,0xB669,0x9A00,0xBB6B,0x9900,0x69B6,0x69A0,0x7996,
	0x7690,0x699B,0x6069,0xB999,0x9679,0x699A,0xA999,0x99A0,
	0x9B66,0x097B,0x96B7,0x97B9,0xB6B0,0x9999,0x6B90,0x0A96,
	0xB997,0x0967,0x9996,0x970B,0xA99B,0x96B9,0x0A96,0x9990,

	0x0000,0x0000,0x0000,0x0000,0x0000,0x0000,0x0000,0x0000,
	0x0000,0x0000,0x0000,0x0000,0x0000,0x0000,0x0000,0x0000,
	0x0000,0x0000,0x0000,0x0000,0x0000,0x0000,0x0000,0x0000,
	0x0000,0x0000,0x0000,0x0000,0x0000,0x0000,0x0000,0x0000,
	0x0000,0x0000,0x0000,0x0000,0x0000,0x0000,0x0000,0x0000,
	0x0000,0x0000,0x0000,0x0000,0x0000,0x0000,0x0000,0x0000,
	0x0000,0x0000,0x0000,0x0000,0x0000,0x0000,0x0000,0x0000,
	0x0000,0x0000,0x0000,0x0000,0x0000,0x0000,0x0000,0x0000,

	0x0000,0x0000,0x0000,0x0000,0x0000,0x0000,0x0000,0x0000,
	0x0000,0x0000,0x0000,0x0000,0x0000,0x0000,0x0000,0x0000,
	0x9800,0x9999,0x8000,0x9999,0x9800,0x9999,0x9800,0xB4B9,
	0x9900,0x4B99,0x9800,0x9999,0x9980,0x9999,0x9888,0x9999,
	0xBBBB,0x9B44,0x4B99,0x894B,0xB999,0x09B4,0x9999,0x994B,
	0xB999,0x8B49,0x99BB,0x94BB,0x9B4B,0xBB99,0x94BB,0xB999,
	0x0000,0x0000,0x0000,0x0000,0x0000,0x0000,0x0000,0x0000,
	0x0004,0x0000,0x0008,0x0000,0x0089,0x0000,0x0089,0x0000,

	0x0000,0x0000,0x0000,0x0000,0x0000,0x0000,0x0000,0x0000,
	0x0000,0x0000,0x0000,0x0000,0x0000,0x0000,0x0000,0x0000,
	0x0000,0x0000,0x0000,0x0000,0x0000,0x0000,0x0000,0x0000,
	0x0000,0x0000,0x0000,0x0000,0x0000,0x0000,0x0000,0x0000,
	0x0000,0x0000,0x0000,0x0000,0x0000,0x0000,0x0000,0x0000,
	0x0000,0x0000,0x0000,0x0000,0x0000,0x0000,0x0000,0x0000,
	0x0000,0x0000,0x0000,0x0000,0x0000,0x0000,0x0000,0x0000,
	0x0000,0x0000,0x0000,0x0000,0x0000,0x0000,0x0000,0x0000,

	0x9888,0x9899,0x9877,0x9899,0x9870,0x988D,0x9B80,0x99D9,
	0x9998,0x98D8,0x89D8,0x9877,0x0000,0x0000,0x0000,0x0000,
	0x99B4,0x0784,0x99B4,0x7894,0x9894,0x089B,0x989B,0x084D,
	0xD78D,0x8999,0xD7D9,0x8D98,0x0000,0x0000,0x0000,0x0000,
	0x0000,0x0000,0x0000,0x0000,0x0000,0x0000,0x0000,0x0000,
	0x0000,0x0000,0x0000,0x0000,0x0000,0x0000,0x0000,0x0000,
	0x0000,0x0000,0x0000,0x0000,0x0000,0x0000,0x0000,0x0000,
	0x0000,0x0000,0x0000,0x0000,0x0000,0x0000,0x0000,0x0000,

	0x0000,0x0000,0x0000,0x0000,0x0000,0x0000,0x0000,0x0000,
	0x0000,0x0000,0x0000,0x0000,0x0000,0x0000,0x0000,0x0000,
	0x0000,0x0000,0x0000,0x0000,0x0000,0x0000,0x0000,0x0000,
	0x0000,0x0000,0x0000,0x0000,0x0000,0x0000,0x0000,0x0000,
	0x0000,0x0000,0x0000,0x0000,0x0000,0x0000,0x0000,0x0000,
	0x0000,0x0000,0x0000,0x0000,0x0000,0x0000,0x0000,0x0000,
	0x0000,0x0000,0x0000,0x0000,0x0000,0x0000,0x0000,0x0000,
	0x0000,0x0000,0x0000,0x0000,0x0000,0x0000,0x0000,0x0000,

	0x0000,0x0000,0x0000,0x0000,0x0000,0x0000,0x0000,0x0000,
	0x0000,0x0000,0x0000,0x0000,0x0000,0x0000,0x0000,0x0000,
	0x0000,0x0000,0x0000,0x0000,0x0000,0x0000,0x0000,0x0000,
	0x0000,0x0000,0x0000,0x0000,0x0000,0x0000,0x0000,0x0000,
	0x0000,0x0000,0x0000,0x0000,0x0000,0x0000,0x0000,0x0000,
	0x0000,0x0000,0x0000,0x0000,0x0000,0x0000,0x0000,0x0000,
	0x0000,0x0000,0x0000,0x0000,0x0000,0x0000,0x0000,0x0000,
	0x0000,0x0000,0x0000,0x0000,0x0000,0x0000,0x0000,0x0000,

	0xDD5C,0xCD5D,0xDDDC,0xDCD5,0xDCDD,0xDDD5,0xCDD5,0xDDDD,
	0xC5DD,0xDDDD,0xDDCD,0xDDDD,0xDCDD,0x55DD,0xDC55,0xDCCD,
	0x5CDD,0xD5DC,0xCDDD,0xDDDD,0xC5DD,0x55DD,0xD55D,0xD5CD,
	0xCCC5,0xC5DD,0x5CCC,0xCDDD,0x55C5,0x5CDD,0x7CD5,0xCDD5,
	0xDD5C,0xCD5D,0xDDDC,0xDC55,0x5CDD,0xD555,0x5D55,0xD2C2,
	0xCD5D,0xC211,0xCD5D,0xCD1D,0xD5DD,0xD777,0x5555,0x5555,
	0x5CDD,0xD5DC,0xCDDD,0xDDDD,0xC55D,0x55DD,0xD555,0xD5CD,
	0xD555,0xC5DD,0x5555,0xCDD5,0x7555,0x5C55,0x2C25,0xCD55,

	0xDD5C,0xCD5D,0xDDDC,0xDC55,0x5CDD,0xD555,0x5D55,0xD555,
	0xDD5D,0xD2C2,0xCD5D,0xC211,0xDCDD,0xDD1D,0x7555,0x7777,
	0x5CDD,0xD5DC,0xCDDD,0xDDDD,0xC55D,0x55DD,0xD555,0xD5CD,
	0xD555,0xC5DD,0x5555,0xCDD5,0x755C,0x5C55,0x5555,0xCD55,
	0x0000,0x0000,0x0000,0x0000,0x0000,0x0000,0x0000,0x0000,
	0x0000,0x0000,0x0000,0x0000,0x0000,0x0000,0x0000,0x0000,
	0x0000,0x0000,0x0000,0x0000,0x0000,0x0000,0x0000,0x0000,
	0x0000,0x0000,0x0000,0x0000,0x0000,0x0000,0x0000,0x0000,

	0x0000,0x0000,0x0000,0x0000,0x0000,0x0000,0x0000,0x0000,
	0x0000,0x0000,0x0000,0x0000,0x0000,0x0000,0x0000,0x0000,
	0x0000,0x0000,0x0000,0x0000,0x0000,0x0000,0x0000,0x0000,
	0x0000,0x0000,0x0000,0x0000,0x0000,0x0000,0x0000,0x0000,
	0x0000,0x0000,0x0000,0x0000,0x0000,0x0000,0x0000,0x0000,
	0x0000,0x0000,0x0000,0x0000,0x0000,0x0000,0x0000,0x0000,
	0x0000,0x0000,0x0000,0x0000,0x0000,0x0000,0x0000,0x0000,
	0x0000,0x0000,0x0000,0x0000,0x0000,0x0000,0x0000,0x0000,

	0x0000,0x0000,0x0000,0x0000,0x0000,0x0000,0x0000,0x0000,
	0x0000,0x0000,0x0000,0x0000,0x0000,0x0000,0x0000,0x0000,
	0x0000,0x0000,0x0000,0x0000,0x0000,0x0000,0x0000,0x0000,
	0x0000,0x0000,0x0000,0x0000,0x0000,0x0000,0x0000,0x0000,
	0x0000,0x8000,0x0000,0x9800,0x0000,0x9988,0x8000,0x9999,
	0x0000,0x8999,0x0000,0x0000,0x0000,0x8000,0x0000,0x9800,
	0x9889,0x9999,0x9989,0x999B,0x9989,0x999B,0x9988,0x99BB,
	0x9998,0x98B9,0x9999,0x9899,0x8999,0x9899,0x9899,0x9899,

	0x9BB9,0x9999,0x9999,0x9998,0x9999,0x9998,0x9B99,0x9998,
	0xBB99,0x9989,0xB999,0x9989,0x9999,0x8889,0x9999,0x8889,
	0x0899,0x0000,0x089B,0x0000,0x8999,0x0000,0x9B99,0x0000,
	0xB999,0x0009,0x9999,0x0099,0x9999,0x0899,0x9998,0x8999,
	0x0000,0x0000,0x0000,0x0000,0x0000,0x0000,0x0000,0x0000,
	0x0000,0x0000,0x0000,0x0000,0x0000,0x0000,0x0007,0x0000,
	0x0000,0x0000,0x0000,0x0000,0x0000,0x0000,0x0000,0x0000,
	0x0000,0x0000,0x0000,0x0000,0x0000,0x0000,0x0000,0x0000,

	0x0000,0x0000,0x0000,0x0000,0x0000,0x0000,0x0000,0x0000,
	0x0000,0x0000,0x0000,0x0000,0x0000,0x0000,0x0000,0x0000,
	0x0000,0x0000,0x0000,0x0000,0x0000,0x0000,0x0000,0x0000,
	0x0000,0x0000,0x0000,0x0000,0x0000,0x0000,0x0000,0x0000,
	0x0000,0x0000,0x0000,0x0000,0x0000,0x0000,0x0000,0x0000,
	0x0000,0x0000,0x0000,0x0000,0x0000,0x0000,0x0000,0x0000,
	0x0000,0x0000,0x0000,0x0000,0x0000,0x0000,0x0000,0x0000,
	0x0000,0x0000,0x0000,0x0000,0x0000,0x0000,0x0000,0x0000,

	0x0000,0x0000,0x0000,0x0000,0x0000,0x0000,0x0000,0x0000,
	0x0000,0x0000,0x0000,0x0000,0x0000,0x0000,0x0000,0x0000,
	0x0000,0x0000,0x0000,0x0000,0x0000,0x0000,0x0000,0x0000,
	0x0000,0x0000,0x0000,0x0000,0x0000,0x0000,0x0000,0x0000,
	0x0000,0x0000,0x0000,0x0000,0x0000,0x0000,0x0000,0x0000,
	0x0000,0x0000,0x0000,0x0000,0x0000,0x0000,0x0000,0x0000,
	0x0000,0x0000,0x0000,0x0000,0x0000,0x0000,0x0000,0x0000,
	0x0000,0x0000,0x0000,0x0000,0x0000,0x0000,0x0000,0x0000,

	0x0000,0x0000,0x0000,0x0000,0x0000,0x0000,0x0000,0x0000,
	0x0000,0x0000,0x0000,0x0000,0x0000,0x0000,0x0000,0x0000,
	0x0000,0x0000,0x0000,0x0000,0x0000,0x0000,0x0000,0x0000,
	0x0000,0x0000,0x0000,0x0000,0x0000,0x0000,0x0000,0x0000,
	0x0000,0x6000,0x0000,0x0600,0x0000,0x0600,0x0000,0xB060,
	0x0000,0xB060,0x0000,0xB0F6,0x0000,0xB076,0x6000,0xB0FF,
	0x0006,0x0000,0x0060,0x0000,0x006B,0x0000,0x06FB,0x0000,
	0x06FB,0x0000,0x60FB,0x0000,0x607B,0x0000,0x007B,0x0006,

	0x0000,0x0000,0x0000,0x0000,0x0000,0x0000,0x0000,0x0000,
	0x0000,0x0000,0x0000,0x0000,0x0000,0x0000,0x0000,0x0000,
	0x0000,0x0000,0x0000,0x0000,0x0000,0x0000,0x0000,0x0000,
	0x0000,0x0000,0x0000,0x0000,0x0000,0x0000,0x0000,0x0000,
	0xD55D,0x5CCC,0x5555,0x755C,0x55DD,0x7755,0xD5DD,0x5555,
	0xDDCD,0x55DD,0x5CDD,0x5CD5,0x5D55,0x55CD,0x5D5D,0x5DCD,
	0xCD5D,0xCD5D,0xCCC5,0xDD57,0xDCD7,0xDCD5,0x5D55,0xDDCD,
	0xD55D,0xDDDC,0x5DDD,0x555C,0x5DD5,0xD5D5,0x5DD5,0xC5DD,

	0x555D,0x5555,0x5555,0x5555,0x555D,0x5555,0xC15D,0x5551,
	0x11CD,0x55C1,0x1DCD,0x55CD,0x77D5,0x55D7,0x555D,0x5555,
	0x211C,0xCD5C,0xD1DC,0xDD5C,0x777D,0xDD5D,0x5555,0xDD55,
	0x5555,0xDDD5,0x5555,0x5555,0x55D5,0xD5D5,0x5DD5,0xC5DD,
	0x555D,0x5555,0x5555,0x5555,0x555D,0xC555,0x555D,0x5555,
	0xC1DD,0x55D1,0x11CD,0x55C1,0x15DC,0x5CD5,0x777D,0x5577,
	0x2C2D,0xCD5D,0x211C,0xDD5C,0xD1DD,0xDDCD,0x7777,0xDD57,
	0x5555,0xDDD5,0x5555,0x5555,0x55D5,0xD5D5,0x5DD5,0xC5DD,

	0x0000,0x0000,0x0000,0x0000,0x0000,0x0000,0x0000,0x0000,
	0x0000,0x0000,0x0000,0x0000,0x0000,0x0000,0x0000,0x0000,
	0x0000,0x0000,0x0000,0x0000,0x0000,0x0000,0x0000,0x0000,
	0x0000,0x0000,0x0000,0x0000,0x0000,0x0000,0x0000,0x0000,
	0x0000,0x0000,0x0000,0x0000,0x0000,0x0000,0x0000,0x0000,
	0x0000,0x0000,0x0000,0x0000,0x0000,0x0000,0x0000,0x0000,
	0x0000,0x0000,0x0000,0x0000,0x0000,0x0000,0x0000,0x0000,
	0x0000,0x0000,0x0000,0x0000,0x0000,0x0000,0x0000,0x0000,

	0x0000,0x0000,0x0000,0x0000,0x0000,0x0000,0x0000,0x0000,
	0x0000,0x0000,0x0000,0x0000,0x0000,0x0000,0x0000,0x0000,
	0x0000,0x0000,0x0000,0x0000,0x0000,0x0000,0x0000,0x0000,
	0x0000,0x0000,0x0000,0x0000,0x0000,0x0000,0x0000,0x0000,
	0x0000,0x0000,0x0000,0x0000,0x0000,0x0000,0x0000,0x0000,
	0x0000,0x0000,0x0000,0x0000,0x0000,0x0000,0x0000,0x0000,
	0x0000,0x0000,0x0000,0x0000,0x0000,0x0000,0x0000,0x0000,
	0x0000,0x0000,0x0000,0x0000,0x0000,0x0000,0x0000,0x0000,

	0x0000,0x9980,0x0000,0x9990,0x0000,0x9900,0x0000,0x0000,
	0x0000,0x0000,0x0000,0x0000,0x0000,0x0000,0x0000,0x0000,
	0x9899,0x9899,0x9889,0x8899,0x9989,0x8889,0x9988,0x0089,
	0x9980,0x0008,0x9980,0x0000,0x0000,0x0000,0x0000,0x0000,
	0x9999,0x8889,0x9999,0x8899,0x9999,0x0899,0x9998,0x0899,
	0x9998,0x0899,0x9980,0x0899,0x9800,0x0009,0x0000,0x0000,
	0x8888,0x9998,0x0000,0x0000,0x0000,0x0000,0x0000,0x0000,
	0x0000,0x0000,0x0000,0x0000,0x0000,0x0000,0x0000,0x0000,

	0x0008,0x0000,0x0000,0x0000,0x0000,0x0000,0x0000,0x0000,
	0x0000,0x0000,0x0000,0x0000,0x0000,0x0000,0x0000,0x0000,
	0x0000,0x0000,0x0000,0x0000,0x0000,0x0000,0x0000,0x0000,
	0x0000,0x0000,0x0000,0x0000,0x0000,0x0000,0x0000,0x0000,
	0x0000,0x0000,0x0000,0x0000,0x0000,0x0000,0x0000,0x0000,
	0x0000,0x0000,0x0000,0x0000,0x0000,0x0000,0x0000,0x0000,
	0x0000,0x0000,0x0000,0x0000,0x0000,0x0000,0x0000,0x0000,
	0x0000,0x0000,0x0000,0x0000,0x0000,0x0000,0x0000,0x0000,

	0x0000,0x0000,0x0000,0x0000,0x0000,0x0000,0x0000,0x0000,
	0x0000,0x0000,0x0000,0x0000,0x0000,0x0000,0x0000,0x0000,
	0x0000,0x0000,0x0000,0x0000,0x0000,0x0000,0x0000,0x0000,
	0x0000,0x0000,0x0000,0x0000,0x0000,0x0000,0x0000,0x0000,
	0x0000,0x0000,0x0000,0x0000,0x0000,0x5500,0x5500,0x7005,
	0x7000,0x533C,0x7000,0xD5CD,0xA300,0x57C5,0xCC70,0xD557,
	0x0000,0x0000,0x5500,0x5000,0x5C75,0x00C0,0x7D7C,0x7C57,
	0x75DC,0xDC5D,0xDD5D,0xCDDC,0x7DCD,0xC5CD,0xDCD7,0xDDC5,

	0x0000,0x0000,0x0055,0x0000,0x05C7,0x5550,0x07C7,0x07C5,
	0x75D7,0x777C,0x5D55,0x5D7C,0xDCD5,0xDCD7,0x5DCD,0x5DCD,
	0x0000,0x0000,0x0000,0x0000,0x0000,0x0000,0x0055,0x0555,
	0x707C,0x007C,0xD75C,0x0007,0xDCDD,0x000A,0x5D5C,0x000A,
	0x0000,0x0000,0x0000,0x0000,0x0000,0x0000,0x0000,0x0000,
	0x0000,0x0000,0x0000,0x0000,0x0000,0x0000,0x0000,0x0000,
	0x0000,0x0000,0x0000,0x0000,0x0000,0x0000,0x0000,0x0000,
	0x0000,0x0000,0x0000,0x6000,0x0000,0x6000,0x0000,0xF600,

	0x6000,0xB0F7,0x7600,0xB0FF,0x7F60,0xB0FF,0xF760,0xB07F,
	0xFF76,0xB077,0x777F,0xB0F7,0x7777,0xB0F7,0x7777,0xB0F7,
	0xBBFB,0x0006,0xB07B,0x0060,0xB00B,0x06FB,0xB07B,0x06BB,
	0x000B,0x6BBB,0x0B7B,0x0BB0,0xBBFB,0xBBB0,0xB0FB,0xBB00,
	0x0000,0x0000,0x0000,0x0000,0x0000,0x0000,0x0000,0x0000,
	0x0000,0x0000,0x0006,0x0000,0x0006,0x0000,0x006B,0x0000,
	0x0000,0x0000,0x0000,0x0000,0x0000,0x0000,0x0000,0x0000,
	0x0000,0x0000,0x0000,0x0000,0x0000,0x0000,0x0000,0x0000,

	0xCD5C,0xCDDD,0xDDDC,0xDCD5,0xDCDD,0xDC5D,0xCDD5,0xDDD5,
	0xC5DD,0x5DC5,0xDDCD,0xDD55,0xDCDD,0xCDD5,0x5C55,0xDCD5,
	0x5CDD,0xD5DC,0xCDDD,0xDDDD,0xC55D,0x55DD,0xD5DC,0xD5CD,
	0xD5CD,0xC5D5,0xDDCD,0xCDDD,0xDDDD,0x5CDC,0xDCDD,0xCDCD,
	0x0000,0x0000,0x0000,0x0000,0x0000,0x0000,0x0000,0x0000,
	0x0000,0x0000,0x0000,0x0000,0x0000,0x0000,0x0000,0x0000,
	0x0000,0x0000,0x0000,0x0000,0x0000,0x0000,0x0000,0x0000,
	0x0000,0x0000,0x0700,0x0000,0x0000,0x0000,0x0000,0x0000,

	0x0000,0x0000,0x0000,0x0000,0x0000,0xD500,0x0000,0xDDC0,
	0x0000,0x5DDC,0x0000,0x35DC,0x0000,0x7FCC,0x0000,0x707C,
	0x5500,0xD5DC,0xC570,0xDDDD,0xCDCC,0x5CDD,0xD5DD,0xD5CD,
	0xD577,0xC5CD,0xC733,0x55DC,0xCFFF,0x775D,0xCF70,0x333D,
	0x0000,0x0000,0x0000,0x0000,0x0000,0x0000,0x0000,0x0000,
	0x0000,0x0000,0x0000,0x0000,0x0000,0x0000,0x0000,0x0000,
	0x0000,0x0000,0x0000,0x0000,0x0000,0x0000,0x0000,0x0000,
	0x0000,0x0000,0x0000,0x0000,0x0000,0x0000,0x0000,0x0000,

	0xDCDC,0xCD5D,0xCDDC,0xDCD5,0xC5DD,0xDDD5,0x5DD5,0xDDDD,
	0x5DDD,0xDDDD,0xDDCD,0xDDDD,0xDCDD,0xDDD5,0x5C55,0xDDC7,
	0x5CDD,0xD5DC,0xCDDD,0xDDDD,0xCD5D,0xDCDD,0xD5DC,0xD5CD,
	0xD5CD,0xC5CD,0xDDCD,0xCDDD,0x55DD,0x5DDD,0xDDDD,0xCDCD,
	0xDC5C,0xCD5D,0xCDDC,0xDCD5,0xC5DD,0xDDD5,0x5DD5,0xDCDD,
	0x5DDD,0xDDCD,0xDDCD,0xDDCD,0xDCDD,0xCDD5,0xDCDD,0x5CDD,
	0xDCDD,0xD5DC,0xCDDD,0xDDDD,0xCD5D,0xDCDD,0xD5DD,0xD5CD,
	0xDDCD,0xC5CD,0xDCDD,0xCDDD,0x5CDD,0x5DDD,0xDD5D,0xCDD5,

	0x0000,0x0000,0x0000,0x0000,0x0000,0x0000,0x0C00,0x0C50,
	0xC000,0x05D0,0xC0D0,0xC5D0,0xDD00,0xDD5D,0x5000,0xD5DC,
	0x0000,0x0000,0xD000,0x0000,0x0D0C,0x0000,0x0DCD,0x0000,
	0xCDC5,0x0005,0x5C5D,0x000D,0x5C5C,0x000D,0xDDDC,0x005C,
	0x0000,0x0000,0x0000,0x0000,0x0000,0x0000,0xD000,0x000C,
	0x0000,0xD7CD,0xD000,0xCFC7,0x0000,0xFD5D,0x7000,0xFCFD,
	0x0000,0x0000,0x5000,0x000C,0xC00C,0x000D,0xCDC5,0x0055,
	0xF5CD,0x0007,0x7F55,0x0007,0x07FC,0x0000,0x07FC,0x0C00,

	0x0000,0x0000,0xC700,0x000C,0x77F0,0x0CCC,0x7EF0,0x0CCC,
	0xEEF0,0x0777,0xEFF0,0x0F7E,0xFF00,0x700F,0x0000,0xF000,
	0x0000,0x0000,0x0000,0x0000,0x0000,0x0000,0x0000,0xEFF7,
	0xE700,0xFEEE,0xBEE0,0xBEBB,0xFFFF,0xB3EF,0x007F,0xB3F7,
	0x0000,0x0000,0x0000,0x0000,0x7770,0x0000,0xEEBE,0x007F,
	0xEFBF,0x777F,0x77FE,0x7FFE,0xFFFF,0xEEBE,0x3EFE,0xBF7F,
	0x0000,0x0000,0x0000,0x0000,0x0000,0x0770,0xEEF7,0x77FE,
	0xF700,0xFFEE,0x7077,0xBEBB,0x777F,0x3BEE,0x7FBE,0xE3F7,

	0x0000,0x0000,0x0000,0x0000,0x0000,0xF000,0x0FEF,0xF000,
	0xEEE7,0x007E,0xBBEB,0x0EEE,0xFEB3,0xFFFF,0x7F3B,0xF700,
	0x0000,0x0000,0x7CC7,0x0000,0xCC7E,0x0000,0x7EEF,0x0000,
	0x0FFF,0x0000,0x0000,0x7CC7,0xF007,0xCC7E,0xF07F,0x7EEF,
	0xF000,0x003E,0xF700,0x0013,0x7F77,0x2003,0xFF7F,0x1013,
	0xEFFE,0x0020,0xEEE3,0x0103,0xFE33,0x003E,0xEEE3,0x013E,
	0x0000,0x0000,0x1001,0x0012,0x0000,0x0000,0x0000,0x0000,
	0x0000,0x0000,0x0002,0x0000,0x0001,0x0000,0x0000,0x0000,

	0x5CC7,0xCD75,0xA757,0x7C57,0xFFA7,0x7CAA,0xFF00,0xF7FF,
	0xFFF0,0x88FF,0x8FF0,0x8F8F,0xFFF0,0x88F8,0xFFF0,0x8F88,
	0x5D55,0x7DDD,0xC575,0xD555,0xCAAA,0x73AA,0xDFFF,0xFFFF,
	0x8588,0xF858,0x5558,0x848F,0x5585,0x88F8,0x5558,0xFF85,
	0xD5C5,0xD5C5,0x57DD,0xA75D,0xD57C,0x8F7C,0x3AAC,0x88C5,
	0x888D,0x45C8,0x5558,0x5558,0x5555,0x4455,0x5558,0x4545,
	0xFFA5,0x000F,0x888F,0x00F8,0x5588,0x0F85,0x5554,0x0854,
	0x4445,0x0845,0x4C44,0x0854,0x44C4,0x0845,0x4C4C,0x0854,

	0x0000,0x0000,0x0000,0x0000,0x0000,0x0000,0x0000,0x0000,
	0x0000,0x0000,0x00F0,0x0000,0x0F3F,0x6600,0x03FF,0xFF60,
	0x0000,0x7F60,0x0000,0x77F6,0x6000,0x777F,0xF600,0x777F,
	0xFF60,0x7777,0x7FF6,0x7777,0x77FF,0xF777,0xF77F,0x7777,
	0x7777,0xB07F,0xF777,0xB0FF,0xF777,0xB077,0xFF77,0xB077,
	0x7FF7,0xB077,0x77FF,0xB0F7,0x777F,0xB0F7,0x7777,0xB0F7,
	0xB0FB,0xBB0B,0xB0FB,0xBBBB,0x007B,0xBBBB,0x000B,0xBBBB,
	0x0B7B,0xBBB0,0xBBFB,0xBB00,0xB0FB,0xBBBB,0xB0FB,0xBBBB,

	0x0FBB,0x0000,0xFBBB,0x0000,0xBBBB,0x000F,0xBBBB,0x00FB,
	0x0B00,0x0FBB,0xB00B,0x60B0,0x00BB,0x000B,0x0BBB,0x0000,
	0x0000,0x0000,0x0000,0x0000,0x0000,0x0000,0x0000,0x0000,
	0x0000,0x0000,0x0000,0x0F00,0x000F,0xF3F0,0x06F7,0x3FF0,
	0x555D,0xDCD5,0xC555,0xDDDD,0xD5DC,0x5DCD,0xD5DD,0xDDDC,
	0xDDCD,0x55DC,0x5CDD,0x5CD5,0x5C55,0x55CD,0x5D5D,0x5DCD,
	0xCD55,0xCD5D,0xDD5C,0xDD55,0xCD55,0xD5CD,0xDDDC,0x5DDC,
	0x5DCD,0xDD5C,0x5DCD,0x55D5,0x55D5,0xD5CD,0x5DC5,0xC5DD,

	0x0000,0x0000,0x0000,0x0000,0x0000,0x0000,0x0000,0x0000,
	0x0000,0x0070,0x0000,0x0000,0x0000,0x0000,0x0000,0x0000,
	0x0000,0x0000,0x0000,0x0000,0x0000,0x0000,0x0000,0x0000,
	0x0000,0x0000,0x0000,0x0000,0x0000,0x0000,0x0000,0x0000,
	0x0000,0x0000,0x0000,0x0000,0x0000,0x0000,0x0000,0x0000,
	0x0000,0x0000,0x0000,0x0000,0x0000,0x0000,0x0000,0x0000,
	0xC707,0xFFF3,0xD000,0x777F,0x0000,0x0707,0x0000,0x7000,
	0x0000,0x0000,0x0000,0x0000,0x0000,0x0000,0x0000,0x0000,

	0x0000,0x0000,0x0000,0x0000,0x0000,0x0000,0x0000,0x0000,
	0x0000,0x0000,0x0000,0x0000,0x0000,0x0000,0x0000,0x0000,
	0x0000,0x0000,0x0000,0x0000,0x0000,0x0000,0x0000,0x05D0,
	0x5000,0x00DC,0xD0D0,0x5DDC,0xD5D0,0xD5DD,0x5CD0,0xC5DD,
	0x7CC7,0x7CD7,0x37DC,0x3C77,0x37DC,0xF733,0x7F7F,0x773F,
	0x07F0,0x0777,0x7070,0x0700,0x0000,0x0000,0x0000,0x0000,
	0xDDD5,0xDDDC,0xCD53,0x5CD5,0xD573,0x557C,0x73F7,0xD77D,
	0x7307,0xDD3C,0xF070,0xDC3C,0x7700,0x7CF7,0x0000,0xFF70,

	0xDDDC,0xDCD5,0xD5DC,0x5D5D,0xDDD5,0xDCDD,0x55DD,0xDD5D,
	0x757D,0x5DCD,0x3777,0x7CD5,0x3FF3,0x3CD7,0x7700,0xFCFF,
	0xD5DD,0xDDC5,0xDDCD,0x5CDD,0xDCD5,0xD5D5,0x5CDD,0x55DD,
	0xD55D,0x77DD,0x57DD,0x33C5,0x3333,0xFFC7,0xF707,0x77D3,
	0xDCD0,0xD5C5,0xC500,0x5DC5,0x5000,0x5DDD,0x00D0,0xC557,
	0xD500,0x7C77,0xDF5C,0x3C33,0x77D0,0x7FFF,0x7500,0x0000,
	0xC5D5,0x0D55,0xC55D,0x0D57,0x755D,0x077D,0x7755,0x073D,
	0x3377,0x07F3,0xFFF3,0x00DF,0xF77D,0x007D,0xF700,0x0005,

	0x7D00,0xC7CF,0x55C0,0xC7FC,0xDC00,0xFFDC,0x5700,0xFFDD,
	0xF7C0,0xCDDC,0xFC70,0xCFCF,0x7CD0,0xF7CF,0x7FF0,0xD07F,
	0xD05D,0x00C7,0xC07F,0x00CD,0x57DF,0x00FC,0x5C7C,0x007C,
	0xC5FF,0x0075,0xCFD7,0x007F,0xF7DF,0x000F,0x7777,0x0000,
	0x0000,0xFF70,0x0000,0xFEF0,0x0000,0xFFEE,0x0000,0xEEEF,
	0xF000,0xE3EF,0xF700,0x3EEE,0xEF00,0x33EE,0xEF00,0x3393,
	0xF70F,0x3BEF,0xFFF7,0x3BEE,0xEEFE,0x333E,0xEEEF,0x9933,
	0x3E3E,0x9993,0x33E3,0x1999,0x933E,0x0219,0x2121,0x0001,

	0xE3E3,0xF7FE,0xE33E,0xEEFE,0xB393,0xFFEE,0x3B99,0xEE3E,
	0xB999,0xE3E3,0x9991,0x3B33,0x9210,0x3399,0x1000,0x2221,
	0xF777,0x3BEF,0xFFEE,0x3EEE,0xEEFE,0x93BE,0xEEEF,0x9933,
	0x3B3E,0x9993,0x33B3,0x1999,0x933B,0x0219,0x2122,0x0001,
	0xFEB3,0xF07F,0xEEEB,0x7FFF,0xE333,0xEFEE,0x3399,0xFEEE,
	0x3999,0xE3E3,0x9991,0x3E33,0x9120,0xE339,0x1000,0x1212,
	0x07FF,0x0FFF,0x0FEF,0x0000,0xEEFF,0x0000,0xFEEE,0x000F,
	0xFE3E,0x000F,0xEEE3,0x007F,0xEE33,0x00FE,0x3933,0x70FE,

	0xE333,0x02E3,0x3339,0x0293,0x3399,0x0299,0x9999,0x0109,
	0x9999,0x0020,0x0991,0x1001,0x0210,0x0000,0x0000,0x0000,
	0x0000,0x0000,0x0000,0x0000,0x0000,0x0000,0x0000,0x0000,
	0x0000,0x0000,0x0000,0x0000,0x0000,0x0000,0x0000,0x0000,
	0xFFF0,0x888F,0xFF33,0x8F8F,0xFA35,0x88F8,0xAA53,0x8F8F,
	0xA373,0x5FFA,0x7330,0xFAAA,0x3300,0xAA33,0x0000,0x3333,
	0x558F,0x5558,0x8888,0x5585,0x8888,0x8888,0x8F8F,0x88F8,
	0xF8F8,0x8F8F,0x5FF5,0xFFFF,0xA5A7,0xAAAA,0x3733,0x3333,

	0x5555,0x4458,0x4585,0x4584,0x8F58,0x5584,0xF888,0x888F,
	0x8888,0xF5F8,0xFFFF,0xAA5F,0xAAAA,0x3373,0x3333,0x0333,
	0x44C4,0x0085,0x5444,0x00F8,0xF885,0x000F,0xAF88,0x0003,
	0x33FF,0x0000,0x0333,0x0000,0x0003,0x0000,0x0000,0x0000,
	0x63F4,0x7FF6,0xF66F,0x77FF,0xFF60,0x777F,0xFF60,0xF7FF,
	0xFF60,0xFFFF,0xFF60,0xFFFF,0xFF60,0x77FF,0xFF60,0x777F,
	0x7F77,0x77FF,0x7777,0x7777,0x7777,0x77F7,0xF7F7,0x777F,
	0x7FFF,0x7777,0x7777,0x7777,0x7777,0xFF77,0x7777,0x7F77,

	0x7777,0xB0FF,0xF777,0xB07F,0x7F77,0xB077,0x7777,0xB0FF,
	0xF777,0xB07F,0xFF77,0xB077,0x7777,0xB0FF,0xF777,0xB0FF,
	0xBB7B,0xBBBB,0xBB0B,0xBBBB,0xBBBB,0xBBBB,0x0B0B,0xBBBB,
	0x0B0B,0xBBB0,0x0B7B,0xBBB0,0x00FB,0xBBB0,0x00FB,0xBBB0,
	0xBBBB,0x00BB,0xBBBB,0xBBBB,0xBBBB,0xBBBB,0xBBBB,0xB0BB,
	0xBBBB,0x0B0B,0xBBBB,0x00BB,0xBBBB,0xBBBB,0xBBBB,0xBBBB,
	0xF700,0x3F0F,0x000B,0xF6F7,0x00BB,0x0670,0x00BB,0x0600,
	0x000B,0x0600,0x0000,0x0600,0xBBBB,0x0600,0xBBBB,0x060B,

	0xDC5C,0xCD5D,0xCDDC,0xDCD5,0xC5DD,0xDDD5,0x5DD5,0xDCDD,
	0x5DDD,0xDDDD,0xDDDD,0xDD5D,0xDCDD,0xCDD5,0xDCD5,0xDDCC,
	0x5DDD,0xD5DD,0xDDDD,0xDDDD,0xDD5D,0x5DDC,0xD5DC,0xD5CD,
	0xD5CD,0xCDCD,0xDDCD,0xCDDD,0xDDDD,0x7CDD,0x5DDD,0x5C7C,
	0xDD5C,0xCD5D,0xDDDC,0xDCD5,0x555D,0xDDDD,0x5DD5,0xDCDD,
	0x5CDD,0xDDDD,0x7DCD,0x5CDD,0x5D5D,0xCDD7,0xDD5C,0xDD57,
	0x5CDD,0xD5DC,0xCDDD,0xDDDD,0xCD5D,0x5CDD,0xD5DC,0xD5CD,
	0xD55D,0xC55C,0x5555,0x577D,0xC777,0x737D,0xC737,0x3335,

	0xDC5C,0x0D5D,0xCDDC,0x05F5,0xD5DD,0x0F5D,0x5DD5,0x07DD,
	0x5DDD,0x0075,0x75CD,0x000F,0x35C7,0x0007,0x7F53,0x0000,
	0x0000,0x0000,0x0000,0x0000,0x0000,0x0000,0x0000,0x0000,
	0x0000,0x0000,0x0000,0x0000,0x0000,0x0000,0x0000,0x0000,
	0xDC5C,0xCD5D,0xCDDC,0xDCD5,0xC5DD,0xDDD5,0x5DD5,0xDDDD,
	0x5DDD,0xDDDD,0xDDDD,0xDD5D,0xCDD5,0xCDD5,0xDD5D,0xDC5C,
	0xDCDD,0xD5DC,0xCDDD,0xDDDD,0xCD5D,0x5CDD,0xD5DC,0xD5CD,
	0xD5CD,0xC5CD,0xDDCD,0xCDDD,0xDDDD,0x5CDC,0xDCDD,0xCDCD,

	0x0000,0x0000,0x0000,0x0000,0x0000,0x0000,0x0C00,0x0000,
	0xCDFF,0xCC00,0xCFD7,0x0DC7,0xD755,0x07DC,0x55D5,0xCF7D,
	0x0000,0x0000,0x0000,0x0000,0x0000,0x0000,0x0000,0x0000,
	0x0000,0x0000,0x0000,0x0000,0x0000,0x0000,0xD777,0x00CC,
	0xDC5C,0xCD5D,0xCDDC,0xDCD5,0xC5DD,0xDDD5,0x5DD5,0xDCDD,
	0x5DDD,0xDDCD,0xDDCD,0xDDCD,0xDCDD,0xCDD5,0xDCDD,0xDCDD,
	0x5CDD,0xD5DC,0xCDDD,0xDDDD,0xCD5D,0x5CDD,0xD5DD,0xD5CD,
	0xDDCD,0xC5CD,0xDCDD,0xCD5D,0x5CDD,0xDDCD,0x55DD,0x7DDC,

	0x0000,0x0000,0x0000,0x0000,0x0000,0x0000,0x0000,0xEEF0,
	0x0000,0xFFFE,0x0000,0x7F77,0x0000,0x0700,0x0000,0x7000,
	0x0000,0x0000,0x0000,0x0000,0x0000,0x0000,0x00FE,0x0F70,
	0x0E7F,0x0700,0xEFFF,0x0000,0xFFF7,0x000F,0xFF70,0x000E,
	0x0000,0x0000,0x0000,0x0000,0x0000,0x7000,0x0000,0x0000,
	0x0000,0x0000,0x0000,0x0000,0x0000,0x0000,0x0000,0x0000,
	0x0000,0x0000,0x0000,0x0000,0x077F,0x0000,0x0F77,0x0000,
	0x0770,0x0000,0x0000,0x0000,0x0000,0x0000,0x0000,0x0000,

	0xEF00,0x0333,0xE000,0x1039,0xF000,0x0299,0x0000,0x019E,
	0x0000,0x0020,0x0000,0x0190,0x0000,0x0930,0x0000,0x03E0,
	0x0000,0x0000,0x1000,0x0012,0x0000,0x0000,0x0000,0x0000,
	0x0000,0x0000,0x0002,0x0000,0x0001,0x0000,0x0000,0x0000,
	0x0010,0x0000,0x1200,0x2100,0x0000,0x0000,0x0000,0x0000,
	0x0000,0x0000,0x0000,0x0000,0x0000,0x0000,0x0000,0x0000,
	0x0000,0x0200,0x0012,0x0010,0x0000,0x0000,0x0000,0x0000,
	0x0000,0x0000,0x0000,0x0000,0x0000,0x0000,0x0000,0x0000,

	0x0000,0x0000,0x2100,0x0001,0x0000,0x0000,0x0000,0x0000,
	0x0000,0x0000,0x0000,0x2000,0x0000,0x1000,0x0000,0x0000,
	0x3330,0x00FE,0x9301,0x00FE,0x9920,0x000F,0xE910,0x0000,
	0x7200,0x0000,0x0910,0x0000,0x0E90,0x0000,0x0E30,0x0000,
	0x0000,0x0000,0x0000,0x0000,0xF700,0xFFFF,0x777F,0xF77F,
	0xF777,0x0777,0xEF7F,0x7707,0xFEFF,0x7F7F,0xFEEE,0xFE7F,
	0x0000,0x0000,0x0000,0x0000,0xFFFF,0x00FF,0xFFFF,0xFF3E,
	0x7700,0x7EF7,0x0077,0xEE70,0x7777,0xEEF7,0x7777,0xFFFF,

	0x0000,0x0000,0x0000,0x0000,0x0000,0x0000,0x0000,0x0000,
	0x0000,0x0000,0xCC70,0x0007,0xC7EF,0x000C,0xEEFF,0x0007,
	0x0000,0x0000,0x0000,0x0000,0x0000,0x0000,0x0000,0x0000,
	0x0000,0x0000,0x0000,0x0000,0x0000,0x0000,0x0000,0x0000,
	0x0000,0x0000,0x0000,0x0000,0x0000,0x0000,0x0000,0x0000,
	0x0000,0x0000,0x0000,0x0000,0x0000,0x0000,0x0000,0x0000,
	0x0000,0x0000,0x0000,0x0000,0x0000,0x0000,0x0000,0x0000,
	0x0000,0x0000,0x7000,0x07CC,0xE000,0x07CC,0xEF00,0x007E,

	0xFF60,0x7777,0x7F60,0x777F,0xFF60,0xFFFF,0xFF60,0x77FF,
	0x7F60,0x7777,0x7F60,0x7777,0x7F60,0x7777,0x7F60,0xF777,
	0x7777,0x7777,0x7FFF,0x7777,0x777F,0x7777,0x7777,0x7777,
	0x7777,0x7777,0x7777,0x7777,0x777F,0xF777,0x777F,0x7777,
	0xFF77,0xB0F7,0x7FF7,0xB0FF,0x7777,0xB0FF,0xFF77,0xB0FF,
	0xFF77,0x00FF,0xFFFF,0xB0FF,0x77FF,0x6B0F,0xF777,0xF6BF,
	0x0BFB,0xBBB0,0xBBFB,0xBB00,0xBBF0,0x000B,0xBBF0,0xBBBB,
	0xB0F0,0xBBBB,0x007C,0xBBB0,0xB0C6,0xBBB0,0x0C6F,0xBBBB,

	0xBBBB,0xBBBB,0xBBBB,0xBBBB,0xBBBB,0xBBBB,0xBBBB,0xBBBB,
	0xBBBB,0xBBBB,0xBBBB,0xBBBB,0xBBBB,0xBBBB,0xBBBB,0xBBBB,
	0xBBBB,0x060B,0xB0BB,0x060B,0x00BB,0x060B,0x0BBB,0x0600,
	0xBBBB,0x0600,0xBBB0,0x060B,0xB000,0x0600,0x000B,0x0600,
	0xD5DD,0xDC5D,0x5DD5,0xDDDD,0x5D5D,0x55CD,0xDD5D,0x7DDD,
	0xDDDD,0xDD5D,0xDCDD,0xD575,0x5CD5,0x5357,0x5D5D,0xF7DD,
	0xD55C,0x7D55,0x57DD,0x3737,0x7D5D,0x3333,0x3D57,0xFF3F,
	0xFC33,0x777F,0x7F3D,0x0707,0x07FC,0x0000,0x007C,0x7000,

	0xD5DD,0xD53C,0x5DD5,0xC33D,0x33C3,0xFFFC,0x77FF,0x777F,
	0x7070,0x0070,0x0007,0x7000,0x0000,0x0000,0x0000,0x0000,
	0xD333,0xFFF3,0x53FF,0x7F7F,0xFF7F,0x77F7,0x07F7,0x7077,
	0x7070,0x0000,0x0000,0x0000,0x0000,0x0000,0x0000,0x0000,
	0x0777,0x0000,0x0077,0x0000,0x0007,0x0000,0x0000,0x0000,
	0x0000,0x0000,0x0000,0x0000,0x0000,0x0000,0x0000,0x0000,
	0x0000,0x0000,0x0000,0x0000,0x0000,0x0000,0x0000,0x0000,
	0x0000,0x0000,0x0000,0x0000,0x0000,0x0000,0x0000,0x0000,

	0x775D,0xD57C,0x735F,0x773D,0x3FF7,0xC3FD,0x7707,0xD3FF,
	0x7070,0xDF70,0x0000,0xF777,0x0000,0xF700,0x0000,0xD070,
	0xCDDD,0xCD5D,0xDDDC,0xDDD5,0xDD55,0xDCDD,0xCDD7,0xDDDD,
	0xDD73,0xDDDC,0xD533,0x5DDC,0x57CD,0xD5DD,0xCDDD,0xC5DD,
	0x5CD5,0xDC5D,0xD5DC,0x7DDD,0x5DCD,0xD5DD,0x5DCD,0xDD5D,
	0xDDD5,0xDD5D,0xCDDD,0x5CDD,0x5CDD,0x5DCD,0x5D5D,0xDDCD,
	0xDDC7,0x000D,0x5DDC,0xCC0F,0x75DD,0x0DCF,0x57DD,0x00DC,
	0x75D5,0xFFFD,0x5DDD,0x7F7D,0xD5DD,0xD755,0x5CDD,0xC5DD,

	0xDDDC,0xDCD5,0xDDDC,0x555C,0xD555,0x375C,0x5777,0x33DC,
	0x3333,0x7FCD,0xFF70,0x07F5,0x7070,0x7070,0x0000,0x0007,
	0x57DD,0x3FDC,0x75CD,0xFF5C,0x3CC5,0x77FD,0xFC53,0x0775,
	0x7DF7,0x7707,0x7077,0x0070,0x0700,0x0000,0x0000,0x0000,
	0x0700,0x0000,0x0700,0x0000,0x0700,0x0000,0x7700,0x0000,
	0x7000,0x0007,0x0000,0x0077,0x0000,0x7770,0x0000,0x0000,
	0xF700,0x000E,0xF070,0x000E,0x7000,0x000F,0xF000,0x0000,
	0x0000,0x0007,0x7000,0x0000,0x0777,0x0000,0x0000,0x0000,

	0x0000,0xFFF7,0x0000,0x7700,0x0000,0x7000,0x0000,0x0000,
	0x0000,0x0000,0x0000,0x0000,0x0000,0x0000,0x0000,0x0000,
	0x0007,0x007F,0x700F,0x00F7,0x000F,0x00F0,0x000F,0x007F,
	0x0007,0x0000,0x0000,0x0000,0x0000,0x0000,0x0000,0x0000,
	0x0000,0x13E0,0x0000,0x23E0,0x0000,0x23E0,0x0000,0x23E0,
	0x0000,0x13E7,0x0000,0x19EF,0x0000,0x023E,0xF000,0x0193,
	0x0000,0x0000,0x0000,0x0000,0x0000,0x0000,0x0010,0x0000,
	0x0020,0x0000,0x0020,0x0000,0x0010,0x0000,0x0000,0x0000,

	0x0000,0x0000,0x0000,0x0000,0x0000,0x0000,0x0000,0x0000,
	0x0000,0x0000,0x0000,0x0000,0x0000,0x0000,0x0000,0x0000,
	0x0000,0x0000,0x0000,0x0000,0x0000,0x0000,0x0000,0x0000,
	0x0000,0x0000,0x0000,0x0000,0x0000,0x0000,0x0000,0x0000,
	0x0000,0x0000,0x0000,0x0000,0x0000,0x0000,0x0000,0x0100,
	0x0000,0x0200,0x0000,0x0200,0x0000,0x0100,0x0000,0x0000,
	0x0E31,0x0000,0x0E32,0x0000,0x0E32,0x0000,0x0E32,0x0000,
	0x0E31,0x0000,0xFE91,0x0000,0xE320,0x0000,0x3910,0x000E,

	0xEE3E,0xEEFF,0xEF3E,0x3EEF,0xF333,0x3EFE,0x3333,0x33EE,
	0x3213,0xE333,0x1001,0x2221,0x0000,0x0000,0x0000,0x0000,
	0xFF77,0xEEEF,0xFFFF,0xE3EE,0xEFEE,0xE33E,0xEEFE,0x3333,
	0x3EEF,0x3213,0x2122,0x1001,0x0000,0x0000,0x0000,0x0000,
	0xFFF0,0x0000,0x0000,0x0000,0x0000,0x0000,0x0000,0x7000,
	0x0000,0xEF00,0x0000,0xFF00,0x0000,0xF000,0x0000,0x0000,
	0x0000,0x0000,0x0000,0x0000,0x0000,0x0000,0x07CC,0x0000,
	0x0CC7,0x0000,0x07EE,0x0000,0x00FF,0x0000,0x0000,0x0000,

	0x0000,0x0000,0x0000,0x0000,0x0000,0x0000,0x0000,0x0000,
	0x0000,0x0000,0x0000,0x0000,0x0000,0x0000,0x0000,0x0000,
	0xFF00,0x000F,0x0000,0x0000,0x0000,0x0000,0xC700,0x007C,
	0xCE00,0x007C,0xEEF0,0x000E,0xFFF0,0x0000,0x0000,0x0000,
	0xFF60,0xFF77,0xFF60,0x7FFF,0xFF60,0x77FF,0xFF60,0x777F,
	0xFF60,0x7777,0x7F60,0x7F77,0x7F60,0x7777,0x7F60,0x7777,
	0x7777,0x7777,0x7777,0x7777,0x7777,0x7777,0x7777,0x7777,
	0x7777,0x7777,0x7777,0x7777,0x7777,0x7777,0x7777,0x7777,

	0xF777,0xF6B7,0x7F77,0xFF00,0x0777,0x6960,0xB777,0x7360,
	0xB077,0xF4F6,0x0B77,0xF3F6,0xFB77,0x6966,0x6B07,0x0000,
	0x0B6F,0xBBB0,0xC0FF,0xBBB0,0xC696,0xBBB0,0xF637,0xB0BB,
	0x6F4F,0x000C,0x6F3F,0x0B0B,0x6696,0xB0B0,0x0000,0xB0C6,
	0xBBBB,0xBBBB,0xBBBB,0xBBBB,0xBBBB,0xBBBB,0xBBBB,0xBBBB,
	0xBBBB,0xBBBB,0xBBB0,0xBBBB,0xBBBB,0xBB0B,0xBBBB,0xBB0B,
	0x0BBB,0x0600,0xBBBB,0x0600,0xBBBB,0x0600,0xBBBB,0x0600,
	0xB0BB,0x060B,0x00BB,0x060B,0x00BB,0x0600,0x0BBB,0x0600,

	0xDC5C,0x7F75,0xCDDC,0x07CC,0xDCDD,0x0CDD,0xDDD5,0x7555,
	0x55DD,0x7F75,0x5DCD,0xCCD5,0x5DDD,0xDDDD,0xDCD5,0xF57D,
	0x0000,0x0000,0x0000,0x0000,0x0000,0x0000,0x0000,0x0000,
	0x0000,0x0000,0x0000,0x0000,0x000D,0x0000,0x0000,0x0000,
	0x0000,0x0000,0x0000,0x0000,0x0000,0x0000,0x0000,0x0000,
	0x0000,0x0000,0x0000,0x0000,0x0000,0x0000,0x0000,0x0000,
	0x0000,0x0000,0x0000,0x0000,0x0000,0x0000,0x0000,0x0000,
	0x0000,0x0000,0x0000,0x0000,0x0000,0x0000,0x0000,0x0000,

	0x0000,0x0000,0x0000,0x0000,0x0000,0x0000,0x0000,0x0000,
	0x0000,0x0000,0x0000,0x0000,0x0000,0x0000,0x0000,0x0000,
	0x0000,0x0000,0x0000,0x0000,0x0000,0x0000,0x0000,0x0000,
	0x0000,0x0000,0x0000,0x0000,0x0000,0x0000,0x0000,0x0000,
	0x0000,0xDC00,0x0000,0x5C00,0x0000,0x7000,0x0000,0x7000,
	0x0000,0x0000,0x0000,0x0000,0x0000,0x5000,0x0000,0xDC00,
	0xDD55,0xD5CC,0xD77F,0xDDDD,0x573F,0x5CDD,0xCC5D,0xD5D5,
	0xDDFF,0xC5DC,0xD5DD,0xCDDC,0xDD75,0x5CDD,0xD577,0xCDDD,

	0x0000,0x0000,0x0000,0x0000,0x0000,0x0000,0x0000,0x0000,
	0x0000,0x0000,0x0000,0x0000,0x0000,0x0000,0x0000,0x00CD,
	0x0000,0x0000,0x0000,0x0000,0x0000,0x0000,0x0000,0x0000,
	0x0000,0x0000,0xDD00,0x0077,0x5FF0,0xF7D5,0x7CD7,0x7C5D,
	0x0000,0x0000,0x0000,0x0000,0x0000,0x0000,0x0000,0x0000,
	0x0000,0xD770,0x7000,0x5DFF,0xCF70,0x5DD7,0xC7FF,0x75C5,
	0x0000,0x0000,0x0000,0x0000,0x0000,0x0000,0x0000,0x0000,
	0x00CC,0x00D0,0x7FFD,0x075D,0xC757,0xFF5D,0xD55C,0x7575,

	0x0000,0x0000,0x4400,0x000C,0x5370,0x00C4,0x3F70,0xF053,
	0xFF00,0x0007,0x0000,0x0000,0x5000,0x00C4,0xF000,0x0045,
	0x0000,0x0000,0x0000,0x0000,0x0000,0x0000,0xC004,0x0000,
	0x4500,0x000C,0x5370,0x000C,0x3F70,0x0003,0x0000,0x0007,
	0x0000,0x0000,0x0000,0x0000,0x0000,0x0000,0x0000,0x8000,
	0x0000,0x5F80,0x0000,0x458F,0xF000,0x5558,0xF000,0x5885,
	0x0000,0x0000,0x0000,0x0000,0x0088,0x0000,0x8845,0x0000,
	0x4454,0x0008,0x5445,0x0084,0x4554,0x0084,0x55D5,0x00F5,

	0xE000,0x0093,0xE000,0x0019,0xF000,0x2009,0x0000,0x101E,
	0x0000,0x0020,0x0000,0x0109,0x0000,0x0093,0x0000,0x003E,
	0x0000,0x0000,0x0000,0x0000,0x0000,0x0000,0x0000,0x0000,
	0x0000,0x0000,0x0002,0x0000,0x0001,0x0000,0x0000,0x0000,
	0x0000,0x0000,0x0000,0x0000,0x0000,0x0000,0x0000,0x0000,
	0x0000,0x0000,0x0000,0x0000,0x0000,0x0000,0x0000,0x0000,
	0x0000,0x0000,0x0000,0x0000,0x0000,0x0000,0x0000,0x0000,
	0x0000,0x0000,0x0000,0x0000,0x0000,0x0000,0x0000,0x0000,

	0x0000,0x0000,0x0000,0x0000,0x0000,0x0000,0x0000,0x0000,
	0x0000,0x0000,0x0000,0x2000,0x0000,0x1000,0x0000,0x0000,
	0x3900,0x000E,0x9100,0x000E,0x9002,0x000F,0xE101,0x0000,
	0x0200,0x0000,0x9010,0x0000,0x3900,0x0000,0xE300,0x0000,
	0x0000,0x0000,0x0000,0x0000,0x0000,0x0000,0x0000,0x0000,
	0x0000,0x0000,0x0000,0x0000,0x0000,0x0000,0x0000,0x0000,
	0x0000,0x0000,0x0000,0x0000,0x0000,0x0000,0x0000,0x0000,
	0x0000,0x0000,0x0000,0x0000,0x0000,0x0000,0x0000,0x0000,

	0x0000,0x0000,0x0000,0x0000,0x0000,0x0000,0x0000,0x0000,
	0x0000,0x002B,0x0000,0x01B9,0x0000,0x009B,0x0000,0x009B,
	0x0000,0x0000,0x0000,0x0000,0x0000,0x0000,0x0000,0x0000,
	0x0000,0x0000,0x0002,0x0000,0x0001,0x0000,0x0000,0x0000,
	0x0000,0x0000,0x0000,0x0000,0x0000,0x0000,0x0000,0x0000,
	0x0000,0x0000,0x0000,0x2000,0x0000,0x1000,0x0000,0x0000,
	0x0000,0x0000,0x0000,0x0000,0x0000,0x0000,0xF000,0x0000,
	0xB200,0x0000,0x9010,0x0000,0xB900,0x0000,0xB900,0x0000,

	0x7F60,0x7777,0x7F60,0x7777,0x7F60,0x7777,0xFF60,0x7777,
	0xFF60,0xFF7F,0xFF60,0xFFFF,0xFF60,0x7FFF,0xFF60,0x777F,
	0x7F77,0x7777,0x7F77,0x7777,0x77F7,0x7777,0x77FF,0x7777,
	0x777F,0x7777,0x7777,0x0777,0x7777,0xB777,0x7777,0xB777,
	0x60B7,0x0000,0x6FB7,0x0000,0x06B7,0x0000,0x06B0,0x0000,
	0x000B,0x0000,0x006B,0x0000,0x0060,0x0000,0x0006,0x0000,
	0x0000,0xB0B6,0x0000,0x0B06,0x0000,0x0B60,0x0000,0xB060,
	0x0000,0xB600,0x0000,0xB600,0x0000,0x0600,0x0000,0x6000,

	0xBBBB,0xB00B,0xBBBB,0xB00B,0xBBBB,0x00BB,0xBBB0,0x00BB,
	0xBBB0,0x00BB,0xBBB0,0x0BBB,0xBB0B,0xBBBB,0xBB0B,0xBBBB,
	0xBBBB,0x0600,0xBBBB,0x060B,0xBBBB,0x0600,0xBBB0,0x0600,
	0xBB00,0x0600,0x0000,0x0600,0x0000,0x0600,0x000B,0x0600,
	0xDDDD,0xF355,0x77D5,0x73CD,0x5D5D,0x7CDD,0xCC5D,0x0D55,
	0xDDDD,0x0FDC,0xDCDD,0x0F35,0x5CD5,0x7F75,0x5D5D,0x7CD7,
	0x0000,0x0000,0x0000,0x0000,0x0000,0x0000,0x0000,0x0000,
	0x0000,0x0000,0x0000,0x0000,0x0000,0x0000,0x0000,0x0000,

	0x0000,0x0000,0x0000,0x0000,0x0000,0x0000,0x0000,0x0000,
	0x0000,0x0000,0x0000,0x0000,0x0000,0x0000,0x0000,0x0000,
	0x0000,0x0000,0x0000,0x0000,0x0000,0x0000,0x0000,0x0000,
	0x0000,0x0000,0x0000,0x0000,0x0000,0x0000,0x0000,0x0000,
	0x0000,0x0000,0x0000,0x0000,0x0000,0x0000,0x0000,0x0000,
	0x0000,0x0000,0x0000,0x0000,0x0000,0x0000,0x0000,0x0000,
	0x0000,0x0000,0x0000,0x0000,0x0000,0x0000,0x0000,0x0000,
	0x0000,0x0000,0x0000,0x0000,0x0000,0x0000,0x0000,0x0000,

	0x0000,0x7C00,0x0000,0x7000,0x0000,0x0000,0x0000,0x0000,
	0x0000,0x0000,0x0000,0x0000,0x0000,0xD000,0x0000,0x0000,
	0x553F,0xCD5D,0x57D5,0xDDD5,0xDD5F,0xDCD5,0xDCC7,0xDDCD,
	0xCDF7,0xDDDC,0xD3F7,0x5DDC,0x57FD,0xD5DD,0x55D5,0xC5DD,
	0x0000,0xFDD0,0x0000,0xDD50,0x0000,0xD75F,0x7C07,0x557F,
	0xFD05,0xD557,0x75DD,0x5D55,0x5CDD,0x5DDC,0x5D5D,0xDDCD,
	0x5D77,0xCD57,0xDDD5,0xDDC7,0xDD5D,0xDCDD,0x5DDD,0xDDDD,
	0xDCDD,0xCDDD,0xCDDD,0xDDDC,0xD5DD,0xD5DD,0x5CDD,0xD5DD,

	0x7DDD,0xC75C,0x5DCD,0xCD55,0xDCDD,0xDD5D,0xDCD5,0xD5DD,
	0xDD5D,0x5CDD,0xDD5C,0x5CD5,0xCDDC,0xDD5D,0xDDDD,0x5D5C,
	0x75DD,0x5D57,0x7D5D,0xDDDD,0x5DD5,0xCDDD,0xDDD5,0xDCD5,
	0xD5DD,0xDCD5,0xCD5D,0x5DDD,0xDC5D,0xD5DD,0xDCDD,0xD55D,
	0x0000,0x0000,0x0000,0x0000,0x0000,0x00C4,0x0057,0x0C53,
	0x00F7,0x053F,0x0000,0x07F7,0x0000,0x0000,0x0000,0x0000,
	0x0000,0x0000,0x0000,0x0047,0x0450,0x00F7,0x5FF0,0x000C,
	0x3F70,0x00CC,0x7000,0x0035,0x7000,0x0007,0x0000,0x0000,

	0xCD00,0x8858,0xD000,0x5C8D,0x5500,0xD8DD,0x0000,0xD5D5,
	0x0000,0x5000,0x0000,0x0000,0x0000,0x0000,0x0000,0x0000,
	0x585D,0x00D5,0x8D5D,0x000D,0xCDC8,0x000D,0x058D,0x0000,
	0x005D,0x0000,0x0000,0x0000,0x0000,0x0000,0x0000,0x0000,
	0x0000,0x013E,0x0000,0x023E,0x0000,0x023E,0x0000,0x023E,
	0x0000,0x013E,0x0000,0x019E,0xF000,0x0293,0xE000,0x0193,
	0x0000,0x0000,0x0000,0x0000,0x0000,0x0000,0x0001,0x0000,
	0x0002,0x0000,0x0002,0x0000,0x0001,0x0000,0x0000,0x0000,

	0x0000,0x0000,0x0000,0x0000,0x0000,0x0000,0x0000,0x0000,
	0x0000,0x0000,0x0000,0x0000,0x0000,0x0000,0x0000,0x0000,
	0x0000,0x0000,0x0000,0x0000,0x0000,0x0000,0x0000,0x0000,
	0x0000,0x0000,0x0000,0x0000,0x0000,0x0000,0x0000,0x0000,
	0x0000,0x0000,0x0000,0x0000,0x0000,0x0000,0x0000,0x1000,
	0x0000,0x2000,0x0000,0x2000,0x0000,0x1000,0x0000,0x0000,
	0xE310,0x0000,0xE320,0x0000,0xE320,0x0000,0xE320,0x0000,
	0xE310,0x0000,0xE910,0x000F,0x3920,0x007E,0x3910,0x000E,

	0x0000,0x0000,0x0000,0x0000,0x0000,0x0000,0x0000,0x0000,
	0x0000,0x0000,0x0000,0x0000,0x0000,0x0000,0x0000,0x0000,
	0x0000,0x0000,0x0000,0x0000,0x0000,0x0000,0x0000,0x0000,
	0x0000,0x0000,0x0000,0x0000,0x0000,0x0000,0x0000,0x0000,
	0x0000,0x019B,0x0000,0x02BB,0x0000,0x02BB,0x0000,0x02BB,
	0x0000,0x01BB,0x6000,0x019B,0xB000,0x029B,0xB000,0x019B,
	0x0000,0x0000,0x0000,0x0000,0x0000,0x0000,0x0001,0x0000,
	0x0002,0x0000,0x0002,0x0000,0x0001,0x0000,0x0000,0x0000,

	0x0000,0x0000,0x0000,0x0000,0x0000,0x0000,0x0000,0x1000,
	0x0000,0x2000,0x0000,0x2000,0x0000,0x1000,0x0000,0x0000,
	0xB910,0x0000,0xBB20,0x0000,0xBB20,0x0000,0xBB20,0x0000,
	0xBB10,0x0000,0xB910,0x0006,0xB920,0x000B,0xB910,0x000B,
	0xFF60,0x777F,0xFF60,0x7777,0xFF60,0x7777,0xFF60,0x7777,
	0x7F60,0x7777,0x7F60,0x7777,0x7F60,0x7F77,0x7F60,0x7FF7,
	0x7777,0x0777,0x7777,0x6077,0x7777,0x6B77,0x7777,0x6007,
	0x7777,0x66B7,0x7777,0x6600,0x7777,0x6F60,0x0777,0x6F67,

	0x0006,0x0000,0x0000,0x0000,0x0000,0x0000,0x0000,0x0000,
	0x0000,0x0000,0x0000,0x0000,0x0000,0x0000,0x0000,0x0000,
	0x0000,0x6000,0x0000,0x0000,0x0000,0x0000,0x0000,0x0000,
	0x0000,0x0000,0x0000,0x0000,0x0000,0x0000,0x0000,0x0000,
	0xB0B0,0xBBBB,0xB0B6,0xBBBB,0xB0B6,0xBBBB,0x0B06,0xBBBB,
	0x0B76,0xBBBB,0xB066,0xBBB0,0xB7F6,0x00B0,0x06F6,0x0B0B,
	0x0BBB,0x0600,0xBBBB,0x0600,0xBB0B,0x0600,0xB00B,0x0600,
	0x00BB,0x0600,0x00BB,0x0600,0x0BBB,0x0600,0x0000,0x0600,

	0x5C5C,0xCDDC,0x5DDC,0xD7DD,0xC5DD,0x7775,0x5DD5,0xCC57,
	0x5DDD,0xDDC5,0xDDCD,0x5DDD,0xDCDD,0xC755,0xDCD5,0x7CD5,
	0x0000,0x0000,0x0007,0x0000,0x000F,0x0000,0x000F,0x0000,
	0x007C,0x0000,0x0D7F,0x0000,0xDDD3,0x0005,0xF5DC,0x0077,
	0x0000,0x0000,0x0000,0x0000,0x0000,0x0000,0x0000,0x0000,
	0x0000,0x0000,0x0000,0x0000,0x0000,0x0000,0x0000,0x0000,
	0x0000,0x0000,0x0000,0x0000,0x0000,0x0000,0x0000,0x0000,
	0x0000,0x0000,0x0000,0x0000,0x0000,0x0000,0x0000,0x0000,

	0x0000,0x0000,0x0000,0x0000,0x0000,0x0000,0x0000,0x0000,
	0x0000,0x0000,0x0000,0x0000,0x0000,0x0000,0x0000,0x0000,
	0x0000,0x0000,0x0000,0x0000,0x0000,0x0000,0x0000,0x0000,
	0x0000,0x0000,0x0000,0x0000,0x0000,0x0000,0x0000,0x0000,
	0x0000,0x5000,0x0000,0x7000,0x0000,0x77C0,0x0000,0xCDD7,
	0x0000,0xDD57,0x7000,0xD5FF,0xDDD0,0xD77D,0x5F70,0xD5DD,
	0xDDD7,0xD5DC,0xCD55,0xDDDD,0xDD57,0x5CDD,0xD57F,0xD5CD,
	0x557C,0xC5CD,0x55CD,0xCDDD,0xDD5D,0x5CDC,0xDCDD,0xCDCD,

	0xDC5C,0xCD5D,0xCDDC,0xDCD5,0xC5DD,0xDDD5,0x5DD5,0xD7DD,
	0x5DDD,0x7DDD,0x5DCD,0x7D5D,0xDCDD,0x75D5,0x7CD5,0x57D5,
	0x5CDD,0xD5DC,0xCDDD,0xDDDD,0xCD5D,0x5CDD,0xDD5C,0xD5CD,
	0x75D5,0xC55D,0xD7D5,0xCD75,0x575D,0x5CD7,0x57D5,0xC7D7,
	0xDCDD,0xCD5D,0xCDDC,0xDCD5,0xC5DD,0xDDD5,0x5DD5,0xDCDD,
	0x5DDD,0xDDDD,0xDDCD,0xDD5D,0xDCDD,0xCDD5,0xDCD5,0xDCD5,
	0x5CDD,0xD5DC,0xCDDD,0xDDDD,0xCD5D,0x5CDD,0xD5DC,0xD5CD,
	0xD5CD,0xC5CD,0xDDCD,0xCDDD,0xDDDD,0x5CDC,0xDCDD,0xCDCD,

	0x5555,0x5655,0x5555,0x5555,0x5555,0x5555,0x5555,0x5555,
	0x5555,0x5755,0x5555,0x7555,0x5555,0x7575,0x7555,0x5555,
	0x6555,0x6555,0x5555,0x5555,0x5555,0x5555,0x5555,0x5555,
	0x5555,0x5555,0x5555,0x5555,0x5555,0x5557,0x7755,0x6555,
	0x0000,0x0000,0x0000,0x0000,0x0000,0x0000,0xAAA0,0x20AA,
	0x5A00,0xFACC,0xA000,0xA577,0x1100,0x7711,0x1110,0x7111,
	0x1110,0x0000,0x1111,0x0001,0xC111,0x0001,0x1112,0x0001,
	0x11CA,0xAAAA,0xAA7C,0xA5CC,0x5AA5,0x0A77,0x7577,0x00A7,

	0x3000,0x0093,0x3000,0x2093,0x3000,0x1019,0x7000,0x0000,
	0x0000,0x0007,0xCC70,0x0077,0xC7EF,0x000C,0xEEFF,0x0007,
	0x0000,0x0000,0x0000,0x0000,0x0000,0x0000,0x0000,0x0000,
	0x0000,0x0000,0x0000,0x0000,0x0000,0x0000,0x0000,0x0000,
	0x0000,0x0000,0x0000,0x0000,0x0000,0x0000,0x0000,0x0000,
	0x0000,0x0000,0x0000,0x0000,0x0000,0x0000,0x0000,0x0000,
	0x0000,0x0000,0x0000,0x0000,0x0000,0x0000,0x0000,0x0000,
	0x0000,0x0000,0x0000,0x0000,0x0000,0x0000,0x0000,0x0000,

	0x0000,0x0000,0x0000,0x0000,0x0000,0x0000,0x0000,0x0000,
	0x0000,0x0000,0x0000,0x0000,0x0000,0x0000,0x0000,0x0000,
	0x3900,0x0003,0x3902,0x0003,0x9101,0x0073,0x0000,0x0007,
	0x7000,0x0000,0x7770,0x07CC,0xC000,0x077C,0x7F00,0x00EE,
	0xDC5C,0x5D5D,0xCDDC,0x55D5,0xC5DD,0x5DD5,0x5DD5,0x5C5D,
	0x5DDD,0x757D,0xDDCD,0xD555,0x5CDD,0x5D55,0xDCD5,0x5D55,
	0x7D75,0x575D,0xD557,0x5555,0xD575,0x7555,0xD755,0x57D5,
	0x57D5,0xD755,0x55D7,0xD555,0x5557,0x7D5D,0x5D57,0xD5D5,

	0x0000,0xA000,0x0000,0x8A00,0x0000,0x8FA0,0x0000,0x8F9A,
	0xA000,0x8F99,0x9A00,0x8F99,0x99A0,0xF8F9,0x99A0,0xFF8F,
	0x0009,0x0000,0x0098,0x0000,0x098A,0x0000,0x988A,0x0000,
	0x888A,0x0009,0x888A,0x0098,0x88A8,0x0988,0x8A8F,0x09A8,
	0x0000,0x0000,0x0000,0x0000,0x0000,0x0000,0x0000,0x0000,
	0x0000,0x0000,0x0000,0x0000,0x0000,0x0000,0x0000,0x0000,
	0x0000,0x0000,0x0000,0x0000,0x0000,0x0000,0x0000,0x0000,
	0x0000,0x0000,0x0000,0x0000,0x0000,0x0000,0x0000,0x0000,

	0x7F60,0x7FFF,0xFF60,0x77FF,0xFF60,0x777F,0xFF60,0xF777,
	0xFF60,0x7FF7,0xFF60,0x77FF,0xFF60,0x077F,0xFF60,0x6077,
	0x0777,0x6FF6,0x7077,0x67FF,0x677F,0x67FF,0xF607,0x67FF,
	0xFF60,0x677F,0xFFF7,0xAF77,0xFFF6,0xA677,0x7FFF,0xA677,
	0xAAAA,0xAAAA,0xAAAA,0xAAAA,0xAAAA,0xAAAA,0xAAAA,0xAAAA,
	0xAAAA,0xAAAA,0xAAAA,0xAAAA,0xAAAA,0x9AAA,0xAAAA,0xAAA9,
	0xAAAA,0xAAAA,0xAAAA,0xAAAA,0xAAAA,0xAAAA,0xAAAA,0xAAAA,
	0xAAAA,0xAAAA,0xAAAA,0xAAAA,0xAAAA,0xAAAA,0xAA9A,0xAAAA,

	0x6FF6,0xBB0B,0xFF76,0xB0B7,0xFF76,0x0B06,0xFF76,0x0B6F,
	0xF776,0xB7FF,0x77FA,0x06FF,0x776A,0x6FFF,0x776A,0xFFF7,
	0x000B,0x0600,0x000B,0x0600,0x00BB,0x0600,0xBBBB,0x0600,
	0xBBB0,0x060B,0xBB00,0x0600,0xBB0B,0x0600,0xB0B6,0x060B,
	0xD5DD,0x5CDD,0x5DD5,0xDDDD,0x5D5D,0xDDCD,0xDD5D,0xDDDC,
	0xDDDD,0xD5DC,0xDCDD,0xDCD5,0x5CD5,0x5DCD,0x5D5D,0xDDCD,
	0x377D,0x7CFC,0xCD5D,0xCD5D,0x55DC,0xDD55,0x5DDC,0xD557,
	0xD55D,0x557D,0x5DCD,0xDDDD,0xD5DD,0xD5DD,0x5CDD,0xC5DD,

	0xCC77,0x0000,0x7DCF,0x0000,0x5DDC,0x7707,0x77DD,0x5FFF,
	0x557D,0xD555,0xDDDD,0xCDCD,0x5CDD,0xCDDC,0xDD5D,0xDDCD,
	0x0000,0x0000,0x7550,0xCD7C,0xFF75,0xFD5D,0x7757,0x77D5,
	0x5DDC,0x5555,0xCDDD,0x7CDD,0xD5DD,0xDDDD,0x5CDD,0xCDDD,
	0x0000,0x0000,0x0000,0x0000,0x0077,0x0000,0x0CFF,0x0000,
	0xCDD7,0x0000,0xF5D7,0x0000,0x755D,0x0007,0x575D,0x07D5,
	0x0000,0x0000,0x0000,0x0000,0x0000,0x0000,0x0000,0x0000,
	0x0000,0x0000,0x0000,0x0000,0x0000,0x0000,0x0000,0x0000,

	0x57F0,0xDDD5,0x57CC,0xDDDD,0xDCDF,0xDDDD,0xCD57,0xDDDD,
	0xD775,0xD5DD,0xD575,0xDCD5,0x55C5,0x5DCD,0x5D5C,0xDDCD,
	0xCDD5,0xCD5D,0xCD5D,0xDDD5,0xDD5D,0xDCD5,0xCDDC,0xDDCD,
	0xDDCD,0xDDDC,0xDDCD,0x5DDC,0xD5DD,0xD5DD,0x5CDD,0xC5DD,
	0xD57D,0x75D7,0x57D5,0xD557,0x575D,0x7D75,0x757D,0x5D57,
	0x57DD,0x7575,0x575D,0x55D7,0x55D5,0x5DC5,0x5D5D,0xDDCD,
	0x55D5,0x5D7D,0x57D5,0xD57D,0x5575,0x575D,0xD75D,0xD575,
	0x7757,0x7555,0x5555,0x7555,0xD55D,0x5555,0x55D5,0xC55D,

	0xD5DD,0xDCDD,0x5DD5,0x5DDD,0x5DDD,0x75C7,0x75DD,0x55D7,
	0x755D,0xD5D5,0x575D,0xDCD5,0x555D,0x5DCD,0xDDDD,0xDDCD,
	0xC755,0xCD5D,0xCD77,0xDDD5,0xDD57,0xDCD5,0xC5D5,0xDDCD,
	0x575D,0xDDD6,0x755D,0x5D57,0x55DD,0xD557,0xDCDD,0xC5D5,
	0x5556,0x5577,0x5556,0x5577,0x5555,0x7555,0x5555,0x5555,
	0x5555,0x5555,0x5555,0x5555,0x5555,0x5555,0x5655,0x5655,
	0x7757,0x5555,0x5555,0x5575,0x5575,0x5555,0x5755,0x5555,
	0x5755,0x6555,0x5555,0x6555,0x5555,0x5555,0x5655,0x6555,

	0x1110,0xA11C,0x11E8,0x7711,0x1002,0x7771,0x00F2,0xA75A,
	0x0002,0xAA5A,0x0002,0x00AA,0x2000,0x000A,0x2000,0x0002,
	0x5777,0x0011,0x1AAA,0x8111,0x177A,0x21C1,0x1577,0x2111,
	0x767A,0x2211,0x75A0,0x2000,0xAA08,0x0002,0x2000,0x0002,
	0xFFF0,0x0000,0x0000,0x0000,0x0000,0x0000,0x0000,0x0000,
	0xCC70,0x0077,0xC7EF,0x000C,0xEEFF,0x0007,0xFFF0,0x0000,
	0x0000,0x0000,0x0000,0x0000,0x0000,0x0000,0x0000,0x0000,
	0x0000,0x0000,0x0000,0x0000,0x0000,0x0000,0x0000,0x0000,

	0x0000,0x0000,0x0000,0x0000,0x0000,0x0000,0x0000,0x0000,
	0x0000,0x0000,0x0000,0x0000,0x0000,0x0000,0x0000,0x0000,
	0x0000,0x0000,0x0000,0x0000,0x0000,0x0000,0x0000,0x0000,
	0x0000,0x0000,0x0000,0x0000,0x0000,0x0000,0x0000,0x0000,
	0x0000,0x0000,0x0000,0x0000,0x0000,0x0000,0x0000,0xF000,
	0x0000,0xF000,0x0000,0xF000,0x0000,0xF000,0x0000,0x0000,
	0xFF00,0x000F,0x0000,0x0000,0x0CC7,0x0000,0xCC77,0x000C,
	0xCC7E,0x000C,0x77EE,0x0007,0x7EEF,0x0006,0x0FFF,0x0000,

	0xD5DD,0x555D,0x5DD5,0x5555,0x5D5D,0x75DD,0xDD5D,0x555D,
	0xDDDD,0x555D,0xDCDD,0x7D55,0x5CD5,0x55D5,0x5D5D,0x57D5,
	0xD575,0xD575,0xD755,0x5557,0x5755,0x5D57,0xD557,0x55D7,
	0x55D7,0x555D,0x55D5,0x755D,0x5755,0x5755,0x7D57,0xD755,
	0xF9A0,0xFFF8,0x8FA0,0xFFFF,0xF8A0,0xFFFF,0xFFA0,0xAFAA,
	0xAFA0,0x9FF9,0xAFA0,0x9AA9,0xFFA0,0x9999,0x8FA0,0xA9AF,
	0xA8FF,0x09A8,0x8FFF,0x09AA,0xFFFA,0x09A8,0xAAF9,0x098F,
	0x9FFA,0x0AFA,0x9AA9,0x0AFA,0x9999,0x0AFF,0xFA9A,0x0AF8,

	0x0000,0x0000,0x0000,0x0000,0x0000,0x0000,0x0000,0x0000,
	0x0000,0x0000,0x0000,0x0000,0x0000,0x0000,0x0000,0x0000,
	0x0000,0x0000,0x0000,0x0000,0x0000,0x0000,0x0000,0x0000,
	0x0000,0x0000,0x0000,0x0000,0x0000,0x0000,0x0000,0x0000,
	0x7F60,0xF677,0x7760,0xFF6F,0xF760,0xFFF6,0x6FF0,0x7FFF,
	0xF63F,0x77FF,0xF3FF,0x777F,0x63F4,0x6666,0xA344,0x99AC,
	0x77FF,0xA677,0x77FF,0xA677,0x7777,0x9AF7,0x7777,0xAA67,
	0xF777,0x9A96,0x9677,0xA9A9,0x9A6C,0x9C99,0x99C9,0x99C9,

	0xAAAA,0x9AAA,0xA9AA,0xA9AA,0xAAAA,0x9AA9,0x9A9A,0x999A,
	0xA9AA,0x6999,0x9999,0x9969,0x9999,0x9999,0x99C9,0x9999,
	0xAAAA,0xAAA9,0xA9A9,0xAAAA,0xAA9A,0xA9AA,0xA9A9,0xAAA9,
	0x9999,0x9A9A,0x9699,0xA9A9,0x9999,0xC999,0x9999,0x999C,
	0x776A,0xFFF7,0x7FAA,0xFF77,0x76A9,0xF777,0x79AA,0x7777,
	0x6A9A,0x777F,0xA9A9,0x776A,0x9999,0x9699,0xC99C,0xC999,
	0x0B6F,0x060B,0xB6FF,0x0600,0x6FFF,0x060B,0xFFFF,0x0676,
	0xFF77,0xF36F,0x7777,0x3F3F,0x6666,0x3F36,0xAD99,0x34DA,

	0xCD5C,0xCDDD,0xD5DC,0xCDDD,0xD5DD,0xD5DC,0xCDD5,0xDDDD,
	0xCD5D,0x5DCD,0xDD5D,0xD5D5,0x5DCD,0xDDDD,0x5CD5,0x5DCD,
	0x5CDD,0xD5DC,0xCDDD,0x5DD5,0xCDDD,0x5DDD,0xDDCD,0xDCDD,
	0xDCDD,0xCDDD,0x5CDD,0xCDDD,0xDDD5,0x5CD5,0xDDDD,0xCDD5,
	0x757D,0xD575,0x555D,0x5557,0x5755,0x55D5,0x7557,0x5D55,
	0x7555,0x5D55,0x555D,0x5575,0x55D5,0xD557,0xD5D5,0x5D55,
	0x7D55,0x575D,0x7555,0x5555,0x5575,0x7555,0x575D,0x575D,
	0x57D5,0xD7D5,0x57D5,0xD7D5,0x55D5,0x75D5,0xD555,0xD555,

	0x757D,0xD575,0x555D,0x5D57,0x5755,0x5557,0x7557,0x5755,
	0x7555,0x5555,0x55D5,0x5575,0x5D55,0xD557,0x5D57,0x5D57,
	0x7D55,0x575D,0x7555,0x5555,0x5575,0x7555,0x5755,0x575D,
	0x575D,0xD7D5,0x55D5,0xD5D5,0x5555,0x7555,0x5575,0xD55D,
	0x5D55,0x5575,0xD55D,0x5D57,0xD755,0x5557,0x7557,0x5D55,
	0x7555,0x5555,0x55D5,0x5575,0x5D55,0xD557,0x5D55,0x5D57,
	0x5575,0x5575,0x7555,0x5555,0x5575,0x7555,0x5755,0x575D,
	0x575D,0xD7D5,0x57D5,0xD5D5,0x55D5,0x7555,0x5D55,0xD575,

	0x7737,0x7757,0x3737,0x7777,0x7777,0x7773,0x5757,0x5753,
	0x7555,0x5575,0x55D5,0x5575,0x7D55,0xD555,0x5D57,0x5D57,
	0x3757,0x7577,0x7757,0x7577,0x7775,0x7577,0x5755,0x5775,
	0x575D,0xD755,0x55D5,0xD555,0x55D5,0x7D5D,0x5D55,0xD5D5,
	0x0000,0x0000,0x0000,0x0000,0x0000,0x0000,0x0000,0x0000,
	0x0000,0x0000,0x0000,0x0000,0x0000,0x0000,0x0000,0x0000,
	0x0000,0x0000,0x0000,0x0000,0x0000,0x0000,0x0000,0x0000,
	0x0000,0x0000,0x0000,0x0000,0x0000,0x0000,0x0000,0x0000,

	0x5D7D,0xD575,0xD55D,0x5D57,0xD75D,0xD555,0x7557,0x5D55,
	0x7555,0x5D55,0x75D5,0x5575,0x5D55,0x75D7,0x5D57,0x7D57,
	0x5C75,0xD5DC,0xCD57,0xDDDD,0xCD57,0x5CDD,0x5755,0xD5CD,
	0xD555,0xC5CD,0x5557,0xCDDD,0x5755,0x5CDC,0x5D75,0xCDCD,
	0x0000,0x0000,0x5500,0x0005,0xC450,0x005C,0x4590,0x05CC,
	0x559B,0x0455,0x99BB,0x5099,0x0000,0x4500,0x0000,0xC450,
	0x0000,0x0000,0x0000,0x0055,0x5000,0x05C4,0x9B00,0x5C55,
	0xBB00,0x0999,0x0055,0x0000,0x05C4,0x0000,0x5CCC,0x0005,

	0xF000,0x003E,0xF000,0x0013,0x7007,0x2003,0xF77F,0x101E,
	0xE77E,0x0020,0xEFE3,0x0103,0xFE33,0x003E,0xEEE3,0x013E,
	0x0000,0x0000,0x0000,0x0000,0x0000,0x0000,0x0000,0x0000,
	0x0000,0x0000,0x0000,0x0000,0x0000,0x0000,0x0000,0x0000,
	0x0000,0x0000,0x0000,0x0000,0x0000,0x0000,0x0000,0x0000,
	0x0000,0x0000,0x0000,0x0000,0x0000,0x0000,0x0000,0x0000,
	0xE300,0x000F,0x3100,0x000F,0x3002,0x0007,0xE101,0xF77F,
	0x0200,0x777E,0x3010,0xF7FE,0xE300,0xEFFF,0xE310,0x3EFE,

	0x0000,0xAAA0,0x0000,0xAAAA,0xA000,0xCAAA,0xA000,0xAAAA,
	0xA100,0x0ACA,0x0100,0xACAA,0x2000,0xAAA0,0x0000,0x1012,
	0x0000,0x0000,0x000A,0x0000,0x00AA,0x0000,0x00AC,0x0000,
	0x01AA,0x0000,0xA200,0x00AA,0xAA10,0x0AAA,0xCAA2,0xAAAA,
	0x5C5C,0x5555,0xD5DC,0x55D5,0xD5DD,0x5D55,0x5555,0x5D57,
	0x555D,0x7575,0x55D5,0x5575,0x5D5D,0xD555,0x5D55,0x5D55,
	0x7D75,0x575D,0xD557,0x5555,0xD575,0x7555,0xD755,0x5755,
	0x57D5,0xD755,0x55D7,0xD555,0x5557,0x7D5D,0x5D57,0xD5D5,

	0xFFA0,0xA99A,0xAFA0,0x9999,0x8FA0,0x899F,0xFFA0,0xF899,
	0xFFA0,0xFF88,0xF9A0,0xFFFF,0x9A00,0x9999,0xA000,0xAAAA,
	0xA99A,0x0AFF,0x9999,0x0AFA,0xF998,0x0AF8,0x998F,0x0AFF,
	0x88FF,0x0AFF,0xFFFF,0x0A9F,0x9999,0x00A9,0xAAAA,0x000A,
	0x0000,0x0000,0x0000,0x0000,0x0000,0x0000,0xFFFF,0x0077,
	0xFFFF,0x7FF7,0x777F,0xFFFF,0xFFFF,0xFFFF,0xFFFF,0xFFFF,
	0x0000,0x0000,0x0000,0x0000,0x0000,0x0000,0x0000,0x0000,
	0x0000,0x0000,0x0000,0x0000,0x0007,0x0000,0x000F,0x0000,

	0x0000,0x0000,0x0000,0x0000,0x0000,0x0000,0x0000,0x0000,
	0x0000,0x0000,0x0000,0x0000,0x0000,0x0000,0x0000,0x0000,
	0x0000,0x0000,0x0000,0x0000,0x0000,0x0000,0x0000,0x0000,
	0x0000,0x0000,0x0000,0x0000,0x0000,0x0000,0x0000,0x0000,
	0x50B0,0xDDDC,0x0666,0xD50B,0xB6B6,0x6066,0x6BBB,0x6B6B,
	0x6666,0x66B6,0x7776,0x7776,0x6777,0x0777,0xB606,0x7707,
	0xDDCD,0xDDDD,0x55DC,0xDDDD,0x6BDC,0xCD50,0xB6BD,0xBD0B,
	0xBB66,0x00BB,0x6767,0xBBBB,0x7777,0xBB67,0xB077,0x9B70,

	0xDD5C,0xCD5D,0xDDDD,0xDCD5,0xDCDD,0xDCD5,0xCDDB,0xDDDD,
	0xCDBB,0xDDDD,0xDCC0,0xDD5D,0xD5C0,0xCDDD,0xD6BB,0xDD5D,
	0x5CDD,0xD5DC,0xCDDD,0xDDDD,0xCD5D,0x5CDD,0xD5DC,0xD5CD,
	0xD5CD,0xC5DD,0xDDCD,0xCDDD,0xDDDD,0x5CDC,0xDCDD,0xCDCD,
	0xDC5D,0x5DDC,0xDD55,0xDD5C,0x5DDC,0xC5DD,0xD5CD,0xD5DD,
	0xD5DD,0xDDDD,0xDDCD,0xDCDC,0xDCD5,0xDDCD,0x5C5D,0x5DCD,
	0xDD5D,0xCDDD,0xC5DD,0xDDDD,0xD5DD,0xD5DC,0xDDDC,0x5D5C,
	0xDDDC,0xDD5D,0xD5DD,0x5DDD,0x5DDD,0xDDDD,0x5DDC,0xC5DD,

	0x5555,0x7D5D,0x5553,0x555D,0x3737,0x5555,0x775D,0x7337,
	0xDDDD,0x55D5,0xDCDD,0x55DC,0x5CD5,0x5DCD,0x5D5D,0x5DCD,
	0x5D55,0xD575,0x7D57,0x5755,0x5557,0x5757,0x7577,0x5757,
	0x7773,0x5777,0x3337,0x7777,0x5555,0x7335,0x5CDD,0x55DD,
	0x5D57,0x5D57,0x5D57,0x5D55,0x5555,0x555D,0x57D5,0x57D5,
	0x755D,0x5575,0x7377,0x3777,0x3573,0x5737,0x5555,0x5555,
	0x5755,0xD5D5,0x5755,0x55D5,0x5557,0x7557,0x7575,0x5555,
	0x757D,0xD575,0x3773,0x7773,0x5737,0x7355,0x5555,0x3555,

	0x5555,0x5D57,0x5555,0x5D55,0x75D5,0x5555,0x5D57,0x77D7,
	0x7757,0x3777,0x3777,0x5733,0x7737,0x5D35,0x5555,0xDDCD,
	0x5D55,0x3557,0x7557,0x5337,0x7777,0xD557,0x3737,0xDDC5,
	0x5535,0xDDDC,0xDDD5,0x5DDC,0xD5DD,0xD5DD,0x5CDD,0xC5DD,
	0x5555,0x5D57,0x5557,0x5555,0x5575,0x55D5,0x5575,0x555D,
	0x55D5,0x575D,0x5D55,0x7D57,0x7D57,0x75D5,0x7575,0x75D5,
	0xD557,0xD555,0xD575,0x5555,0x5575,0x5D55,0xD57D,0x55D5,
	0x55D5,0x555D,0x55D5,0x755D,0x57D5,0x575D,0x7D55,0xD755,

	0x0000,0x0000,0x0000,0x0000,0x0000,0x0000,0x0000,0x0000,
	0x0000,0x0000,0x0000,0x0000,0x0000,0x0000,0x0000,0x0000,
	0x0000,0x0000,0x0000,0x0000,0x0000,0x0000,0x0000,0x0000,
	0x0000,0x0000,0x0000,0x0000,0x0000,0x0000,0x0000,0x0000,
	0x5755,0x5D57,0x7557,0x5555,0x7575,0x55D5,0x7575,0x555D,
	0x5575,0x575D,0x5D55,0x7D57,0x7D55,0x75D5,0x7555,0x55D5,
	0xD557,0xCD55,0xD557,0xDDD7,0x5555,0xDCD7,0x7D55,0xDDD5,
	0x55D7,0xDD5D,0x55D5,0xDD5D,0x5555,0xDD55,0x5555,0xCD55,

	0x0000,0x4459,0x9000,0x5445,0x9B00,0x4455,0xBBB0,0x5599,
	0xBB00,0x99BB,0x0000,0x0000,0x0000,0x0000,0x0000,0x0000,
	0x4CCC,0x005C,0xCC44,0x004C,0xC4C5,0x0054,0x5454,0x0005,
	0x5595,0x0000,0x4900,0x0005,0x4590,0x005C,0x99B0,0x0004,
	0xE333,0x02E3,0x3339,0x0293,0x3399,0x0299,0x9999,0x0109,
	0x9999,0x0020,0x0991,0x1001,0x0210,0x0000,0x0000,0x0000,
	0x0001,0x0000,0x0000,0x0000,0x0001,0x0000,0x0002,0x0000,
	0x0001,0x0000,0x0000,0x0000,0x0000,0x0000,0x0000,0x0000,

	0x0000,0x1000,0x0000,0x0000,0x0000,0x1000,0x0000,0x2000,
	0x0000,0x1000,0x0000,0x0000,0x0000,0x0000,0x0000,0x0000,
	0x3320,0xE3EE,0x3320,0x3EEE,0x3320,0x33E3,0x3010,0x3E33,
	0x0200,0x3333,0x1001,0x1330,0x0000,0x0120,0x0000,0x0000,
	0xA000,0x00AA,0xAA00,0x00AC,0xCAA0,0xAA0A,0xAAA0,0xACAA,
	0xAAA1,0xAACA,0xAA01,0x0AAA,0xA020,0x10AA,0x1200,0x0000,
	0xACA0,0xAAAA,0x0AA1,0xAACA,0xA001,0x0AAC,0xA020,0x01AA,
	0x1201,0x0010,0x0002,0x0000,0x0000,0x0000,0x0000,0x0000,

	0x5557,0x5D55,0x5575,0x5557,0xD57D,0x7575,0x555D,0x557D,
	0x55DD,0x555D,0x5D55,0x5D55,0x5D5D,0x75D5,0x5555,0x57D5,
	0xD575,0xD575,0xD755,0x5557,0x5755,0x5D57,0xD557,0x55D7,
	0x55D7,0x555D,0x55D5,0x755D,0x5755,0x5755,0x7D55,0xD755,
	0xF000,0x00FF,0xF000,0x00FB,0xF000,0x00FF,0xBF00,0x0FBF,
	0x77F0,0xF777,0x0FF0,0xFF0F,0xFF00,0x0FF0,0x0000,0x0000,
	0xFF00,0x000F,0xBF00,0x000F,0xFF00,0x000F,0xFBF0,0x00FB,
	0x777F,0x0F77,0xF0FF,0x0FF0,0x0FF0,0x00FF,0x0000,0x0000,

	0xFFFF,0xFFFF,0xF7FF,0xFFFF,0xFF77,0x888F,0xFFFF,0x883F,
	0xFFFF,0x338F,0xFFFF,0xFFFF,0xFFFF,0xFFFF,0xFFFF,0xFFFF,
	0x007F,0x0000,0xFFFF,0xF888,0x8888,0x8343,0x8888,0x4433,
	0x3333,0x4444,0xFFFF,0x8888,0xFFFF,0xFFFF,0xFFFF,0xFFFF,
	0x0000,0x0000,0xF777,0x8888,0x8888,0x3333,0x3333,0x3333,
	0x4444,0x4444,0x8888,0x8888,0xFFFF,0xFFFF,0xFFFF,0xFFFF,
	0x0000,0x0000,0x8888,0xF888,0x8FF8,0x8333,0x3333,0x8433,
	0x4444,0x8344,0x8888,0xF888,0xFFFF,0xFFFF,0xFFFF,0x777F,

	0x6B6B,0xB076,0x6BB6,0x7676,0xBBBB,0x7766,0xB6BB,0x66B6,
	0x6BBB,0x6B6B,0xBBB9,0xB6BB,0xB99B,0xBBB9,0x9999,0xBB99,
	0x770B,0x9B67,0x7777,0x9666,0x6676,0x9BB6,0x6667,0x9BBB,
	0xB6B6,0x9B9B,0xBB6B,0x9B99,0x9BB6,0x99B9,0xB9BB,0x9BBB,
	0xD609,0xDCDD,0xCC08,0xDCDD,0xDDC8,0xDDDD,0xD6DA,0xDDDD,
	0x560A,0xDD5D,0x50BA,0x5DDD,0x5B0A,0x5CDD,0x6B68,0xDCD5,
	0xCDD5,0xCD5D,0xDD5D,0xDDD5,0xDD5D,0xDCDD,0xCDDC,0xDDCD,
	0xDDCD,0xDDDC,0xDDCD,0x5DDC,0xD5DD,0xD5DD,0x5DDD,0xC5DD,

	0x557D,0xD575,0x555D,0x5D57,0x5D55,0x5557,0xD557,0x5D55,
	0xD555,0x55D5,0x55D5,0x55D5,0x5D55,0x7755,0x5D57,0x5DD5,
	0x7D55,0x575D,0xD555,0x5555,0xD755,0x7555,0x5775,0x57D5,
	0x6667,0xD755,0x76DD,0xD555,0x7765,0x7D55,0x7D55,0xD557,
	0xDC5C,0xCD5D,0xCDDC,0xDCD5,0xC5DD,0xDDD5,0x5DD5,0xDCDD,
	0x5DDD,0x5DDD,0xDDCD,0xDD5D,0xDCDD,0xDDD7,0x7CD5,0x5D55,
	0x5CDD,0xD7DC,0x7DDD,0x7DDD,0xCD7D,0x7D57,0x57DC,0x57D7,
	0x57CD,0xD7D7,0x57D5,0xD7D5,0x55D5,0x7D5D,0x5D55,0xD5D5,

	0xDC55,0x5D5D,0xCD5C,0x5D57,0xD7D5,0x5557,0x7557,0x5D55,
	0x7557,0x5555,0x75D5,0x5575,0x5D55,0xD557,0x5D57,0x5D57,
	0x5CDD,0xD57C,0xCD7D,0x5557,0xD755,0x7D57,0x575D,0x57D5,
	0x57D5,0xD7D5,0x57D5,0xD7D5,0x55D5,0x7D5D,0x5D55,0xD5D5,
	0xDC5C,0xCD5D,0xCD7C,0xDCD5,0xC75D,0xDD55,0x5757,0xDCD5,
	0x7555,0xDD55,0x75D5,0x7575,0x5D55,0x7557,0x5D57,0x7D57,
	0xDCDD,0xD5DD,0xCDDD,0xDDDD,0xCD5D,0x5CDD,0xD5DC,0xD5CD,
	0xD5C7,0xC5CD,0xD7CD,0xCDDD,0xD575,0x5CDC,0x5D75,0xCDC5,

	0x557D,0xD575,0x5D5D,0x5D57,0x5555,0x5557,0x5757,0x5666,
	0x7555,0x5675,0x35D5,0x5673,0x5D55,0xA633,0x5D57,0x3DA6,
	0x7D55,0x555D,0x7555,0x5575,0xD575,0x5755,0x5755,0x5755,
	0x566D,0xD755,0x5566,0xD555,0x3356,0x7D5D,0x53A6,0xD5D5,
	0x557D,0xD575,0x5D5D,0x5D57,0x6555,0x6656,0x6757,0x5656,
	0x7555,0x3676,0xA3D5,0x3676,0x3D55,0x3535,0x6D57,0x5366,
	0x7D55,0x555D,0x6555,0x5575,0xD675,0x5755,0x5653,0x5755,
	0x5665,0x5755,0x5566,0x6666,0x3366,0x7566,0x5356,0x5536,

	0x5D7D,0xD575,0xD55D,0x5D57,0xD75D,0x5D55,0x7557,0x5D55,
	0x7555,0x5555,0x75D5,0x5575,0x5D55,0x75D7,0x5D57,0x7D57,
	0x5575,0xD55D,0xD557,0xD555,0xD557,0x5D55,0x5755,0xD7D5,
	0x5555,0xC7D5,0x7557,0xC555,0x5755,0x5D5D,0x5D75,0xC5D5,
	0x0000,0xFF00,0x0000,0x7BF0,0x0000,0xBBF0,0xAAA0,0x77AA,
	0x5A00,0xFACC,0xA000,0xA577,0xF000,0x77FF,0x2F00,0x7F12,
	0xFF0F,0x000F,0x22FB,0x00F2,0x02FB,0x00F2,0x01F7,0x00F1,
	0x1F5A,0xAAAA,0xAA75,0xA5CC,0x5AA5,0x0A77,0x7575,0x00A7,

	0x0000,0x0000,0x0000,0x0000,0x0000,0x0000,0x0000,0x0000,
	0x0000,0x0000,0x0000,0x0000,0x0000,0x0000,0x0000,0x0000,
	0x0000,0x0000,0x0000,0x0000,0x0000,0x0000,0x0000,0x0000,
	0x0000,0x0000,0x0000,0x0000,0x0000,0x0000,0x0000,0x0000,
	0x0000,0x0000,0x0000,0x0000,0x0000,0x0000,0x0000,0x0000,
	0x0000,0x0000,0x0000,0x0000,0x0000,0x0000,0x0000,0x0000,
	0x0000,0x0000,0x0000,0x0000,0x0000,0x0000,0x0000,0x0000,
	0x0000,0x0000,0x0000,0x0000,0x0000,0x0000,0x0000,0x0000,

	0x0000,0x0000,0x0000,0x0000,0x0000,0x0000,0x0000,0x0000,
	0x0000,0xA000,0x0000,0xAA00,0x0000,0xAAA0,0x0000,0xAAA0,
	0x0000,0x0000,0x0000,0x0000,0x0000,0x0000,0x0000,0x0000,
	0x00AA,0x0000,0x0AAA,0x0000,0xAACA,0x0000,0xACAA,0x0000,
	0x5D57,0x5755,0xD573,0x5555,0xD535,0xD555,0x5755,0x5D57,
	0x5C5D,0x7D75,0x75CD,0x5575,0x7DCD,0xD557,0x5DD5,0x5D53,
	0x7D55,0x575D,0xD555,0x5555,0xD575,0x7555,0xD755,0x5755,
	0x57D5,0xD755,0x55D7,0xD555,0x5557,0x7D5D,0x5D57,0xD5D5,

	0xFFFF,0xFFFF,0x8888,0x8FFF,0x8888,0x8888,0x8888,0x8888,
	0x3333,0x3333,0xFFFF,0xFFFF,0xFFFF,0xFFFF,0x4444,0x4444,
	0xFFFF,0xFFFF,0x8888,0x8888,0x8888,0x8888,0x8888,0x3888,
	0x3333,0x8333,0xFFFF,0xFFFF,0xFFFF,0xFFFF,0x4444,0x4444,
	0xFFFF,0xFFFF,0x8888,0x8888,0x8888,0x8888,0x8883,0x8888,
	0x3338,0x3333,0xFFFF,0xFFFF,0xFFFF,0xFFFF,0x4444,0x4444,
	0xFFFF,0xFFFF,0xFFF8,0x8888,0x8888,0x8888,0x8888,0x8888,
	0x3333,0x3333,0xFFFF,0xFFFF,0xFFFF,0xFFFF,0x4444,0x4444,

	0x8888,0x8888,0x3333,0x3333,0x8383,0x38FF,0x3333,0x3333,
	0x4444,0x4444,0xFFFF,0xFFFF,0xFFFF,0xFFFF,0x4444,0x4444,
	0x8888,0x8888,0x3333,0x3333,0x3338,0x3333,0x3333,0x4333,
	0x4444,0x3444,0xFFFF,0xFFFF,0xFFFF,0xFFFF,0x4444,0x4444,
	0x9999,0x9B9B,0x6BB9,0xB9BB,0xBB99,0xBB96,0xB998,0xB9BB,
	0x8989,0x9B99,0x9889,0xB998,0x8899,0x9988,0x9999,0x9998,
	0x9B9B,0x999B,0xBBBB,0x9BB9,0xBB66,0x999B,0xB6BB,0x899B,
	0xBB9B,0x99B9,0x9BB9,0x999B,0x9999,0xB999,0x8988,0x9899,

	0x06BA,0xDDC5,0x0B8A,0xDCD6,0x698A,0xCD60,0xBBA9,0xC660,
	0xB8A8,0xDC06,0xB8A8,0xDCB6,0x9A88,0xDCC6,0x9A88,0xDDCC,
	0x5C5D,0xD5DC,0xCDD5,0xDDDD,0xCDD5,0x5CDD,0xD5DD,0xD5CD,
	0xD5DD,0xC5DD,0xDD5D,0xCDDD,0xDDD5,0x5CDC,0xDC5D,0xCDCD,
	0x5555,0x5D66,0x5575,0x7756,0x5755,0x7775,0x5755,0x5555,
	0x55D5,0x5755,0x5D55,0x7D57,0x7557,0x75D5,0x7575,0x55D5,
	0x6555,0xD575,0x6D65,0x5577,0x5657,0x5D57,0x5577,0x55D5,
	0x5555,0x555D,0x5555,0x755D,0x5555,0x5755,0x7555,0xD755,

	0x75D7,0x5D55,0x7575,0x5555,0x5575,0x55D5,0x5755,0x555D,
	0x5757,0x575D,0x5D75,0x7D57,0x75D5,0x75D5,0x75D5,0x75D5,
	0xD557,0xD575,0xD575,0x5557,0x5575,0x5D57,0xD57D,0x55D5,
	0x55D5,0x555D,0x55D5,0x755D,0x57D5,0x575D,0x7D55,0xD755,
	0x5755,0x5D57,0x7557,0x5555,0x7575,0x55D5,0x5575,0x555D,
	0x5555,0x575D,0x5D55,0x7D57,0x7D57,0x75D5,0x7575,0x75D5,
	0xD557,0xD575,0xD575,0x5557,0x5575,0x5D57,0xD57D,0x55D5,
	0x55D5,0x555D,0x55D5,0x755D,0x57D5,0x575D,0x7D55,0xD755,

	0x5755,0x5D57,0x7557,0x5555,0x7575,0x55D5,0x5575,0x555D,
	0x5555,0x575D,0x5D55,0x7D57,0x7D57,0x75D5,0x7575,0x75D5,
	0xD557,0xC575,0xD575,0x5557,0x5575,0x5757,0xD57D,0x55D5,
	0x55D5,0xD57D,0x55D5,0x5D7D,0x57D5,0x5D5D,0x7D55,0x5D55,
	0x5665,0x3A67,0x5657,0xA36A,0x5675,0xA5DA,0x3675,0xA333,
	0x3D55,0xAA33,0x5555,0xA337,0x7D57,0x75D5,0x7575,0x75D5,
	0x6636,0xD556,0xD6A6,0x5555,0x36A5,0x5D55,0xA6A3,0x55D5,
	0x3DAA,0x555D,0x5D33,0x755D,0x5775,0x575D,0x7D55,0xD755,

	0x5555,0x3A67,0x6657,0xA363,0x5675,0xA56A,0x3675,0x565A,
	0xA5D5,0x65A3,0xA355,0x6337,0x7D57,0x6775,0x7575,0x7555,
	0xA5A6,0x5536,0x35A6,0x6665,0xA3A5,0x5365,0x65AA,0x5363,
	0x563A,0x5563,0x36AA,0x755D,0xA6A3,0x575D,0x7335,0xD755,
	0x5755,0x5D57,0x7557,0x5555,0x7575,0x75D5,0x7575,0x755D,
	0x5575,0x575D,0x5D55,0x7D57,0x7D55,0x75D5,0x7555,0x55D5,
	0xD557,0xC575,0xD557,0xD557,0x5555,0xDD57,0x5D55,0xD5D5,
	0x55D7,0xDD5D,0x55D5,0x5D5D,0x5755,0xD555,0x7D75,0xC555,

	0x22F0,0x7F20,0x11F0,0xAF10,0x1F00,0x77F1,0xF080,0xA77F,
	0x0000,0xAA7A,0x0080,0x00AA,0x0000,0x800A,0x0000,0x0000,
	0x7777,0x0FFF,0xFAA7,0xF221,0xF77A,0xF202,0x1577,0xF101,
	0xF67A,0x0F11,0x75A0,0x00FF,0xAA00,0x0000,0x0000,0x0000,
	0x0000,0x0000,0x0000,0x0000,0x0000,0x0000,0x0000,0x0000,
	0x0000,0x1000,0x0000,0x0011,0xF000,0x0203,0xF000,0x013E,
	0x0000,0x0000,0x0000,0x0000,0x0000,0x0000,0x0000,0x0000,
	0x0000,0x0000,0x0002,0x0000,0x0001,0x0000,0x0000,0x0000,

	0x0000,0x0000,0x0000,0x0000,0x0000,0x0000,0x0000,0x0000,
	0x0000,0x0000,0x0000,0x2000,0x0000,0x1000,0x0000,0x0000,
	0x0000,0x0000,0x0000,0x0000,0x0000,0x0000,0x0000,0x0000,
	0x0001,0x0000,0x1100,0x0000,0x3020,0x000F,0xE310,0x000F,
	0x0000,0xCAA1,0x0000,0xAA01,0x0000,0xA020,0x0000,0x1200,
	0x0000,0x0000,0x0000,0x0000,0x0000,0x0000,0x0000,0x0000,
	0xAA0A,0x0001,0x00AC,0x0002,0x10AA,0x0000,0x0210,0x0000,
	0x0000,0x0000,0x0000,0x0000,0x0000,0x0000,0x0000,0x0000,

	0x55DD,0x5D77,0x5DD5,0x5535,0x5D5D,0x753D,0xDD5D,0x577C,
	0xDDDD,0x535C,0xDCDD,0x7355,0x5CD5,0x53CD,0x5D5D,0x77C5,
	0xD575,0xD575,0xD755,0x5557,0x5755,0x5D57,0xD557,0x55D7,
	0x55D7,0x555D,0x55D5,0x755D,0x5755,0x5755,0x7D57,0xD755,
	0xFF88,0xFFFF,0x8833,0x8888,0x8833,0xF888,0x8833,0x8888,
	0x3344,0x3333,0xFFFF,0xFFFF,0xFFFF,0xFFFF,0x4444,0x4444,
	0xFFFF,0xFFFF,0x8888,0x8888,0xFFFF,0x8888,0x8888,0x3888,
	0x3333,0x8333,0xFFFF,0xFFFF,0xFFFF,0xFFFF,0x4444,0x4444,

	0xEEEE,0xEEEE,0xFFFE,0xFFFF,0x888F,0x8888,0x883F,0x3338,
	0x338F,0xFF83,0xFFFF,0xFFFF,0xFFFF,0xEFFF,0xFFFF,0xFFFF,
	0xEEEE,0xFFFE,0xFFFF,0x888F,0x8888,0xF838,0x8833,0x3338,
	0x338F,0x4443,0xFFFF,0x888F,0xFFFF,0xFFFF,0xFFFF,0xFFFF,
	0xFFFF,0xFFFF,0x8888,0x8888,0x8FFF,0x3333,0x3333,0x3333,
	0x4444,0x4444,0x8888,0x8888,0xFFFF,0xFFFF,0xFFFF,0xFFFF,
	0xFFFF,0xFFFF,0x8888,0xF888,0x3333,0x8333,0x3333,0x8433,
	0x4444,0x8344,0x8888,0xF888,0xFFFF,0xFFFF,0xFFFF,0xFFFF,

	0x9BB9,0xB989,0xB6B9,0x999B,0xBB9B,0x9B66,0xB9B9,0x66B6,
	0xBB9B,0xB6BB,0x9BB8,0x9BBB,0xB988,0x99B9,0x8888,0xB999,
	0xBBB9,0x999B,0x6B99,0x99B6,0xB9B9,0x9B6B,0xBB99,0xBB9B,
	0xB999,0xB9B9,0xBB9B,0x999B,0x9BB9,0x99BB,0xB6BB,0x9B66,
	0xBA89,0xDCBC,0xBA99,0xDC69,0xBA89,0xDC06,0x9A89,0xDD60,
	0xCA88,0xDDCC,0x0A88,0xDCC5,0xD0A8,0xDC5C,0x6BA8,0xDDCB,
	0xCDD5,0xCD5D,0xDDD5,0xDDD5,0xDDDD,0xDCDD,0xCDDD,0xDDCD,
	0xDD5D,0xDDDC,0xDDD5,0x5DDC,0xD5D5,0xD5DD,0x5DDD,0xC5DD,

	0xDC5C,0xCD5D,0xCDDC,0xDCD5,0xC5DD,0xDDD5,0x5DD5,0xDCDD,
	0x5DDD,0xDDDD,0xDDCD,0xDD5D,0xDCDD,0xCDD5,0xDCD5,0xDCD5,
	0xDCDD,0xD5DC,0xCDDD,0xDDDD,0xCD5D,0xDCDD,0xD5DC,0xD5CD,
	0xD5CD,0xC5CD,0xDDCD,0xCDDD,0xDDDD,0x5DDD,0xDCDD,0xDDDD,
	0xDC5C,0xCD5D,0xCDDC,0xDCD5,0xC5DD,0xDDD5,0x5DD5,0xDDDD,
	0x5DDD,0xDDDD,0xDDD5,0xDD55,0x5D5D,0xD5D5,0x5755,0x5DDD,
	0x5CDD,0xD5DC,0xCDDD,0xDDDD,0xCD5D,0xDCDD,0xD5DC,0xD5CD,
	0xD5CD,0xCDCD,0xDDCD,0xCDDD,0xDDDD,0x5DD5,0xDDDD,0xDD5D,

	0xDC5C,0xCD5D,0xCDDC,0xDCD5,0xC5DD,0xDDD5,0x5DD5,0xDC5D,
	0x5DDD,0xDDDD,0xDDCD,0xDD5D,0xDCDD,0xCDD5,0xDCD5,0xDCD5,
	0x5CDD,0xD5DC,0xCDDD,0xDDDD,0xCD5D,0xDCDD,0xD5DC,0xD5CD,
	0xD5CD,0xC5CD,0xDDCD,0xCDDD,0xDDDD,0x5CDC,0xDCDD,0xCDCD,
	0xDC5C,0xCD5D,0xCDDC,0x57D5,0xC5DD,0x75D5,0x5DD5,0x755D,
	0x5DDD,0x557D,0xDDCD,0x5555,0xDCDD,0x5757,0x5CD5,0x755D,
	0x7D55,0x575D,0x7555,0x5555,0xD575,0x7D55,0x575D,0x57D5,
	0x57D5,0xD7D5,0x57D5,0xD7D5,0x55D5,0x7D5D,0x5D55,0xD5D5,

	0x5755,0x5D55,0x7557,0x5555,0x5555,0x5757,0x5755,0x7777,
	0x7575,0x7377,0x7755,0x3777,0x7777,0x3737,0x3775,0x7777,
	0xD557,0xD575,0x5755,0x5577,0x7775,0x7777,0x7775,0x7555,
	0x7577,0x7757,0x7777,0x7777,0x7777,0x5773,0x3377,0xD577,
	0x0000,0x0000,0x0000,0x0000,0x0000,0x0000,0x0000,0x0000,
	0x0000,0x0000,0x0000,0x0000,0x0000,0x0000,0x0000,0x0000,
	0x0000,0x0000,0x0000,0x0000,0x0000,0x0000,0x0000,0x0000,
	0x0000,0x0000,0x0000,0x0000,0x0000,0x0000,0x0000,0x0000,

	0x5D7D,0xD575,0xD55D,0x5D57,0xD75D,0x5D55,0x7557,0x5D55,
	0x7555,0x5555,0x75D5,0x5575,0x5D55,0x7557,0x5D57,0x7D57,
	0x7D75,0xD75D,0xD557,0xD755,0xD557,0x5555,0x5755,0xD575,
	0x5555,0xC557,0x7557,0xCDD5,0x3755,0x5CD5,0x7375,0xCDCD,
	0x5D7D,0xD575,0xD55D,0x7357,0xD755,0x3757,0x7557,0x3775,
	0x7555,0x7735,0x55D5,0x7777,0x5D55,0x7373,0x7D57,0x3775,
	0x3577,0x7375,0x3777,0x7777,0x5737,0x3577,0x7375,0x7357,
	0x7357,0x5357,0x7357,0x5357,0x7757,0x3575,0x7577,0x5757,

	0xAAAA,0xAAAA,0xAAAA,0xAAAA,0xAAAA,0xA111,0x11AA,0xAAAA,
	0xAAAA,0xAAAA,0x21AA,0xAAA1,0xAAAA,0xAAAA,0xAAAA,0xAAAA,
	0xAAAA,0xAAAA,0xAAA1,0xAAAA,0x1A1A,0xA122,0xAAAA,0xAA1A,
	0xAAAA,0xAAAA,0x11AA,0xAAAA,0xA11A,0xAAAA,0xAAAA,0xAAAA,
	0xAAAA,0xAAAA,0xAAAA,0xAAAA,0xAAAA,0xA111,0x11AA,0xAAAA,
	0xAAAA,0xAAAA,0x21AA,0xAAA1,0xAAAA,0xAAAA,0xAAAA,0xAAAA,
	0xAAAA,0xAAAA,0xAAA1,0xAAAA,0xAAAA,0xAAAA,0x1A1A,0xA122,
	0xAAAA,0xAAAA,0x11AA,0xAAAA,0xA11A,0xAAAA,0xAAAA,0xAAAA,

	0xAAAA,0xAAAA,0xAAAA,0xAAAA,0xAAAA,0xA111,0x11AA,0xAAAA,
	0xAAAA,0xAAAA,0x21AA,0xAAA1,0xAAAA,0xAAAA,0xAAAA,0xAAAA,
	0xAAAA,0xAAAA,0xAAA1,0xAAAA,0xAAAA,0xAAAA,0x1A1A,0xA122,
	0xAAAA,0xAAAA,0x11AA,0xAAAA,0xA11A,0xAAAA,0xAAAA,0xAAAA,
	0xAAAA,0xAAAA,0xAAAA,0xAAAA,0xAAAA,0xA111,0x11AA,0xAAAA,
	0xAAAA,0xAAAA,0xAAAA,0xAAAA,0x21AA,0xAAA1,0xAAAA,0xAAAA,
	0xAAAA,0xAAAA,0xAAA1,0xAAAA,0x1A1A,0xA122,0xAAAA,0xAA1A,
	0xAAAA,0xAAAA,0x11AA,0xAAAA,0xA11A,0xAAAA,0xAAAA,0xAAAA,

	0xFFFF,0xFFFF,0x8888,0x8888,0x8888,0x8888,0x8883,0x8888,
	0x3338,0x3333,0xFFFF,0xFFFF,0xFFFF,0xFFFF,0x4444,0x4444,
	0xFFFF,0xFFFF,0xFFF8,0x8888,0x8888,0x8888,0x8888,0x8888,
	0x3333,0x3333,0xFFFF,0xFFFF,0xFFFF,0xFFFF,0x4444,0x4444,
	0x8888,0x8888,0x3333,0x3333,0x3333,0x3333,0x3333,0x3333,
	0x4444,0x4444,0xFFFF,0xFFFF,0xFFFF,0xFFFF,0x4444,0x4444,
	0x8888,0x8888,0x8F83,0x3333,0x3333,0x3333,0x3333,0x3333,
	0x4444,0x4444,0xFFFF,0xFFFF,0xFFFF,0xFFFF,0x4444,0x4444,

	0x8888,0x8888,0x3333,0x3333,0x8383,0x38FF,0x3333,0x3333,
	0x4444,0x4444,0xFFFF,0xFFFF,0xFFFF,0xFFFF,0x4444,0x4444,
	0x8888,0x8888,0x3333,0x3333,0x3338,0x3333,0x3333,0x3333,
	0x4444,0x4444,0xFFFF,0xFFFF,0xFFFF,0xFFFF,0x4444,0x4444,
	0x98A8,0x9998,0x8889,0x9989,0x889B,0x9998,0x8A89,0x9989,
	0xAA88,0x9888,0xA8A8,0x8A8A,0xAA88,0xA8A8,0xA889,0xAAAA,
	0x99BB,0xB99B,0x6B99,0x99BB,0x999B,0x9B6B,0xB9B9,0x99B9,
	0x9999,0x8999,0x9899,0x9889,0x9988,0x8A98,0x88AA,0x8889,

	0x0B68,0xDDC6,0xBB9A,0xDDBB,0x6B8A,0xDC60,0x6B88,0xDCCB,
	0xBB88,0xD5DC,0xB988,0x5BBC,0x6B8A,0xCC6B,0x6B8A,0xDDC0,
	0x5CDD,0xD5DC,0xCDCD,0xDDDD,0xCDDC,0x5CDD,0xD5DC,0xD5CD,
	0xD5D5,0xC5DD,0xDDCD,0xCDDD,0xDDCD,0x5CDC,0xDC5D,0xCDCD,
	0xD5DD,0xDCDD,0x5DD5,0xDDDD,0x5D5D,0xDDCD,0xDD5D,0xDDDC,
	0xDDDD,0x55DC,0xDCDD,0x5CD5,0x5CD5,0x5DCD,0x5D5D,0xDDCD,
	0xC5D5,0xDDDD,0x5D5D,0xD5D5,0x575D,0x5D57,0x7DDC,0x55D5,
	0x7DCD,0x555D,0x75C5,0x755D,0x57D7,0x5755,0x7D75,0xD755,

	0x755D,0x55D5,0x7D57,0x5DD5,0xD5D5,0xD555,0x557D,0x555D,
	0x555D,0x575D,0x5D5D,0x7D57,0x7D57,0x75D5,0x7575,0x55D5,
	0xCDD5,0xCD5D,0xDD55,0xD5D5,0x5775,0xDD55,0xD75D,0x55D5,
	0x55D5,0x555D,0x55D5,0x755D,0x5755,0x5755,0x7D55,0xD755,
	0xD55D,0xDCDD,0x7DD5,0xDDDD,0x5D55,0xD7C5,0x5775,0xD57D,
	0x5555,0xD57D,0x5755,0x7D55,0x7557,0x75D5,0x7575,0x55D5,
	0xCDD5,0xCD5D,0xCD5D,0xDDD5,0xDD5D,0xDCD5,0xCDDC,0xDDCD,
	0xDDC7,0xDDDC,0xDDCD,0x5DDC,0xD5D5,0xD5DD,0x5CD5,0xC5DD,

	0x57DD,0x75D5,0x7D57,0x55D5,0x7575,0x5555,0x5575,0x555D,
	0x5555,0x575D,0x5D55,0x7D57,0x7D57,0x75D5,0x7575,0x75D5,
	0xD557,0xD575,0x5575,0x5557,0x5575,0x5D55,0xD57D,0x55D5,
	0x55D5,0x555D,0x55D5,0x755D,0x57D5,0x575D,0x7D55,0xD755,
	0x775D,0x7733,0x757D,0x7733,0x7775,0x3777,0x7557,0x7777,
	0x7755,0x5757,0x7555,0x5575,0x5555,0x5555,0x5D57,0x5D55,
	0x3373,0x5777,0x7777,0x7737,0x7737,0x7577,0x7377,0x5755,
	0x7377,0xD557,0x7777,0xD777,0x5757,0x7575,0x7D55,0xD555,

	0x0000,0x0000,0x0000,0x0000,0x0000,0x0000,0x0000,0x0000,
	0x0000,0x0000,0x0000,0x0000,0x0000,0x0000,0x0000,0x0000,
	0x0000,0x0000,0x0000,0x0000,0x0000,0x0000,0x0000,0x0000,
	0x0000,0x0000,0x0000,0x0000,0x0000,0x0000,0x0000,0x0000,
	0x5755,0x5D57,0x7557,0x5555,0x7575,0x55D5,0x7575,0x755D,
	0x5575,0x575D,0x5D55,0x7D57,0x7D55,0x75D5,0x7555,0x55D5,
	0x5755,0xCD5C,0xC575,0xDDD5,0xCD37,0xDCD5,0x7573,0xDDCD,
	0x5DC7,0xDDDC,0xD5C5,0x5DDC,0xD55D,0xD5DD,0x5C77,0xC5DD,

	0x7355,0x3757,0x3573,0x7757,0x3737,0x7777,0x7737,0x7775,
	0x7777,0x7375,0x7577,0x3573,0x3573,0x3757,0x3737,0x3757,
	0x5773,0x5737,0x7737,0x7773,0x7737,0x7577,0x5735,0x7757,
	0x7757,0x7775,0x7757,0x3775,0x7357,0x7375,0x3577,0x5377,
	0xAAAA,0xAAAA,0xAAAA,0xA11A,0x1AAA,0xAA11,0xAAAA,0x21AA,
	0xAAA1,0xAAAA,0xAAAA,0xAAAA,0xAAAA,0xAAAA,0xAAAA,0xAAAA,
	0xAAAA,0xAAAA,0xAAAA,0xAAAA,0xAAAA,0xAAAA,0x1A12,0x1AAA,
	0xAAAA,0xAAAA,0xAAAA,0xA1AA,0x11AA,0xAAAA,0xAA11,0xAAAA,

	0xAAAA,0xAAAA,0xAAAA,0xA11A,0x1AAA,0xAA11,0xAAAA,0x21AA,
	0xAAA1,0xAAAA,0xAAAA,0xAAAA,0xAAAA,0xAAAA,0xAAAA,0xAAAA,
	0xAAAA,0xAAAA,0xAAAA,0xAAAA,0xAAAA,0xAAAA,0x1A12,0x1AAA,
	0xAAAA,0xAAAA,0xAAAA,0xA1AA,0x11AA,0xAAAA,0xAA11,0xAAAA,
	0xAAAA,0xAAAA,0xAAAA,0xA11A,0x1AAA,0xAA11,0xAAAA,0xAAAA,
	0xAAA1,0x21AA,0xAAAA,0xAAAA,0xAAAA,0xAAAA,0xAAAA,0xAAAA,
	0xAAAA,0xAAAA,0xAAAA,0xAAAA,0xAAAA,0xAAAA,0xAAAA,0x1AAA,
	0x1A12,0xAAAA,0xAAAA,0xA1AA,0x11AA,0xAAAA,0xAA11,0xAAAA,

	0xAAAA,0xAAAA,0xAAAA,0xA11A,0x1AAA,0xAA11,0xAAAA,0xAAAA,
	0xAAA1,0x21AA,0xAAAA,0xAAAA,0xAAAA,0xAAAA,0xAAAA,0xAAAA,
	0xAAAA,0xAAAA,0xAAAA,0xAAAA,0xAAAA,0xAAAA,0xAAAA,0x1AAA,
	0x1A12,0xAAAA,0xAAAA,0xA1AA,0x11AA,0xAAAA,0xAA11,0xAAAA,
	0xFFFF,0xFFFF,0x8888,0x8888,0x8888,0xFFFF,0x8883,0x8888,
	0x3338,0x3333,0xFFFF,0xFFFF,0xFFFF,0xFFFF,0x4444,0x4444,
	0xFFFF,0x88FF,0x8888,0x3388,0x888F,0x3388,0x8888,0x3388,
	0x3333,0x4433,0xFFFF,0xFFFF,0xFFFF,0xFFFF,0x4444,0x4444,

	0x8888,0x8888,0x3333,0x3333,0x3333,0xFFF8,0x3333,0x3333,
	0x4444,0x4444,0xFFFF,0xFFFF,0xFFFF,0xFFFF,0x4444,0x4444,
	0x8888,0x8888,0x3333,0x3333,0x3338,0x3333,0x3333,0x3333,
	0x4444,0x4444,0xFFFF,0xFFFF,0xFFFF,0xFFFF,0x4444,0x4444,
	0x8888,0x8888,0x3333,0x3333,0x3333,0x38F8,0x3333,0x3333,
	0x4444,0x4444,0xFFFF,0xFFFF,0xFFFF,0xFFFF,0x4444,0x4444,
	0x8888,0x8888,0x3333,0x3333,0x3383,0x3333,0x3333,0x3333,
	0x4444,0x4444,0xFFFF,0xFFFF,0xFFFF,0xFFFF,0x4444,0x4444,

	0x8B99,0x8AAA,0xB99B,0x8AA8,0x9BB9,0xAA98,0x9B9B,0xAA89,
	0x99B8,0x8A88,0x8999,0x88A9,0x9898,0x98A8,0x8999,0x998A,
	0xAA89,0x9988,0xA998,0x89A8,0xA888,0x89A8,0xAAAA,0x88AA,
	0xA888,0x8AAA,0x8989,0xAAA8,0x9999,0x8898,0x9B99,0x8889,
	0x0B8A,0xBBC6,0x068A,0xDB66,0x6B8A,0xCDB6,0x606A,0xDDCC,
	0xC60A,0xDDDC,0xC6BA,0xDDBD,0xCB0A,0xDCCB,0x6B9A,0xDB66,
	0xCDD5,0xCD5D,0xDDD5,0xDDD5,0xDDDD,0xDCDD,0xCDDD,0xDDCD,
	0xDD5D,0xDDDC,0xDDD5,0x5DDC,0xD5D5,0xD5DD,0x5DDD,0xC5DD,

	0xDC5C,0x5D5D,0xCDDC,0x55D5,0xC5DD,0x5DD5,0x5DD5,0x5C5D,
	0x5DDD,0x7D7D,0xDDCD,0x5555,0x5CDD,0x5D55,0xDCD5,0x5CD5,
	0x7D75,0x575D,0xD557,0x5555,0xD575,0x7555,0xD755,0x5755,
	0x57DD,0xD755,0x55D7,0xD555,0x5557,0x7D5D,0x5D57,0xD5D5,
	0x557D,0xD575,0x5D5D,0x5D57,0x5555,0x5557,0x575D,0x5D5D,
	0x7555,0x55D5,0x55D5,0x55D5,0x7D55,0xD555,0x5D57,0x5D57,
	0x7D55,0x555D,0x7555,0x5575,0x555D,0x5755,0x57D5,0x5755,
	0x75D5,0xD7D5,0x75D5,0xD55D,0x5555,0x7D5D,0x5D55,0xD555,

	0x5D7D,0xD575,0xD55D,0x5D57,0xD75D,0x5555,0x7557,0x5D55,
	0x7555,0x5555,0x75D5,0x5575,0x5D55,0x7557,0x5D57,0x7D57,
	0x5C75,0xD5DC,0xCDD7,0xDDDD,0xCD57,0x5CDD,0x55DD,0xD5CD,
	0xD5D5,0xC5CD,0x55D7,0xCDDD,0xD5D5,0x5CDC,0xDC7D,0xCDCD,
	0x5D7D,0x55D5,0xD55D,0xD555,0x5555,0x5D55,0x5557,0x5D57,
	0x7555,0x5555,0x75D5,0x5575,0x5D55,0xD557,0x5D57,0x5D57,
	0x7D55,0x5755,0x7555,0x5555,0x5575,0x755D,0x575D,0x57D5,
	0x57D5,0xD7D5,0x57D5,0xD755,0x55D5,0x7D5D,0x5D55,0xD5D5,

	0x557D,0xD575,0x5D5D,0x5D57,0x5555,0x5557,0x5757,0x5755,
	0x7555,0x5575,0x55D5,0x5575,0x7D55,0xD555,0x5D57,0x5D57,
	0x7D55,0x555D,0x7555,0x5575,0xD575,0x5755,0x5755,0x5755,
	0x575D,0xD755,0x55D5,0xD555,0x5555,0x7D5D,0x5D55,0xD575,
	0x557D,0xD575,0x5D5D,0x5D57,0x5555,0x5557,0x5757,0x5755,
	0x7555,0x5575,0x55D5,0x5575,0x7D55,0x7777,0x5D57,0x7577,
	0x7D55,0x555D,0x7555,0x5575,0xD575,0x5755,0x5755,0x5755,
	0x575D,0xD755,0x55D5,0xD555,0x5575,0x7D7D,0x7777,0x7575,

	0x557D,0xD575,0x5D5D,0x5D57,0x5555,0x5557,0x5757,0x5755,
	0x7555,0x5575,0x55D5,0x5575,0x7D55,0xD555,0x5573,0x5D57,
	0x7D55,0x555D,0x7555,0x5575,0xD575,0x5755,0x5755,0x5755,
	0x575D,0xD755,0x55D5,0xD555,0x5555,0x7D5D,0x5D55,0xD5D5,
	0x7535,0x7757,0x5775,0x5777,0x7777,0x7577,0x7773,0x7573,
	0x3777,0x7777,0x3757,0x7737,0x7577,0x5773,0x7573,0x7573,
	0x3577,0x7377,0x3777,0x7777,0x7737,0x3775,0x7375,0x7357,
	0x7357,0x5357,0x7357,0x5377,0x7757,0x3575,0x7577,0x5757,

	0x0000,0x0000,0x0000,0x0000,0x0000,0x0000,0xFF00,0x00FF,
	0x38F0,0x0F33,0x883F,0xF388,0xF88F,0xF48F,0x8834,0x4488,
	0x0000,0x0000,0x0000,0x0000,0x0000,0x0000,0x0000,0x0000,
	0x0000,0x0000,0x0000,0x0000,0x0000,0x0000,0x0000,0x0000,
	0x0000,0x0000,0x0000,0x0000,0x0000,0x0000,0x0000,0xFFF0,
	0x0000,0x338F,0xF000,0x8883,0x4000,0xFF88,0x4000,0x8883,
	0x0000,0x0000,0x0000,0x0000,0x0000,0x0000,0x000F,0x0000,
	0x00F3,0x0000,0x0438,0x0000,0x0448,0x0000,0x0448,0x0000,

	0x0000,0x0000,0x0000,0x0000,0x0000,0x0000,0x0000,0x0000,
	0x0000,0x0000,0x0000,0x0000,0x0000,0x0000,0x0000,0x0000,
	0x0000,0x0000,0x0000,0x0000,0x0000,0x0000,0xFF00,0x00FF,
	0x38F0,0x0F33,0x883F,0xF388,0xF88F,0xF48F,0x8834,0x4488,
	0x0000,0x0000,0x0000,0x0000,0x0000,0x0000,0x0000,0x0000,
	0x0000,0xFF00,0x0000,0x38F0,0x0000,0x883F,0x0000,0xF88F,
	0x0000,0x0000,0x0000,0x0000,0x0000,0x0000,0x0000,0x0000,
	0x00FF,0x0000,0x0F33,0x0000,0xF388,0x0000,0xF48F,0x0000,

	0x0000,0x0000,0x0000,0x0000,0x0000,0x0000,0x0000,0x0000,
	0x0000,0x0000,0x2000,0x8BBB,0x7200,0xC7BB,0xB200,0x4877,
	0x0000,0x0000,0x0000,0x0000,0x0000,0x0000,0x0000,0x0000,
	0x0000,0x0000,0xBBBB,0xBBBB,0xBBB7,0xBBBB,0x77F8,0x777F,
	0x0000,0x0000,0x0000,0x0000,0x0000,0x0000,0x0000,0x0000,
	0x0000,0x0000,0xBBBB,0xBBBB,0xBBBB,0xBBBB,0x77F7,0x7F77,
	0x0000,0x0000,0x0000,0x0000,0x0000,0x0000,0x0000,0x0000,
	0x0000,0x0000,0xB8BB,0x02BB,0x7C7B,0x27BB,0x848F,0x2BF7,

	0xCD5D,0xDDC5,0xDDDD,0xDDDC,0xDDC5,0xD5DC,0xDC5D,0xCD5D,
	0xDD5C,0xDC5D,0xDDDC,0xDCDD,0xCDC5,0xDDDD,0xDCDC,0xDDCD,
	0x00DC,0x000B,0x0DDD,0x0000,0xCDDD,0x00CC,0xDDDD,0x0065,
	0x55DD,0x00B6,0x6DDD,0x00B0,0x0DDC,0x006B,0xB6CD,0x00B0,
	0x8888,0x999A,0xA888,0x9999,0x8A88,0x9998,0x8AAA,0x9999,
	0x98AA,0x9998,0x88A8,0x9999,0x88A8,0x9988,0x8AA8,0x8888,
	0xB9BB,0x899B,0xBBB9,0x89B9,0xB99B,0x899B,0x9999,0x8899,
	0x9999,0x8989,0x9999,0x8898,0x8989,0xA888,0x8898,0xAA8A,

	0x069A,0xD6C6,0x0B98,0xCCD6,0x69B8,0xDD60,0xBB98,0xCB60,
	0xBB8A,0xC606,0xB98A,0xBB06,0x9B8A,0xDBB6,0x998A,0xD0BB,
	0x5CDD,0xD5DC,0xCDCD,0xDDDD,0xCDDC,0x5CDD,0xD5DC,0xD5CD,
	0xD5D5,0xC5DD,0xDDCD,0xCDDD,0xDDCD,0x5CDC,0xDC5D,0xCDCD,
	0xD5DD,0xD5DD,0x5DD5,0x5DD5,0x5D5D,0x755D,0xDD5D,0x557C,
	0xDDDD,0x555C,0xDCDD,0x7C55,0x5CD5,0x55CD,0x5D5D,0x57C5,
	0xD575,0xD575,0xD75D,0x5557,0x5755,0x5D57,0xD5D7,0x55D7,
	0x55D7,0x555D,0x55D5,0x755D,0x5755,0x5755,0x7D57,0xD755,

	0x5555,0x5D57,0x5557,0x5555,0xD575,0x55D5,0x5575,0x555D,
	0x55D5,0x575D,0x5D55,0x7D57,0x7D57,0x75D5,0x7575,0x75D5,
	0xD557,0xD575,0xD575,0x5555,0x5575,0x5D55,0xD57D,0xD555,
	0x55D5,0x555D,0x55D5,0x755D,0x57D5,0x575D,0x7D55,0xD755,
	0x5755,0x5D57,0x7557,0x5555,0x7575,0x75D5,0x7575,0x755D,
	0x5575,0x575D,0x5D55,0x7D57,0x7D55,0x75D5,0x7555,0x55D5,
	0xCDD7,0xCD5D,0xC557,0xDDD5,0x5D55,0xDCD5,0x7575,0xDDCD,
	0x5DC7,0xDDDC,0xD5C5,0x5DDC,0xD55D,0xD5DD,0x5C77,0xC5DD,

	0x5755,0x5D57,0x7557,0x5555,0x7575,0x55D5,0x5575,0x755D,
	0x5555,0x555D,0x5D55,0x5D57,0x7D57,0x75D5,0x7575,0x75D5,
	0x5557,0x3555,0x75D5,0x75D5,0x555D,0x777D,0xC55D,0x7557,
	0x5755,0x5D5C,0x5575,0xDDDC,0xDC57,0xD5DD,0x5CD5,0xC5DD,
	0x5555,0x5D57,0x5557,0x5555,0x5575,0x55D5,0x5575,0x555D,
	0x55D5,0x575D,0x5D55,0x7D57,0x7D57,0x75D5,0x7575,0x75D5,
	0xD557,0xD755,0xD575,0x7755,0x5575,0x7577,0x557D,0x7757,
	0x77D5,0x7775,0x77D5,0x3775,0x7355,0x7375,0x3575,0x5377,

	0x7577,0x7573,0x7573,0x7777,0x7737,0x7757,0x7737,0x7775,
	0x7757,0x7375,0x7577,0x3573,0x3573,0x3757,0x3737,0x3757,
	0x5773,0x5777,0x5737,0x7777,0x7737,0x7577,0x5735,0x7757,
	0x7757,0x7775,0x7757,0x3775,0x7357,0x7375,0x3577,0x5377,
	0x7777,0x5D57,0x7773,0x5557,0x7737,0x5577,0x7737,0x5575,
	0x7757,0x5775,0x7577,0x7573,0x3573,0x7757,0x3737,0x7757,
	0xD557,0xD555,0xD575,0x5555,0x5575,0x5D55,0xD57D,0x55D5,
	0x55D5,0x555D,0x55D5,0x755D,0x57D5,0x575D,0x7D55,0xD755,

	0x7377,0x7573,0x3773,0x7777,0x3737,0x7757,0x7737,0x3775,
	0x7777,0x7775,0x7577,0x7573,0x3573,0x3757,0x3737,0x3757,
	0x7773,0x3777,0x3757,0x3757,0x7775,0x3335,0xD775,0x3773,
	0x7377,0x757D,0x7737,0x555D,0x5D73,0x5755,0x7D57,0xD755,
	0x4384,0x4344,0x88F4,0x4338,0x8FF4,0xF388,0x8FF4,0x8838,
	0x88F4,0x8F88,0xF8F4,0x8F88,0xF8F4,0xF838,0x38F4,0x4438,
	0x0000,0x0000,0x0000,0x0000,0xFFF4,0xFFFF,0x7443,0x3447,
	0x3343,0x7774,0xFF88,0x3338,0x44FF,0xFFFF,0x0044,0x4444,

	0x4000,0x4338,0x4000,0x888F,0x444F,0x8FFF,0x4F44,0x88FF,
	0x4347,0x388F,0x4FF3,0x88FF,0x4FFF,0x8F8F,0x4444,0x88FF,
	0x0434,0x0000,0x0433,0x0000,0x4438,0xFFFF,0x4383,0x4444,
	0x43F8,0x7474,0x38F3,0x3383,0xFF88,0xFFFF,0x4438,0x4444,
	0x0000,0x0000,0x0000,0x0000,0xFFFF,0x44FF,0x7744,0xF474,
	0x3477,0x8443,0xF888,0xFF8F,0x4FFF,0xFFF4,0x0444,0x4440,
	0x4384,0x4347,0x88F4,0x4338,0x8FF4,0xF488,0x8FF4,0xF383,
	0x8FF4,0xF4F8,0xF8F4,0xF438,0x88F4,0x4438,0x88F4,0xF333,

	0x0000,0x8834,0x0000,0x4384,0x0000,0x88F4,0x0000,0x8FF4,
	0x0000,0x88F4,0x0000,0x4FF4,0x0000,0x34F4,0x0000,0x34F4,
	0x4488,0x0000,0x4347,0x0000,0x4338,0x0000,0xF338,0x0000,
	0x448F,0x0000,0x44F4,0x0000,0x4343,0x0000,0x44F4,0x0000,
	0xBB00,0x82BF,0xBB00,0x22BB,0xBB00,0x7FFF,0xBB00,0xFFFB,
	0xBB00,0xFFBB,0xBB00,0xB222,0xB200,0xBBBB,0xB200,0x222B,
	0xFFFB,0xFFFF,0xFBBF,0xFFFB,0xFFF7,0xFF7F,0xFFFF,0xFFFF,
	0xFFFF,0xFFFF,0xBBB2,0xBBBB,0xBBBB,0xBBBB,0x2222,0x2222,

	0xFFFF,0xFFFF,0xFFFF,0xBBFF,0x77F7,0x777F,0xFFFF,0xFFFF,
	0xFFFF,0xFFFF,0xBBBB,0xB2BB,0xBBBB,0xBBBB,0x2222,0x2222,
	0x282B,0xBB2F,0xB22B,0xBB2B,0xFFFF,0xBB2B,0xBFFF,0xBB2B,
	0xBBBF,0xBB2B,0x2B22,0xBB22,0xBBBB,0x2BBB,0x2222,0x2BB2,
	0xD5DC,0x5DDC,0x5DDD,0xD5DD,0xDDCD,0xD5DD,0xDCDD,0xCDDC,
	0xCDDD,0xDCDD,0xCDD5,0xDCDD,0xDD5D,0xDD5D,0xDD5C,0xDDD5,
	0xBDCD,0x00B6,0x06DD,0x00B6,0xC6DD,0x00BD,0xDCDD,0x00B6,
	0x6C5D,0xD060,0xCDC5,0xC0B0,0xDCD5,0xCD06,0xDCDD,0x5DD5,

	0xA8AA,0x8888,0x8A04,0x888A,0x0444,0xAAAA,0x4499,0x4444,
	0x499B,0x4444,0x89B8,0x4444,0x8888,0x0004,0x0AAA,0x0000,
	0xA888,0x0AA8,0xAAA8,0x444A,0x40AA,0x4444,0x4444,0x4994,
	0x4444,0x99B8,0x4444,0xBB8A,0x4000,0x4AA4,0x0000,0x4400,
	0xB980,0xD5BB,0xB844,0xDC09,0xB844,0xDC06,0x9844,0xDD60,
	0xD844,0xDDCC,0x0844,0xDCC5,0xD044,0xDC5C,0x6B44,0xDDCB,
	0xCDD5,0xCD5D,0xDDD5,0xDDD5,0xDDDD,0xDCDD,0xCDDD,0xDDCD,
	0xDD5D,0xDDDC,0xDDD5,0x5DDC,0xD5D5,0xD5DD,0x5DDD,0xC5DD,

	0x5C5C,0x5D55,0xCDDC,0x55D5,0xC5DD,0x5DD5,0x5DD5,0x7C5D,
	0x5DDD,0x55D5,0xDDCD,0xD555,0xDCDD,0xC5DD,0xDCD5,0xDC55,
	0x7D75,0x575D,0x7533,0x5555,0x7375,0x7D55,0x573D,0x57D5,
	0x55D5,0xD7D5,0x5355,0xD755,0x5755,0x7D5D,0x735D,0xD7D7,
	0x5D7D,0xD575,0xD55D,0x5D57,0xD755,0x5557,0x7557,0x5D55,
	0x7555,0x55D5,0x75D5,0x55D5,0x5D55,0xD575,0x5D57,0x5D57,
	0x7D55,0x575D,0x7555,0x5555,0x7575,0x7D55,0x575D,0x57D5,
	0x57D5,0xD7D5,0x55D5,0xD555,0x5555,0x7D5D,0x5D55,0xD5D5,

	0x5D7D,0x7575,0xD55D,0x7557,0xD75D,0x3757,0x7557,0x3755,
	0x7555,0x5375,0x55D5,0x7577,0x5D55,0xC357,0x7D57,0x5C53,
	0x5CD7,0xD5DC,0xCD55,0xDDD5,0x5D53,0xDCDD,0x555C,0xD5C5,
	0x555D,0xC5CD,0xDDCD,0xCDDD,0xDD5D,0x5CDC,0xDCD5,0xCDC5,
	0x5D7D,0xD575,0xD55D,0x5D57,0xD755,0x5557,0x7557,0x5D55,
	0x7555,0x7555,0x75D5,0x7575,0x5D55,0xD557,0x5D57,0x5D57,
	0xDCDD,0xD5DC,0xCDDD,0xDDDD,0xCD5D,0xDCDD,0xD5D7,0xDDCD,
	0xD5CD,0xCDCD,0xDDCD,0xCDDD,0x7DDD,0x5CDC,0xD7D5,0xCD7D,

	0x557D,0xD575,0x5D5D,0x5D57,0x5555,0x5557,0x5757,0x7755,
	0x7555,0x7575,0x55D5,0x7575,0x7D55,0xD555,0x5D57,0x7D57,
	0x3577,0x7775,0x3777,0x7737,0x5737,0x7377,0x7377,0x7377,
	0x7375,0x5377,0x7757,0x5777,0x7777,0x3575,0x7577,0x5757,
	0x7735,0x5737,0x7575,0x7573,0x7777,0x7773,0x7373,0x7377,
	0x3777,0x7737,0x7757,0x7737,0x3577,0x5777,0x7573,0x7573,
	0x3577,0x7775,0x3777,0x7737,0x5737,0x7377,0x7377,0x7377,
	0x7375,0x5377,0x7757,0x5777,0x7777,0x3575,0x7577,0x5757,

	0x7735,0x5737,0x7575,0x7573,0x7777,0x7773,0x7373,0x7377,
	0x3777,0x7737,0x7757,0x7737,0x3577,0x5777,0x7573,0x7573,
	0x7D55,0x555D,0x7555,0x5575,0xD575,0x5755,0x5757,0x5755,
	0x5757,0xD755,0x55D7,0xD555,0x5557,0x7D5D,0x5D57,0xD5D5,
	0x7535,0x5737,0x5775,0x7573,0x5377,0x7773,0x3773,0x7577,
	0x3777,0x3777,0x3757,0x3737,0x7577,0x5773,0x7573,0x7573,
	0x5D55,0x575D,0xD555,0x5555,0xD575,0x5D55,0x5753,0x55D5,
	0x57D5,0xD5D5,0x55D5,0xD555,0x3555,0x7D5D,0x5357,0xD535,

	0x8840,0x4483,0x8F40,0x4338,0x8FF4,0x4383,0x8FF4,0xF438,
	0x38F4,0xF738,0xF8F4,0x8738,0x38F4,0x8488,0x8FF4,0x4388,
	0x0000,0x0000,0x0000,0x0000,0x0FF4,0xFF00,0xF443,0x43FF,
	0x7774,0x7484,0x4388,0x8837,0x8FFF,0xF883,0x4444,0x4444,
	0x4000,0x8FFF,0x4000,0x8FFF,0x444F,0x88FF,0x4F44,0x88FF,
	0x4347,0x38FF,0x4FF8,0x88FF,0x4FFF,0x8F8F,0x4444,0x88FF,
	0x0448,0x0000,0x0473,0x0000,0x4473,0xFFFF,0x4F73,0x4444,
	0x4F48,0x7777,0x8838,0x3338,0xF848,0xFFFF,0x4443,0x4444,

	0x0000,0x0000,0x0000,0x0000,0xFFFF,0x00FF,0x4344,0x4F74,
	0x7477,0xF474,0x3883,0x3438,0xFFFF,0x888F,0x4444,0x4444,
	0x8FF4,0x04F3,0x8FF4,0x0F48,0x88F4,0x0483,0x8FF4,0xF433,
	0x88F4,0xF738,0xF8F4,0xF738,0x88F4,0x4438,0x8FF4,0x4338,
	0x0000,0x34F4,0x0000,0x34F4,0x0000,0x34F4,0x0000,0x34F4,
	0x0000,0x34F4,0xFF00,0x34F4,0xFFF0,0x34F4,0xFFFF,0xFF4F,
	0x44F4,0x0000,0x43F4,0x0000,0x44F4,0x0000,0x43F4,0x0000,
	0x44F4,0x0000,0x43F4,0x0000,0x43F3,0x0000,0xF4FF,0x0000,

	0xB200,0x22BF,0x7800,0xBBBB,0x7870,0xFF77,0xB870,0xBBFF,
	0x8AA0,0x2222,0xF8A0,0xBFFF,0xF8A0,0xBBBB,0xF8A0,0x222B,
	0x2222,0x2222,0xBB7B,0x77B7,0xBBBB,0xBBBB,0xBBBB,0xBBBB,
	0x2222,0x2222,0xBBBB,0xBBBB,0x2BB2,0xBBBB,0xB22B,0xBBB2,
	0x2222,0x2222,0x77B7,0xB7BB,0xBBBB,0xBBBB,0xBBBB,0xFBBB,
	0x2222,0x2222,0xBBBB,0xBBBB,0x82B2,0xBBB2,0x2BFB,0x2B28,
	0x2222,0x2BFB,0xBB7B,0x87BB,0xFBBB,0x877F,0xFFFB,0x8F77,
	0x2222,0xA822,0xFBBB,0x87FB,0xBBBB,0x87BB,0xBBB2,0x87FB,

	0x0000,0x0000,0x0006,0x0000,0x0005,0x0000,0x005D,0xDC00,
	0x0D5C,0x0DC0,0x65DC,0x055C,0xD5C5,0x0B5D,0x5CDC,0xC0CD,
	0x0000,0x0000,0x0000,0x0000,0x0000,0x0000,0x0000,0x0000,
	0x0000,0x0000,0x0000,0x0000,0x0DCC,0x0000,0x005C,0x0000,
	0x0000,0x0000,0xC006,0x0000,0xD0C5,0x000C,0x565D,0x0BBC,
	0xDD5C,0xC66D,0xDDDC,0xDDDD,0xCDC5,0xDDDD,0xDCDC,0xDDCD,
	0x0000,0x0000,0x0000,0x0000,0x0000,0x0000,0x0DCC,0x0000,
	0x000D,0x0000,0xDC06,0x00BD,0xDDCC,0x0B06,0x5DDD,0x6DCD,

	0x0B64,0xDDC6,0xBB94,0xDDBB,0x6B94,0xDC60,0x6BB8,0xDCCB,
	0xBB98,0xD5DC,0xB9B8,0x5BBC,0x6B98,0xDD6B,0x6B98,0xDC60,
	0x5CDD,0xD5DC,0xCDCD,0xDDDD,0xCDDC,0x5CDD,0xD5DD,0xD5CD,
	0xD5DD,0xC5DD,0xDDCD,0xCDDD,0xDDDD,0x5CDC,0xDCDD,0xCDCD,
	0xD5DD,0xD5DD,0x5DD5,0xD5DD,0x5D5D,0x555D,0xDD5D,0xD5DC,
	0xDDDD,0xD5DC,0xDCDD,0xDCD5,0x5CD5,0x5DCD,0x5D5D,0xDDCD,
	0x3555,0xD773,0x555D,0x7377,0x5D5D,0x5755,0xC5DC,0x5D75,
	0x55CD,0x5DDC,0xD5CD,0x5DDC,0xD5DD,0xD5DD,0x5CDD,0xC5DD,

	0x5757,0x5757,0x3777,0x3373,0x7333,0x7557,0x5755,0x5D55,
	0xD55D,0xD55C,0x5CD5,0x5C55,0x5CD5,0x5DC5,0x5D5D,0xDDCD,
	0xD557,0xD575,0xD757,0x7777,0x7773,0x7333,0x5375,0x5757,
	0x5D55,0x5575,0x5DC5,0x5D5C,0xD5D5,0xD5DD,0x55DD,0xC5DD,
	0x7377,0xDC75,0x5733,0xD575,0x5555,0xDD55,0x5555,0xDD5C,
	0xDD55,0xD5DC,0xDC5D,0xDCD5,0x5C55,0x5DC5,0x5D5D,0xDDC5,
	0x5DD5,0xCD5D,0x5555,0xDDD5,0x5D5D,0xDCD5,0xCDD5,0xDDCD,
	0xDDC5,0xDDDC,0xDDC5,0x5DDC,0xD5D5,0xD5DD,0x5CDD,0xC5DD,

	0x5755,0x5D57,0x7557,0x5555,0x7575,0x55D5,0x5575,0x555D,
	0x5555,0x575D,0x5D55,0x7D57,0x7D57,0x75D5,0x7575,0x75D5,
	0xC757,0xCD57,0xD575,0x55D7,0x5575,0x5D57,0xD57D,0x55D5,
	0x55D5,0x555D,0x55D5,0x755D,0x57D5,0x575D,0x7D55,0xD755,
	0x5555,0x7D57,0x5557,0x7555,0x5575,0xD5D5,0x5575,0xD55D,
	0x55D5,0x575D,0x5D55,0x7D57,0x7D57,0x75D5,0x7575,0x75D5,
	0x5773,0x5777,0x573D,0x7777,0x7737,0x7577,0x5735,0x7757,
	0x7757,0x7775,0x7757,0x3775,0x7357,0x7375,0x3577,0x5377,

	0x7777,0x7573,0x7773,0x7777,0x7737,0x7757,0x7737,0x7775,
	0x7757,0x7375,0x7577,0x3573,0x3573,0x3757,0x3737,0x3757,
	0x5773,0x5777,0x5737,0x7777,0x7737,0x7573,0x3735,0x5777,
	0x3757,0x5757,0x3757,0x3775,0x7357,0x7375,0x3577,0x5377,
	0x7777,0x7573,0x7773,0x7777,0x7737,0x7757,0x7737,0x7775,
	0x7757,0x7375,0x7577,0x3573,0x3573,0x3757,0x3737,0xD757,
	0xD557,0xD555,0xD577,0x5555,0x5577,0x5D55,0xD575,0x55D5,
	0x55D7,0x555D,0x55D7,0x755D,0x57D5,0x575D,0x7D57,0xD755,

	0x7377,0x7573,0x3773,0x7777,0x3737,0x7757,0x7737,0x7775,
	0x7777,0x7375,0x7577,0x3573,0x3573,0x3757,0x3737,0x3757,
	0xD373,0xD573,0x5737,0x7753,0x7737,0x7573,0x5735,0x7757,
	0x7757,0x7775,0x7757,0x3775,0x7357,0x7375,0x3577,0x5377,
	0xF8F4,0x4388,0x8FF4,0x4883,0xFAF4,0x488F,0x57F5,0x4FFF,
	0x7AC7,0xD545,0xA75F,0x51D7,0x0000,0x0000,0x0000,0x0000,
	0x0000,0x0000,0x0005,0x0000,0xFFFF,0xFFFF,0xFFFD,0xFFFF,
	0xFFFF,0xFFFF,0x0000,0x0000,0x0000,0x0000,0x0000,0x0000,

	0x4000,0x8FFF,0x4000,0x8FFF,0x47FF,0xFF35,0xAA7F,0xFF5F,
	0xA7FF,0x557A,0xFFFF,0xD7A7,0x0000,0x0000,0x0000,0x0000,
	0x5448,0x0000,0x0438,0x0000,0xC43F,0xFFFF,0xFDF5,0xFFFF,
	0xF544,0xFFFF,0x0055,0x0000,0x0000,0x0000,0x0000,0x0000,
	0x0000,0x0000,0x0000,0x0000,0xFFFF,0x57FF,0xFFFF,0x77FF,
	0xFFFF,0xAFFF,0x0000,0xFFFF,0x0000,0x0000,0x0000,0x0000,
	0xF8F4,0x4438,0x8FF4,0x4438,0xF5F4,0x4358,0xF755,0x4FF5,
	0x545A,0xC54D,0x7A7F,0x51D5,0x0000,0x0000,0x0000,0x0000,

	0xFFFF,0x38F4,0xFFFF,0x883F,0xFFF0,0xF88F,0xFF00,0x8834,
	0xF000,0x4384,0x0000,0x88F4,0x0000,0x8FF4,0x0000,0x4FF4,
	0x4F33,0x0000,0xF388,0x0000,0xF48F,0x0000,0x4488,0x0000,
	0x4347,0x0000,0x4338,0x0000,0xF338,0x0000,0x4384,0x0000,
	0xB8A0,0xFBFF,0x8A57,0x8828,0xBD77,0xBF7F,0x7D5C,0x33EE,
	0xC5C7,0xECC3,0x3C7A,0xC533,0xA5AA,0xC7DD,0x77A0,0x5AA7,
	0xBBBB,0xBBBB,0x2222,0x2222,0xF77F,0xF77F,0xEEE3,0xEEEE,
	0xE3E3,0xEEEE,0x3C3E,0x3EEE,0xDDCD,0xDDDD,0xAA5A,0xAAAA,

	0xFFBB,0xBBBB,0x2222,0x2222,0x7777,0xFF77,0xEEEE,0xEEEE,
	0x33E3,0xEE3E,0xEEC5,0xEEEE,0xDC7D,0xDDDD,0xA57A,0xAA7A,
	0xFBBB,0xDF77,0x2222,0xA822,0xF7FF,0xDF77,0xEEEE,0x777E,
	0xE3EE,0xC7EE,0x7C53,0x5EE3,0xDAC7,0x7ADD,0xA755,0x0077,
	0x5CDC,0xC6DC,0x5DDD,0xDDDC,0xDDCD,0xC5DD,0xDCDD,0xDCDC,
	0xC5DD,0xDCDD,0xCDD5,0xDDDD,0xDD5D,0xDD5D,0xDD5C,0xDDD5,
	0x0005,0x0000,0x0065,0x0000,0xC065,0x000D,0xDC6D,0x0000,
	0x6C5D,0xD000,0xCDD5,0xC00B,0xDCD5,0xCD06,0xDCDD,0x5DD5,

	0xD5DC,0x5DDC,0x5DDD,0xD5DD,0xDDCD,0xD5DD,0xDCDD,0xCDDC,
	0xCDDD,0xDCDD,0xCDD5,0xDCDD,0xDD5D,0xDD5D,0xDD5C,0xDDD5,
	0xDDCD,0xDDDD,0xDDDD,0xD5DC,0xDCDD,0xDD5D,0xCDDD,0xDD5D,
	0xCD5D,0xDCDD,0x5DC5,0xDDCD,0xDCD5,0x5DD5,0xDCDD,0xD5D5,
	0x0B84,0xDD66,0x0684,0xDCCC,0x6B84,0xC6D6,0x6064,0xDDCC,
	0xC604,0xDDDC,0xC6B4,0xDDBD,0xCB04,0xDCCB,0x6B68,0xDB66,
	0xCDDD,0xCD5D,0xDD5D,0xDDD5,0xDD5D,0xDCDD,0xCDDD,0xDDCD,
	0xDDCD,0xDDDC,0xDDCD,0x5DDC,0xD5DD,0xD5DD,0x5DDD,0xC5DD,

	0x5D5C,0xDD5D,0xDD5C,0xD7D5,0xD5DD,0x7DD5,0x5575,0x7D5D,
	0x575D,0x7D57,0xD75D,0x357D,0x575D,0x5575,0xD3D5,0x5D75,
	0x5DD7,0xD5DD,0xDD7D,0xDD7D,0xD57D,0x57DD,0x7575,0xD7DD,
	0xD73D,0xD75D,0xD755,0xD5DD,0xD757,0x55DD,0xD357,0x555D,
	0xDC5C,0xCD5D,0xCDDC,0xDCD5,0xC5DD,0xDDD5,0x5DD5,0xD7DD,
	0x5DDD,0x7DDD,0x5DCD,0x7D5D,0xDCDD,0x75D5,0x7CD5,0x57D5,
	0xDCDD,0xD5DC,0xCDDD,0xDDDD,0xCD5D,0x5CDD,0xDD5C,0xD5CD,
	0x75D5,0xC55D,0xD7D5,0xCD75,0x575D,0x5CD7,0x57D5,0xC7D7,

	0xDC5C,0xCD5D,0xCDDC,0xDCD5,0xC5DD,0xDDD5,0x5DD5,0xDCDD,
	0x5DDD,0xDDDD,0xDDCD,0xDD5D,0xDCDD,0xCDD5,0xDCD5,0xDCD5,
	0x5CDD,0xD5DC,0xCDDD,0xDDDD,0xCD5D,0x5CDD,0xD5DC,0xD5CD,
	0xD5CD,0xC5CD,0xDDCD,0xCDDD,0xDDDD,0x5CDC,0xDCDD,0xCDCD,
	0x5D7D,0xD575,0xD55D,0x5D57,0xD755,0x5557,0x7557,0x5D55,
	0x7555,0x5555,0x75D5,0x5575,0x5D55,0xD557,0x5D57,0x5D57,
	0x7D55,0x575D,0x7555,0x5555,0xD575,0x7D55,0x575D,0x57D5,
	0x57D5,0xD7D5,0x57D5,0xD7D5,0x55D5,0x7D5D,0x5D55,0xD5D5,

	0x557D,0xD575,0x5D5D,0x5D57,0x5555,0x5557,0x5757,0x5755,
	0x7555,0x5575,0x55D5,0x5575,0x7D55,0xD555,0x5D57,0x5D57,
	0x3577,0x7775,0x3777,0x7737,0x5735,0x7377,0x7375,0x7377,
	0x737D,0x5377,0xD755,0x5777,0x7755,0x357D,0x5D55,0x575D,
	0x7735,0x5737,0x7575,0x7573,0x7777,0x7773,0x7373,0x7377,
	0x3777,0x7737,0x7757,0x7737,0x3575,0x3777,0x7D73,0x7D73,
	0x3577,0x7775,0x3777,0x7737,0x5737,0x7377,0x7377,0x7377,
	0x7375,0x5377,0x7757,0x5777,0x7777,0x3575,0xD753,0x5757,

	0x7735,0x5737,0x7575,0x7573,0x7777,0x7773,0x7373,0x7377,
	0x3777,0x7735,0x7757,0x5757,0x35D7,0xD557,0x557D,0x5D53,
	0x7D5D,0x555D,0x755D,0x5575,0xD575,0x5755,0x5755,0x5755,
	0x575D,0xD755,0x55D5,0xD555,0x5555,0x7D5D,0x5D55,0xD5D5,
	0x7535,0x5737,0x5775,0x7573,0x5377,0x7773,0x3773,0x7577,
	0x3777,0x7777,0x3757,0x7737,0x7577,0x5773,0x7573,0x7573,
	0x3577,0x7375,0x3777,0x7777,0x5737,0x3577,0x7375,0x7357,
	0x7357,0x5357,0x7357,0x5357,0x7757,0x3575,0x7577,0x5757,

	0x0000,0x0000,0x0000,0x0000,0x0000,0x0000,0x0000,0x0000,
	0x0000,0x0000,0x0000,0x0000,0x0000,0x0000,0x0000,0x0000,
	0x0000,0x0000,0x0000,0x0000,0x0000,0x0000,0x0000,0x0000,
	0x0000,0x0000,0x0000,0x0000,0x0000,0x0000,0x0000,0x0000,
	0x0000,0x0000,0x0000,0x0000,0x0000,0x0000,0x0000,0x0000,
	0x0000,0x0000,0x0000,0x0000,0x0000,0x0000,0x0000,0x0000,
	0x0000,0x0000,0x0000,0x0000,0x0000,0x0000,0x0000,0x0000,
	0x0000,0x0000,0x0000,0x0000,0x0000,0x0000,0x0000,0x0000,

	0x0000,0xF400,0xFF00,0x7440,0x44F0,0x43FF,0x3384,0xFF34,
	0x4384,0x3443,0x3840,0x4343,0x8400,0x3433,0x4000,0x8338,
	0x0000,0x0000,0x000F,0x0000,0x00F4,0x0000,0x00F3,0x0000,
	0x00FF,0x0000,0x0F34,0x0000,0xF443,0x0000,0x4344,0x000F,
	0x0000,0x34F4,0x0000,0x34F4,0x0000,0x34F4,0x0000,0x34F4,
	0xFF00,0xFF4F,0xFFF0,0x38F4,0xFFFF,0x883F,0xFFFF,0xF88F,
	0x4343,0x0000,0x4344,0x0000,0x4344,0x0000,0x4343,0x0000,
	0xF4FF,0x0000,0x4F33,0x0000,0xF388,0x0000,0xF48F,0x0000,

	0xCD5D,0xDDC5,0xDDDD,0xDDDC,0xDDC5,0xD5DC,0xDC5D,0xCD5D,
	0xDD5C,0xDC5D,0xDDDC,0xDCDD,0xCDC5,0xDDDD,0xDCDC,0xDDCD,
	0x00DC,0x000B,0x0DDD,0x0000,0x6DDD,0x0DCC,0xCDDD,0x00DD,
	0xDDDD,0x000D,0xD5DD,0x006D,0x5DDC,0xBDCD,0x5DCD,0x6DCD,
	0x0000,0x0000,0x0000,0x0000,0x0000,0x0000,0x0000,0x0000,
	0x0000,0x0000,0x0000,0x0000,0x0000,0xBBB0,0xCC0B,0xC0B0,
	0x0000,0x0000,0x0000,0x0000,0x0000,0x0000,0x0000,0x0000,
	0x0000,0x0000,0x0000,0x0CC0,0x0BCC,0x00DC,0xCB0D,0xBBDD,

	0x0000,0x0000,0x0000,0x0000,0x0000,0x0000,0x0000,0x0000,
	0x0000,0x0000,0x0000,0x0000,0xCD00,0x0000,0xD0BB,0xB0BC,
	0x0000,0x0000,0x0000,0x0000,0x0000,0x0000,0x0000,0x0000,
	0x0000,0x0000,0x0000,0x00CD,0x0DC0,0x0CD0,0x06DC,0x0CD0,
	0xB044,0xCD00,0x0044,0xDDD0,0xCCD4,0xDDD6,0xDD04,0xDDDC,
	0xD004,0xDDDD,0xD600,0xDD5D,0xDCD0,0xCDD5,0xDCD6,0xDCD5,
	0x5CDD,0xD5DC,0xCDDD,0xDDDD,0xCD5D,0x5CDD,0xD5DC,0xD5CD,
	0xD5CD,0xC5DD,0xDDCD,0xCDDD,0xDDDD,0x5CDC,0xDCDD,0xCDCD,

	0x06B8,0xD6C6,0x0B98,0xCCD6,0x69B8,0xDD60,0xBB98,0xCB60,
	0xBB84,0xC606,0xB984,0xBB06,0x9B84,0xCCB6,0x9984,0x55CB,
	0x5CDD,0xD5DC,0xCDDD,0xDDDD,0xCD5D,0x5CDD,0xD5DD,0xD5CD,
	0xD5CD,0xC5DD,0xDDCD,0xCDDD,0xDDD5,0x5CDC,0xDCD5,0xCDCD,
	0x7DDD,0x7535,0xD5D5,0x3757,0x5D5D,0x5737,0x555D,0x57D3,
	0x5DDD,0x55D5,0x5DDD,0x55D5,0x55D5,0x5DD5,0x5D5D,0xDDCD,
	0x55D3,0xD55D,0xD555,0x5DD5,0xDD7D,0xD5D5,0xD5D7,0xD5D5,
	0xDDD7,0xDD55,0x5D57,0x5D55,0xD5D5,0xD5DD,0x5DDD,0xC5DD,

	0xD57D,0x75D7,0x57D5,0xD557,0x555D,0x7D73,0x757D,0x5D53,
	0x57DD,0x3335,0x575D,0x55D7,0x55D5,0x5DC5,0x5D5D,0xDDCD,
	0x55D5,0x5D7D,0x57D5,0xD57D,0x5575,0x555D,0xD75D,0xD535,
	0x3535,0x7553,0x5755,0x7555,0xD75D,0x5555,0x55D5,0xC55D,
	0xD5DD,0xDCDD,0x5D55,0xDDDD,0x5D5D,0xDDCD,0xDD57,0xDDDC,
	0xDDDD,0xD5DC,0xDCD5,0xCCD5,0x5CD5,0x5DCD,0x5D5D,0xDDCD,
	0xCDD5,0xCD5D,0xCD5D,0xDDD5,0xDD5D,0xDCD5,0xCDDC,0xDDCD,
	0xDDCD,0xDDDC,0xDDCD,0x5DDC,0xD5DD,0xD5DD,0x5CDD,0xC5DD,

	0x5577,0x5D57,0x5773,0x5757,0x3755,0x7557,0x7555,0x75D3,
	0xDD5D,0x5D75,0xDC5D,0x375C,0x5CD5,0x75CD,0x5D5D,0x5DCD,
	0xD557,0xD575,0xD575,0x5557,0x5575,0x5D57,0xD57D,0x55D5,
	0x55D5,0x555D,0x55D5,0x755D,0x57D7,0x575D,0x7D53,0xD755,
	0x5555,0x5D57,0x5557,0x5555,0x5575,0x55D5,0x5575,0x555D,
	0x55D5,0x575D,0x5D55,0x7D57,0x7D57,0x75D5,0x7575,0x75D5,
	0xD557,0x575D,0xD575,0x7575,0x5575,0x7D55,0xD57D,0x55D5,
	0x55D5,0x555D,0x55D5,0x755D,0x57D5,0x575D,0x7D55,0xD755,

	0xD577,0xD573,0xD757,0xD375,0x7575,0x57D5,0x5575,0x555D,
	0x55D5,0x575D,0x5D55,0x7D57,0x7D57,0x75D5,0x7575,0x75D5,
	0x7D77,0x5733,0x3D37,0x5777,0x7577,0x7D55,0xD75D,0x55D5,
	0x55D5,0x555D,0x57D5,0x755D,0x5755,0x575D,0x7D55,0xD755,
	0x777D,0x5D57,0x5757,0x5555,0x5575,0x55D5,0x5575,0x555D,
	0x55D5,0x575D,0x5D55,0x7D57,0x7D57,0x75D5,0x7575,0x75D5,
	0xD557,0xD555,0xD575,0x5555,0x5575,0x5D55,0xD57D,0x55D5,
	0x55D5,0x555D,0x55D5,0x755D,0x57D5,0x575D,0x7D55,0xD755,

	0x7733,0x7573,0x7333,0x7373,0x3377,0x3773,0x3777,0x3753,
	0x5575,0x7537,0x5D75,0x337D,0x7D57,0x37D5,0x7575,0x75D5,
	0x5773,0x5737,0x5737,0x7773,0x7737,0x7573,0x5735,0x7757,
	0x7757,0x7775,0x7757,0x3775,0x7353,0x7375,0x3573,0x5377,
	0x0000,0x0000,0x0000,0x0000,0x0000,0x0000,0x0000,0x0000,
	0x0000,0x0000,0x0000,0x0000,0x0000,0x0000,0x0000,0x0000,
	0x0000,0x0000,0x0000,0x0000,0x0000,0x0000,0x0000,0x0000,
	0x0000,0x0000,0x0000,0x0000,0x0000,0x0000,0x0000,0x0000,

	0x0000,0x0000,0x0000,0x0000,0x0044,0xFFF0,0x0444,0x4384,
	0x4473,0xFF3F,0x443F,0x8883,0x4FFF,0x343F,0x4444,0x888F,
	0x0000,0x0000,0x0000,0x0000,0x0000,0xFF00,0x0FF0,0x44F0,
	0x0F3F,0x43F0,0x0443,0x3F00,0x0443,0xFF40,0x0434,0x4444,
	0x0000,0x3384,0x0000,0x8440,0xFF00,0xFFFF,0x74F0,0x7777,
	0x3344,0x3333,0x4334,0x3443,0x3384,0x3333,0x8840,0x8888,
	0x4333,0x000F,0x3388,0x000F,0xFFFF,0x0000,0x3477,0x000F,
	0x3333,0x00F3,0x4434,0x0F38,0x3333,0x0F83,0x8888,0x00F8,

	0xFFFF,0x8834,0xFFF0,0x4384,0xFF00,0x88F4,0xF000,0x8FF4,
	0x0000,0x8FF4,0x0000,0x8FF4,0x0000,0x88F4,0x0000,0x88F4,
	0x4488,0x0000,0x4347,0x0000,0x4338,0x0000,0xF338,0x0000,
	0x4338,0x0000,0x4338,0x0000,0x4438,0x0000,0x4438,0x0000,
	0xD5DC,0x5DDC,0x5DDD,0xD5DD,0xDDCD,0xD5DD,0xDCDD,0xCDDC,
	0xCDDD,0xDCDD,0xCDD5,0xDCDD,0xDD5D,0xDD5D,0xDD5C,0xDDD5,
	0xDDCD,0xDDDD,0xDDDD,0xD5DC,0xDCDD,0xDD5D,0xCDDD,0xDD5D,
	0xCD5D,0xDCDD,0x5DC5,0xDDCD,0xDCD5,0x5DD5,0xDCDD,0xD5D5,

	0xD660,0xDC6C,0xD55D,0x5CDD,0xD5DD,0xDDDD,0xD5DD,0xDDDC,
	0xDDCD,0xD5DC,0xDCDD,0x5CD5,0x5DD5,0x5DCD,0x5D5D,0xDDCD,
	0xDCD5,0x065D,0xDD5D,0xDDD5,0xDD5D,0xDCDD,0xCDDC,0xDDCD,
	0xDDCD,0xDDDC,0xDDCD,0x5DDC,0xD5DD,0xD5DD,0x5DDD,0xC5DD,
	0xD600,0xC6DC,0xCD5D,0xDDDD,0xD5DD,0xDDCD,0xD5DD,0xDDDC,
	0xDDCD,0xD5DC,0xDCDD,0x5CD5,0x5DD5,0x5DCD,0x5D5D,0xDDCD,
	0x656D,0xDCD5,0xDD5D,0xDDD5,0xDD5D,0xDCDD,0xCDDC,0xDDCD,
	0xDDCD,0xDDDC,0xDDCD,0x5DDC,0xD5DD,0xD5DD,0x5DDD,0xC5DD,

	0xDDDD,0xDCDD,0xCD5D,0xDDDD,0xD5DD,0xDDCD,0xD5DD,0xDDDC,
	0xDDCD,0xD5DC,0xDCDD,0x5CD5,0x5DD5,0x5DCD,0x5D5D,0xDDCD,
	0xCDD5,0xCD5D,0xDD5D,0xDDD5,0xDD5D,0xDCDD,0xCDDC,0xDDCD,
	0xDDCD,0xDDDC,0xDDCD,0x5DDC,0xD5DD,0xD5DD,0x5DDD,0xC5DD,
	0xB984,0x0BCB,0xB844,0x6B09,0xB844,0xC006,0x9844,0xC600,
	0x6844,0xDCC0,0x0844,0xC60B,0x0044,0xC5DB,0xB044,0xCB0B,
	0xCDD5,0xCD5D,0xDD5D,0xDDD5,0xDD5D,0xDCDD,0xCDDD,0xDDCD,
	0xDDCD,0xDDDC,0xDDCD,0x5DDC,0xD5DD,0xD5DD,0x5DD5,0xC5DD,
};

const unsigned short jungleTilesPal[256] __attribute__((aligned(4)))=
{
	0x0000,0x76BB,0x0470,0x14E2,0x2232,0x1604,0x05D3,0x1239,
	0x0087,0x050B,0x59E9,0x0550,0x3EB9,0x0A87,0x6196,0x14E9,
	0x12BD,0x44CE,0x7FFF,0x152F,0x1066,0x25B1,0x1765,0x1962,
	0x1D4C,0x089A,0x0442,0x179F,0x132E,0x0C6A,0x1173,0x11D6,
	0x0000,0x0000,0x0000,0x0000,0x0000,0x0000,0x0000,0x0000,
	0x0000,0x0000,0x0000,0x0000,0x0000,0x0000,0x0000,0x0000,
	0x0000,0x0000,0x0000,0x0000,0x0000,0x0000,0x0000,0x0000,
	0x0000,0x0000,0x0000,0x0000,0x0000,0x0000,0x0000,0x0000,

	0x0000,0x0000,0x0000,0x0000,0x0000,0x0000,0x0000,0x0000,
	0x0000,0x0000,0x0000,0x0000,0x0000,0x0000,0x0000,0x0000,
	0x0000,0x0000,0x0000,0x0000,0x0000,0x0000,0x0000,0x0000,
	0x0000,0x0000,0x0000,0x0000,0x0000,0x0000,0x0000,0x0000,
	0x0000,0x0000,0x0000,0x0000,0x0000,0x0000,0x0000,0x0000,
	0x0000,0x0000,0x0000,0x0000,0x0000,0x0000,0x0000,0x0000,
	0x0000,0x0000,0x0000,0x0000,0x0000,0x0000,0x0000,0x0000,
	0x0000,0x0000,0x0000,0x0000,0x0000,0x0000,0x0000,0x0000,

	0x0000,0x0000,0x0000,0x0000,0x0000,0x0000,0x0000,0x0000,
	0x0000,0x0000,0x0000,0x0000,0x0000,0x0000,0x0000,0x0000,
	0x0000,0x0000,0x0000,0x0000,0x0000,0x0000,0x0000,0x0000,
	0x0000,0x0000,0x0000,0x0000,0x0000,0x0000,0x0000,0x0000,
	0x0000,0x0000,0x0000,0x0000,0x0000,0x0000,0x0000,0x0000,
	0x0000,0x0000,0x0000,0x0000,0x0000,0x0000,0x0000,0x0000,
	0x0000,0x0000,0x0000,0x0000,0x0000,0x0000,0x0000,0x0000,
	0x0000,0x0000,0x0000,0x0000,0x0000,0x0000,0x0000,0x0000,

	0x0000,0x0000,0x0000,0x0000,0x0000,0x0000,0x0000,0x0000,
	0x0000,0x0000,0x0000,0x0000,0x0000,0x0000,0x0000,0x0000,
	0x0000,0x0000,0x0000,0x0000,0x0000,0x0000,0x0000,0x0000,
	0x0000,0x0000,0x0000,0x0000,0x0000,0x0000,0x0000,0x0000,
	0x0000,0x0000,0x0000,0x0000,0x0000,0x0000,0x0000,0x0000,
	0x0000,0x0000,0x0000,0x0000,0x0000,0x0000,0x0000,0x0000,
	0x0000,0x0000,0x0000,0x0000,0x0000,0x0000,0x0000,0x0000,
	0x0000,0x0000,0x0000,0x0000,0x0000,0x0000,0x0000,0x0000,
};

//}}BLOCK(jungleTiles)
