
//{{BLOCK(oopening1)

//======================================================================
//
//	oopening1, 240x160@8, 
//	+ palette 256 entries, not compressed
//	+ bitmap not compressed
//	Total size: 512 + 38400 = 38912
//
//	Time-stamp: 2025-04-17, 13:30:25
//	Exported by Cearn's GBA Image Transmogrifier, v0.8.3
//	( http://www.coranac.com/projects/#grit )
//
//======================================================================

const unsigned short oopening1Bitmap[19200] __attribute__((aligned(4)))=
{
	0x0606,0x0006,0x0000,0x0606,0x0606,0x0600,0x0600,0x0600,
	0x0606,0x0B0B,0x060B,0x0606,0x0606,0x060B,0x0606,0x0606,
	0x060B,0x0606,0x0B0D,0x060B,0x0606,0x060B,0x0606,0x0606,
	0x0C01,0x0C0C,0x0C0C,0x0C0C,0x0C0C,0x0C0C,0x0C0C,0x0C0C,
	0x0C0C,0x0C0C,0x0C0C,0x0C0C,0x0C0C,0x0C0C,0x0C0C,0x0C0C,
	0x0C0C,0x0C0C,0x0C0C,0x0C0C,0x0C0C,0x0C0C,0x0C0C,0x0C0C,
	0x0C0C,0x0C0C,0x0C0C,0x0C0C,0x0C0C,0x0C0C,0x0C0C,0x0C0C,
	0x0C0C,0x0C0C,0x0C0C,0x0C0C,0x0C0C,0x0C0C,0x0C0C,0x0C0C,

	0x0C0C,0x0C0C,0x0C0C,0x0C0C,0x0C0C,0x0C0C,0x0C0C,0x0C0C,
	0x0C0C,0x0C0C,0x0C0C,0x0C0C,0x0C0C,0x0C0C,0x0C0C,0x0C0C,
	0x0C0C,0x0C0C,0x0C0C,0x0C0C,0x0C0C,0x0C0C,0x0C0C,0x0C0C,
	0x0C0C,0x0C0C,0x0C0C,0x0C0C,0x0C0C,0x0C0C,0x0C0C,0x0C0C,
	0x0C0C,0x0C0C,0x0C0C,0x0C0C,0x0C0C,0x040A,0x0404,0x0404,
	0x0404,0x0404,0x0404,0x0808,0x0B0B,0x0B0B,0x0B0B,0x0B0B,
	0x060B,0x0B06,0x0B0B,0x060B,0x060B,0x0006,0x0606,0x0606,
	0x0606,0x060B,0x0606,0x0606,0x0606,0x0606,0x0600,0x0606,

	0x0606,0x0606,0x0606,0x0606,0x060B,0x0606,0x0606,0x060B,
	0x0606,0x0006,0x0600,0x0606,0x0B06,0x0406,0x0606,0x0906,
	0x0A06,0x0C0C,0x0C0C,0x0C0C,0x0C0C,0x0C0C,0x0C0C,0x0C0C,
	0x0C0C,0x0C0C,0x0C0C,0x0C0C,0x0C0C,0x0C0C,0x0C0C,0x0C0C,
	0x0C0C,0x0C0C,0x0C0C,0x0C0C,0x0C0C,0x0C0C,0x0C0C,0x0C0C,
	0x0C0C,0x0C0C,0x0C0C,0x0C0C,0x0C0C,0x0C0C,0x0C0C,0x0C0C,
	0x0C0C,0x0C0C,0x0C0C,0x0C0C,0x0C0C,0x0C0C,0x0C0C,0x0C0C,
	0x0C0C,0x0C0C,0x0C0C,0x0C0C,0x0C0C,0x0C0C,0x0C0C,0x0C0C,

	0x0C0C,0x0C0C,0x0C0C,0x0C0C,0x0C0C,0x0C0C,0x0C0C,0x0C0C,
	0x0C0C,0x0C0C,0x0C0C,0x0C0C,0x0C0C,0x0C0C,0x0C0C,0x0C0C,
	0x0C0C,0x0C0C,0x0C0C,0x0C0C,0x0C0C,0x0C0C,0x0C0C,0x0C0C,
	0x0C0C,0x0C0C,0x0C0C,0x0C0C,0x0C0C,0x0404,0x0404,0x0404,
	0x0404,0x0404,0x0D04,0x0808,0x0B0B,0x0B0B,0x0B0B,0x0B0B,
	0x060B,0x0B06,0x060B,0x0B0B,0x0B06,0x0606,0x0606,0x060B,
	0x0606,0x0606,0x060B,0x0606,0x0006,0x0606,0x0606,0x060B,
	0x0606,0x060B,0x0606,0x0B06,0x0B06,0x0606,0x0606,0x0606,

	0x0606,0x0606,0x0606,0x060B,0x060B,0x0D0B,0x060B,0x0D06,
	0x0C08,0x0C0C,0x0C0C,0x0C0C,0x0C0C,0x0C0C,0x0C0C,0x0C05,
	0x0C0C,0x0C0C,0x0C0C,0x0C0C,0x0C0C,0x0C0C,0x0C0C,0x0C0C,
	0x0C0C,0x0C0C,0x0C0C,0x0C0C,0x0C0C,0x0C0C,0x0C0C,0x0C0C,
	0x0C0C,0x0C0C,0x0C0C,0x0C0C,0x0C0C,0x0C0C,0x0C0C,0x0C0C,
	0x0C0C,0x0C0C,0x0C0C,0x0C0C,0x0C0C,0x050C,0x0C0C,0x0C0C,
	0x0C0C,0x0C0C,0x0C0C,0x0C0C,0x0C0C,0x0C0C,0x0C0C,0x0C0C,
	0x0C0C,0x0C0C,0x0C0C,0x0C0C,0x0C0C,0x0C0C,0x0C0C,0x0C0C,

	0x0C0C,0x0C0C,0x0C0C,0x0C0C,0x0C0C,0x0C0C,0x0C0C,0x0C0C,
	0x0C0C,0x0C05,0x0C0C,0x0C0C,0x0C0C,0x0C03,0x0C0C,0x0C0C,
	0x0C0C,0x0C0C,0x0C09,0x0D0C,0x0404,0x0404,0x0404,0x0404,
	0x0404,0x0804,0x0B08,0x080B,0x0B0B,0x080B,0x0B0B,0x0B0B,
	0x0B0B,0x0B06,0x0B0B,0x0B0B,0x0B0B,0x060B,0x0606,0x0606,
	0x0606,0x0606,0x0B06,0x0606,0x0006,0x0600,0x0006,0x0606,
	0x0606,0x0606,0x0706,0x0606,0x060B,0x0606,0x0606,0x0606,
	0x0606,0x0606,0x0606,0x0B06,0x0606,0x0606,0x0606,0x0C09,

	0x0C03,0x0C0C,0x0C03,0x0C0C,0x0C0C,0x0C0C,0x0C0C,0x0C0C,
	0x0C0C,0x0C0C,0x0C0C,0x0C0C,0x0C0C,0x0C0C,0x0C0C,0x0C0C,
	0x0C0C,0x0C0C,0x0C0C,0x0C0C,0x0C0C,0x0C0C,0x0C0C,0x0C0C,
	0x0C0C,0x0C0C,0x0C0C,0x0C0C,0x0C0C,0x0C0C,0x0C0C,0x0C0C,
	0x0C0C,0x0C0C,0x0C0C,0x0C0C,0x0C0C,0x0C0C,0x0C0C,0x0C0C,
	0x0C0C,0x0C0C,0x0C0C,0x0C0C,0x0C0C,0x0C0C,0x0C0C,0x0C0C,
	0x0C0C,0x0C0C,0x0C0C,0x0C0C,0x050C,0x0C0C,0x0C0C,0x0C0C,
	0x0C0C,0x050C,0x0C0C,0x0C0C,0x0C0C,0x0C0C,0x0C0C,0x0C0C,

	0x0C0C,0x0C0C,0x0C0C,0x0C0C,0x0C0C,0x0C0C,0x0C0C,0x0C0C,
	0x040C,0x0404,0x0404,0x0404,0x0404,0x0404,0x0404,0x0404,
	0x0404,0x0D0D,0x0B0B,0x0808,0x0B0B,0x0B0B,0x0B0B,0x0B0B,
	0x0B08,0x0808,0x080B,0x0B04,0x0B0B,0x0606,0x0606,0x0B0B,
	0x0606,0x0B06,0x0606,0x0606,0x000C,0x0600,0x0000,0x0606,
	0x0606,0x0606,0x0B06,0x0000,0x0B06,0x0606,0x0B06,0x000B,
	0x0606,0x0606,0x0606,0x0606,0x060B,0x0606,0x0606,0x0C09,
	0x0C0C,0x0C0B,0x0C0C,0x0C03,0x0C0C,0x0C0C,0x0C0C,0x0C0C,

	0x0C0C,0x030C,0x0C0C,0x0C0C,0x0C0C,0x0C0C,0x0C0C,0x0C0C,
	0x0C0C,0x0C0C,0x0C0C,0x0C0C,0x0C0C,0x0C0C,0x0C0C,0x0C0C,
	0x0C0C,0x0C0C,0x0C0C,0x0C0C,0x0C0C,0x0C0C,0x0C0C,0x0C0C,
	0x0C0C,0x0C0C,0x0C0C,0x0C0C,0x0C0C,0x0C0C,0x0C0C,0x0C0C,
	0x0C0C,0x0C0C,0x0C0C,0x0C0C,0x0C0C,0x0C0C,0x0C0C,0x0C0C,
	0x0C0C,0x0C0C,0x0C0C,0x0C0C,0x0C0C,0x0C0C,0x0C0C,0x0C0C,
	0x0C0C,0x0C0C,0x0C0C,0x0C0C,0x0C0C,0x0C0C,0x0C0C,0x0C0C,
	0x0C0C,0x0C0C,0x0C0C,0x0C0C,0x0C0C,0x0C0C,0x0C0C,0x0C0C,

	0x0403,0x0404,0x0404,0x0404,0x0404,0x0404,0x0D04,0x0404,
	0x0404,0x0D04,0x0B0B,0x0B0B,0x080B,0x080B,0x0B0D,0x0B0B,
	0x0808,0x0D08,0x0808,0x0B08,0x0B0B,0x060B,0x0B06,0x0B0B,
	0x0600,0x0000,0x0000,0x0006,0x0000,0x0600,0x0000,0x0606,
	0x0606,0x0606,0x060B,0x0000,0x0606,0x0606,0x060B,0x0600,
	0x0B00,0x060B,0x0600,0x0606,0x0B0B,0x0B09,0x060B,0x0806,
	0x0602,0x0C0B,0x0C05,0x030C,0x0C0C,0x0C0C,0x0C0C,0x0C0C,
	0x0C0C,0x0C0C,0x0C0C,0x0C0C,0x0C0C,0x0C0C,0x0C0C,0x0C0C,

	0x0C0C,0x0C0C,0x0C0C,0x0C0C,0x0C0C,0x0C0C,0x0C0C,0x0C0C,
	0x0C0C,0x0C0C,0x0C0C,0x0C0C,0x0C0C,0x0C0C,0x0C0C,0x0C0C,
	0x0C0C,0x0C0C,0x0C0C,0x0C0C,0x0C0C,0x0C0C,0x0C0C,0x0C0C,
	0x0C0C,0x0C0C,0x0C0C,0x0C0C,0x0C0C,0x0C0C,0x0C0C,0x0C0C,
	0x0C0C,0x0C0C,0x0C0C,0x0C0C,0x0C0C,0x0C0C,0x0C0C,0x0C0C,
	0x0C0C,0x0C0C,0x0C0C,0x0C0C,0x0C0C,0x0C0C,0x0C0C,0x0C0C,
	0x0C0C,0x0C0C,0x0C0C,0x0C0C,0x0C0C,0x0C0C,0x0C0C,0x0C0C,
	0x040A,0x0404,0x0404,0x0404,0x0404,0x0404,0x0404,0x0404,

	0x0404,0x080D,0x080B,0x0B0B,0x080B,0x0D08,0x080D,0x0B08,
	0x0408,0x080D,0x0808,0x0808,0x0B08,0x0B08,0x0606,0x0606,
	0x0600,0x0606,0x0D06,0x0606,0x0000,0x0A06,0x0600,0x0606,
	0x060B,0x0606,0x0606,0x0600,0x0606,0x0606,0x0606,0x0006,
	0x0B00,0x0606,0x0B06,0x0B06,0x0D0B,0x0606,0x0606,0x0606,
	0x0606,0x0606,0x0C06,0x0C0C,0x0C0C,0x0C0C,0x0C0C,0x0C0C,
	0x0C0C,0x0C0C,0x0C05,0x0C0C,0x0C0C,0x0C0C,0x0C0C,0x0C0C,
	0x0C0C,0x050C,0x0C0C,0x0C0C,0x0C0C,0x0C0C,0x0C0C,0x0C0C,

	0x0C0C,0x0C0C,0x0C0C,0x0C0C,0x0C0C,0x0C0C,0x0C0C,0x0C05,
	0x0C0C,0x0C0C,0x0C0C,0x0C0C,0x0C0C,0x0C0C,0x0C0C,0x0C0C,
	0x0C0C,0x0C0C,0x0C0C,0x0C0C,0x0C0C,0x0C0C,0x0C0C,0x0C0C,
	0x0C0C,0x0C0C,0x0C0C,0x0C0C,0x0C0C,0x0C0C,0x0C0C,0x0C0C,
	0x0C0C,0x0C0C,0x0C0C,0x0C0C,0x0C0C,0x0C0C,0x0C0C,0x0C0C,
	0x0C0C,0x0C05,0x050C,0x0C0C,0x0C0C,0x0C0C,0x0C0C,0x0C0C,
	0x0404,0x0404,0x0404,0x0404,0x0404,0x0404,0x0404,0x0804,
	0x0804,0x080B,0x080B,0x0808,0x0B0B,0x040D,0x0808,0x080B,

	0x0D08,0x080D,0x0808,0x0808,0x0B08,0x0B0B,0x0B0B,0x0B06,
	0x0000,0x060B,0x0606,0x0606,0x0600,0x0900,0x0000,0x0600,
	0x0606,0x0606,0x0008,0x0600,0x0000,0x0B06,0x0606,0x0006,
	0x0606,0x060B,0x0606,0x0606,0x0606,0x0606,0x0606,0x060B,
	0x0606,0x0606,0x0906,0x0C03,0x0C0C,0x0C0C,0x0C0C,0x0C0C,
	0x0C0C,0x0C0C,0x0C0C,0x0C0C,0x0C0C,0x0C0C,0x0C0C,0x0C0C,
	0x0C0C,0x0C0C,0x0C0C,0x0C0C,0x0C0C,0x0C0C,0x0C0C,0x0C0C,
	0x0C0C,0x0C0C,0x0C0C,0x0C0C,0x0C0C,0x0C0C,0x0C0C,0x0C0C,

	0x0C0C,0x0C0C,0x0C0C,0x0C0C,0x0C0C,0x0C0C,0x0C0C,0x0C0C,
	0x0C0C,0x0C03,0x0C0C,0x0C0C,0x0C0C,0x0C0C,0x0C0C,0x0C0C,
	0x0C0C,0x0C0C,0x0C0C,0x0C0C,0x0C0C,0x0C0C,0x0C0C,0x0C0C,
	0x0C0C,0x0C0C,0x0C0C,0x0C0C,0x0C0C,0x0C0C,0x0C0C,0x0C0C,
	0x0C0C,0x0C0C,0x0C0C,0x0C0C,0x0C0C,0x0C0C,0x0C0C,0x0A0C,
	0x0404,0x0404,0x0404,0x0404,0x0404,0x0404,0x0804,0x0808,
	0x0808,0x0D08,0x0D0D,0x0D0D,0x040D,0x0404,0x0D04,0x0808,
	0x0808,0x0808,0x080B,0x0808,0x0B0B,0x0B0B,0x0B0B,0x0B0B,

	0x0000,0x0600,0x060B,0x0000,0x0606,0x0A06,0x0600,0x0706,
	0x0606,0x0606,0x0606,0x0606,0x0600,0x0600,0x0606,0x060B,
	0x0606,0x0B0B,0x0606,0x060B,0x0606,0x060B,0x0600,0x060B,
	0x0606,0x0606,0x0908,0x0309,0x0C0C,0x030C,0x0C03,0x0C0C,
	0x0C0C,0x030C,0x0C0C,0x0C0C,0x0C0C,0x0C0C,0x0C0C,0x0C0C,
	0x0C0C,0x0C0C,0x0C0C,0x0C0C,0x0C0C,0x0C0C,0x0C0C,0x0C0C,
	0x0C0C,0x0C0C,0x0C0C,0x0C0C,0x0C0C,0x0C0C,0x0C0C,0x0C0C,
	0x0C0C,0x0C0C,0x0C0C,0x0C03,0x0C0C,0x0C0C,0x0C0C,0x0C0C,

	0x0C0C,0x0C03,0x0C0C,0x030C,0x0C0C,0x0C03,0x0C0C,0x0C0C,
	0x0C0C,0x0C0C,0x0C0C,0x0C0C,0x0C0C,0x0C0C,0x0C0C,0x0C0C,
	0x0C0C,0x0C0C,0x0C0C,0x0C0C,0x0C03,0x0C0C,0x0C0C,0x0C0C,
	0x0C0C,0x0C03,0x0C0C,0x0C0C,0x0C0C,0x0C0C,0x0C0C,0x0A03,
	0x0404,0x0404,0x0404,0x0404,0x0D04,0x0404,0x0404,0x080D,
	0x0808,0x0D0D,0x0404,0x0D0D,0x0D04,0x0D08,0x0804,0x0808,
	0x0808,0x0808,0x0808,0x0808,0x0B08,0x0B0B,0x0B0B,0x060B,
	0x0000,0x0600,0x0B06,0x0606,0x0600,0x0000,0x0000,0x0606,

	0x0006,0x0600,0x0000,0x0606,0x0600,0x0600,0x0606,0x0A06,
	0x0606,0x0B0D,0x0B06,0x060B,0x0606,0x0606,0x0000,0x0606,
	0x0608,0x0B06,0x0806,0x0806,0x0C0C,0x0C0C,0x0C0C,0x0C0C,
	0x0C03,0x0C0C,0x0C03,0x0C0C,0x0C0C,0x0C0C,0x0C0C,0x030C,
	0x0C03,0x030C,0x0C0C,0x0C03,0x030C,0x030C,0x030C,0x0C03,
	0x0303,0x0C0C,0x0C0C,0x0C03,0x0C0C,0x0C0C,0x0C0C,0x0C0C,
	0x0C0C,0x0C0C,0x030C,0x0C0C,0x0303,0x0303,0x0C0C,0x030C,
	0x0C0C,0x0C03,0x0C0C,0x0C03,0x030C,0x030C,0x0C03,0x0C0C,

	0x0C0C,0x0C0C,0x0C0C,0x0C03,0x0C0C,0x0303,0x0C0C,0x0C0C,
	0x030C,0x030C,0x030C,0x0C0C,0x0C0C,0x0C0C,0x0C0C,0x0C0C,
	0x0C0C,0x030C,0x0C0C,0x030C,0x0C0C,0x030C,0x0C0C,0x0C0C,
	0x0309,0x0404,0x0404,0x0404,0x0D04,0x0404,0x0404,0x0D04,
	0x0808,0x0404,0x0D04,0x080D,0x0D0D,0x080D,0x0B08,0x080B,
	0x0808,0x0808,0x0808,0x0B08,0x0B0B,0x0B0B,0x0B06,0x0606,
	0x0600,0x0606,0x0606,0x0006,0x0006,0x0606,0x0006,0x0606,
	0x0606,0x0006,0x0600,0x000B,0x0600,0x0600,0x0606,0x0906,

	0x060B,0x0606,0x0606,0x0B0B,0x060B,0x0600,0x0600,0x060B,
	0x0606,0x0606,0x0606,0x0606,0x0306,0x0C0C,0x030C,0x0C0C,
	0x0C03,0x030C,0x0C0C,0x0303,0x030C,0x0C0C,0x0C0C,0x0C03,
	0x0C0C,0x0C0C,0x0C0C,0x0C0C,0x0C0C,0x0C0C,0x030C,0x030C,
	0x0C0C,0x0303,0x0C0C,0x0C0C,0x0C0C,0x0303,0x030C,0x0C0C,
	0x0C0C,0x0C03,0x030C,0x0C0C,0x0C03,0x0C0C,0x0C0C,0x0C0C,
	0x0C0C,0x030C,0x0C0C,0x0303,0x030C,0x0C0C,0x0C0C,0x0C0C,
	0x0C0C,0x0C0C,0x0C0C,0x0C0C,0x0C0C,0x030C,0x0C0C,0x0C03,

	0x0C0C,0x0C0C,0x030C,0x0C0C,0x030C,0x0C0C,0x0C0C,0x030C,
	0x0C0C,0x0C0C,0x0C03,0x0C0C,0x030C,0x0C0C,0x0C03,0x0A0C,
	0x040A,0x0404,0x0404,0x0804,0x040D,0x0404,0x0404,0x0804,
	0x0804,0x0408,0x0D0D,0x080D,0x0808,0x0808,0x0B08,0x0B0B,
	0x080B,0x0808,0x0808,0x0B0B,0x0B0B,0x0606,0x0606,0x060B,
	0x0600,0x0606,0x0606,0x0606,0x0606,0x0006,0x0000,0x0600,
	0x0006,0x0606,0x0600,0x0606,0x0606,0x0606,0x0606,0x0B0B,
	0x0B0D,0x0606,0x0609,0x0606,0x0B06,0x0006,0x0606,0x0606,

	0x0306,0x0B09,0x0606,0x0600,0x0303,0x0303,0x0303,0x030C,
	0x0303,0x0C0C,0x030C,0x030C,0x030C,0x030C,0x0C0C,0x0C03,
	0x0C0C,0x030C,0x0C0C,0x030C,0x0C0C,0x0C0C,0x0C03,0x030C,
	0x030C,0x030C,0x0303,0x0C03,0x0C0C,0x0C03,0x0C03,0x0C03,
	0x030C,0x0C0C,0x0C03,0x0303,0x0303,0x0C03,0x030C,0x0C0C,
	0x0303,0x030C,0x0E0C,0x0E0E,0x0303,0x0C03,0x0C0C,0x0C0C,
	0x030C,0x0C03,0x0C0C,0x030C,0x0303,0x0C03,0x0303,0x0C03,
	0x0C0C,0x030C,0x030C,0x0C03,0x0C03,0x0C03,0x030C,0x0C0C,

	0x030C,0x0C0C,0x0C0C,0x0C0C,0x0C0C,0x0C03,0x040C,0x0404,
	0x0404,0x0404,0x0D04,0x0808,0x040D,0x0404,0x0404,0x080D,
	0x0808,0x0D08,0x0804,0x080D,0x0B0D,0x0B0B,0x060B,0x0B0B,
	0x080B,0x0B08,0x0808,0x060B,0x0B0B,0x0606,0x0606,0x0B06,
	0x0B06,0x0B0B,0x0B06,0x060B,0x0000,0x0006,0x0000,0x0B06,
	0x0606,0x0606,0x0206,0x0606,0x060D,0x0606,0x0B06,0x0B06,
	0x0E06,0x0303,0x0B0A,0x0D0B,0x060B,0x0606,0x0B06,0x0B06,
	0x0606,0x090B,0x0C0C,0x030C,0x0C0C,0x0C0C,0x0C03,0x0303,

	0x030C,0x0C03,0x0C0C,0x0303,0x0C03,0x0C0C,0x0303,0x0C0C,
	0x0C03,0x0C0C,0x030C,0x0C0C,0x0C0C,0x030C,0x0C0C,0x0C0C,
	0x0C0C,0x0C0C,0x0C0C,0x030C,0x030C,0x0C0C,0x030C,0x0C0C,
	0x0C0C,0x0C0C,0x0C03,0x0303,0x0C03,0x0C0C,0x030C,0x0C03,
	0x0C0C,0x0E03,0x0E0E,0x0E0E,0x030E,0x0C0C,0x0C0C,0x0C03,
	0x0C0C,0x0C03,0x0C0C,0x030C,0x0C03,0x0C0C,0x0C0C,0x0303,
	0x0C03,0x0C03,0x0C0C,0x030C,0x0C0C,0x0C0C,0x0C0C,0x0C0C,
	0x0C0C,0x0C0C,0x030C,0x030C,0x0C0C,0x030C,0x0404,0x0404,

	0x0404,0x0404,0x0808,0x0D04,0x0D04,0x0404,0x0408,0x0D0D,
	0x0808,0x0B0B,0x0808,0x0808,0x0808,0x0B0B,0x060B,0x060B,
	0x0B0B,0x0B08,0x0B0B,0x0B06,0x0606,0x0006,0x0606,0x0006,
	0x0B06,0x0B0B,0x0606,0x0606,0x0006,0x0000,0x0000,0x0B06,
	0x060B,0x060B,0x060B,0x0B06,0x060B,0x060B,0x0B0B,0x0D0B,
	0x0309,0x030C,0x0603,0x0303,0x0606,0x060B,0x0B06,0x0B0B,
	0x0606,0x060B,0x030C,0x0C03,0x030C,0x0C0C,0x0C0C,0x030C,
	0x030C,0x0C0C,0x0303,0x030C,0x0C0C,0x0C03,0x0C0C,0x0C0C,

	0x0303,0x0C0C,0x030C,0x0C0C,0x030C,0x0C03,0x030C,0x0C03,
	0x0C03,0x0C0C,0x0C03,0x0303,0x0C03,0x030C,0x0C03,0x0C0C,
	0x0303,0x030C,0x0C0C,0x030C,0x0C03,0x030C,0x0303,0x0303,
	0x0C03,0x0E0E,0x0E0E,0x0E0E,0x070E,0x0C03,0x030C,0x0C0C,
	0x030C,0x0C03,0x030C,0x0C03,0x0C0C,0x0C03,0x0C0C,0x030C,
	0x0C03,0x0C03,0x0C03,0x0C0C,0x0C03,0x0C0C,0x030C,0x0C0C,
	0x0303,0x0C0C,0x030C,0x030C,0x030C,0x0C0C,0x0404,0x0404,
	0x0404,0x0404,0x0408,0x0D08,0x0404,0x040D,0x0D08,0x0808,

	0x080D,0x0608,0x080B,0x0D0B,0x0B08,0x0B0B,0x0B06,0x0B0B,
	0x060B,0x0B0B,0x0606,0x0606,0x060B,0x0006,0x0B06,0x0006,
	0x0606,0x0B06,0x0606,0x0606,0x0006,0x0000,0x0600,0x0606,
	0x0606,0x060B,0x0606,0x0B06,0x0B0B,0x060B,0x060B,0x0606,
	0x0609,0x0C09,0x0C03,0x0003,0x0606,0x0B06,0x0606,0x0B06,
	0x0B06,0x0606,0x0C0C,0x0C0C,0x0C03,0x030C,0x0C0C,0x030C,
	0x0C0C,0x0C0C,0x0C0C,0x0C0C,0x030C,0x0C03,0x0C0C,0x0C03,
	0x0C0C,0x0C0C,0x0C0C,0x030C,0x0C0C,0x030C,0x0C0C,0x0C03,

	0x030C,0x0C03,0x0C0C,0x0C0C,0x030C,0x0C03,0x0C0C,0x0C0C,
	0x030C,0x030C,0x0C0C,0x0C0C,0x0C0C,0x0C0C,0x0303,0x030C,
	0x0E03,0x0E0E,0x0E0E,0x0E0E,0x0E0E,0x0C0E,0x030C,0x0C0C,
	0x0C0C,0x0C0C,0x030C,0x0C0C,0x030C,0x0C03,0x0C03,0x0C0C,
	0x0C0C,0x0C0C,0x0C0C,0x0C0C,0x0C0C,0x0C0C,0x0C03,0x0C0C,
	0x0C0C,0x0C0C,0x0C0C,0x0C0C,0x0C0C,0x0C03,0x0403,0x0404,
	0x0404,0x0804,0x0408,0x0D04,0x0D04,0x0D0D,0x0808,0x0D0B,
	0x0B08,0x060B,0x0B06,0x0808,0x0808,0x060B,0x0B0B,0x0B0B,

	0x0B0B,0x0606,0x0600,0x0606,0x0B0B,0x0606,0x0B06,0x0606,
	0x0B06,0x0B06,0x0606,0x0606,0x0B06,0x0606,0x0606,0x0B0B,
	0x0B06,0x0606,0x0606,0x0606,0x0B06,0x0B0B,0x0B0B,0x0606,
	0x060B,0x0606,0x0909,0x0000,0x0606,0x0B08,0x0306,0x030C,
	0x0B0B,0x0D06,0x0C0B,0x030C,0x0C0C,0x0C0C,0x0303,0x0E03,
	0x0303,0x0C03,0x0C0C,0x0303,0x0C0C,0x0C03,0x0C0C,0x0C0C,
	0x0C0C,0x0C0C,0x0C03,0x0C0C,0x0C03,0x0C03,0x0C0C,0x030C,
	0x0C0C,0x0303,0x0C03,0x0C0C,0x030C,0x030C,0x0303,0x030C,

	0x0C0C,0x0C0C,0x0C0C,0x0303,0x0C0C,0x030C,0x0E03,0x0E0E,
	0x0E0E,0x0E0E,0x0E0E,0x0E0E,0x0E0E,0x0E0E,0x0C0C,0x0C0C,
	0x0C0C,0x0C0C,0x0303,0x0C0C,0x0C0C,0x0C0C,0x0303,0x0C0C,
	0x0C0C,0x0C0C,0x030C,0x0C0C,0x0C0C,0x0C03,0x0C03,0x0C0C,
	0x0C0C,0x0C0C,0x0C03,0x030C,0x030C,0x0C0C,0x040A,0x0404,
	0x0D04,0x0404,0x090D,0x0408,0x0404,0x0D04,0x0808,0x0B08,
	0x0B08,0x060B,0x0606,0x0808,0x0B08,0x0B0B,0x0B0B,0x0B06,
	0x0B0B,0x060B,0x0600,0x0606,0x0606,0x0606,0x0606,0x0600,

	0x0600,0x0606,0x0606,0x0606,0x0006,0x0606,0x060B,0x0606,
	0x0B0B,0x0B0B,0x0609,0x0B06,0x0B06,0x0B0B,0x0B06,0x060B,
	0x0606,0x0B06,0x0606,0x0000,0x030A,0x0B06,0x0306,0x030C,
	0x060A,0x0D06,0x0C0B,0x0C0C,0x030C,0x0303,0x0E0E,0x0E0E,
	0x0E0E,0x0E03,0x0C03,0x030C,0x030C,0x0303,0x0303,0x0303,
	0x0303,0x030C,0x0303,0x0303,0x030C,0x0303,0x0303,0x0C03,
	0x030C,0x0C0C,0x0C03,0x030C,0x0303,0x0303,0x030C,0x0C0C,
	0x0C03,0x0303,0x0303,0x0C0C,0x0303,0x0C03,0x0E0E,0x0E0E,

	0x0E0E,0x0E0E,0x0E0E,0x070E,0x0E0E,0x0E0E,0x030C,0x030C,
	0x030C,0x0303,0x0C03,0x0303,0x030C,0x0303,0x030C,0x0C0C,
	0x0303,0x0303,0x0C0C,0x0303,0x0C03,0x0303,0x030C,0x0C0C,
	0x0C0C,0x0303,0x0303,0x0303,0x0C0C,0x030A,0x0404,0x0404,
	0x0804,0x0404,0x0D04,0x0408,0x0404,0x0404,0x0B04,0x0B0B,
	0x0608,0x0606,0x0B06,0x0B0B,0x0B0B,0x060B,0x060B,0x0B06,
	0x0B0B,0x060B,0x060B,0x0606,0x0606,0x0600,0x0606,0x0000,
	0x0606,0x0B06,0x0B0B,0x0606,0x0606,0x0606,0x060B,0x0606,

	0x0B0B,0x060B,0x0606,0x0A06,0x0606,0x0B06,0x0B0B,0x0606,
	0x0606,0x0606,0x0606,0x0706,0x0303,0x0303,0x0303,0x0303,
	0x070B,0x0B03,0x0303,0x0303,0x0C03,0x0303,0x0E0E,0x0E0E,
	0x0E0E,0x0E0E,0x030E,0x0303,0x030C,0x0303,0x0C0C,0x0303,
	0x0C0C,0x0303,0x0C03,0x0C0C,0x0C0C,0x030C,0x0C03,0x0303,
	0x0C0C,0x030C,0x0303,0x0303,0x0C0C,0x030C,0x0303,0x030C,
	0x0303,0x030C,0x0303,0x0303,0x030C,0x0E03,0x0E0E,0x0E0E,
	0x0E0E,0x0E0E,0x0E0E,0x0E0E,0x0E0E,0x0E07,0x0303,0x030C,

	0x030C,0x0303,0x0C03,0x0303,0x0303,0x030C,0x0C0C,0x0303,
	0x0C0C,0x0C0C,0x0C03,0x0C0C,0x0C0C,0x0C0C,0x0303,0x0C03,
	0x030C,0x030C,0x030C,0x0404,0x0404,0x0904,0x0404,0x0404,
	0x0D04,0x0804,0x0804,0x0404,0x0D04,0x0D0D,0x080D,0x0808,
	0x0B06,0x0600,0x0B06,0x0B0B,0x0B0B,0x060B,0x0B06,0x060B,
	0x0606,0x0600,0x0606,0x0606,0x0606,0x0006,0x0606,0x0606,
	0x0006,0x060C,0x0B06,0x0B0B,0x0B06,0x0B06,0x060B,0x0606,
	0x0B06,0x0606,0x0B06,0x0903,0x060B,0x0B0B,0x0606,0x0B06,

	0x0B06,0x0606,0x0606,0x0306,0x0303,0x0303,0x0303,0x0C03,
	0x0303,0x0303,0x030C,0x030C,0x030C,0x0303,0x0E0E,0x0E0E,
	0x0E0E,0x0E0E,0x0E0E,0x0C03,0x0C03,0x0303,0x0C03,0x030C,
	0x0303,0x030C,0x0303,0x0303,0x0303,0x0C03,0x0303,0x0C0C,
	0x030C,0x0C03,0x030C,0x0C0C,0x0303,0x0C03,0x0C03,0x0303,
	0x0C03,0x0C03,0x0303,0x0303,0x0303,0x0E03,0x0E0E,0x0E0E,
	0x0E0E,0x0E0E,0x0E0E,0x0E0E,0x0E0E,0x0E0E,0x0C03,0x0303,
	0x0303,0x0C03,0x030C,0x0C03,0x030C,0x030C,0x0C03,0x0C0C,

	0x0303,0x0C03,0x0C03,0x0303,0x0303,0x0C0C,0x0C03,0x030C,
	0x0303,0x0303,0x0403,0x0404,0x0404,0x0404,0x0404,0x0404,
	0x0404,0x0808,0x080D,0x080B,0x0D04,0x080D,0x0808,0x0B0B,
	0x0606,0x0600,0x0B06,0x0B06,0x0B0B,0x0B0B,0x0606,0x0B0B,
	0x0600,0x0606,0x0606,0x0B06,0x0606,0x0606,0x0606,0x0606,
	0x0800,0x0603,0x0B0B,0x0606,0x060B,0x060B,0x0B0B,0x0B0B,
	0x0B0B,0x0B06,0x0606,0x0006,0x0606,0x0606,0x0B08,0x0606,
	0x0606,0x0B06,0x0303,0x0303,0x0303,0x0303,0x0303,0x030C,

	0x0303,0x0303,0x0303,0x0303,0x0303,0x0E03,0x0E0E,0x0E0E,
	0x0E0E,0x0E0E,0x0E0E,0x030C,0x0303,0x0C03,0x0303,0x0C03,
	0x030C,0x0C03,0x0C03,0x0303,0x0303,0x0303,0x0C03,0x0303,
	0x0C03,0x0303,0x0303,0x0303,0x0303,0x0C0C,0x0303,0x030C,
	0x0303,0x030C,0x0303,0x0303,0x0C03,0x0E07,0x0E0E,0x0E0E,
	0x0E0E,0x0E0E,0x0E0E,0x0E0E,0x0E0E,0x0E0E,0x030E,0x0C03,
	0x0303,0x0303,0x0303,0x0C0C,0x0303,0x0C03,0x0C03,0x0303,
	0x0303,0x0303,0x0303,0x0303,0x0303,0x0303,0x0303,0x0303,

	0x0C0C,0x0C03,0x0303,0x0404,0x0404,0x0404,0x0404,0x0404,
	0x0D04,0x0804,0x0B08,0x0B0B,0x0808,0x0808,0x0B08,0x0B06,
	0x060B,0x0006,0x0606,0x0B0B,0x0B06,0x0606,0x0606,0x0006,
	0x0600,0x0606,0x0606,0x0B0B,0x060B,0x0606,0x0606,0x060B,
	0x0606,0x0606,0x0B0D,0x0600,0x0B06,0x0B06,0x0606,0x0B06,
	0x0606,0x0606,0x0303,0x0C06,0x0903,0x0B0B,0x0B0B,0x0B0B,
	0x0606,0x0B0A,0x0306,0x0303,0x0C03,0x0303,0x0303,0x0303,
	0x0C03,0x0C03,0x0303,0x0C03,0x0303,0x0E03,0x0E0E,0x0E0E,

	0x0E0E,0x0E0E,0x0E0E,0x0307,0x0303,0x0303,0x0C0C,0x0303,
	0x0303,0x0303,0x0303,0x0303,0x030C,0x0303,0x0C03,0x0C0C,
	0x0C03,0x0303,0x030C,0x0303,0x0303,0x0C0C,0x0C03,0x0303,
	0x030C,0x0303,0x0C03,0x030C,0x0303,0x0E0E,0x0E0E,0x0E0E,
	0x0E0E,0x0E0E,0x030E,0x0E0E,0x0E0E,0x0E0E,0x030E,0x0303,
	0x0303,0x0C0C,0x0303,0x0303,0x030C,0x0303,0x0303,0x030C,
	0x0303,0x0303,0x030C,0x0E03,0x030E,0x0C03,0x0303,0x0C0C,
	0x0303,0x0303,0x0404,0x0404,0x040A,0x0404,0x0404,0x0404,

	0x0404,0x0B08,0x0B0B,0x0B0B,0x080B,0x0B08,0x0B0B,0x0606,
	0x0606,0x0606,0x0000,0x0606,0x0006,0x0B06,0x0606,0x0006,
	0x0000,0x0600,0x0B06,0x0B06,0x060B,0x0B00,0x060B,0x0606,
	0x0600,0x0606,0x0609,0x0600,0x0309,0x0B0D,0x0B06,0x0B06,
	0x060B,0x0000,0x0B0B,0x0307,0x0B06,0x0B06,0x0B0B,0x0B0B,
	0x0B06,0x0B08,0x0606,0x0C03,0x0D0A,0x090A,0x0303,0x0303,
	0x0303,0x030C,0x0303,0x0C03,0x0303,0x0703,0x0E0E,0x0E0E,
	0x0E0E,0x0E0E,0x0E0E,0x0303,0x030C,0x0303,0x0303,0x0C03,

	0x0303,0x0C03,0x030C,0x030C,0x0303,0x0303,0x0303,0x0303,
	0x0303,0x0303,0x0303,0x0303,0x030C,0x030C,0x0303,0x0303,
	0x0303,0x0303,0x0303,0x0303,0x0303,0x0E03,0x0E0E,0x0E03,
	0x0E0E,0x0E0E,0x0E0E,0x0E03,0x0E0E,0x0E0E,0x030E,0x0303,
	0x030C,0x0303,0x0303,0x030C,0x0303,0x0C03,0x0C03,0x0303,
	0x0303,0x0303,0x030C,0x0E0E,0x0E0E,0x0303,0x0303,0x030C,
	0x0303,0x0C03,0x040C,0x0404,0x0404,0x0404,0x0404,0x0404,
	0x0D04,0x0808,0x0B0B,0x0B06,0x0B0B,0x060B,0x060B,0x0600,

	0x060B,0x0006,0x0606,0x060B,0x0606,0x0606,0x0606,0x0606,
	0x0606,0x0000,0x0000,0x0606,0x0606,0x0000,0x0000,0x0600,
	0x0606,0x0603,0x0009,0x0D00,0x0303,0x0603,0x060B,0x060B,
	0x0006,0x0600,0x0B0B,0x0303,0x0303,0x0606,0x0606,0x0B06,
	0x060B,0x0B0B,0x0406,0x0A0B,0x0B06,0x0B06,0x0B0B,0x0303,
	0x030C,0x0303,0x0303,0x0303,0x0303,0x0E0E,0x0E0E,0x0E0E,
	0x0E0E,0x0E0E,0x0E0E,0x030E,0x0303,0x030C,0x0303,0x0303,
	0x0303,0x0303,0x0303,0x0303,0x0303,0x0303,0x0303,0x0303,

	0x0303,0x0303,0x0303,0x0303,0x0303,0x0303,0x0303,0x0303,
	0x0303,0x0303,0x0303,0x0303,0x0C03,0x0303,0x0E0E,0x0E0E,
	0x0E0E,0x0E0E,0x0E0E,0x0E0E,0x0E0E,0x0E0E,0x030E,0x0303,
	0x0303,0x0303,0x0303,0x0303,0x0303,0x0303,0x0303,0x0303,
	0x0303,0x0303,0x0E0E,0x0E0E,0x0E0E,0x070E,0x0303,0x0303,
	0x0303,0x0303,0x0303,0x0404,0x0904,0x0404,0x0404,0x0404,
	0x0D04,0x0B04,0x060B,0x0606,0x0B06,0x0606,0x0006,0x0600,
	0x0606,0x0606,0x0606,0x0606,0x0606,0x0600,0x0006,0x0600,

	0x0606,0x0000,0x0000,0x0006,0x0600,0x0000,0x0000,0x0B00,
	0x0B06,0x030D,0x0603,0x0306,0x0303,0x0A03,0x0B0B,0x0B0B,
	0x0606,0x0606,0x020B,0x0303,0x0303,0x060C,0x0606,0x0B06,
	0x0606,0x080B,0x0D0B,0x0B08,0x0B08,0x0B0B,0x080B,0x030C,
	0x0303,0x0303,0x0303,0x0303,0x0E03,0x0E0E,0x0E0E,0x0E0E,
	0x0E0E,0x0E0E,0x0E0E,0x070E,0x0303,0x0303,0x0303,0x0303,
	0x0303,0x0303,0x0303,0x0303,0x0303,0x0303,0x0303,0x0303,
	0x0303,0x0303,0x0303,0x0303,0x0303,0x0303,0x0303,0x0303,

	0x0303,0x0303,0x0303,0x0303,0x0303,0x0303,0x0E0E,0x0E0E,
	0x0E0E,0x0E0E,0x0E0E,0x0E0E,0x0E0E,0x030E,0x0303,0x0303,
	0x0303,0x0303,0x0303,0x0303,0x0303,0x0303,0x0303,0x0303,
	0x0303,0x0E03,0x0E0E,0x0E0E,0x0E0E,0x0E0E,0x0303,0x0303,
	0x030C,0x0403,0x0404,0x0404,0x0404,0x0404,0x0D04,0x0404,
	0x0804,0x0808,0x0B0B,0x0608,0x0606,0x0B06,0x0606,0x0606,
	0x0606,0x0B0B,0x0606,0x0606,0x0606,0x0000,0x0000,0x0000,
	0x0000,0x0600,0x0600,0x0000,0x0606,0x0606,0x0606,0x0606,

	0x0B06,0x060B,0x0006,0x0A0C,0x0303,0x0B04,0x0606,0x0606,
	0x0006,0x0606,0x060B,0x030C,0x0B09,0x0B0B,0x0B0B,0x0B0B,
	0x0B0B,0x0B0B,0x0B0B,0x0B06,0x0B0B,0x0B0B,0x0B0B,0x030A,
	0x0303,0x0303,0x0303,0x0303,0x0303,0x0E0E,0x0E0E,0x0E0E,
	0x0E0E,0x0E0E,0x0E0E,0x0E0E,0x0303,0x0303,0x0303,0x0303,
	0x0303,0x0303,0x0303,0x0303,0x0303,0x0303,0x0303,0x0303,
	0x0303,0x0303,0x0303,0x0303,0x0303,0x0303,0x0303,0x0303,
	0x0303,0x0303,0x0303,0x0303,0x0303,0x0303,0x0E07,0x0E0E,

	0x0E0E,0x0E0E,0x0E0E,0x0E0E,0x0E0E,0x030E,0x0303,0x0303,
	0x0303,0x070E,0x030E,0x0303,0x0303,0x0303,0x0303,0x0303,
	0x0303,0x0E0E,0x0E0E,0x0E0E,0x0E0E,0x0E0E,0x030E,0x0303,
	0x0403,0x0404,0x0404,0x0404,0x0404,0x0404,0x0D04,0x0404,
	0x0804,0x080B,0x0B08,0x0B06,0x0B06,0x0B06,0x060B,0x0600,
	0x0606,0x0606,0x0606,0x0606,0x0606,0x0000,0x0600,0x0006,
	0x0000,0x0600,0x0606,0x0006,0x0600,0x0606,0x0606,0x0000,
	0x0B06,0x060B,0x0606,0x060B,0x030D,0x0B0A,0x0606,0x0703,

	0x0606,0x0306,0x0906,0x0303,0x0203,0x0B06,0x060B,0x0B0B,
	0x0B0B,0x0606,0x0B0A,0x060B,0x060B,0x0B08,0x0604,0x030C,
	0x0303,0x0303,0x0303,0x0303,0x0303,0x0E03,0x0E0E,0x0E0E,
	0x0E0E,0x0E0E,0x0E0E,0x070E,0x0303,0x0303,0x0303,0x0303,
	0x0303,0x0303,0x0303,0x0303,0x0303,0x0303,0x0303,0x0303,
	0x0303,0x0303,0x0303,0x0303,0x0303,0x0303,0x0303,0x0303,
	0x0303,0x0303,0x0303,0x0303,0x0303,0x0E03,0x0E0E,0x0E0E,
	0x070E,0x030E,0x0E0E,0x0E0E,0x0E0E,0x0303,0x0303,0x0303,

	0x0E0E,0x0E0E,0x0E0E,0x0303,0x0303,0x0303,0x0303,0x0303,
	0x0E0E,0x0E0E,0x0E0E,0x0E0E,0x0E0E,0x0E0E,0x030E,0x0303,
	0x0403,0x040A,0x0404,0x0404,0x0404,0x0404,0x0D04,0x0D0D,
	0x0808,0x0B08,0x0B0B,0x0606,0x060B,0x0B06,0x060B,0x0600,
	0x060B,0x0B06,0x060B,0x090B,0x0606,0x0606,0x0600,0x0000,
	0x0000,0x0606,0x0606,0x0006,0x0600,0x0006,0x0600,0x0606,
	0x0B0B,0x0B0B,0x060B,0x0B0B,0x0B0B,0x0C03,0x0303,0x0603,
	0x0606,0x0300,0x030C,0x0303,0x0600,0x0B0B,0x080B,0x0B0B,

	0x0B0B,0x0B0B,0x0B0B,0x0B0D,0x0B0B,0x0B0B,0x0606,0x030C,
	0x0303,0x0303,0x0303,0x070E,0x0303,0x0E03,0x0E0E,0x0E0E,
	0x0E0E,0x0E0E,0x0E0E,0x030E,0x0303,0x0303,0x0303,0x0303,
	0x0303,0x0303,0x0303,0x0303,0x0303,0x0303,0x0303,0x0303,
	0x0303,0x0303,0x0303,0x0303,0x0303,0x0303,0x0303,0x0303,
	0x0303,0x0303,0x0303,0x0303,0x0303,0x0E03,0x0E0E,0x0E0E,
	0x0E0E,0x0E0E,0x0E0E,0x0E0E,0x0E0E,0x0303,0x0303,0x0303,
	0x0E0E,0x0E0E,0x0E0E,0x0307,0x0303,0x0303,0x0303,0x0303,

	0x0E0E,0x0E0E,0x0E0E,0x0E0E,0x0E0E,0x0E0E,0x0703,0x0303,
	0x0A03,0x0404,0x0404,0x0404,0x0404,0x0404,0x0404,0x0D04,
	0x0B08,0x0B0B,0x0B0B,0x0B0B,0x0006,0x0600,0x060B,0x0600,
	0x060B,0x0D06,0x0909,0x0B06,0x0B06,0x0006,0x0600,0x0006,
	0x0000,0x060B,0x0606,0x000B,0x0606,0x060B,0x0606,0x0D00,
	0x0B06,0x060B,0x0B0B,0x0B06,0x060B,0x0303,0x0303,0x0603,
	0x0006,0x0306,0x0303,0x0609,0x0B06,0x0B0B,0x0B0B,0x0B0B,
	0x0B0B,0x060B,0x0B0B,0x0B0B,0x0B0B,0x0D0B,0x0B0B,0x060B,

	0x030D,0x0303,0x0E0E,0x0E0E,0x0303,0x0E0E,0x0E0E,0x0E0E,
	0x0E0E,0x0E0E,0x030E,0x0303,0x0303,0x0303,0x0303,0x0303,
	0x0303,0x0303,0x0303,0x0303,0x0303,0x0303,0x0303,0x0303,
	0x0303,0x0303,0x0303,0x0307,0x0303,0x0303,0x0303,0x0303,
	0x0303,0x0303,0x0303,0x0303,0x0303,0x0303,0x0E0E,0x0E0E,
	0x0E0E,0x0E0E,0x0E0E,0x0E0E,0x0E0E,0x070E,0x030E,0x0303,
	0x0E0E,0x0E0E,0x0E0E,0x0E0E,0x0303,0x0303,0x0303,0x0303,
	0x0E0E,0x0E0E,0x0E0E,0x0E0E,0x0E0E,0x0E0E,0x0303,0x0903,

	0x0404,0x0404,0x0404,0x0404,0x0404,0x0404,0x0408,0x0808,
	0x0808,0x0B0B,0x0B0B,0x0B06,0x0606,0x0000,0x0606,0x0600,
	0x0606,0x0606,0x0606,0x0B0B,0x060B,0x0006,0x0B00,0x0606,
	0x0000,0x0606,0x0606,0x0009,0x0606,0x0608,0x0B06,0x0606,
	0x0B06,0x0B0B,0x0B0B,0x060B,0x060B,0x0303,0x0303,0x0003,
	0x0006,0x0300,0x0003,0x0600,0x0B06,0x0B0B,0x0B0B,0x0B0B,
	0x0B0B,0x0B0B,0x0B0B,0x0B0B,0x0B06,0x0B0B,0x0B0B,0x080B,
	0x0E0B,0x0E03,0x0E0E,0x0E0E,0x070E,0x0E0E,0x0E0E,0x0E0E,

	0x0E03,0x0303,0x0303,0x0303,0x0303,0x0303,0x0303,0x0303,
	0x0303,0x0303,0x0303,0x0303,0x0303,0x0303,0x0303,0x0303,
	0x0303,0x0303,0x0303,0x0303,0x0303,0x0303,0x0303,0x0303,
	0x0703,0x0E0E,0x0E0E,0x0303,0x0303,0x0303,0x0303,0x0E0E,
	0x0E0E,0x0E0E,0x0E0E,0x0E0E,0x0E0E,0x0E0E,0x030E,0x0E0E,
	0x0E0E,0x0E0E,0x0E0E,0x0E0E,0x0303,0x0303,0x0303,0x0303,
	0x0307,0x070E,0x0E0E,0x0E0E,0x0E0E,0x0E0E,0x090E,0x0404,
	0x0404,0x0404,0x0D0D,0x0D04,0x0804,0x080D,0x0D04,0x0B08,

	0x0D0B,0x0B0B,0x0B0B,0x0B06,0x0606,0x0600,0x0600,0x0600,
	0x0D0B,0x060B,0x0606,0x0B06,0x060B,0x0000,0x0600,0x0608,
	0x0000,0x0606,0x0606,0x000B,0x0B0D,0x0606,0x0606,0x0B06,
	0x0606,0x0B06,0x0B06,0x060B,0x0B0A,0x030C,0x0303,0x0003,
	0x0000,0x0006,0x0000,0x0000,0x0A03,0x0B0A,0x0B0B,0x090B,
	0x0B0B,0x0B0A,0x060B,0x0607,0x0B08,0x0A0B,0x0B0B,0x060B,
	0x000B,0x0E0E,0x0E0E,0x0E0E,0x0E0E,0x0E0E,0x0E0E,0x0E0E,
	0x0E03,0x030E,0x0303,0x0303,0x0303,0x0E03,0x0303,0x0303,

	0x0303,0x0303,0x0303,0x0303,0x0303,0x0303,0x0303,0x0303,
	0x0303,0x0303,0x0303,0x0303,0x0303,0x0303,0x0303,0x0303,
	0x0E03,0x0E0E,0x0E0E,0x030E,0x0303,0x0703,0x0303,0x0E0E,
	0x0E0E,0x0E0E,0x0E0E,0x0E0E,0x0E0E,0x0E0E,0x0E0E,0x0E0E,
	0x0E0E,0x0E0E,0x0E0E,0x070E,0x0303,0x0303,0x0303,0x0303,
	0x0E0E,0x0E0E,0x0E0E,0x0E0E,0x0E0E,0x0E0E,0x040E,0x040D,
	0x0404,0x0404,0x0D08,0x0804,0x0808,0x0D0D,0x0808,0x0B08,
	0x0B0B,0x0B0B,0x060B,0x060B,0x0606,0x0B06,0x0006,0x0000,

	0x0606,0x0608,0x0606,0x060B,0x060B,0x0606,0x0D00,0x0B0D,
	0x0600,0x0006,0x0606,0x000B,0x0B0B,0x060B,0x0606,0x0606,
	0x0606,0x0306,0x0B0D,0x060B,0x0902,0x060B,0x030C,0x0003,
	0x0600,0x0000,0x0600,0x0300,0x090B,0x0B0B,0x0B0B,0x0B0B,
	0x0B0C,0x0B0B,0x0B0B,0x0B06,0x0B07,0x0B0B,0x0B0B,0x0B06,
	0x0E07,0x0E0E,0x0E0E,0x0E0E,0x0E0E,0x0E0E,0x0E0E,0x0E0E,
	0x0E0E,0x0E0E,0x030E,0x0303,0x0703,0x0E0E,0x0E0E,0x0E0E,
	0x0303,0x0303,0x0303,0x0303,0x0303,0x0303,0x0303,0x0303,

	0x0303,0x0303,0x0303,0x0303,0x0303,0x0303,0x0303,0x0303,
	0x0E0E,0x0E0E,0x0E0E,0x030E,0x0303,0x0E0E,0x070E,0x0E0E,
	0x0E0E,0x0E0E,0x0E0E,0x0E0E,0x0E0E,0x0E0E,0x0E0E,0x0E0E,
	0x0E0E,0x0E0E,0x0E0E,0x030E,0x0303,0x0303,0x0303,0x0303,
	0x0E0E,0x0E0E,0x0E0E,0x0E0E,0x0E0E,0x070E,0x0E0E,0x0409,
	0x0404,0x0404,0x0D04,0x080D,0x080D,0x080B,0x0B08,0x0808,
	0x0B0B,0x060B,0x0606,0x060B,0x0606,0x0B0B,0x0006,0x0000,
	0x000C,0x0B03,0x0B0B,0x0606,0x0006,0x0606,0x0B00,0x0606,

	0x0600,0x0606,0x0B06,0x000B,0x0B0B,0x060B,0x060B,0x0606,
	0x0000,0x0908,0x0609,0x0606,0x0606,0x060B,0x0303,0x0003,
	0x0000,0x0000,0x0600,0x0603,0x0B0B,0x0B0B,0x0B0B,0x0B0B,
	0x0B0B,0x0B0B,0x0B0B,0x0B08,0x0B0B,0x0B0B,0x0608,0x0A0B,
	0x0E07,0x0E0E,0x0E0E,0x0E0E,0x0E0E,0x0E0E,0x030E,0x0E0E,
	0x0E0E,0x0E0E,0x030E,0x0303,0x0E03,0x0E0E,0x0E0E,0x0E0E,
	0x0303,0x0303,0x0303,0x0303,0x0703,0x0303,0x0303,0x0303,
	0x0303,0x0303,0x0303,0x0303,0x0303,0x0303,0x0303,0x0303,

	0x0E0E,0x0E0E,0x0E0E,0x0E0E,0x0E03,0x0E0E,0x0E0E,0x0E0E,
	0x0E0E,0x0E0E,0x0E0E,0x0E0E,0x0E03,0x0E0E,0x0E0E,0x0E0E,
	0x0E0E,0x0E0E,0x0E0E,0x0303,0x0307,0x0E03,0x0303,0x0303,
	0x0E0E,0x0E0E,0x0E0E,0x0E0E,0x0E0E,0x0E0E,0x0E0E,0x040D,
	0x0404,0x0404,0x0D0D,0x0D08,0x0404,0x0804,0x0B08,0x0B0B,
	0x0B06,0x090B,0x060B,0x0606,0x060B,0x060B,0x060B,0x0000,
	0x000C,0x0B06,0x0806,0x0606,0x0B06,0x0606,0x0600,0x000B,
	0x0B00,0x0B0B,0x0B06,0x0006,0x0B06,0x0B0B,0x060B,0x0606,

	0x0000,0x0D0B,0x060A,0x0606,0x060B,0x0B0B,0x0C0C,0x0000,
	0x0006,0x0000,0x0300,0x0303,0x0B03,0x060B,0x030D,0x0B0B,
	0x0B06,0x0B0B,0x0B0B,0x0D0C,0x0603,0x060D,0x0D0B,0x0B0B,
	0x0E0E,0x0E0E,0x0E0E,0x0E0E,0x0E0E,0x0303,0x0E0E,0x0E0E,
	0x0E0E,0x0E0E,0x030E,0x0303,0x0E0E,0x0E0E,0x0E0E,0x030E,
	0x0303,0x030E,0x0303,0x0303,0x0303,0x0303,0x0703,0x0303,
	0x0303,0x0303,0x0303,0x0303,0x0303,0x0303,0x0303,0x0E03,
	0x0E03,0x0E0E,0x0E0E,0x0E0E,0x0E0E,0x0E0E,0x0E0E,0x0E0E,

	0x0E0E,0x0E0E,0x0E0E,0x0E0E,0x0E0E,0x0E0E,0x0E0E,0x0E0E,
	0x0E0E,0x0E0E,0x0E0E,0x0303,0x0307,0x0303,0x0303,0x0303,
	0x0E03,0x0E0E,0x0E0E,0x0E0E,0x0E0E,0x0E0E,0x040E,0x090E,
	0x0808,0x0408,0x0804,0x0408,0x0404,0x0404,0x0808,0x0606,
	0x060B,0x0606,0x0606,0x0606,0x0B06,0x0B0A,0x060B,0x0000,
	0x0006,0x0B06,0x060B,0x060B,0x020B,0x0706,0x0000,0x000D,
	0x0600,0x0B0B,0x0606,0x0006,0x0606,0x0B0B,0x060B,0x0606,
	0x0600,0x0606,0x0604,0x0606,0x0606,0x0B06,0x030C,0x0000,

	0x0000,0x0000,0x0307,0x0703,0x0B0B,0x030B,0x0303,0x0B0B,
	0x0B0B,0x040B,0x0B0B,0x0B0B,0x0703,0x0307,0x0706,0x0709,
	0x0E0E,0x0E07,0x0E0E,0x0E0E,0x0E0E,0x030E,0x0E0E,0x0E0E,
	0x0E0E,0x0E0E,0x030E,0x0E03,0x0E0E,0x0E0E,0x0E0E,0x0E0E,
	0x0303,0x0303,0x0303,0x0703,0x0303,0x0303,0x0303,0x0303,
	0x0303,0x0303,0x0303,0x0303,0x0303,0x0303,0x0303,0x0E0E,
	0x0E0E,0x070E,0x0E0E,0x0E0E,0x0E0E,0x0E0E,0x0E0E,0x0E0E,
	0x0E0E,0x0E0E,0x0E0E,0x0E03,0x0E0E,0x0E0E,0x0E0E,0x0E0E,

	0x0E0E,0x0E0E,0x0E0E,0x0303,0x0303,0x0703,0x0307,0x0703,
	0x0E03,0x0E07,0x0E07,0x0E0E,0x0E0E,0x0E0E,0x090E,0x0804,
	0x0D0D,0x040D,0x0D04,0x0808,0x0D0D,0x0D04,0x060B,0x0806,
	0x060B,0x0606,0x0606,0x0B0B,0x0B0B,0x0B06,0x0B0B,0x0006,
	0x0000,0x0B06,0x0B06,0x060B,0x0B0B,0x080B,0x0000,0x0006,
	0x0B04,0x0B0B,0x060B,0x0000,0x0B0B,0x0A0B,0x0D04,0x0B06,
	0x0000,0x0606,0x0606,0x0D09,0x0606,0x0906,0x0304,0x0000,
	0x0000,0x0700,0x030C,0x0C03,0x060B,0x0B0B,0x0403,0x0B0B,

	0x0B0B,0x0B0B,0x0B0B,0x0B06,0x0606,0x0307,0x0303,0x0E07,
	0x0E0E,0x0E0E,0x0E0E,0x0E0E,0x0E0E,0x0E07,0x0E0E,0x0E0E,
	0x0E0E,0x0E0E,0x0E0E,0x0E0E,0x0E03,0x0E0E,0x0E0E,0x0E0E,
	0x030E,0x0303,0x0303,0x0303,0x0303,0x0303,0x0303,0x0303,
	0x0303,0x0303,0x0303,0x0303,0x0303,0x0303,0x0303,0x0E0E,
	0x0E0E,0x0E0E,0x0E0E,0x0E0E,0x0E0E,0x0E0E,0x0E0E,0x0E0E,
	0x0E0E,0x0E0E,0x0E0E,0x0E0E,0x0E0E,0x0E0E,0x0E0E,0x0E0E,
	0x0E0E,0x0E0E,0x0E0E,0x0307,0x0703,0x0303,0x0303,0x0303,

	0x0303,0x0E0E,0x030E,0x0E0E,0x0E0E,0x0E0E,0x070E,0x0907,
	0x0D08,0x040D,0x0408,0x0B0D,0x0B08,0x0808,0x060D,0x0806,
	0x000B,0x0B06,0x0606,0x0B06,0x0B0B,0x0B0B,0x0B0B,0x060B,
	0x0000,0x0B0B,0x020B,0x0B06,0x0B0B,0x090D,0x0000,0x0000,
	0x0B00,0x0B0B,0x0B0B,0x0600,0x060B,0x0B0B,0x0B0B,0x060B,
	0x0600,0x0B00,0x060B,0x0703,0x0B09,0x030B,0x0703,0x0006,
	0x0600,0x0300,0x0303,0x0303,0x030C,0x060C,0x0603,0x0C06,
	0x0B06,0x0B0B,0x0B0B,0x0B06,0x070B,0x0303,0x0E03,0x0E0E,

	0x0E0E,0x0E0E,0x0E0E,0x0E0E,0x0E0E,0x0E0E,0x0E0E,0x030E,
	0x070E,0x070E,0x0E0E,0x0E0E,0x0E0E,0x0E0E,0x0E0E,0x070E,
	0x0307,0x0303,0x0303,0x0303,0x0303,0x0303,0x0303,0x0303,
	0x0307,0x0303,0x0303,0x0303,0x0303,0x0E03,0x0E0E,0x0E0E,
	0x0E0E,0x0E0E,0x0E0E,0x0E0E,0x0E0E,0x0E0E,0x0E0E,0x0E0E,
	0x0E0E,0x0E0E,0x0E0E,0x0E0E,0x0E0E,0x0E0E,0x0E0E,0x0E0E,
	0x0E0E,0x0E0E,0x0E0E,0x0E0E,0x0E0E,0x0307,0x0303,0x0303,
	0x0303,0x0E0E,0x0E0E,0x0E0E,0x0E0E,0x0E0E,0x0E0E,0x080D,

	0x0D0D,0x0808,0x0D08,0x0B08,0x0B08,0x060B,0x0B0D,0x0B06,
	0x0606,0x0606,0x0B06,0x0B0B,0x0B0B,0x060B,0x0B0B,0x0B0B,
	0x0006,0x0B06,0x0606,0x0A0D,0x0B08,0x0909,0x0000,0x0900,
	0x0309,0x060B,0x0B09,0x0900,0x0609,0x0B06,0x0B0B,0x0B06,
	0x0000,0x0000,0x0B06,0x0308,0x0309,0x0306,0x0903,0x0000,
	0x0000,0x030D,0x0703,0x0303,0x0703,0x0303,0x0703,0x0303,
	0x0B06,0x0D0B,0x0B06,0x070B,0x0D06,0x0303,0x0E03,0x0E0E,
	0x0E0E,0x030E,0x0E0E,0x0E0E,0x0E0E,0x0E0E,0x0E0E,0x0E0E,

	0x0E07,0x0E0E,0x0E0E,0x0E0E,0x0E0E,0x0E0E,0x0E0E,0x0E0E,
	0x0303,0x0303,0x0303,0x0303,0x0303,0x0303,0x0303,0x0303,
	0x0303,0x0303,0x0303,0x0E0E,0x0E0E,0x0E0E,0x0E0E,0x0E0E,
	0x0E0E,0x0E0E,0x0E0E,0x0E0E,0x0E0E,0x0E0E,0x0E0E,0x0E0E,
	0x0E0E,0x0E0E,0x0E0E,0x0E0E,0x0E0E,0x0E0E,0x070E,0x0E0E,
	0x0E0E,0x0E0E,0x0E0E,0x0E0E,0x0E0E,0x0E0E,0x0303,0x0303,
	0x0E03,0x0E0E,0x0E0E,0x0E0E,0x0E0E,0x0E0E,0x090E,0x0808,
	0x0D0D,0x0808,0x0D08,0x0B08,0x0709,0x0B0A,0x0B0B,0x0B0B,

	0x0606,0x0000,0x0B09,0x060B,0x060B,0x0606,0x0B0B,0x040B,
	0x0000,0x0B0B,0x0606,0x0B09,0x0B0B,0x0303,0x0007,0x0300,
	0x0B0C,0x0A06,0x0003,0x0D00,0x0B03,0x0B0B,0x0B0B,0x060B,
	0x000D,0x0000,0x030D,0x0309,0x0A03,0x030C,0x0003,0x0600,
	0x0000,0x0303,0x0303,0x090A,0x0703,0x0303,0x0303,0x0B03,
	0x0B0B,0x090B,0x0B0C,0x0B0B,0x0307,0x0703,0x0E0E,0x0E0E,
	0x0E0E,0x0E0E,0x0E0E,0x0E0E,0x0E0E,0x0E0E,0x070E,0x030E,
	0x0E03,0x0E07,0x0E0E,0x0E0E,0x0E0E,0x0E0E,0x030E,0x030E,

	0x0303,0x0303,0x0303,0x0303,0x0303,0x0303,0x0303,0x0303,
	0x0303,0x0E07,0x0E0E,0x0E0E,0x0E0E,0x0E0E,0x0E0E,0x0E0E,
	0x0E0E,0x0E0E,0x0E0E,0x0E0E,0x0E0E,0x0E0E,0x0E03,0x0303,
	0x0E07,0x0E0E,0x070E,0x0E07,0x0E0E,0x0E0E,0x0E0E,0x0E0E,
	0x0E0E,0x0E0E,0x070E,0x0307,0x0303,0x0303,0x0303,0x0303,
	0x070E,0x0E0E,0x0E0E,0x0E0E,0x0E0E,0x0E0E,0x0E0E,0x0808,
	0x080D,0x080D,0x0B0B,0x080B,0x0B0B,0x0B09,0x060B,0x060B,
	0x060B,0x0003,0x0B00,0x0B06,0x0B06,0x0906,0x0B08,0x0B0B,

	0x0006,0x0B0B,0x0B06,0x0B0B,0x0A06,0x0303,0x0002,0x0300,
	0x0D07,0x0A09,0x0809,0x0600,0x080B,0x080B,0x0B08,0x060B,
	0x0009,0x0000,0x0B00,0x090C,0x0403,0x0404,0x0609,0x0600,
	0x0000,0x0303,0x0A04,0x0D0B,0x0304,0x0303,0x0303,0x0903,
	0x0706,0x0709,0x0B07,0x0B0B,0x030B,0x0E07,0x0E0E,0x0E0E,
	0x0E0E,0x0E0E,0x0E0E,0x0E0E,0x0E0E,0x0E0E,0x0E0E,0x0E0E,
	0x0E0E,0x0E0E,0x0E0E,0x0E0E,0x0E07,0x0E0E,0x030E,0x0303,
	0x0303,0x0303,0x0703,0x0703,0x0303,0x0303,0x0303,0x0303,

	0x0303,0x0303,0x0303,0x0303,0x0703,0x0707,0x070E,0x0303,
	0x0E0E,0x0E0E,0x070E,0x0307,0x0E07,0x0307,0x0307,0x0707,
	0x0303,0x0E07,0x030E,0x070E,0x0303,0x0E03,0x0703,0x0E07,
	0x0E0E,0x0303,0x0303,0x0307,0x0303,0x0303,0x0C03,0x0E03,
	0x0E0E,0x0E0E,0x0E0E,0x0E0E,0x030E,0x0E0E,0x0703,0x0808,
	0x0D08,0x0B04,0x0B04,0x0B08,0x0808,0x080D,0x060B,0x0B0B,
	0x0B09,0x010C,0x0000,0x0E00,0x0603,0x0B02,0x060B,0x0B0B,
	0x0006,0x0B06,0x0B06,0x0B0B,0x0A0B,0x0303,0x0003,0x0300,

	0x0803,0x0404,0x0D0D,0x0000,0x0D0B,0x0808,0x0B08,0x0B0B,
	0x0000,0x0000,0x0400,0x0409,0x0409,0x0404,0x0008,0x0000,
	0x0006,0x0D04,0x0D0D,0x0808,0x0B0B,0x0909,0x0707,0x0307,
	0x0303,0x0703,0x0403,0x0306,0x0707,0x0703,0x0E0E,0x0E0E,
	0x0E0E,0x0E0E,0x0E07,0x0E0E,0x0E0E,0x0E0E,0x0E0E,0x0E0E,
	0x0E0E,0x0E0E,0x0E0E,0x0E0E,0x0707,0x0E0E,0x0707,0x0307,
	0x0303,0x0707,0x0307,0x0303,0x0303,0x0307,0x0303,0x0303,
	0x0703,0x0707,0x0703,0x0303,0x0703,0x0303,0x0307,0x0707,

	0x0707,0x0303,0x0707,0x0707,0x0707,0x0707,0x0707,0x070E,
	0x0307,0x0707,0x0707,0x0707,0x0707,0x0303,0x0307,0x0307,
	0x0703,0x0703,0x0703,0x0303,0x0307,0x0307,0x0303,0x0E03,
	0x0E0E,0x0E0E,0x0E0E,0x0E0E,0x0E0E,0x0E0E,0x0E0E,0x0E07,
	0x0A0D,0x0B08,0x0B0D,0x0B0B,0x0C0A,0x0D0B,0x0B06,0x0B0D,
	0x0B0B,0x0B0B,0x0904,0x0000,0x0B0B,0x0B08,0x0B0B,0x0B0B,
	0x0006,0x0606,0x0B0B,0x0B0B,0x0B0B,0x070D,0x0003,0x0300,
	0x0409,0x0404,0x0D04,0x0000,0x0D08,0x080B,0x0B0B,0x060B,

	0x0006,0x0000,0x0400,0x0404,0x0404,0x0404,0x0000,0x0000,
	0x0B00,0x0B08,0x0408,0x0808,0x0B0B,0x0B0B,0x030C,0x0303,
	0x0703,0x0303,0x0D03,0x0306,0x0707,0x0703,0x0707,0x0E07,
	0x070E,0x0307,0x0707,0x0E03,0x0E07,0x0E07,0x070E,0x0E0E,
	0x0E0E,0x0E0E,0x0E0E,0x0E0E,0x0E0E,0x0E0E,0x0703,0x0307,
	0x0307,0x0707,0x0707,0x0307,0x0307,0x0307,0x0303,0x0703,
	0x0303,0x0303,0x0307,0x0303,0x0303,0x0303,0x0307,0x0307,
	0x0703,0x0307,0x0303,0x0303,0x0707,0x0307,0x0707,0x0703,

	0x0703,0x0303,0x0303,0x0707,0x0307,0x0703,0x0707,0x0703,
	0x0303,0x0303,0x0707,0x0707,0x0703,0x0707,0x070E,0x0E07,
	0x0E0E,0x0E0E,0x0E0E,0x0E0E,0x0E0E,0x0E0E,0x0E0E,0x0E0E,
	0x0D08,0x0908,0x0B0B,0x0B0B,0x080B,0x0707,0x0B0B,0x0B0B,
	0x0B0B,0x0B0B,0x0306,0x0004,0x0B06,0x0D06,0x0806,0x0B08,
	0x0000,0x0B06,0x0B0B,0x0B0B,0x0D0B,0x030B,0x0003,0x0000,
	0x080B,0x040D,0x0D0D,0x0600,0x0808,0x0808,0x0B08,0x0006,
	0x000A,0x0000,0x0D00,0x0404,0x0404,0x0404,0x0002,0x0006,

	0x0D06,0x0808,0x0808,0x0D0B,0x0B0B,0x0B0B,0x0309,0x030C,
	0x0307,0x0703,0x0303,0x0E03,0x0307,0x0303,0x0707,0x0703,
	0x0707,0x0707,0x0707,0x0707,0x0703,0x0E03,0x0E07,0x0E0E,
	0x0E0E,0x0E0E,0x0E0E,0x0E0E,0x0E0E,0x0E0E,0x0303,0x0703,
	0x0E0E,0x0E0E,0x0E0E,0x0307,0x0303,0x0303,0x0303,0x0303,
	0x0303,0x0707,0x0303,0x0307,0x0303,0x0307,0x0303,0x0707,
	0x0307,0x0703,0x0707,0x0303,0x0303,0x0307,0x0703,0x0303,
	0x0703,0x0307,0x0307,0x0703,0x0307,0x0303,0x0703,0x0303,

	0x0307,0x0303,0x0303,0x0703,0x0E07,0x0E0E,0x0E0E,0x0703,
	0x0E0E,0x030E,0x0E0E,0x0E0E,0x0E0E,0x0E0E,0x0E0E,0x090E,
	0x0404,0x0D08,0x0B0A,0x0B08,0x0B09,0x080E,0x080D,0x0B0B,
	0x0B0B,0x0B0B,0x0804,0x0A0A,0x0600,0x0909,0x0B0B,0x060B,
	0x000D,0x0600,0x060B,0x0B0B,0x070C,0x0309,0x0003,0x0000,
	0x0404,0x040D,0x0804,0x0200,0x080B,0x0B08,0x0B0B,0x0006,
	0x060A,0x0000,0x0006,0x0404,0x0404,0x0404,0x0000,0x0000,
	0x0800,0x0D0D,0x0808,0x0808,0x0B0B,0x0B0B,0x0B07,0x0309,

	0x0303,0x0307,0x0707,0x0707,0x0307,0x0307,0x0307,0x0707,
	0x0707,0x0707,0x0707,0x0707,0x0707,0x0E07,0x0707,0x0E0E,
	0x0E0E,0x0E0E,0x0E0E,0x0E0E,0x0E0E,0x0E0E,0x030E,0x0E0E,
	0x0E0E,0x0E0E,0x0E0E,0x0707,0x0707,0x0703,0x0707,0x0307,
	0x0707,0x0703,0x0707,0x0303,0x0303,0x0707,0x0707,0x0303,
	0x0707,0x0707,0x0707,0x0307,0x0703,0x0707,0x0707,0x0307,
	0x0307,0x0703,0x0707,0x0707,0x0707,0x0707,0x0707,0x0707,
	0x0703,0x0703,0x0307,0x0E03,0x0E0E,0x0E0E,0x0E0E,0x0E0E,

	0x0E0E,0x0E0E,0x0E07,0x0E07,0x0E0E,0x0E0E,0x0E0E,0x0E0E,
	0x0C0E,0x0B08,0x0709,0x0703,0x0307,0x0D04,0x0D0D,0x0B0B,
	0x0B08,0x080B,0x060B,0x030A,0x0603,0x0006,0x0E0A,0x0608,
	0x0006,0x0606,0x0B0B,0x0B0B,0x060B,0x0709,0x0703,0x0000,
	0x040D,0x040D,0x0004,0x0B00,0x0B08,0x0808,0x060B,0x0B06,
	0x040A,0x0000,0x0000,0x0404,0x0404,0x0404,0x0000,0x0000,
	0x0800,0x0808,0x0808,0x0B08,0x0B0B,0x0B0B,0x0B0B,0x030B,
	0x0303,0x0307,0x0303,0x0703,0x0707,0x0703,0x0307,0x0703,

	0x0707,0x0707,0x0E07,0x0707,0x0E07,0x0E0E,0x0E0E,0x0E0E,
	0x0E0E,0x0E0E,0x0E0E,0x0E0E,0x0E0E,0x0E0E,0x0707,0x0E0E,
	0x0E0E,0x0E0E,0x0E0E,0x030E,0x0307,0x0703,0x0307,0x0307,
	0x0303,0x0303,0x0303,0x0707,0x0307,0x0707,0x0303,0x0307,
	0x0307,0x0303,0x0303,0x0703,0x0307,0x0707,0x0303,0x0303,
	0x0707,0x0303,0x0707,0x0307,0x0707,0x0707,0x0303,0x0707,
	0x0703,0x0303,0x0E0E,0x070E,0x0E0E,0x0E0E,0x0E0E,0x0E0E,
	0x0E0E,0x0E0E,0x0E0E,0x0E0E,0x0E0E,0x0E0E,0x0E0E,0x0E0E,

	0x0E0E,0x0E07,0x0E0E,0x0E0E,0x0E0E,0x0409,0x0404,0x0B0E,
	0x0804,0x0B0B,0x0C07,0x0303,0x0703,0x0600,0x0C06,0x0307,
	0x0007,0x0600,0x0406,0x0B0B,0x0B0B,0x0706,0x0B03,0x0600,
	0x0408,0x0404,0x000D,0x0B00,0x0808,0x0B0D,0x0B06,0x080B,
	0x0404,0x0000,0x0000,0x0404,0x0404,0x0404,0x0006,0x0000,
	0x040B,0x0B0B,0x0808,0x0B0B,0x0B0B,0x0B0B,0x0B0B,0x0B0B,
	0x0707,0x0703,0x0307,0x0707,0x0303,0x0307,0x0703,0x0707,
	0x0707,0x0707,0x0707,0x0707,0x0E0E,0x0E0E,0x0E0E,0x0E0E,

	0x0E0E,0x0E0E,0x0E0E,0x0E0E,0x0E0E,0x070E,0x0E07,0x0E0E,
	0x0E0E,0x0E0E,0x0E0E,0x0E0E,0x070E,0x0707,0x0707,0x0707,
	0x0703,0x0307,0x0707,0x0703,0x0707,0x0307,0x0707,0x0307,
	0x0707,0x0703,0x0303,0x0707,0x0303,0x0707,0x0707,0x0703,
	0x0707,0x0707,0x0303,0x0703,0x0703,0x0307,0x0E07,0x0E0E,
	0x030E,0x0E07,0x0E0E,0x0E0E,0x0E0E,0x0E0E,0x0E0E,0x0E0E,
	0x0E0E,0x0E0E,0x0E0E,0x0E0E,0x0E0E,0x0E0E,0x0E0E,0x0E0E,
	0x070E,0x0E0E,0x0E0E,0x0E0E,0x0E0E,0x0A04,0x0404,0x0404,

	0x0804,0x0407,0x0307,0x0707,0x0303,0x000B,0x0307,0x0303,
	0x0002,0x0600,0x0B0B,0x0B0B,0x080B,0x0309,0x040A,0x0000,
	0x0D06,0x0D04,0x0004,0x0D00,0x0808,0x0006,0x0B00,0x0B0B,
	0x0404,0x0006,0x0000,0x0400,0x0404,0x0004,0x0000,0x0000,
	0x040D,0x0B0D,0x0B0B,0x0B0B,0x0B0B,0x0B0B,0x0B0B,0x0B0B,
	0x0306,0x0303,0x0303,0x0303,0x0307,0x0703,0x0703,0x0307,
	0x070E,0x0E07,0x0E07,0x0E07,0x0E0E,0x0E0E,0x0E0E,0x0E0E,
	0x0E0E,0x0E0E,0x0E0E,0x0E03,0x0E0E,0x0E0E,0x0E03,0x0E0E,

	0x0E0E,0x0E0E,0x0E0E,0x0E0E,0x0E0E,0x0707,0x0707,0x0703,
	0x0307,0x0303,0x0307,0x0703,0x0303,0x0307,0x0303,0x0303,
	0x0703,0x0303,0x0307,0x0307,0x0703,0x0303,0x0703,0x0707,
	0x0707,0x0703,0x0703,0x0303,0x0307,0x0307,0x0E0E,0x0E0E,
	0x030E,0x0E0E,0x0E0E,0x0E0E,0x0E0E,0x0E0E,0x030E,0x030E,
	0x0E0E,0x030E,0x0E0E,0x0E0E,0x0E0E,0x0E0E,0x0E0E,0x0E0E,
	0x0E0E,0x0E07,0x0E0E,0x0E0E,0x0E0E,0x0E09,0x0403,0x0A03,
	0x0D07,0x030C,0x0703,0x0707,0x0307,0x0003,0x0000,0x0307,

	0x000E,0x0000,0x0906,0x060B,0x0B0B,0x0C0D,0x0409,0x0000,
	0x0806,0x0D0D,0x0008,0x0400,0x0B08,0x0000,0x0B0B,0x0B0B,
	0x0404,0x0004,0x0000,0x0400,0x0404,0x0004,0x0000,0x0000,
	0x0D0D,0x0804,0x0B08,0x0B0B,0x0B0B,0x0B0B,0x0B0B,0x0B07,
	0x0303,0x0303,0x0707,0x0307,0x0303,0x0707,0x0703,0x0E0E,
	0x0E0E,0x0E0E,0x0E0E,0x0E0E,0x0E0E,0x0E0E,0x0E0E,0x0E0E,
	0x0E0E,0x0E07,0x0707,0x0E07,0x0E0E,0x0E0E,0x0E0E,0x0E0E,
	0x0E0E,0x0E0E,0x0E0E,0x0E0E,0x0E0E,0x070E,0x070E,0x0703,

	0x0703,0x0307,0x0307,0x0307,0x0703,0x0303,0x0307,0x0303,
	0x0307,0x0307,0x0707,0x0703,0x0703,0x0303,0x0303,0x0307,
	0x0303,0x0707,0x0303,0x0703,0x0703,0x0E07,0x0E0E,0x0E0E,
	0x0E0E,0x070E,0x0E0E,0x0E0E,0x0E0E,0x0E0E,0x0E07,0x0E0E,
	0x0E0E,0x0E0E,0x0E0E,0x0E0E,0x0E0E,0x0E0E,0x070E,0x070E,
	0x0E0E,0x0E0E,0x0E0E,0x070E,0x0707,0x070E,0x0409,0x0307,
	0x0303,0x0703,0x0303,0x0703,0x0307,0x0307,0x0000,0x0309,
	0x0003,0x0000,0x090E,0x0803,0x090B,0x040D,0x0404,0x0004,

	0x0400,0x080D,0x000B,0x0800,0x060B,0x0600,0x0B0B,0x0B0B,
	0x0404,0x0004,0x0000,0x0400,0x0404,0x0004,0x0000,0x0000,
	0x0408,0x0D04,0x0B0B,0x0B0B,0x0B0B,0x0B0B,0x0B0B,0x0B0B,
	0x0308,0x0303,0x0303,0x0307,0x0303,0x0307,0x0703,0x0303,
	0x0707,0x0E03,0x0E03,0x070E,0x0707,0x0707,0x0703,0x0E0E,
	0x070E,0x0707,0x0E0E,0x0303,0x0E07,0x0E0E,0x070E,0x070E,
	0x070E,0x070E,0x0707,0x070E,0x0E0E,0x0707,0x0703,0x0703,
	0x0303,0x0707,0x0707,0x0303,0x0303,0x0303,0x0C03,0x0C03,

	0x0303,0x0303,0x0303,0x0303,0x0707,0x0707,0x0303,0x0707,
	0x0303,0x0703,0x0307,0x0703,0x0707,0x0E0E,0x0E0E,0x0E0E,
	0x0E0E,0x0E07,0x0E0E,0x0E0E,0x030E,0x0E07,0x0E07,0x0E0E,
	0x0E0E,0x0E0E,0x0E0E,0x0E0E,0x0E0E,0x0307,0x0707,0x0303,
	0x030E,0x0E07,0x0E0E,0x070E,0x0E03,0x0303,0x0303,0x0303,
	0x0703,0x0303,0x0307,0x0303,0x0303,0x0303,0x0C03,0x0006,
	0x0003,0x0000,0x0300,0x0703,0x0903,0x0404,0x0404,0x0004,
	0x0400,0x0D0D,0x0008,0x0B00,0x0000,0x0B08,0x0808,0x0B0B,

	0x0400,0x0004,0x0000,0x0400,0x0404,0x0004,0x0000,0x0000,
	0x0404,0x0B08,0x0B0B,0x0B0B,0x0B0B,0x0B0B,0x0B0D,0x0A06,
	0x0803,0x0307,0x0303,0x0303,0x0707,0x0707,0x0307,0x0707,
	0x0703,0x0E07,0x0707,0x0707,0x0707,0x0707,0x0707,0x070E,
	0x0707,0x0707,0x0707,0x0707,0x0707,0x0707,0x0707,0x0307,
	0x0707,0x0707,0x070E,0x0707,0x0707,0x0707,0x0707,0x0707,
	0x0707,0x0707,0x0707,0x050C,0x050C,0x0C05,0x0C0C,0x0C05,
	0x0505,0x0F01,0x0F0F,0x0701,0x0707,0x0307,0x0703,0x0307,

	0x0707,0x0707,0x0707,0x0707,0x0307,0x0E0E,0x0E0E,0x0E07,
	0x0E0E,0x0E0E,0x0E0E,0x0E0E,0x0E0E,0x0E0E,0x0E0E,0x0E0E,
	0x0E0E,0x0E0E,0x0E0E,0x030E,0x0E07,0x0707,0x0707,0x0707,
	0x0E07,0x0E0E,0x0E0E,0x0E0E,0x0E0E,0x0307,0x0707,0x0707,
	0x0303,0x0703,0x0707,0x0907,0x0303,0x0703,0x0303,0x0600,
	0x0200,0x0000,0x0300,0x0307,0x0C07,0x0904,0x0404,0x0004,
	0x0B00,0x0D0D,0x000B,0x0000,0x0800,0x0B08,0x0808,0x0808,
	0x0400,0x0004,0x0000,0x0000,0x0404,0x0606,0x0000,0x0400,

	0x0404,0x0804,0x0B0B,0x0B0B,0x0B0B,0x0B0B,0x040B,0x030B,
	0x070E,0x0E07,0x0D07,0x0707,0x0E03,0x0707,0x0707,0x0707,
	0x0307,0x0707,0x0307,0x0707,0x0703,0x0707,0x0707,0x0707,
	0x070E,0x0307,0x070E,0x070E,0x0307,0x0707,0x0E07,0x0707,
	0x0707,0x070E,0x0707,0x070E,0x0707,0x0707,0x0707,0x0707,
	0x0707,0x0307,0x0307,0x0C0C,0x030C,0x0303,0x0C03,0x0303,
	0x0503,0x0F01,0x0F02,0x0F0F,0x0F0F,0x0307,0x0703,0x0707,
	0x0707,0x0707,0x0707,0x0707,0x0E07,0x0E0E,0x0E0E,0x0E0E,

	0x0E0E,0x0E0E,0x0E0E,0x0E0E,0x0E0E,0x0E0E,0x0E0E,0x0E0E,
	0x0E0E,0x070E,0x070E,0x0707,0x0707,0x0707,0x0707,0x0703,
	0x0E0E,0x0E0E,0x0E0E,0x0E0E,0x0E0E,0x0E0E,0x0707,0x0307,
	0x070E,0x0707,0x0A07,0x0A0A,0x0404,0x0907,0x0709,0x0007,
	0x0000,0x0000,0x0900,0x0303,0x0409,0x0904,0x0404,0x0004,
	0x0000,0x0808,0x0006,0x0000,0x0200,0x0B08,0x080B,0x0808,
	0x0400,0x000D,0x0000,0x0000,0x0404,0x0000,0x0000,0x0400,
	0x0404,0x0808,0x0B08,0x0B0B,0x0B0B,0x0B0B,0x0B0B,0x060B,

	0x0707,0x0407,0x080B,0x0B0B,0x0A06,0x0707,0x0703,0x0703,
	0x0307,0x0703,0x0707,0x0703,0x0307,0x0703,0x0707,0x0303,
	0x0703,0x0707,0x0307,0x0303,0x0E03,0x0307,0x0303,0x0303,
	0x0707,0x0303,0x0307,0x0707,0x030E,0x0703,0x0303,0x0303,
	0x0707,0x0303,0x0503,0x0505,0x0505,0x0C05,0x050C,0x0C0C,
	0x0C0C,0x0F01,0x0F0F,0x0F0F,0x020F,0x0307,0x0303,0x0307,
	0x0703,0x0707,0x0707,0x0E0E,0x0E0E,0x0E0E,0x0E0E,0x0E0E,
	0x0E0E,0x0E0E,0x0E0E,0x070E,0x0E0E,0x0E07,0x0E0E,0x0E0E,

	0x0E0E,0x0707,0x0703,0x0703,0x0307,0x0307,0x0707,0x0707,
	0x0E07,0x0E0E,0x0E0E,0x0E0E,0x0E0E,0x0E0E,0x0E0E,0x0E0E,
	0x0E0E,0x090E,0x040C,0x0404,0x0404,0x0404,0x0304,0x070E,
	0x0000,0x0000,0x0E00,0x090E,0x0A04,0x0404,0x0404,0x000D,
	0x0000,0x080D,0x0000,0x0000,0x0808,0x0B08,0x0B0B,0x0808,
	0x0406,0x0004,0x0000,0x0600,0x0404,0x0000,0x0000,0x0406,
	0x0D04,0x0808,0x080B,0x0B0B,0x0B0B,0x0B08,0x0B0B,0x0B0B,
	0x090B,0x0B09,0x0B0B,0x0B0B,0x0B08,0x0706,0x0707,0x0703,

	0x0703,0x0707,0x0307,0x0307,0x0703,0x0707,0x0E07,0x0707,
	0x0707,0x0707,0x0707,0x0707,0x0703,0x0703,0x0707,0x070E,
	0x0703,0x0E07,0x0707,0x0707,0x0707,0x0707,0x0707,0x0707,
	0x0303,0x0707,0x0107,0x0101,0x0501,0x050C,0x030C,0x0303,
	0x0C03,0x0F01,0x020F,0x0202,0x0F02,0x0709,0x0307,0x0707,
	0x0E03,0x0E0E,0x0E0E,0x0E0E,0x0E0E,0x0E0E,0x0E0E,0x0E0E,
	0x0E0E,0x070E,0x0E07,0x0E07,0x0703,0x0E0E,0x070E,0x0E07,
	0x070E,0x0707,0x030E,0x0303,0x0707,0x0707,0x0707,0x0707,

	0x0E0E,0x0E0E,0x030E,0x0E07,0x0E07,0x0E07,0x0707,0x0E0E,
	0x0E0E,0x0409,0x0A04,0x0404,0x0404,0x0404,0x0404,0x0E07,
	0x0000,0x0000,0x0600,0x0409,0x0404,0x0404,0x0404,0x000D,
	0x0000,0x040D,0x0000,0x0400,0x0808,0x0B0B,0x080B,0x0808,
	0x0404,0x0004,0x0000,0x0000,0x0004,0x0000,0x0000,0x0D04,
	0x0804,0x0804,0x0B08,0x080D,0x0B0B,0x0B0B,0x0B0B,0x0B0B,
	0x0B0B,0x0B0B,0x0B0B,0x0D0B,0x0B0B,0x040B,0x0707,0x0707,
	0x0707,0x0707,0x0707,0x0707,0x0E07,0x0707,0x0707,0x0707,

	0x0707,0x0707,0x0E07,0x0707,0x0707,0x0E07,0x0707,0x0707,
	0x0707,0x0707,0x0707,0x0707,0x0707,0x0707,0x0707,0x0707,
	0x0307,0x0707,0x0503,0x0505,0x0505,0x0505,0x0505,0x0505,
	0x0505,0x0205,0x0F0F,0x0202,0x0202,0x0702,0x0707,0x0707,
	0x0707,0x0E0E,0x0E0E,0x0E0E,0x0E0E,0x0E0E,0x0E0E,0x070E,
	0x070E,0x070E,0x0707,0x0E07,0x0703,0x0707,0x0707,0x0303,
	0x070E,0x0307,0x0707,0x070E,0x030E,0x0707,0x0707,0x0707,
	0x0307,0x0703,0x0707,0x0707,0x0707,0x0707,0x070E,0x0707,

	0x070E,0x0409,0x0404,0x0404,0x0404,0x0404,0x0404,0x030C,
	0x0003,0x0000,0x0000,0x0404,0x0404,0x0404,0x0404,0x0B04,
	0x0000,0x0400,0x0006,0x0800,0x0D08,0x0808,0x0808,0x0808,
	0x040D,0x0D04,0x0000,0x0000,0x0000,0x0000,0x0600,0x0D04,
	0x0404,0x0D0D,0x080D,0x0808,0x0B0B,0x0B0B,0x0B0B,0x0B0B,
	0x0B0B,0x0B0B,0x0B0B,0x080B,0x0B0B,0x0B0B,0x0306,0x0707,
	0x0707,0x0E07,0x0E0E,0x070E,0x0E0E,0x0E0E,0x0707,0x0E07,
	0x0707,0x0707,0x0707,0x0707,0x0707,0x0E07,0x0707,0x0707,

	0x0707,0x0707,0x0707,0x0E07,0x0707,0x0707,0x070E,0x0307,
	0x0707,0x0707,0x0507,0x0505,0x030C,0x0303,0x0C03,0x030C,
	0x0503,0x0F01,0x0F0F,0x0F0F,0x0F0F,0x070F,0x0707,0x0707,
	0x0703,0x0707,0x070E,0x0707,0x0707,0x0707,0x0707,0x0707,
	0x0707,0x070E,0x0707,0x070E,0x0707,0x0E07,0x0707,0x070E,
	0x0E03,0x0E07,0x0707,0x070E,0x070E,0x0707,0x0707,0x0E07,
	0x0707,0x0707,0x0707,0x0E07,0x0707,0x0707,0x0707,0x0303,
	0x0404,0x0404,0x0404,0x0404,0x0404,0x0404,0x0404,0x0404,

	0x0D0C,0x0000,0x0000,0x0404,0x0404,0x0404,0x0404,0x0404,
	0x0006,0x0400,0x0600,0x0406,0x0D08,0x0808,0x0808,0x0808,
	0x0404,0x0404,0x0600,0x0000,0x0000,0x0000,0x0000,0x040D,
	0x0404,0x0D0D,0x0808,0x0808,0x0808,0x0B08,0x0B0B,0x0B0B,
	0x080B,0x0B0B,0x0B08,0x080B,0x0B0B,0x0B0B,0x060B,0x0707,
	0x0707,0x0707,0x0E07,0x0E0E,0x0E0E,0x0E0E,0x0707,0x0707,
	0x070E,0x0707,0x0E0E,0x0707,0x0707,0x0707,0x0707,0x070E,
	0x0707,0x0707,0x0307,0x0707,0x0707,0x0707,0x0707,0x0707,

	0x0707,0x0707,0x0507,0x0501,0x0C05,0x0F0F,0x030F,0x0505,
	0x050C,0x0201,0x0F02,0x020F,0x0F0F,0x0707,0x0707,0x0707,
	0x0707,0x070E,0x0707,0x0707,0x0707,0x0707,0x0707,0x0707,
	0x0707,0x0707,0x0707,0x0707,0x0707,0x070E,0x070E,0x0707,
	0x0E0E,0x0707,0x0E07,0x0707,0x070E,0x0707,0x0707,0x0307,
	0x0707,0x0307,0x070E,0x070E,0x0707,0x0E07,0x090E,0x0404,
	0x0404,0x0404,0x0404,0x0404,0x0404,0x0404,0x0404,0x0D04,
	0x040D,0x000D,0x0000,0x0400,0x0404,0x0404,0x0804,0x0804,

	0x0000,0x0000,0x0000,0x0D08,0x0B08,0x0808,0x0B08,0x0B08,
	0x0D04,0x0404,0x0000,0x0000,0x0000,0x0000,0x0000,0x0804,
	0x0808,0x0D0D,0x080D,0x0808,0x0808,0x0B0B,0x0B0B,0x0B0B,
	0x0B0B,0x0B0B,0x0B0B,0x0B0B,0x0B08,0x0B04,0x0B0B,0x0E09,
	0x0707,0x0707,0x0E07,0x0E0E,0x0E0E,0x0E0E,0x070E,0x0307,
	0x0E07,0x0707,0x0707,0x0707,0x0707,0x0707,0x0707,0x0707,
	0x0707,0x0707,0x0707,0x0707,0x0707,0x0707,0x0707,0x0E07,
	0x0707,0x0707,0x0507,0x0501,0x0505,0x0F0F,0x030F,0x0C05,

	0x0505,0x0201,0x0202,0x020F,0x0202,0x0707,0x0707,0x0707,
	0x070E,0x0707,0x0707,0x0707,0x0707,0x0707,0x0E07,0x0707,
	0x0707,0x0707,0x070E,0x0707,0x0707,0x0707,0x0707,0x0707,
	0x0E07,0x0E07,0x0E0E,0x0E0E,0x0E07,0x0707,0x0E07,0x070E,
	0x0707,0x070E,0x070E,0x0707,0x0707,0x0707,0x0C0E,0x0404,
	0x0404,0x0404,0x0404,0x0404,0x0404,0x0404,0x0404,0x0404,
	0x040D,0x0808,0x0000,0x0600,0x0D04,0x0404,0x080D,0x0408,
	0x0000,0x0000,0x0000,0x0808,0x0B08,0x080B,0x0808,0x0808,

	0x0404,0x0404,0x0000,0x0000,0x0000,0x0000,0x0D00,0x0804,
	0x0808,0x0D0B,0x0808,0x0808,0x0808,0x0B0B,0x0B0B,0x0B0B,
	0x0B0B,0x0B0B,0x0B0B,0x0B0B,0x0808,0x040B,0x0B08,0x0E0B,
	0x0E07,0x0E0E,0x0E0E,0x0E0E,0x0E0E,0x0E0E,0x0E0E,0x0707,
	0x0E0E,0x0707,0x0707,0x0707,0x0707,0x0707,0x0707,0x0707,
	0x0707,0x0707,0x0707,0x0E07,0x0707,0x0307,0x0707,0x0707,
	0x0707,0x0707,0x0507,0x0101,0x0501,0x0F0F,0x030F,0x0C01,
	0x0505,0x0F01,0x020F,0x0202,0x0202,0x0707,0x0707,0x070E,

	0x0707,0x030E,0x0E07,0x070E,0x0E07,0x0707,0x070E,0x0707,
	0x0707,0x0707,0x0E07,0x070E,0x0707,0x0707,0x070E,0x0707,
	0x0707,0x0E0E,0x0E0E,0x0E07,0x0707,0x0707,0x0E07,0x0707,
	0x0E07,0x0E07,0x0707,0x0707,0x070E,0x0707,0x0D0E,0x0404,
	0x0404,0x0404,0x0404,0x0404,0x0404,0x0404,0x0404,0x0404,
	0x0D0D,0x040D,0x0000,0x0000,0x0D08,0x0808,0x080D,0x080D,
	0x0000,0x0600,0x0000,0x080D,0x0808,0x0808,0x0B08,0x0608,
	0x0404,0x0404,0x0008,0x0000,0x0000,0x0000,0x0800,0x0B0B,

	0x0D08,0x080B,0x0808,0x0808,0x0808,0x0B0B,0x0B0B,0x0B0B,
	0x0B0B,0x0B0B,0x0B08,0x0B0B,0x0B0B,0x0B0B,0x0604,0x0E0E,
	0x0E0E,0x0E0E,0x0E0E,0x0E0E,0x0E0E,0x0E0E,0x0E0E,0x070E,
	0x070E,0x0707,0x070E,0x0707,0x0E07,0x0707,0x0707,0x0703,
	0x0707,0x0707,0x0707,0x0707,0x0707,0x0707,0x0707,0x0707,
	0x0707,0x0707,0x0107,0x0505,0x0505,0x0F0F,0x030F,0x0501,
	0x050C,0x0F0F,0x020F,0x0202,0x0202,0x070E,0x0707,0x0707,
	0x0707,0x0707,0x0707,0x0707,0x0707,0x0E07,0x0707,0x0707,

	0x0707,0x0707,0x0E07,0x0707,0x0E07,0x0707,0x0707,0x0E07,
	0x070E,0x0E0E,0x0E0E,0x0E0E,0x0E0E,0x070E,0x0707,0x0E07,
	0x070E,0x0707,0x0707,0x0707,0x0707,0x0707,0x0409,0x0404,
	0x0404,0x0404,0x0404,0x0404,0x0404,0x0404,0x0404,0x0404,
	0x0D04,0x040D,0x0006,0x0000,0x0D00,0x0808,0x0D08,0x0808,
	0x0008,0x0000,0x0B00,0x0808,0x0B0B,0x0808,0x0808,0x0B08,
	0x0404,0x0404,0x0008,0x0000,0x0000,0x0000,0x0800,0x0B08,
	0x0808,0x0808,0x0808,0x0808,0x0B0B,0x0B0B,0x0B0B,0x0B0B,

	0x0B0B,0x0B0B,0x0B0B,0x0B0B,0x0B0B,0x0B0B,0x0B0B,0x060B,
	0x0E0E,0x0E0E,0x0E0E,0x0E0E,0x0E0E,0x0E0E,0x0E0E,0x0E0E,
	0x0E0E,0x070E,0x0E07,0x0707,0x0707,0x070E,0x0307,0x0E07,
	0x0707,0x0707,0x0707,0x0707,0x070E,0x0707,0x0707,0x0707,
	0x0707,0x0707,0x0507,0x0501,0x0505,0x0F0F,0x030F,0x0501,
	0x0505,0x0F0F,0x0202,0x020F,0x0202,0x070C,0x0707,0x0707,
	0x0E07,0x0707,0x0707,0x0707,0x0707,0x0707,0x0307,0x0707,
	0x0707,0x0707,0x0707,0x0707,0x0707,0x0707,0x0707,0x070E,

	0x0707,0x0E0E,0x0E0E,0x0E0E,0x0E0E,0x0E0E,0x0E0E,0x070E,
	0x0E0E,0x0E07,0x0E07,0x070E,0x0E0E,0x0E0E,0x090E,0x0404,
	0x0404,0x0404,0x0404,0x0404,0x0404,0x0D0D,0x0404,0x0D04,
	0x0404,0x040D,0x060D,0x0006,0x0600,0x0808,0x0808,0x0808,
	0x0008,0x0000,0x0800,0x0808,0x080B,0x080B,0x0B08,0x0808,
	0x0404,0x0404,0x0004,0x0000,0x0000,0x0000,0x0D00,0x0B08,
	0x0B08,0x0B0B,0x080B,0x0808,0x0B08,0x0B0B,0x080B,0x0B0B,
	0x0B0B,0x0B0B,0x0B0B,0x0B0B,0x0B0B,0x0B0B,0x0B0B,0x090B,

	0x0E0B,0x070E,0x0E0E,0x0E07,0x070E,0x0E07,0x0E0E,0x0E07,
	0x0E0E,0x0E0E,0x070E,0x0707,0x0703,0x0707,0x0E07,0x0E0E,
	0x0707,0x0E0E,0x0707,0x0707,0x0707,0x0707,0x0707,0x0707,
	0x0E0E,0x0E0E,0x050E,0x0C01,0x0503,0x0F02,0x030F,0x0105,
	0x0501,0x0201,0x020F,0x0202,0x0F02,0x0707,0x0707,0x070E,
	0x0707,0x0707,0x0707,0x0707,0x0707,0x0707,0x0707,0x0707,
	0x0E0E,0x0707,0x0707,0x0707,0x0E07,0x070E,0x0707,0x0707,
	0x0E0E,0x0E0E,0x0E0E,0x0E0E,0x0E0E,0x0E0E,0x0E0E,0x0E0E,

	0x0E0E,0x0E0E,0x040E,0x0404,0x0404,0x0704,0x0404,0x0409,
	0x0404,0x0404,0x0404,0x0404,0x0D0D,0x0D0D,0x0D0D,0x0D0D,
	0x0D0D,0x0404,0x0604,0x0000,0x0000,0x0D0B,0x040D,0x0408,
	0x000D,0x0000,0x0D00,0x0B08,0x0B0B,0x0B08,0x0B08,0x0808,
	0x0404,0x0404,0x0004,0x0000,0x0000,0x0000,0x0800,0x080B,
	0x0B0B,0x0B0B,0x0B08,0x080B,0x0B0B,0x0B0B,0x0B0B,0x0B0B,
	0x0B0B,0x0B0B,0x060B,0x0B0B,0x0B0B,0x0B0B,0x0B0B,0x0B0B,
	0x0E0B,0x0707,0x070E,0x0707,0x0707,0x0707,0x0E0E,0x070E,

	0x0707,0x0707,0x070E,0x070E,0x0707,0x070E,0x0E0E,0x0E0E,
	0x0707,0x0707,0x0707,0x070E,0x0707,0x0707,0x0707,0x0E07,
	0x0C03,0x0C03,0x0505,0x0503,0x0505,0x0505,0x0C01,0x0501,
	0x0505,0x0505,0x0202,0x0202,0x020F,0x0F0F,0x0F0F,0x0E0F,
	0x0707,0x0707,0x0707,0x0707,0x0707,0x0E07,0x0E07,0x070E,
	0x0E07,0x0707,0x0707,0x070E,0x0707,0x0E0E,0x0E0E,0x0E0E,
	0x0E0E,0x0E0E,0x0E0E,0x0E0E,0x0E0E,0x0E0E,0x0E0E,0x0E0E,
	0x070E,0x030E,0x0707,0x0404,0x0404,0x0404,0x0404,0x0404,

	0x0404,0x0404,0x0404,0x0404,0x0D08,0x0D04,0x040D,0x0D04,
	0x0D0D,0x0D04,0x0804,0x0008,0x0000,0x0D00,0x0D0D,0x0404,
	0x0004,0x0000,0x0D00,0x080D,0x080B,0x0808,0x0808,0x0B08,
	0x040D,0x0404,0x0004,0x0000,0x0000,0x0000,0x0B08,0x0B08,
	0x0B0B,0x0B0B,0x0B0B,0x0B0B,0x0B0B,0x0B0B,0x0B0B,0x0B0B,
	0x0B0B,0x0B0B,0x0B0B,0x0B0B,0x0B0B,0x0B0B,0x0B0B,0x0B0B,
	0x0707,0x0707,0x0707,0x0707,0x070E,0x0707,0x0707,0x0707,
	0x0E07,0x0707,0x0E07,0x0707,0x0707,0x0E07,0x0E0E,0x0E0E,

	0x0707,0x070E,0x0707,0x0707,0x0707,0x070E,0x0707,0x0E07,
	0x0101,0x0101,0x0501,0x0501,0x0505,0x0C05,0x0305,0x0501,
	0x0505,0x0505,0x0202,0x0202,0x0F02,0x0202,0x0202,0x0F02,
	0x0707,0x0707,0x0707,0x0707,0x0707,0x0E07,0x0707,0x0E0E,
	0x070E,0x0707,0x0707,0x0707,0x0E0E,0x0E07,0x0707,0x0E0E,
	0x0E0E,0x0E0E,0x0E0E,0x0E0E,0x070E,0x0707,0x0707,0x0703,
	0x0703,0x0707,0x0404,0x0409,0x0804,0x0404,0x0404,0x0404,
	0x040D,0x0404,0x0404,0x0804,0x0408,0x040D,0x0404,0x0D04,

	0x0D0D,0x040D,0x0D04,0x0008,0x0006,0x0D00,0x0404,0x0D0D,
	0x0004,0x0000,0x0D00,0x0808,0x080B,0x0B08,0x0B08,0x0B0B,
	0x0B0B,0x040D,0x0004,0x0000,0x0600,0x0000,0x0B0B,0x0B0B,
	0x0B04,0x0B0B,0x0B0B,0x0B0B,0x0B0B,0x080B,0x0B0B,0x0B0B,
	0x0B0B,0x0B08,0x0B0B,0x040B,0x0B0B,0x0B0A,0x0B0B,0x040B,
	0x090B,0x0703,0x0707,0x0707,0x0E07,0x0707,0x0707,0x070E,
	0x0707,0x0707,0x0E07,0x070E,0x0E0E,0x030E,0x0E0E,0x0E0E,
	0x0E0E,0x070E,0x070E,0x0E07,0x070E,0x0703,0x0707,0x0707,

	0x0505,0x0505,0x0305,0x0505,0x0505,0x0101,0x0F03,0x050F,
	0x0505,0x0505,0x0F02,0x0202,0x0202,0x020F,0x0F02,0x0202,
	0x0707,0x0707,0x070E,0x0707,0x0703,0x0703,0x0E07,0x0E07,
	0x0E0E,0x0E0E,0x0E07,0x0E07,0x0E07,0x0707,0x0E07,0x0707,
	0x0707,0x0E0E,0x0707,0x0E0E,0x070E,0x0E07,0x0707,0x070E,
	0x0E0E,0x0407,0x0404,0x0404,0x0D04,0x0404,0x0404,0x0404,
	0x040A,0x0404,0x0404,0x080D,0x040D,0x0404,0x0404,0x0808,
	0x080D,0x0808,0x0808,0x0002,0x0000,0x0D00,0x040D,0x040D,

	0x0004,0x0000,0x0D00,0x0808,0x0808,0x0B0B,0x0B0B,0x0B08,
	0x0B0B,0x0D04,0x0004,0x0000,0x0000,0x0000,0x0404,0x0B0B,
	0x0B0B,0x0B0B,0x0B0B,0x0B0B,0x080B,0x080B,0x0B0B,0x080B,
	0x0B0B,0x0B0B,0x0B0B,0x0B0B,0x0B08,0x0B0B,0x080B,0x0A0B,
	0x0A0A,0x0709,0x0E0C,0x0707,0x0707,0x070E,0x0E07,0x070E,
	0x0707,0x0E07,0x0E0E,0x0E0E,0x0E0E,0x0E0E,0x0E0E,0x0E07,
	0x0E0E,0x0E0E,0x0E0E,0x070E,0x0707,0x0707,0x0707,0x0707,
	0x0505,0x0505,0x0105,0x0301,0x050C,0x0105,0x0103,0x010F,

	0x0105,0x0505,0x0202,0x0202,0x0202,0x0F0D,0x0F02,0x0F02,
	0x0707,0x0707,0x0703,0x0707,0x0707,0x0707,0x0707,0x0707,
	0x0E0E,0x070E,0x0707,0x0707,0x0707,0x0707,0x030E,0x0707,
	0x0E07,0x0E0E,0x0E07,0x0707,0x0707,0x0E07,0x0707,0x0707,
	0x0707,0x0408,0x0404,0x0404,0x0D04,0x0404,0x0404,0x0D04,
	0x0404,0x0404,0x040D,0x040D,0x0404,0x0D04,0x0808,0x0808,
	0x0D08,0x0808,0x080B,0x0008,0x0000,0x0000,0x0D0D,0x040D,
	0x0004,0x0000,0x0D00,0x0808,0x080B,0x0804,0x0B0B,0x0B08,

	0x080B,0x0404,0x0004,0x0000,0x0000,0x0000,0x0404,0x0B04,
	0x0B0B,0x080A,0x0B0B,0x0B0D,0x0B04,0x0B0B,0x080B,0x0D08,
	0x0B0B,0x0B0B,0x0B0B,0x0B0B,0x0B0B,0x040A,0x0408,0x0A0A,
	0x0909,0x090A,0x0909,0x0A09,0x0E07,0x0307,0x0707,0x0707,
	0x0707,0x0707,0x0307,0x070E,0x0707,0x0707,0x0707,0x0707,
	0x0707,0x0707,0x0703,0x0707,0x0707,0x0707,0x070E,0x0307,
	0x0C05,0x0C05,0x0103,0x0505,0x0505,0x0C05,0x0F0F,0x010F,
	0x0105,0x0505,0x0202,0x0202,0x0202,0x0F02,0x0F02,0x0202,

	0x0302,0x0707,0x0707,0x0707,0x0707,0x0E0E,0x0E0E,0x0E0E,
	0x0E0E,0x0E0E,0x0E0E,0x0703,0x0707,0x0703,0x0707,0x0703,
	0x0E07,0x0307,0x0707,0x070E,0x0E07,0x0E07,0x0707,0x0707,
	0x0707,0x040E,0x0404,0x0404,0x040D,0x0404,0x0404,0x0D04,
	0x0D0D,0x080D,0x080D,0x0404,0x0404,0x0404,0x0B08,0x080B,
	0x0808,0x0808,0x0404,0x040D,0x0000,0x0000,0x040D,0x0D0D,
	0x0006,0x0000,0x0D00,0x080D,0x0808,0x080D,0x0B08,0x0B0B,
	0x0B08,0x0D0B,0x000D,0x0000,0x0000,0x0000,0x0404,0x0404,

	0x0406,0x0404,0x0B0B,0x080B,0x0804,0x040B,0x0B0B,0x080B,
	0x0B0B,0x0B0B,0x0B0B,0x0B0B,0x0B0B,0x0D08,0x0804,0x090D,
	0x0A0A,0x0909,0x0909,0x0909,0x070C,0x0707,0x070E,0x0E07,
	0x0707,0x0707,0x0307,0x0707,0x0707,0x0707,0x0707,0x0707,
	0x0E07,0x0707,0x0707,0x0707,0x0707,0x0307,0x0303,0x0C03,
	0x0C0C,0x0303,0x0101,0x0303,0x0303,0x030C,0x0F01,0x0C03,
	0x030C,0x0303,0x0203,0x0F0F,0x0202,0x0202,0x0F02,0x0202,
	0x0702,0x0703,0x0E07,0x0707,0x0707,0x0707,0x0E0E,0x0E0E,

	0x0E0E,0x0E0E,0x0E0E,0x0E0E,0x070E,0x0E0E,0x0707,0x0E07,
	0x070E,0x070E,0x0707,0x070E,0x0E07,0x0703,0x0703,0x0E0E,
	0x0E03,0x0E0E,0x0404,0x0404,0x0404,0x0404,0x0404,0x0404,
	0x0D04,0x0408,0x080D,0x0404,0x0404,0x0404,0x0B08,0x0808,
	0x0808,0x0808,0x0D04,0x040D,0x0006,0x0000,0x0D00,0x0D04,
	0x0000,0x0000,0x0D00,0x0808,0x0808,0x0808,0x0B08,0x0808,
	0x0B08,0x0B0B,0x0008,0x0000,0x0000,0x0000,0x0404,0x0404,
	0x0D06,0x0D0D,0x0B0B,0x040B,0x0804,0x0D0B,0x0204,0x0404,

	0x0B0B,0x080B,0x0B0B,0x0B08,0x0808,0x020B,0x0A0A,0x090A,
	0x0A0A,0x0A09,0x0909,0x090A,0x0A09,0x0707,0x0707,0x0707,
	0x0707,0x0707,0x0707,0x0707,0x0707,0x0707,0x0707,0x0707,
	0x0707,0x0707,0x0307,0x0307,0x0707,0x050C,0x0505,0x0505,
	0x0C05,0x030C,0x0C01,0x0505,0x0505,0x0F0C,0x0F0F,0x0501,
	0x0505,0x0505,0x0105,0x020F,0x0202,0x0202,0x020F,0x0F0F,
	0x0F02,0x020F,0x030F,0x0707,0x0707,0x0E07,0x0707,0x0707,
	0x0E07,0x0707,0x0707,0x0E0E,0x0E0E,0x0E07,0x0707,0x0707,

	0x0707,0x0707,0x0E07,0x070E,0x0707,0x0E07,0x0707,0x0707,
	0x0707,0x040B,0x0404,0x0D0D,0x0404,0x0404,0x0D04,0x040D,
	0x0808,0x0B08,0x0D08,0x0804,0x0D0D,0x0B08,0x080B,0x0B0B,
	0x080D,0x080D,0x0404,0x040D,0x0006,0x0000,0x0D00,0x040D,
	0x0000,0x0000,0x0800,0x0808,0x0804,0x0808,0x0B08,0x0B0B,
	0x0B0B,0x080B,0x0002,0x0000,0x0000,0x0000,0x0D08,0x0404,
	0x040B,0x040D,0x0D0B,0x0404,0x0404,0x0A06,0x0604,0x0B0D,
	0x0B0B,0x080B,0x0B0B,0x080B,0x0808,0x0A0B,0x0A0A,0x0A0A,

	0x0A09,0x0A0A,0x090A,0x090A,0x090A,0x070C,0x0707,0x0707,
	0x0303,0x070E,0x030E,0x0707,0x0707,0x0707,0x0307,0x0707,
	0x0707,0x0707,0x0707,0x0707,0x0707,0x0503,0x0505,0x0505,
	0x0505,0x0103,0x0C01,0x0505,0x0305,0x0103,0x0F0F,0x0505,
	0x0505,0x0505,0x0105,0x020F,0x0202,0x0202,0x0F02,0x020F,
	0x0F02,0x0F0F,0x0E0F,0x0703,0x0707,0x0707,0x0707,0x0707,
	0x0707,0x0703,0x0707,0x0707,0x0707,0x030E,0x0E0E,0x0E07,
	0x0707,0x0707,0x0707,0x030E,0x0E07,0x070E,0x070E,0x0E07,

	0x0707,0x0404,0x0404,0x0D04,0x0404,0x0D04,0x080D,0x080D,
	0x0808,0x0808,0x0D04,0x0D04,0x0808,0x0B04,0x0B0B,0x080B,
	0x080B,0x0808,0x040D,0x0404,0x000D,0x0000,0x0000,0x0D08,
	0x0000,0x0000,0x0800,0x0B08,0x0808,0x0B08,0x0808,0x0B0B,
	0x0B0B,0x040B,0x0006,0x0000,0x0000,0x0000,0x0B04,0x0404,
	0x040B,0x0404,0x0D0B,0x0404,0x0404,0x0A0B,0x0B04,0x0408,
	0x0804,0x0808,0x0B08,0x080B,0x0B0B,0x090B,0x0A0A,0x090A,
	0x0A0A,0x0A0A,0x0A0A,0x0A0A,0x090A,0x070C,0x0707,0x0707,

	0x070E,0x0707,0x0707,0x0707,0x0707,0x0707,0x0707,0x0E07,
	0x0703,0x0707,0x070E,0x0707,0x0707,0x010C,0x0101,0x0101,
	0x0C01,0x0101,0x0101,0x0101,0x0501,0x0F0F,0x0F0F,0x0501,
	0x0505,0x0505,0x0101,0x020F,0x0202,0x0202,0x0202,0x020F,
	0x0F0F,0x0F02,0x0D0F,0x0707,0x0E07,0x0E07,0x0707,0x0E0E,
	0x0707,0x070E,0x0707,0x0707,0x0E07,0x0E0E,0x0E07,0x0307,
	0x0707,0x0E07,0x070E,0x0E07,0x0909,0x0909,0x070C,0x0707,
	0x0E0E,0x0E0D,0x0404,0x0404,0x0408,0x0808,0x0808,0x0808,

	0x0808,0x0808,0x0804,0x080B,0x0B0B,0x0B08,0x0B0B,0x0B04,
	0x0808,0x0D0D,0x040D,0x0404,0x060D,0x0000,0x0000,0x0606,
	0x0000,0x0000,0x0800,0x0808,0x080B,0x0D0D,0x0B08,0x0606,
	0x0B08,0x0D04,0x0000,0x0000,0x0000,0x0000,0x0B0D,0x0404,
	0x0D0B,0x040D,0x080B,0x0404,0x0D04,0x040B,0x0B0B,0x080B,
	0x0D08,0x080D,0x0B08,0x0808,0x0B08,0x0B08,0x0B0B,0x090A,
	0x090A,0x0A0A,0x0A0A,0x0909,0x090A,0x070A,0x0E0E,0x0E0E,
	0x0E07,0x0E07,0x0307,0x0E07,0x0707,0x0E07,0x0E07,0x0E07,

	0x070E,0x0707,0x0707,0x0E07,0x070E,0x050C,0x0101,0x0101,
	0x0C05,0x0101,0x0501,0x0505,0x0C0C,0x0F0F,0x0F0F,0x0501,
	0x0505,0x0505,0x0505,0x0202,0x0202,0x0202,0x0202,0x0F0D,
	0x0F02,0x0202,0x0F0F,0x0303,0x0703,0x0707,0x0307,0x070E,
	0x0707,0x0E03,0x0707,0x0707,0x0707,0x0703,0x0707,0x0707,
	0x0303,0x0707,0x0707,0x0909,0x0909,0x0909,0x0909,0x0C0C,
	0x070E,0x040D,0x0D04,0x0404,0x0808,0x0808,0x0808,0x0B08,
	0x0808,0x0B08,0x0B0B,0x0B0B,0x0B0B,0x0B0B,0x0B08,0x0B0B,

	0x080B,0x0D08,0x0404,0x0404,0x0408,0x0000,0x0000,0x0000,
	0x0000,0x0000,0x080B,0x0B08,0x0606,0x0606,0x0606,0x0600,
	0x0808,0x0404,0x0000,0x0000,0x0000,0x0000,0x0804,0x080B,
	0x0D06,0x0B04,0x0D0B,0x0D04,0x0404,0x040B,0x040B,0x0404,
	0x0D0D,0x040D,0x080D,0x0B08,0x0808,0x0808,0x0B08,0x0B0B,
	0x0908,0x0A0A,0x0909,0x0909,0x0A0A,0x0E09,0x0E07,0x090C,
	0x0A09,0x0E0A,0x070E,0x0E0E,0x0E0E,0x070E,0x070E,0x0E07,
	0x070E,0x0E07,0x070E,0x0E07,0x0707,0x010C,0x0101,0x0101,

	0x010C,0x0101,0x0101,0x0101,0x0305,0x0F0F,0x0F0F,0x0101,
	0x0501,0x0101,0x0501,0x0202,0x0202,0x0202,0x0202,0x0F02,
	0x0202,0x0F02,0x0F02,0x0E07,0x0707,0x0707,0x070E,0x0E0E,
	0x0E0E,0x070E,0x0707,0x0E07,0x070E,0x0E0E,0x070E,0x0E0E,
	0x0E07,0x0E0E,0x0907,0x0909,0x0909,0x0909,0x0909,0x0909,
	0x040A,0x0404,0x0D04,0x0804,0x0808,0x0804,0x0808,0x0B0B,
	0x0B0B,0x0D0D,0x0B08,0x0404,0x040B,0x0B0B,0x0804,0x080B,
	0x0808,0x0D04,0x0804,0x0D0D,0x0D0B,0x000B,0x0000,0x0000,

	0x0000,0x0000,0x080B,0x0606,0x0606,0x0006,0x0000,0x0600,
	0x0808,0x0404,0x0000,0x0000,0x0000,0x0000,0x0404,0x0B0D,
	0x040B,0x0B0B,0x040B,0x0404,0x0D04,0x060B,0x040B,0x0404,
	0x0D0D,0x080D,0x0804,0x0808,0x0808,0x0808,0x0808,0x080B,
	0x0808,0x090A,0x0909,0x0909,0x0909,0x0909,0x0907,0x0A0A,
	0x0A0A,0x0A09,0x0707,0x0E07,0x070E,0x070E,0x0E03,0x070E,
	0x0E0E,0x070E,0x0E0E,0x030C,0x0C03,0x0C0C,0x0C03,0x0C0C,
	0x0503,0x0505,0x0505,0x0505,0x0F03,0x0F0F,0x0C05,0x0C0C,

	0x0C0C,0x0C0C,0x030C,0x0F03,0x0F0F,0x0F0F,0x0202,0x0F02,
	0x0D0F,0x020F,0x0D02,0x0F0F,0x0202,0x0707,0x030E,0x0E0E,
	0x0E07,0x0E03,0x070E,0x0E0E,0x0E0E,0x0E0E,0x0E0E,0x0E0E,
	0x0E0E,0x0E0E,0x090C,0x0909,0x0909,0x0909,0x0909,0x0909,
	0x0404,0x0404,0x0D04,0x0804,0x0808,0x040D,0x0808,0x080A,
	0x080B,0x0808,0x0B04,0x0A0A,0x040B,0x0B08,0x0B04,0x0B0B,
	0x0808,0x0D04,0x0D04,0x0808,0x080B,0x0004,0x0000,0x0000,
	0x0000,0x0000,0x0606,0x0606,0x0000,0x0606,0x0000,0x0006,

	0x0D0D,0x0404,0x0000,0x0000,0x0000,0x0B00,0x0404,0x0B04,
	0x0B0B,0x060B,0x0B0B,0x0808,0x0404,0x0B0B,0x0404,0x0A04,
	0x0404,0x040D,0x0D0D,0x0D0D,0x0808,0x0B08,0x0808,0x0D08,
	0x080D,0x0A09,0x0A0A,0x090A,0x0909,0x090A,0x090A,0x0A0A,
	0x0A0A,0x0A0A,0x070A,0x0E0E,0x0E0E,0x0E0E,0x0E0E,0x0E0E,
	0x0E0E,0x070E,0x0E07,0x0101,0x0101,0x0101,0x0101,0x0501,
	0x0101,0x0101,0x0101,0x0101,0x0F03,0x0F0F,0x0101,0x0101,
	0x0101,0x0101,0x0101,0x0F01,0x0202,0x0202,0x0202,0x0202,

	0x020D,0x0202,0x0202,0x020F,0x0F0F,0x0E0E,0x0E0E,0x0E0E,
	0x0E0E,0x0E0E,0x070E,0x0E0E,0x0E0E,0x070E,0x0C0C,0x0909,
	0x0909,0x0909,0x0909,0x0C09,0x0909,0x0909,0x0909,0x0909,
	0x0909,0x040A,0x0D0D,0x0D0D,0x0808,0x0D08,0x0A0B,0x0B0A,
	0x0B08,0x0808,0x040D,0x040A,0x040B,0x040B,0x080B,0x0B0D,
	0x080B,0x0D0D,0x080D,0x080B,0x0808,0x000D,0x0000,0x0000,
	0x0000,0x0000,0x0606,0x0600,0x0606,0x0006,0x0006,0x0000,
	0x0404,0x0404,0x0000,0x0000,0x0000,0x0800,0x0408,0x060B,

	0x0606,0x0B0B,0x0B0B,0x0B08,0x0808,0x0B0B,0x0404,0x0A04,
	0x040D,0x0D0D,0x0404,0x0D0D,0x0408,0x0808,0x080D,0x0D08,
	0x0808,0x0A08,0x0A0A,0x0A0A,0x0909,0x0A0A,0x0909,0x0A09,
	0x0A09,0x090A,0x0909,0x0E07,0x0E0E,0x0E0E,0x070E,0x0E0E,
	0x0E0E,0x0E0E,0x030E,0x0505,0x0505,0x0505,0x0505,0x0305,
	0x0505,0x0105,0x0105,0x0C01,0x0F01,0x0F0F,0x0501,0x0505,
	0x0505,0x0105,0x0505,0x0205,0x0202,0x0202,0x0202,0x0202,
	0x0F02,0x020F,0x020F,0x0F02,0x0F02,0x0E0E,0x0E0E,0x0E0E,

	0x0E0E,0x0E0E,0x0E0E,0x0E0E,0x0E0E,0x0909,0x0909,0x0909,
	0x0909,0x0909,0x0909,0x0909,0x0909,0x0909,0x0909,0x0909,
	0x0909,0x0404,0x0808,0x0804,0x0808,0x0908,0x0D04,0x0404,
	0x090D,0x0804,0x0B0D,0x040A,0x0406,0x080B,0x0408,0x0D04,
	0x040D,0x0D0D,0x080D,0x0808,0x0808,0x0004,0x0000,0x0000,
	0x0000,0x0000,0x0606,0x0600,0x0606,0x0006,0x0600,0x0000,
	0x0404,0x000D,0x0000,0x0000,0x0000,0x0D00,0x0606,0x0B06,
	0x080B,0x0808,0x0B0B,0x0808,0x0B08,0x040B,0x0404,0x0D0A,

	0x0408,0x0D04,0x040D,0x080D,0x0B04,0x0808,0x080B,0x0808,
	0x0D08,0x0A08,0x0A09,0x090A,0x0909,0x0A09,0x0A0A,0x0A0A,
	0x0A0A,0x090A,0x0909,0x0E0E,0x0E0E,0x070E,0x0E07,0x070E,
	0x070E,0x0E0E,0x050E,0x0501,0x0505,0x0505,0x0505,0x010C,
	0x0C01,0x0505,0x0505,0x0C0C,0x0F0F,0x0F0F,0x0501,0x0505,
	0x0505,0x0505,0x0501,0x0F05,0x0202,0x0202,0x0202,0x0202,
	0x0202,0x0F0F,0x0F0F,0x0F02,0x020F,0x0C0F,0x0E0E,0x0E0E,
	0x0E0E,0x0E03,0x0E0E,0x0E0E,0x090E,0x0909,0x0909,0x0909,

	0x0C09,0x0909,0x0909,0x0909,0x0909,0x0909,0x0909,0x0909,
	0x0909,0x090A,0x0404,0x0809,0x0808,0x0408,0x080B,0x0A09,
	0x0908,0x040A,0x0B04,0x040D,0x0B0B,0x0D0B,0x040D,0x0404,
	0x0404,0x0D04,0x080D,0x080B,0x0808,0x0D08,0x0000,0x0000,
	0x0000,0x0000,0x0606,0x0006,0x0600,0x0606,0x0000,0x0000,
	0x040D,0x0008,0x0000,0x0000,0x0000,0x0B00,0x0606,0x0606,
	0x0808,0x0B08,0x0B0B,0x0B0B,0x080B,0x0A08,0x0A04,0x0A04,
	0x080D,0x0D04,0x0D08,0x0804,0x0808,0x080B,0x080B,0x0B0B,

	0x0408,0x040D,0x0A09,0x090A,0x0909,0x0909,0x0A0A,0x0A0A,
	0x0A0A,0x090A,0x0909,0x0909,0x0E0E,0x0E0E,0x0E0E,0x0E0E,
	0x0E0E,0x0E07,0x050E,0x0505,0x0501,0x0505,0x0C01,0x0503,
	0x0505,0x0105,0x0101,0x0F05,0x0F0F,0x0F0F,0x0501,0x0505,
	0x0505,0x0505,0x0501,0x0205,0x0202,0x0202,0x0202,0x0202,
	0x0202,0x0F0F,0x0202,0x020F,0x020F,0x0E02,0x0E0E,0x0E07,
	0x0E0E,0x0E0E,0x0E0E,0x0C0E,0x0909,0x0909,0x0909,0x0909,
	0x090C,0x0909,0x0909,0x0909,0x0909,0x0A0A,0x0909,0x0909,

	0x0909,0x0909,0x0808,0x0908,0x0909,0x0909,0x0B0A,0x0909,
	0x040B,0x0404,0x0404,0x0408,0x060B,0x0404,0x0D0D,0x040D,
	0x0404,0x0808,0x0808,0x0808,0x0808,0x0808,0x0000,0x0000,
	0x0000,0x0000,0x0606,0x0606,0x0006,0x0000,0x0600,0x0000,
	0x0D04,0x000D,0x0000,0x0000,0x0000,0x0600,0x0606,0x0606,
	0x080B,0x0808,0x0B0B,0x0B0B,0x0B0B,0x0A0B,0x0404,0x0A04,
	0x0A04,0x040A,0x0808,0x0808,0x0808,0x0D0A,0x0808,0x0808,
	0x0408,0x090A,0x0909,0x0909,0x0A0A,0x0A0A,0x0A0A,0x0A0A,

	0x0A0A,0x0A0A,0x0A0A,0x0909,0x0909,0x0709,0x0E0E,0x0E0E,
	0x0E0E,0x0E07,0x050E,0x0505,0x0505,0x0101,0x0C01,0x0101,
	0x0101,0x0101,0x0501,0x0F03,0x0F0F,0x020F,0x0101,0x0101,
	0x0101,0x0101,0x0101,0x0205,0x0202,0x0202,0x0202,0x0202,
	0x0202,0x0F02,0x0202,0x020F,0x0F0F,0x0E0F,0x0E0E,0x0E0E,
	0x0E0E,0x0E0E,0x0909,0x0909,0x0909,0x0909,0x0909,0x0909,
	0x0909,0x0909,0x0909,0x0A09,0x0A0A,0x0A0A,0x090A,0x0909,
	0x0909,0x0909,0x0908,0x0909,0x0909,0x0909,0x0409,0x0A08,

	0x040B,0x0404,0x0404,0x0D0B,0x040B,0x0404,0x0D04,0x0B0B,
	0x080B,0x0B08,0x0B0B,0x0D08,0x0408,0x0808,0x0000,0x0000,
	0x0000,0x0000,0x0606,0x0006,0x0000,0x0000,0x0000,0x0000,
	0x0404,0x000D,0x0000,0x0000,0x0000,0x0600,0x0606,0x0006,
	0x080B,0x0B0B,0x0B0B,0x0B0B,0x0B0B,0x040B,0x0404,0x0404,
	0x0404,0x0804,0x080D,0x0808,0x040A,0x080D,0x0D04,0x0808,
	0x0A04,0x0A09,0x0A0A,0x0A0A,0x0A0A,0x0A0A,0x0A0A,0x090A,
	0x0A09,0x0A0A,0x090A,0x0909,0x0A09,0x090A,0x0E0E,0x0E0E,

	0x050E,0x0505,0x0101,0x0505,0x0505,0x0505,0x0105,0x0505,
	0x0505,0x0505,0x0305,0x0F0F,0x0F0F,0x0501,0x050C,0x0505,
	0x050C,0x0505,0x0505,0x0505,0x0F05,0x0F0F,0x0F0F,0x0202,
	0x0202,0x0202,0x0F0F,0x0F0F,0x0D0F,0x0202,0x0F0F,0x090C,
	0x0909,0x0909,0x0909,0x0909,0x0909,0x0909,0x0909,0x0909,
	0x0909,0x0909,0x0909,0x0A0A,0x0A0A,0x0A0A,0x0A0A,0x0A0A,
	0x0909,0x0909,0x0909,0x0909,0x0909,0x0909,0x0A04,0x0408,
	0x040B,0x0404,0x0404,0x0408,0x0D0B,0x0808,0x0B0B,0x0B0B,

	0x0B0B,0x0B06,0x0808,0x0808,0x0808,0x0808,0x0000,0x0000,
	0x0000,0x0000,0x0600,0x0000,0x0006,0x0000,0x0000,0x0000,
	0x0D04,0x0004,0x0000,0x0000,0x0000,0x0600,0x0606,0x060B,
	0x0D08,0x080B,0x0B08,0x0B0D,0x0B0B,0x0B0B,0x080B,0x040A,
	0x040A,0x0D0D,0x0808,0x080B,0x0A0A,0x0A08,0x0A0A,0x040A,
	0x040D,0x0909,0x0A0A,0x0A0A,0x0A09,0x0909,0x090A,0x0A0A,
	0x0A0A,0x0A09,0x0909,0x0A0A,0x0A0A,0x0A0A,0x0709,0x0E0E,
	0x0C0E,0x0505,0x0505,0x0101,0x0501,0x0105,0x010C,0x0501,

	0x0505,0x0505,0x0305,0x0F0F,0x0F0F,0x0101,0x0101,0x0101,
	0x0101,0x0101,0x0101,0x0101,0x0201,0x0202,0x0202,0x0202,
	0x0202,0x0202,0x0F0D,0x0F0F,0x0202,0x0F0F,0x020F,0x090D,
	0x0909,0x0909,0x0C09,0x0909,0x0909,0x0909,0x0909,0x0909,
	0x0909,0x0909,0x0909,0x0A0A,0x0A0A,0x0A0A,0x0A0A,0x0A0A,
	0x0A0A,0x090A,0x0909,0x0909,0x0D0A,0x0404,0x0A04,0x0B04,
	0x040B,0x0404,0x0404,0x080D,0x040B,0x080D,0x0B0B,0x0B0B,
	0x060B,0x060B,0x080B,0x0B08,0x0808,0x0808,0x0006,0x0000,

	0x0000,0x0000,0x0006,0x0600,0x0000,0x0606,0x0600,0x0000,
	0x0B06,0x0004,0x0000,0x0600,0x0000,0x0600,0x0606,0x0606,
	0x0606,0x080B,0x0B0B,0x0B08,0x0B0B,0x0B06,0x0B0B,0x0408,
	0x0A04,0x0804,0x0A0A,0x0804,0x0A0A,0x0A08,0x0A0A,0x0A0A,
	0x0A0A,0x0A0A,0x0A0A,0x0A0A,0x0A0A,0x0A0A,0x0909,0x0909,
	0x0A09,0x090A,0x0909,0x0A0A,0x040A,0x0A0A,0x090A,0x0E07,
	0x050E,0x0505,0x0505,0x0505,0x0505,0x0305,0x0103,0x0505,
	0x0505,0x0505,0x0F0C,0x0F0F,0x0F0F,0x0101,0x0101,0x0105,

	0x0101,0x0501,0x0101,0x0101,0x0205,0x0202,0x0F02,0x0202,
	0x0202,0x0202,0x0F02,0x0F0F,0x020F,0x0F02,0x0F02,0x090F,
	0x0909,0x0909,0x0909,0x0909,0x0909,0x0909,0x040A,0x0909,
	0x0909,0x0909,0x0A0A,0x0A09,0x0A0A,0x0A0A,0x0A0A,0x0A0A,
	0x0A0A,0x090A,0x0909,0x0A09,0x0404,0x0404,0x0404,0x0B04,
	0x0408,0x0404,0x0404,0x0B04,0x0D0B,0x0B08,0x0B0B,0x0B0B,
	0x0B0B,0x0B06,0x0B06,0x0B0B,0x0808,0x0808,0x0008,0x0000,
	0x0000,0x0000,0x0600,0x0006,0x0B00,0x0606,0x0006,0x0000,

	0x0606,0x0008,0x0000,0x0000,0x0000,0x0600,0x0606,0x0B06,
	0x0606,0x0B0B,0x0B08,0x0B0B,0x0B0B,0x0B0B,0x0B0B,0x0B08,
	0x0404,0x0A0D,0x0A0A,0x0804,0x0D0A,0x0A0D,0x040A,0x040A,
	0x0A0A,0x0A0A,0x0A0A,0x0D08,0x0A04,0x0A0A,0x0909,0x0909,
	0x0A09,0x090A,0x040A,0x0404,0x0404,0x0404,0x0404,0x090A,
	0x050C,0x0505,0x0501,0x0505,0x0505,0x0305,0x0101,0x0505,
	0x0505,0x0505,0x0103,0x0F0F,0x0F0F,0x0501,0x0101,0x0105,
	0x0105,0x0501,0x0101,0x0101,0x0201,0x0202,0x0202,0x0202,

	0x0202,0x0202,0x0202,0x0F0F,0x0F0F,0x0F02,0x0202,0x0902,
	0x0909,0x0909,0x0909,0x0909,0x0909,0x0909,0x0A04,0x0904,
	0x0909,0x0909,0x0A0A,0x0A0A,0x0A0A,0x0A0A,0x0A0A,0x0A0A,
	0x0A0A,0x0A0A,0x0909,0x0A09,0x0404,0x0D0A,0x0D0D,0x0D04,
	0x040B,0x0404,0x0404,0x0B04,0x0D0B,0x0B0B,0x0B0B,0x0B0B,
	0x0606,0x0606,0x0606,0x0B06,0x0B0B,0x0B0B,0x0008,0x0000,
	0x0000,0x0000,0x0006,0x0006,0x0606,0x060B,0x0000,0x0000,
	0x0B00,0x0006,0x0006,0x0000,0x0000,0x0600,0x0606,0x060B,

	0x0B06,0x0B0B,0x0B08,0x0B0B,0x0B0B,0x0B0B,0x0808,0x0B08,
	0x040B,0x040A,0x0A0A,0x080A,0x040A,0x0A04,0x040A,0x0404,
	0x0A04,0x0A0A,0x0D0D,0x0D08,0x0808,0x0D0D,0x0A0A,0x0A0A,
	0x0A0A,0x090A,0x040A,0x0404,0x0404,0x040A,0x0404,0x0A0A,
	0x0503,0x0505,0x0101,0x0105,0x0505,0x0103,0x0501,0x0105,
	0x0101,0x0501,0x0D03,0x0F0F,0x0F0F,0x0501,0x0505,0x0505,
	0x0505,0x0501,0x0105,0x0505,0x0205,0x0202,0x0202,0x0202,
	0x0202,0x0202,0x0202,0x0F0D,0x0F02,0x0202,0x020F,0x0902,

	0x0909,0x0909,0x0909,0x0909,0x0909,0x0A04,0x0A0A,0x040A,
	0x090A,0x0909,0x0A0A,0x0A0A,0x0A0A,0x0A0A,0x0A0A,0x0A0A,
	0x0A0A,0x0A0A,0x0A0A,0x0404,0x0404,0x0404,0x0404,0x040D,
	0x040B,0x040D,0x0804,0x0B04,0x080B,0x0B08,0x0B0B,0x0B0B,
	0x0606,0x0606,0x0606,0x0606,0x0B06,0x0B08,0x000B,0x0000,
	0x0000,0x0000,0x0000,0x0606,0x0606,0x0606,0x0006,0x0000,
	0x0B06,0x0000,0x0000,0x0000,0x0000,0x0600,0x0606,0x0606,
	0x0606,0x0B06,0x0B08,0x0B0B,0x0B0B,0x0B0B,0x080B,0x0B0B,

	0x040B,0x0404,0x0404,0x0804,0x080D,0x0D04,0x040D,0x0D0D,
	0x0D0D,0x0D0D,0x0D0D,0x0404,0x0D04,0x0404,0x0D0D,0x0A0A,
	0x0A0A,0x090A,0x040A,0x0404,0x0404,0x0404,0x0303,0x0303,
	0x050C,0x0101,0x0101,0x0101,0x0505,0x0503,0x0C01,0x0C0C,
	0x0505,0x0505,0x0F0F,0x0F0F,0x0F0F,0x0105,0x0101,0x0105,
	0x0101,0x0101,0x0101,0x0101,0x0201,0x0202,0x0202,0x0202,
	0x0202,0x0202,0x0202,0x0F02,0x0F0D,0x0F0F,0x0F02,0x0F0F,
	0x020F,0x090D,0x0909,0x090A,0x0409,0x0404,0x0A04,0x0404,

	0x0A04,0x0A0A,0x0A0A,0x0A0A,0x0A0A,0x0A0A,0x0A0A,0x0804,
	0x0408,0x080B,0x040A,0x0404,0x0404,0x040D,0x0D04,0x0D0D,
	0x0D0B,0x040D,0x0D0D,0x080D,0x0D0B,0x0B0D,0x0B0B,0x060B,
	0x0606,0x0606,0x0606,0x0606,0x0606,0x060B,0x0006,0x0000,
	0x0000,0x0000,0x0606,0x0606,0x0606,0x0006,0x0006,0x0000,
	0x0606,0x0000,0x0000,0x0000,0x0000,0x0600,0x0606,0x0606,
	0x0606,0x0B08,0x080B,0x0808,0x080B,0x0808,0x0B0B,0x0B0B,
	0x040B,0x0404,0x0D04,0x080D,0x080D,0x0404,0x0D0D,0x0D0D,

	0x040D,0x0D0D,0x040D,0x0D0D,0x0D04,0x0D0D,0x0A04,0x0A0A,
	0x0A0A,0x0A0A,0x0404,0x0404,0x0404,0x0C04,0x0505,0x050C,
	0x0C03,0x050C,0x0505,0x0501,0x0505,0x0101,0x0101,0x0501,
	0x0505,0x0303,0x0F0F,0x0F0F,0x0501,0x0C0C,0x050C,0x0C0C,
	0x0C0C,0x0C03,0x0C0C,0x0505,0x030C,0x0202,0x020F,0x0202,
	0x020F,0x020F,0x0202,0x0202,0x0202,0x0F0F,0x0F0F,0x020F,
	0x0202,0x0202,0x0909,0x0A0A,0x040A,0x0A0A,0x040A,0x0A0A,
	0x0404,0x0904,0x0A0A,0x0A0A,0x0A0A,0x0A0A,0x0A0A,0x0808,

	0x080D,0x0804,0x0D08,0x0404,0x0D04,0x040D,0x0D04,0x0D08,
	0x0D0B,0x0404,0x040D,0x0D04,0x040B,0x0B04,0x0B0B,0x060B,
	0x060B,0x060B,0x0606,0x0B08,0x0606,0x0606,0x0006,0x0000,
	0x0000,0x0000,0x0006,0x0000,0x0600,0x0006,0x0000,0x0000,
	0x000B,0x0000,0x0000,0x0000,0x0000,0x0606,0x0606,0x0606,
	0x0606,0x0B08,0x0B0B,0x0B0B,0x0B0B,0x0B0B,0x0B0B,0x0B0B,
	0x0408,0x0A04,0x0D04,0x0D0D,0x0D08,0x0D0D,0x0D0D,0x080D,
	0x0D0D,0x0D0D,0x0D0D,0x040D,0x0404,0x040D,0x0404,0x040A,

	0x0404,0x040A,0x0404,0x040A,0x0A04,0x0D0A,0x0505,0x0501,
	0x0505,0x0105,0x0101,0x0505,0x030C,0x0101,0x0101,0x0101,
	0x0101,0x0F0C,0x0F0F,0x0F0F,0x0101,0x0101,0x0101,0x0101,
	0x0501,0x0101,0x0101,0x0101,0x0101,0x020F,0x0F0F,0x0202,
	0x0202,0x0202,0x0202,0x0202,0x0F0D,0x0F0F,0x0F0F,0x0F0D,
	0x020F,0x0202,0x0A0A,0x0A0A,0x040A,0x040A,0x040A,0x0A04,
	0x0A04,0x0A04,0x0A09,0x0A0A,0x0A0A,0x0A09,0x0808,0x080B,
	0x0B08,0x080D,0x0B0B,0x040A,0x040D,0x0404,0x080D,0x0D0D,

	0x0808,0x0B0D,0x0808,0x080B,0x0D0B,0x0B0D,0x0B0B,0x0B0B,
	0x0606,0x0D04,0x0D08,0x0808,0x0608,0x0606,0x0006,0x0000,
	0x0000,0x0000,0x0606,0x0600,0x0000,0x0000,0x0000,0x0000,
	0x0606,0x0000,0x0000,0x0000,0x0000,0x0B06,0x060B,0x0606,
	0x0B06,0x0B0B,0x0B0B,0x0B0B,0x0B0B,0x080B,0x0B0B,0x0B0B,
	0x0404,0x0404,0x0D0D,0x0D08,0x0D08,0x040D,0x040D,0x0D04,
	0x0808,0x0408,0x0D0D,0x0D0D,0x0D04,0x040D,0x040D,0x0404,
	0x0404,0x0404,0x0404,0x0A04,0x0404,0x0504,0x0101,0x0505,

	0x0505,0x0501,0x0101,0x0101,0x0103,0x0101,0x0101,0x0101,
	0x0505,0x0F03,0x0F01,0x0F0F,0x0101,0x0101,0x0101,0x0101,
	0x0101,0x0101,0x0101,0x0101,0x0101,0x0201,0x0F02,0x0202,
	0x0202,0x0F02,0x0202,0x0202,0x0F02,0x0F0F,0x020F,0x0F02,
	0x020F,0x0202,0x0A0A,0x0A0A,0x0A0A,0x040A,0x040A,0x040A,
	0x0A04,0x0A0A,0x0A0A,0x0A04,0x0A09,0x0A0A,0x0808,0x0808,
	0x0808,0x0B08,0x0808,0x0608,0x060B,0x0D08,0x0D08,0x080D,
	0x0B08,0x0B0B,0x0B08,0x080B,0x060B,0x0B0B,0x0B0B,0x0606,

	0x0606,0x0D08,0x080D,0x0808,0x060B,0x0606,0x0006,0x0000,
	0x0000,0x0000,0x0606,0x0006,0x0006,0x0006,0x0000,0x0000,
	0x0006,0x0000,0x0000,0x0000,0x0000,0x060B,0x0B06,0x0606,
	0x0606,0x0B0B,0x0B0B,0x0B06,0x0B0B,0x080B,0x0B0B,0x0B0B,
	0x0404,0x0804,0x060B,0x0B08,0x0D0B,0x0D0D,0x0D0D,0x0808,
	0x0808,0x0D08,0x0D0D,0x0D0D,0x0D0D,0x0D0D,0x0404,0x0404,
	0x0404,0x0404,0x0D04,0x0404,0x0404,0x0504,0x0101,0x0505,
	0x0501,0x0501,0x0105,0x0101,0x0503,0x0501,0x0505,0x0101,

	0x0501,0x0F0F,0x0F0F,0x0F0F,0x0101,0x0101,0x0105,0x0101,
	0x0501,0x0105,0x0101,0x0101,0x0101,0x0201,0x0202,0x0202,
	0x0202,0x0202,0x0202,0x0202,0x0202,0x0F0F,0x0F0F,0x0202,
	0x0202,0x0202,0x0A0D,0x0A0A,0x0A0A,0x0A0A,0x0A0A,0x0404,
	0x0A0A,0x0A0A,0x0404,0x0404,0x0A0A,0x0A04,0x0808,0x0808,
	0x0808,0x0B08,0x0608,0x0B0B,0x0606,0x0806,0x0D08,0x080D,
	0x0B0B,0x0808,0x0808,0x0B08,0x0B0B,0x0B0B,0x0B06,0x0606,
	0x0D04,0x0D08,0x0D08,0x0608,0x0806,0x0B08,0x0006,0x0000,

	0x0000,0x0000,0x0600,0x0600,0x0000,0x0000,0x0000,0x0000,
	0x0000,0x0000,0x0000,0x0000,0x0000,0x0606,0x0B0B,0x0B06,
	0x0606,0x0B08,0x0B0B,0x0B0B,0x0B08,0x080B,0x0808,0x0B0B,
	0x0B0B,0x0B0D,0x0B0B,0x0B06,0x080B,0x0D08,0x0808,0x0808,
	0x0808,0x0808,0x040D,0x040D,0x0D04,0x0D04,0x0D04,0x0804,
	0x040D,0x0D0D,0x040D,0x0D0D,0x0D04,0x050D,0x0101,0x0101,
	0x0105,0x0501,0x0501,0x0C01,0x0101,0x0505,0x0505,0x0505,
	0x0C05,0x0F0F,0x0F0F,0x0F0F,0x0101,0x0501,0x0101,0x0501,

	0x0101,0x0101,0x0101,0x0101,0x0101,0x0201,0x0202,0x0202,
	0x0202,0x0202,0x0202,0x0202,0x0202,0x0F0F,0x0F0F,0x0202,
	0x020F,0x0202,0x0A0F,0x0A0A,0x0A0A,0x0A0A,0x0A0A,0x040A,
	0x0A0A,0x0404,0x0404,0x0404,0x0804,0x0B04,0x0808,0x0808,
	0x0808,0x080B,0x0B0B,0x060B,0x0B06,0x080B,0x0D0D,0x0B02,
	0x0B0B,0x0808,0x0808,0x0B08,0x0B0B,0x0606,0x0606,0x080B,
	0x0404,0x0D0D,0x0D0D,0x0808,0x0B08,0x0B08,0x0006,0x0000,
	0x0000,0x0000,0x0600,0x0006,0x0006,0x0000,0x0000,0x0000,

	0x0000,0x0000,0x0000,0x0000,0x0000,0x0606,0x0600,0x0606,
	0x0606,0x0000,0x0006,0x0808,0x0808,0x0B08,0x0B0B,0x080B,
	0x0B0B,0x0B0B,0x0B0B,0x0B0B,0x0B0B,0x080B,0x080D,0x0808,
	0x080B,0x0808,0x0D0D,0x0D0D,0x0808,0x0D0D,0x0D0D,0x0808,
	0x0D0D,0x0D0D,0x0D04,0x0304,0x0303,0x0303,0x0303,0x0303,
	0x0303,0x0303,0x0303,0x0303,0x0301,0x0303,0x0303,0x0303,
	0x0F03,0x0F0F,0x0F0F,0x0202,0x0101,0x0101,0x0101,0x0101,
	0x0101,0x0101,0x0101,0x0101,0x0101,0x0201,0x0202,0x0202,

	0x0F02,0x0202,0x0F0F,0x020F,0x0202,0x0F02,0x0F0F,0x020F,
	0x0F02,0x0F0F,0x0F0F,0x0F0F,0x0A0D,0x0A0A,0x0A0A,0x0A04,
	0x0404,0x0404,0x0404,0x0D04,0x0D04,0x080D,0x0808,0x080B,
	0x0D0D,0x080B,0x0B08,0x060B,0x060B,0x0606,0x0808,0x0B0B,
	0x0B0B,0x0808,0x0B0B,0x0B08,0x060B,0x0606,0x0606,0x0606,
	0x080B,0x0D0D,0x0808,0x080D,0x0808,0x060B,0x0006,0x0000,
	0x0000,0x0000,0x0000,0x0000,0x0000,0x0000,0x0000,0x0000,
	0x0000,0x0000,0x0000,0x0000,0x0000,0x0606,0x0000,0x0600,

	0x0006,0x0000,0x0000,0x0600,0x080B,0x0808,0x0B0B,0x060B,
	0x0B0B,0x0B06,0x0B0B,0x0B0B,0x0B0B,0x0B0B,0x080D,0x0808,
	0x0808,0x0D08,0x040D,0x080D,0x0D08,0x0808,0x0808,0x0D08,
	0x0D0D,0x0D0D,0x0D04,0x050D,0x0C0C,0x0C0C,0x0C05,0x0C0C,
	0x0503,0x030C,0x0C03,0x0103,0x0505,0x0505,0x0C05,0x0505,
	0x0F03,0x0F0F,0x0F0F,0x0501,0x0501,0x0101,0x0505,0x0105,
	0x0501,0x0505,0x0505,0x0105,0x0505,0x0505,0x020F,0x0202,
	0x0F02,0x0202,0x0202,0x0202,0x0202,0x0202,0x0F0F,0x0F0F,

	0x0202,0x0F0F,0x0202,0x0202,0x040F,0x0A0A,0x0A0A,0x0A0A,
	0x0404,0x0404,0x0404,0x0404,0x0808,0x0808,0x0808,0x0D08,
	0x0B08,0x0B08,0x0B0B,0x0606,0x060B,0x060B,0x0B08,0x0B0B,
	0x0808,0x0808,0x080B,0x0B0B,0x0608,0x0B0B,0x0606,0x0606,
	0x080B,0x0D0D,0x0808,0x080B,0x0B08,0x060B,0x0006,0x0000,
	0x0000,0x0000,0x0600,0x0006,0x0B00,0x0606,0x0006,0x0000,
	0x0000,0x0000,0x0000,0x0000,0x0000,0x0000,0x0000,0x0600,
	0x0000,0x0000,0x0000,0x0006,0x0806,0x0B0B,0x0B0B,0x0B0B,

	0x0B0B,0x0B0B,0x0B0B,0x0B0B,0x0B0B,0x0B06,0x080B,0x0808,
	0x080D,0x0D08,0x0D0D,0x0D0D,0x0808,0x0D08,0x0808,0x0D08,
	0x0D0D,0x0D04,0x040D,0x050D,0x0105,0x0105,0x0501,0x0505,
	0x0505,0x0505,0x0C05,0x0501,0x0505,0x0505,0x050C,0x0305,
	0x0F0F,0x0F0F,0x0F0F,0x0C05,0x0C03,0x0C03,0x0C03,0x050C,
	0x050C,0x0505,0x0105,0x0101,0x0101,0x0101,0x0202,0x0202,
	0x0F0F,0x0202,0x0202,0x0202,0x0202,0x0202,0x0F02,0x0F0F,
	0x0202,0x0F0F,0x0202,0x0202,0x0A0F,0x0404,0x0A0A,0x0A0A,

	0x040A,0x040A,0x0404,0x0404,0x0D0D,0x0B08,0x080D,0x0808,
	0x0B0B,0x060B,0x0606,0x0606,0x0606,0x0B06,0x0606,0x0B06,
	0x0808,0x0808,0x0B08,0x0808,0x060B,0x0606,0x060B,0x0D0D,
	0x080D,0x0808,0x0B04,0x060B,0x0606,0x060B,0x0606,0x0000,
	0x0000,0x0000,0x0600,0x0000,0x0600,0x0606,0x0606,0x0000,
	0x0006,0x0000,0x0000,0x0000,0x0600,0x0600,0x0000,0x0000,
	0x0000,0x0000,0x0000,0x0006,0x0600,0x0B0B,0x0B0B,0x0B0B,
	0x060B,0x0B0B,0x0808,0x0B08,0x0B0B,0x060B,0x080B,0x0D08,

	0x0808,0x0808,0x0808,0x080D,0x0D08,0x0D0D,0x0808,0x0D08,
	0x0D0D,0x0D0D,0x0D0D,0x050B,0x0501,0x0505,0x0501,0x0505,
	0x0105,0x0505,0x0C05,0x0101,0x0505,0x0101,0x0505,0x0301,
	0x0D0F,0x0F0F,0x0F0F,0x0101,0x0505,0x0101,0x0101,0x0101,
	0x0101,0x0101,0x0101,0x0101,0x0101,0x0101,0x020F,0x0202,
	0x0202,0x0202,0x0202,0x0202,0x0202,0x0202,0x0F02,0x0F0F,
	0x0F02,0x0D02,0x020F,0x020F,0x0A0F,0x0404,0x0404,0x0404,
	0x0404,0x0404,0x0404,0x080D,0x0B08,0x080B,0x0808,0x0B0B,

	0x0B0B,0x0B0B,0x0B0B,0x0B06,0x0B06,0x060B,0x0B06,0x0B0B,
	0x0B0B,0x0B0B,0x080B,0x0B0B,0x0B0B,0x0606,0x0406,0x080D,
	0x080D,0x0D0D,0x0808,0x080B,0x0B08,0x060B,0x0606,0x0000,
	0x0000,0x0000,0x0000,0x0000,0x0006,0x0006,0x0600,0x0000,
	0x0606,0x0600,0x0000,0x0000,0x0000,0x0006,0x0000,0x0000,
	0x0000,0x0006,0x0000,0x0000,0x0000,0x0606,0x060B,0x0B06,
	0x0B06,0x0B0B,0x0B06,0x0B0B,0x0B0B,0x0B0B,0x0D08,0x0404,
	0x0808,0x0808,0x0D08,0x0D0D,0x0D04,0x0404,0x040D,0x0808,

	0x0D0D,0x0D0D,0x0D0D,0x0105,0x0101,0x0101,0x0501,0x0505,
	0x0101,0x0105,0x0105,0x0501,0x0505,0x0C0C,0x0105,0x0505,
	0x0F0F,0x0F0F,0x0F0F,0x0C01,0x0501,0x0501,0x0101,0x0101,
	0x0101,0x0101,0x0101,0x0101,0x0101,0x0501,0x0202,0x0202,
	0x0202,0x0202,0x0202,0x0202,0x0202,0x0202,0x0202,0x0D0F,
	0x0F0D,0x0202,0x0F02,0x0202,0x0F0F,0x040A,0x0404,0x0404,
	0x0404,0x0404,0x0D04,0x0D04,0x0B0B,0x0B08,0x0B0B,0x0B0B,
	0x060B,0x060B,0x0B0B,0x0606,0x0606,0x0606,0x0B0B,0x060B,

	0x0B0B,0x0B08,0x0B08,0x0B0B,0x060B,0x0606,0x0806,0x080D,
	0x040D,0x080D,0x080B,0x0808,0x0B08,0x0606,0x0606,0x0000,
	0x0000,0x0000,0x0000,0x0000,0x0606,0x0606,0x0006,0x0000,
	0x0606,0x0000,0x0006,0x0000,0x0000,0x0000,0x0000,0x0000,
	0x0000,0x0006,0x0000,0x0006,0x0000,0x0B06,0x0606,0x0B08,
	0x060B,0x0B0B,0x0B0B,0x060B,0x0B0B,0x0606,0x040B,0x0D0D,
	0x0D08,0x0808,0x0408,0x0404,0x0404,0x0404,0x0404,0x0D04,
	0x0D0D,0x040D,0x0D0D,0x0105,0x0101,0x0101,0x0101,0x0505,

	0x0105,0x0501,0x0103,0x0501,0x0505,0x0501,0x0505,0x0D03,
	0x0F0F,0x0F0F,0x0F0F,0x0101,0x0505,0x0505,0x0501,0x0101,
	0x0101,0x0101,0x0101,0x0101,0x0101,0x0101,0x0F0F,0x0202,
	0x0202,0x0202,0x0202,0x0202,0x0202,0x0202,0x0202,0x0F02,
	0x0202,0x020F,0x0202,0x0202,0x0F02,0x0404,0x0404,0x0404,
	0x0404,0x0404,0x0D0D,0x0D04,0x0B08,0x0B08,0x0B0B,0x0B08,
	0x060B,0x0B0B,0x0B0B,0x0606,0x0B0B,0x060B,0x0606,0x060B,
	0x0B0B,0x0B06,0x0608,0x0B06,0x060B,0x0606,0x0B06,0x080D,

	0x0D08,0x0808,0x0B08,0x080B,0x0B08,0x0B0B,0x0606,0x0000,
	0x0000,0x0000,0x0000,0x0006,0x0606,0x0606,0x0000,0x0000,
	0x0600,0x0606,0x0006,0x0000,0x0000,0x0000,0x0600,0x0000,
	0x0000,0x0000,0x0000,0x0600,0x0600,0x0B0B,0x0606,0x0B0B,
	0x0B0B,0x080B,0x0B0B,0x0606,0x060B,0x0606,0x0808,0x0D06,
	0x080D,0x0D04,0x040A,0x0404,0x0404,0x0D04,0x0404,0x040D,
	0x0404,0x030C,0x0303,0x0C03,0x0303,0x030C,0x0303,0x0303,
	0x0303,0x0303,0x0101,0x0303,0x0303,0x0303,0x0303,0x0F01,

	0x0F0F,0x0F0F,0x0F0F,0x0101,0x0101,0x0101,0x0101,0x0101,
	0x0101,0x0101,0x0101,0x0101,0x0101,0x0101,0x0200,0x0202,
	0x0202,0x0F0F,0x0F02,0x0F0F,0x0F0F,0x0202,0x0202,0x0D02,
	0x0D0F,0x0F0D,0x0F02,0x0F0F,0x0F0F,0x020F,0x0F02,0x0404,
	0x0404,0x0404,0x0D04,0x0D0D,0x0D0D,0x0B0B,0x0B06,0x0B0B,
	0x0B06,0x060B,0x0B0B,0x060B,0x0B06,0x0606,0x0D06,0x0808,
	0x0B08,0x000B,0x0606,0x0000,0x0606,0x0606,0x0806,0x080B,
	0x0808,0x0808,0x0808,0x0B0B,0x0B0B,0x0B0B,0x0606,0x0000,

	0x0000,0x0000,0x0000,0x0606,0x0600,0x0006,0x0000,0x0006,
	0x0000,0x0600,0x0606,0x0000,0x0000,0x0000,0x0000,0x0000,
	0x0000,0x0000,0x0000,0x0000,0x0000,0x060B,0x0B06,0x0B06,
	0x0804,0x0B0B,0x0B0B,0x0B0B,0x060B,0x0606,0x0606,0x0606,
	0x0D04,0x0404,0x0404,0x0404,0x0404,0x0D04,0x0404,0x0404,
	0x0D04,0x0101,0x0101,0x0505,0x0505,0x0C05,0x050C,0x0505,
	0x0105,0x0301,0x0105,0x0505,0x0505,0x0505,0x0305,0x0F0F,
	0x0F0F,0x0F0F,0x0C05,0x0C0C,0x0C0C,0x0C0C,0x0505,0x050C,

	0x0505,0x0C05,0x0C0C,0x0503,0x050C,0x0C05,0x0C0C,0x0F0F,
	0x0F02,0x0202,0x0202,0x0202,0x0202,0x0202,0x0202,0x0202,
	0x0F0F,0x0F0F,0x0F02,0x020D,0x0202,0x0202,0x0202,0x0404,
	0x0404,0x0404,0x040D,0x0D04,0x0404,0x0B0B,0x0B0B,0x060B,
	0x0B06,0x0B06,0x0B06,0x0606,0x0606,0x0606,0x0806,0x0D08,
	0x0808,0x0000,0x0600,0x0600,0x0600,0x0006,0x0B06,0x0D0B,
	0x080D,0x0B0B,0x0B0B,0x060B,0x060B,0x0606,0x0000,0x0000,
	0x0000,0x0000,0x0000,0x0B0B,0x0606,0x0606,0x0000,0x0000,

	0x0006,0x0006,0x0000,0x0000,0x0000,0x0600,0x0000,0x0000,
	0x0000,0x0000,0x0000,0x0000,0x0600,0x0606,0x0B06,0x080B,
	0x0D0D,0x0808,0x0808,0x0608,0x0606,0x060B,0x0B06,0x0606,
	0x0D04,0x0404,0x0404,0x0404,0x0404,0x0404,0x0404,0x0404,
	0x050D,0x0505,0x0505,0x0105,0x0505,0x0505,0x0505,0x0101,
	0x0505,0x0105,0x0101,0x0101,0x0101,0x0101,0x0F05,0x0F0F,
	0x0F0F,0x0F0F,0x0101,0x0101,0x0101,0x0101,0x0505,0x0101,
	0x0101,0x0101,0x0505,0x0505,0x0505,0x0505,0x0105,0x020F,

	0x0202,0x0202,0x0202,0x0202,0x0202,0x0202,0x0202,0x0202,
	0x0F02,0x0F02,0x020F,0x0F02,0x0202,0x0202,0x0202,0x0D02,
	0x0404,0x0D04,0x0D04,0x0408,0x0D0D,0x080B,0x0B0B,0x0B0B,
	0x0606,0x0606,0x0606,0x0B06,0x0606,0x060B,0x0D06,0x080B,
	0x0D0D,0x0008,0x0600,0x0000,0x0600,0x0000,0x0606,0x0D08,
	0x0B08,0x080B,0x0608,0x0B0B,0x0B0B,0x0606,0x0000,0x0000,
	0x0000,0x0000,0x0000,0x0B0B,0x0606,0x0000,0x0006,0x0000,
	0x0006,0x0000,0x0000,0x0000,0x0000,0x0606,0x0000,0x0006,

	0x0B06,0x0606,0x0000,0x0000,0x0000,0x0B06,0x0B08,0x0B08,
	0x0D08,0x0808,0x0808,0x0B08,0x0B06,0x0606,0x0606,0x0606,
	0x0404,0x0404,0x0404,0x0404,0x0404,0x0404,0x0404,0x0404,
	0x0304,0x0505,0x0505,0x0105,0x0501,0x0505,0x0505,0x0505,
	0x0505,0x0103,0x0101,0x0505,0x0505,0x0301,0x0F0C,0x0F0F,
	0x0F0F,0x0F0F,0x0501,0x0505,0x0505,0x0505,0x0501,0x0505,
	0x0505,0x0505,0x0501,0x0501,0x0505,0x0101,0x0505,0x020F,
	0x0202,0x0202,0x0202,0x0202,0x0202,0x0202,0x020D,0x0202,

	0x0F02,0x0F02,0x0F0F,0x020F,0x020F,0x0802,0x0D0D,0x0D02,
	0x0D0D,0x040D,0x0B0B,0x0B0B,0x080B,0x0B0B,0x0B0B,0x0B0B,
	0x0B0B,0x0B0B,0x0606,0x0B0B,0x060B,0x080B,0x0B0B,0x0808,
	0x0B08,0x0608,0x0600,0x0606,0x0000,0x0000,0x000B,0x080B,
	0x0B08,0x080B,0x0B08,0x0B08,0x0B0B,0x0006,0x0606,0x0000,
	0x0000,0x0000,0x0000,0x0600,0x0006,0x0000,0x0000,0x0606,
	0x0000,0x0606,0x0006,0x0000,0x0000,0x0000,0x0000,0x0606,
	0x0606,0x0600,0x0006,0x0000,0x0000,0x0B00,0x0808,0x0808,

	0x0B08,0x0B0B,0x0808,0x0B08,0x0606,0x0B06,0x0606,0x060B,
	0x0406,0x0404,0x0804,0x0404,0x0404,0x0404,0x0A04,0x0A04,
	0x050A,0x0105,0x0101,0x0101,0x0501,0x0505,0x0105,0x0101,
	0x0C01,0x0101,0x0505,0x0505,0x0501,0x0505,0x0F0C,0x0F0F,
	0x0F0F,0x0F0F,0x0101,0x0501,0x0501,0x0505,0x0505,0x0105,
	0x0101,0x0101,0x0105,0x0105,0x0505,0x0101,0x0501,0x0202,
	0x0202,0x0202,0x0202,0x0202,0x0D0D,0x0D0D,0x020D,0x0202,
	0x0202,0x0D02,0x0F0F,0x0F02,0x020D,0x0D0D,0x0D04,0x0808,

	0x040D,0x0B0D,0x0B06,0x080B,0x0B0B,0x0B0B,0x0B0B,0x0B0B,
	0x0B0B,0x0B0B,0x0606,0x0606,0x0608,0x0808,0x0808,0x0B08,
	0x0606,0x0600,0x0000,0x0000,0x0000,0x0000,0x0000,0x0600,
	0x0B06,0x0808,0x0808,0x0B0B,0x0006,0x0600,0x0600,0x0000,
	0x0000,0x0000,0x0000,0x0000,0x0600,0x0000,0x0000,0x0006,
	0x0000,0x0600,0x0000,0x0000,0x0000,0x0600,0x0B06,0x0006,
	0x0600,0x0606,0x0000,0x0000,0x0000,0x0000,0x0808,0x0808,
	0x080B,0x0B08,0x0B06,0x0B0B,0x0606,0x0606,0x0B06,0x060B,

	0x0D08,0x0D0B,0x0608,0x0B06,0x040D,0x0404,0x0A04,0x0404,
	0x0509,0x0105,0x0105,0x0104,0x0101,0x0101,0x0105,0x0505,
	0x0305,0x0505,0x0505,0x0505,0x050C,0x030C,0x0F0F,0x0F0F,
	0x0F0F,0x0F0F,0x0501,0x0505,0x0505,0x050C,0x0505,0x0505,
	0x0501,0x0505,0x0105,0x0505,0x0105,0x0505,0x0505,0x0202,
	0x0202,0x0202,0x0202,0x0202,0x0D0D,0x0D0D,0x0D0D,0x0202,
	0x0202,0x0F02,0x0F02,0x0202,0x0D02,0x040D,0x0D0D,0x0D08,
	0x0D0D,0x0806,0x0B0B,0x0B08,0x0B0B,0x0B0B,0x0B0B,0x0B0B,

	0x0B06,0x0B0B,0x0606,0x0606,0x0B06,0x0B08,0x0808,0x0808,
	0x0006,0x0606,0x0000,0x0606,0x0606,0x0000,0x0000,0x0600,
	0x0B06,0x0808,0x0B08,0x0606,0x0000,0x0606,0x000B,0x0000,
	0x0000,0x0000,0x0000,0x0000,0x0000,0x0000,0x0000,0x0000,
	0x0000,0x0000,0x0000,0x0006,0x0000,0x0600,0x0606,0x0006,
	0x0000,0x0000,0x0000,0x0000,0x0000,0x0B06,0x0B0B,0x0808,
	0x0B08,0x0808,0x0808,0x0B0B,0x0606,0x0B06,0x0B0B,0x0606,
	0x0B0D,0x060B,0x0B0B,0x0606,0x040B,0x0404,0x0404,0x0404,

	0x0C0C,0x0C03,0x0404,0x0404,0x0404,0x0303,0x0303,0x0303,
	0x0103,0x0C01,0x0C0C,0x0C03,0x0505,0x0F03,0x0D0F,0x0D0F,
	0x020F,0x0F0F,0x0101,0x0101,0x0101,0x0501,0x0105,0x0101,
	0x0401,0x0404,0x0404,0x0404,0x0105,0x0101,0x0101,0x0202,
	0x0202,0x0202,0x0202,0x0D0D,0x0D0D,0x0D0D,0x080D,0x0D02,
	0x0202,0x0202,0x0F0F,0x0202,0x0D0D,0x0D0D,0x0D0D,0x0D08,
	0x0D0D,0x0B08,0x0B0B,0x080B,0x0B0B,0x0606,0x0B06,0x0B0B,
	0x0B06,0x0606,0x060B,0x0B06,0x0B08,0x0808,0x0808,0x0808,

	0x0006,0x0606,0x0600,0x0006,0x0000,0x0600,0x0000,0x0000,
	0x0808,0x0808,0x0008,0x0000,0x0000,0x0600,0x0006,0x0000,
	0x0000,0x0000,0x0000,0x0000,0x0000,0x0000,0x0000,0x0000,
	0x0000,0x0000,0x0000,0x0000,0x0000,0x0600,0x0606,0x0600,
	0x0006,0x0000,0x0000,0x0000,0x0000,0x080B,0x0808,0x0808,
	0x0808,0x080D,0x0808,0x0B08,0x0B0B,0x0B06,0x060B,0x0B06,
	0x0608,0x0606,0x0B06,0x0606,0x0406,0x0D0D,0x0D04,0x0404,
	0x0404,0x0409,0x0404,0x0404,0x0404,0x0C04,0x0505,0x0505,

	0x0C03,0x0501,0x0505,0x0505,0x0505,0x0F03,0x0F0F,0x0F0F,
	0x0F0F,0x0501,0x090C,0x0C03,0x0C0C,0x030C,0x0C03,0x050C,
	0x0404,0x0404,0x0404,0x040D,0x0309,0x0303,0x0303,0x020F,
	0x0D0F,0x020F,0x0D0F,0x0D0D,0x040D,0x0808,0x080D,0x0D0D,
	0x080D,0x0202,0x0202,0x0D02,0x040D,0x0D0D,0x0D04,0x0D0D,
	0x080D,0x0B0B,0x0B06,0x0B08,0x0B0B,0x060B,0x0B06,0x0606,
	0x060B,0x0606,0x0606,0x0806,0x0B0D,0x0808,0x0B08,0x0608,
	0x0606,0x0000,0x0000,0x0000,0x0000,0x0600,0x0006,0x0606,

	0x0808,0x0000,0x0000,0x0000,0x0000,0x0000,0x0000,0x0000,
	0x0000,0x0000,0x0000,0x0000,0x0000,0x0000,0x0000,0x0000,
	0x0000,0x0000,0x0006,0x0000,0x0000,0x0000,0x0606,0x0606,
	0x0006,0x0000,0x0000,0x0000,0x0000,0x060B,0x060B,0x080B,
	0x0808,0x0802,0x0808,0x0B08,0x0808,0x0B04,0x0B0B,0x0606,
	0x0606,0x0606,0x0606,0x0B06,0x0B06,0x0806,0x040D,0x0404,
	0x0404,0x0404,0x0A0D,0x0404,0x040A,0x0504,0x0505,0x0C05,
	0x0101,0x0C0C,0x050C,0x0505,0x0305,0x0F01,0x0F0F,0x0F0F,

	0x0F02,0x0101,0x0401,0x0404,0x010D,0x0505,0x0505,0x0105,
	0x0404,0x0A04,0x0404,0x0404,0x050D,0x0101,0x0D01,0x0501,
	0x0202,0x0202,0x0D0F,0x0D0D,0x040D,0x0D0D,0x0D0D,0x0D0D,
	0x020D,0x0208,0x0808,0x0D0D,0x0D04,0x0D04,0x0D04,0x080D,
	0x080D,0x0608,0x0B06,0x0B0B,0x0B0B,0x060B,0x0606,0x0606,
	0x0606,0x0606,0x0606,0x0B06,0x0B0B,0x0B0B,0x0808,0x0B0B,
	0x0B08,0x0006,0x0000,0x0006,0x0600,0x0000,0x0600,0x0606,
	0x0000,0x0000,0x0006,0x0000,0x0006,0x0000,0x0000,0x0000,

	0x0000,0x0000,0x0000,0x0000,0x0600,0x0000,0x0000,0x0000,
	0x0006,0x0000,0x0000,0x0000,0x0000,0x0606,0x0000,0x0006,
	0x0006,0x0000,0x0000,0x0000,0x0600,0x000B,0x0000,0x0B00,
	0x080B,0x060B,0x0B08,0x080B,0x0D0D,0x0404,0x0808,0x060B,
	0x0606,0x060B,0x0606,0x0606,0x060B,0x0D0B,0x0404,0x0404,
	0x0404,0x0404,0x040D,0x0404,0x040A,0x0904,0x0104,0x0301,
	0x0105,0x0101,0x0501,0x0101,0x0C01,0x0F0F,0x0F0F,0x0F0F,
	0x0F0F,0x0401,0x0404,0x0404,0x0404,0x0105,0x030B,0x0404,

	0x0404,0x0404,0x0404,0x0404,0x0504,0x0401,0x0D0D,0x0D08,
	0x0208,0x0202,0x0D0D,0x0D04,0x0D0D,0x080D,0x0808,0x080D,
	0x080D,0x0B02,0x080B,0x0D08,0x0D0D,0x0D0D,0x0D0D,0x0D0D,
	0x0404,0x0B04,0x0606,0x0B0B,0x0B0B,0x0606,0x040B,0x0804,
	0x0606,0x0B0B,0x0606,0x0606,0x0B0B,0x080B,0x0B08,0x0B08,
	0x080B,0x0006,0x0000,0x0606,0x0000,0x0000,0x0606,0x0000,
	0x0000,0x0000,0x0000,0x0000,0x0600,0x0000,0x0000,0x0600,
	0x0606,0x060B,0x0000,0x0000,0x0000,0x0000,0x0000,0x0000,

	0x060B,0x0006,0x0000,0x0000,0x0600,0x0606,0x0606,0x0606,
	0x0000,0x0000,0x0000,0x0000,0x060B,0x0000,0x0000,0x0B00,
	0x0B00,0x080B,0x0808,0x080D,0x0808,0x080D,0x0808,0x0B08,
	0x0606,0x060B,0x0606,0x0606,0x060B,0x0406,0x0404,0x0404,
	0x0404,0x0404,0x0404,0x0404,0x040A,0x0404,0x0404,0x010C,
	0x0101,0x0101,0x0105,0x0505,0x050C,0x0F0F,0x0F0D,0x0F0F,
	0x0D0D,0x0404,0x0404,0x0404,0x0404,0x0404,0x040D,0x0404,
	0x0404,0x0404,0x0404,0x0404,0x0804,0x0D0D,0x0D0D,0x0D0D,

	0x080D,0x0202,0x0D0D,0x0D0D,0x040D,0x080D,0x0808,0x0D0D,
	0x0808,0x0208,0x0808,0x0D0D,0x0D08,0x0D0D,0x0D0D,0x0D0D,
	0x0B04,0x0B0B,0x0B0B,0x060B,0x0B0B,0x0B06,0x0D04,0x0D04,
	0x0408,0x0B08,0x0608,0x0606,0x0B0B,0x0B0B,0x080B,0x080B,
	0x0608,0x0006,0x0600,0x0000,0x0000,0x0000,0x0000,0x0000,
	0x0000,0x0000,0x0000,0x0000,0x0600,0x0B06,0x0000,0x0B06,
	0x0606,0x0B06,0x0606,0x0000,0x0000,0x0000,0x0000,0x0000,
	0x060B,0x0606,0x0000,0x0000,0x0600,0x0606,0x0006,0x0600,

	0x0000,0x0000,0x0000,0x0000,0x0000,0x0000,0x0000,0x0000,
	0x0000,0x0800,0x0808,0x080D,0x0D04,0x040D,0x0808,0x060B,
	0x0606,0x0B06,0x060B,0x060B,0x0606,0x080B,0x0404,0x0A04,
	0x0404,0x0404,0x0404,0x040D,0x0404,0x0404,0x0404,0x0109,
	0x0505,0x0101,0x0105,0x0505,0x0D0C,0x0D0D,0x0D04,0x0F0D,
	0x0D04,0x0404,0x0404,0x0404,0x0404,0x0404,0x040D,0x0404,
	0x0404,0x0404,0x0404,0x0D04,0x0D0D,0x0D0D,0x080D,0x0D0D,
	0x0808,0x080D,0x0D04,0x0D04,0x0D0D,0x080D,0x080D,0x040D,

	0x080D,0x080D,0x0808,0x0808,0x0D08,0x0D0D,0x0D04,0x0D0D,
	0x0B06,0x0B0B,0x0B0B,0x0B0B,0x0B0B,0x0802,0x0D04,0x080D,
	0x040D,0x0D0D,0x0808,0x0606,0x0B0B,0x0606,0x060B,0x0B06,
	0x0606,0x0000,0x0600,0x0600,0x0000,0x0608,0x0600,0x0000,
	0x0000,0x0000,0x0000,0x0000,0x060B,0x020B,0x0B06,0x0606,
	0x0606,0x0006,0x0000,0x0000,0x0000,0x0000,0x0000,0x0000,
	0x0B06,0x0606,0x0006,0x0000,0x0600,0x0006,0x0606,0x0000,
	0x0000,0x0600,0x0006,0x0000,0x0000,0x0000,0x0000,0x0000,

	0x0000,0x0000,0x0806,0x040D,0x0404,0x0D04,0x0D0D,0x080D,
	0x060B,0x0B0B,0x0606,0x0606,0x0606,0x040D,0x0404,0x0404,
	0x040A,0x0A0A,0x040A,0x0404,0x0404,0x0404,0x0404,0x0404,
	0x0505,0x0505,0x0A04,0x0404,0x0D04,0x0D04,0x040D,0x040D,
	0x0404,0x0404,0x0404,0x0404,0x0404,0x0D04,0x0404,0x0404,
	0x0404,0x040D,0x0404,0x0D04,0x0D0D,0x0404,0x0D0D,0x0D0D,
	0x0D0D,0x0D08,0x0404,0x0D0D,0x0808,0x080D,0x0D0D,0x0D0D,
	0x0D08,0x080D,0x0808,0x040D,0x040D,0x040D,0x0404,0x0B0D,

	0x0B0B,0x0B0B,0x0808,0x0B06,0x0D0B,0x040D,0x0404,0x0404,
	0x0D0D,0x040D,0x0808,0x0602,0x060B,0x0006,0x0006,0x0606,
	0x0000,0x0000,0x0000,0x060B,0x0D08,0x0608,0x0B0D,0x0006,
	0x0006,0x0000,0x0600,0x0000,0x080B,0x0B06,0x0B00,0x0606,
	0x0B0B,0x0006,0x0000,0x0000,0x0000,0x0000,0x0000,0x0000,
	0x0B06,0x0006,0x0006,0x0000,0x0600,0x0006,0x0606,0x0000,
	0x0600,0x060B,0x0006,0x0000,0x0000,0x0000,0x0000,0x0000,
	0x0000,0x0000,0x0600,0x0808,0x0808,0x0D0D,0x0D0D,0x080D,

	0x060B,0x0606,0x0606,0x0606,0x0606,0x0404,0x0404,0x0404,
	0x0A04,0x040A,0x0804,0x0404,0x0404,0x0A04,0x0404,0x0404,
	0x0C04,0x0104,0x0404,0x040D,0x0404,0x0A04,0x0A04,0x0A0A,
	0x0404,0x0404,0x0404,0x0A0A,0x0404,0x0404,0x0404,0x0404,
	0x0404,0x0404,0x0404,0x0404,0x0D0D,0x0D04,0x0D08,0x0D08,
	0x0D04,0x0D08,0x0D0D,0x0D04,0x0808,0x080D,0x0808,0x0808,
	0x0808,0x0808,0x0808,0x040D,0x0606,0x0B06,0x0D08,0x0B0B,
	0x0B0B,0x0B0B,0x0B08,0x060B,0x0404,0x0D0D,0x0D0D,0x0D0D,

	0x0D0D,0x0B08,0x080B,0x0606,0x0006,0x0000,0x0006,0x0600,
	0x0000,0x0600,0x0006,0x0808,0x0B0D,0x0808,0x0808,0x020B,
	0x0006,0x0000,0x0000,0x0000,0x0800,0x080B,0x0606,0x0606,
	0x0606,0x000B,0x0000,0x0000,0x0000,0x0006,0x0006,0x0006,
	0x0606,0x0606,0x0606,0x0000,0x0000,0x0606,0x0006,0x0000,
	0x0606,0x0606,0x0606,0x060B,0x0606,0x0000,0x0000,0x0000,
	0x0000,0x0000,0x0000,0x0D08,0x0808,0x0808,0x0B0B,0x0B0B,
	0x060B,0x0606,0x0B06,0x0606,0x0406,0x020D,0x0404,0x0804,

	0x0606,0x0606,0x080B,0x060B,0x0B08,0x0A06,0x0404,0x040A,
	0x0D04,0x0404,0x0A04,0x0404,0x0404,0x0404,0x0404,0x040A,
	0x0A04,0x040A,0x040A,0x0404,0x040D,0x0404,0x0404,0x0404,
	0x0404,0x0404,0x0D04,0x0D0D,0x0D0D,0x0D0D,0x0808,0x0B0D,
	0x0D08,0x0D08,0x040D,0x0D0D,0x080D,0x080D,0x080D,0x0808,
	0x0804,0x0808,0x0808,0x060D,0x060B,0x0B0B,0x0D0B,0x060B,
	0x0B0B,0x0B0B,0x0B0B,0x060B,0x0D0B,0x0808,0x0404,0x0D08,
	0x080D,0x0D0B,0x0208,0x0606,0x0606,0x0000,0x0006,0x0606,

	0x0000,0x0606,0x0006,0x0806,0x0800,0x0608,0x0808,0x0808,
	0x0006,0x0000,0x0000,0x080B,0x060B,0x0B08,0x0606,0x0000,
	0x0600,0x0000,0x0000,0x0000,0x0000,0x0606,0x0000,0x0000,
	0x0606,0x0600,0x0600,0x0006,0x0600,0x0600,0x0000,0x0600,
	0x0606,0x0006,0x0606,0x060B,0x0606,0x0B06,0x0000,0x0600,
	0x0000,0x0000,0x0000,0x0808,0x080D,0x0808,0x080B,0x080B,
	0x060D,0x0B06,0x0606,0x0B06,0x0B06,0x0B0B,0x0D06,0x0606,
	0x0606,0x0606,0x0606,0x0606,0x0606,0x0606,0x0404,0x040A,

	0x0404,0x0404,0x0404,0x040A,0x0404,0x040D,0x0D04,0x0408,
	0x0404,0x0A0A,0x0A04,0x0404,0x0404,0x0404,0x0404,0x0404,
	0x0D0D,0x0D04,0x080D,0x0808,0x0D0D,0x0808,0x0D0D,0x0608,
	0x0606,0x0B06,0x0D0B,0x0808,0x0B0B,0x060B,0x0D08,0x0D08,
	0x080D,0x0808,0x060D,0x060B,0x0B06,0x0B0B,0x0606,0x0606,
	0x080B,0x080B,0x0B0B,0x0B0B,0x0D06,0x0D0D,0x0808,0x0D0D,
	0x0808,0x0D0D,0x0D08,0x060B,0x060B,0x0006,0x0006,0x0006,
	0x0006,0x0600,0x0000,0x0000,0x0000,0x0B00,0x0808,0x0B06,

	0x060B,0x0000,0x0600,0x0208,0x0B02,0x0606,0x0606,0x0606,
	0x0000,0x0000,0x0000,0x0000,0x0000,0x0606,0x0600,0x0000,
	0x0606,0x0000,0x0606,0x0006,0x0600,0x0000,0x0000,0x0606,
	0x0606,0x0606,0x060B,0x0606,0x0606,0x0B06,0x0000,0x0000,
	0x0000,0x0000,0x0600,0x0808,0x0808,0x0B08,0x0D08,0x0808,
	0x080D,0x060B,0x0606,0x0B06,0x0B0B,0x0B0B,0x0206,0x0606,
	0x0606,0x0608,0x0606,0x0606,0x0806,0x0608,0x040D,0x0404,
	0x0404,0x0404,0x0404,0x0404,0x0404,0x0404,0x0404,0x0404,

	0x0404,0x0404,0x0A0A,0x0404,0x0404,0x0D04,0x0D0D,0x0D0D,
	0x0D0D,0x0808,0x0808,0x0808,0x080D,0x0808,0x0B0D,0x0606,
	0x0606,0x0606,0x060B,0x0806,0x0606,0x0606,0x080D,0x0808,
	0x0808,0x0D08,0x060B,0x060B,0x060B,0x0B0B,0x0606,0x0606,
	0x0B06,0x080B,0x060B,0x040B,0x0404,0x0404,0x0D0D,0x080D,
	0x0D0D,0x0B08,0x0B08,0x060B,0x0606,0x0606,0x0006,0x0000,
	0x0000,0x0006,0x0000,0x0000,0x0000,0x0000,0x0200,0x0006,
	0x060B,0x0000,0x0B00,0x0B0B,0x0B0B,0x0B00,0x0606,0x0600,

	0x0000,0x0000,0x0000,0x0000,0x0600,0x0000,0x0600,0x0000,
	0x060B,0x0000,0x0606,0x0606,0x0000,0x0000,0x0B00,0x0606,
	0x0606,0x0006,0x0B00,0x0000,0x0600,0x0606,0x0000,0x0000,
	0x0000,0x0600,0x0008,0x0D08,0x0808,0x0D08,0x080D,0x040D,
	0x0B0B,0x0B0B,0x060B,0x0B0B,0x0B0B,0x0B0B,0x0B0B,0x000B,
	0x0606,0x0606,0x0606,0x0606,0x0606,0x060B,0x0B00,0x0404,
	0x0404,0x040A,0x0404,0x0404,0x040A,0x040A,0x040A,0x0A04,
	0x0404,0x0404,0x080D,0x0804,0x0404,0x0404,0x0D04,0x080D,

	0x0808,0x0808,0x0D08,0x080D,0x0D0D,0x0408,0x080D,0x0606,
	0x060B,0x0606,0x0606,0x0606,0x060B,0x0606,0x0802,0x0808,
	0x080D,0x0D0D,0x060B,0x060B,0x0B0B,0x0606,0x0606,0x0606,
	0x0606,0x060B,0x0808,0x0408,0x0D04,0x0D0D,0x0D0D,0x0808,
	0x0808,0x0808,0x0D08,0x0608,0x0006,0x0000,0x0000,0x0000,
	0x0000,0x0000,0x0006,0x0600,0x0600,0x0000,0x0600,0x0606,
	0x0B06,0x0000,0x0600,0x0B0B,0x060B,0x0606,0x0606,0x0606,
	0x0000,0x0000,0x0600,0x0000,0x0000,0x0000,0x0000,0x0000,

	0x0600,0x0600,0x0606,0x0600,0x0600,0x0000,0x0606,0x0600,
	0x060B,0x0000,0x0000,0x0000,0x0600,0x0606,0x0006,0x0006,
	0x0000,0x0000,0x0D00,0x0808,0x0006,0x0806,0x080D,0x0B0D,
	0x0D0D,0x0808,0x0B08,0x0B08,0x0B0B,0x0B0B,0x0B02,0x0606,
	0x0606,0x0606,0x0606,0x0606,0x0606,0x0606,0x0606,0x040D,
	0x0A04,0x0404,0x0404,0x0A04,0x0A0A,0x0A04,0x0A0A,0x0404,
	0x0A0A,0x0804,0x080D,0x0808,0x0808,0x0404,0x0D04,0x0D0D,
	0x0D08,0x0808,0x0D08,0x0408,0x0D04,0x0B04,0x0B0B,0x0606,

	0x0606,0x0606,0x0606,0x0606,0x0606,0x0606,0x0806,0x0808,
	0x0D0D,0x060D,0x060B,0x0606,0x0B0B,0x0606,0x0B06,0x0606,
	0x0606,0x0606,0x0D0D,0x040D,0x080D,0x0808,0x0808,0x0808,
	0x0608,0x080B,0x080B,0x0608,0x0606,0x0006,0x0600,0x0600,
	0x0000,0x0000,0x0D0D,0x0808,0x0208,0x0006,0x0000,0x0806,
	0x0B0B,0x0006,0x0B00,0x060B,0x060B,0x0B06,0x0606,0x000B,
	0x0000,0x0000,0x0606,0x0000,0x0000,0x0000,0x0000,0x0000,
	0x0000,0x0600,0x0006,0x0006,0x0600,0x0600,0x0606,0x060B,

	0x060B,0x0000,0x0000,0x0000,0x0000,0x0606,0x0000,0x0000,
	0x0000,0x0000,0x0D00,0x0808,0x0000,0x0D00,0x080D,0x080B,
	0x0804,0x0D0D,0x0808,0x0B0B,0x0B0B,0x060B,0x0B06,0x0606,
	0x0606,0x0606,0x0606,0x0B06,0x0606,0x0600,0x0606,0x0406,
	0x0A0A,0x0404,0x0404,0x0A04,0x040A,0x0A04,0x0808,0x0A04,
	0x0A0A,0x080B,0x0808,0x080D,0x0808,0x080B,0x0D0D,0x040D,
	0x0D0D,0x0D08,0x0D0D,0x0D0D,0x060A,0x0B06,0x0606,0x0606,
	0x060B,0x0606,0x0606,0x060B,0x0606,0x0606,0x0406,0x0D04,

	0x080D,0x0608,0x0B0B,0x0606,0x0606,0x0606,0x060B,0x0606,
	0x0B0B,0x0606,0x0806,0x040D,0x0808,0x0808,0x0808,0x0B0D,
	0x080B,0x0B0B,0x0B0B,0x060B,0x0606,0x0006,0x0600,0x0006,
	0x0000,0x0D04,0x080D,0x0808,0x080D,0x0808,0x000B,0x0B06,
	0x0606,0x0006,0x0B00,0x0606,0x0B06,0x0606,0x000B,0x0000,
	0x0000,0x0000,0x0000,0x0000,0x0000,0x0000,0x0000,0x0000,
	0x0000,0x0000,0x060B,0x0606,0x0000,0x0600,0x0606,0x0606,
	0x0000,0x0000,0x0000,0x0000,0x0000,0x0000,0x0000,0x0000,

	0x0000,0x0000,0x0800,0x0008,0x0000,0x0000,0x0006,0x0B00,
	0x0808,0x0808,0x0808,0x0B08,0x0B0B,0x0606,0x060B,0x0606,
	0x0606,0x0600,0x0606,0x0606,0x0606,0x0606,0x0606,0x0406,
	0x0A0A,0x0808,0x0A04,0x040A,0x0A0A,0x0A0A,0x0808,0x0A08,
	0x0B0B,0x0B0B,0x0808,0x0808,0x0808,0x0B08,0x0404,0x0404,
	0x0404,0x0A04,0x0404,0x0D04,0x0B0D,0x0B0B,0x0B06,0x0B06,
	0x0606,0x0606,0x0606,0x0606,0x0B06,0x0B06,0x0606,0x0B06,
	0x0804,0x080D,0x0606,0x0606,0x0606,0x060B,0x0B06,0x0B06,

	0x0606,0x0606,0x0D06,0x0808,0x080D,0x0D04,0x020D,0x0B08,
	0x0B08,0x0808,0x0602,0x060B,0x060B,0x0006,0x0000,0x0006,
	0x0000,0x080D,0x0B08,0x0208,0x0806,0x0B08,0x0606,0x0000,
	0x060B,0x0006,0x0B00,0x0602,0x0600,0x060B,0x0000,0x0000,
	0x0000,0x0000,0x0000,0x0000,0x0000,0x0000,0x0600,0x0000,
	0x0000,0x0000,0x0606,0x0600,0x0000,0x0600,0x0606,0x0006,
	0x0000,0x0000,0x0000,0x0000,0x0000,0x0000,0x0000,0x0000,
	0x0000,0x0000,0x0600,0x0808,0x0000,0x0006,0x0000,0x0800,

	0x0D0D,0x0B08,0x0808,0x0B0B,0x060B,0x0606,0x0606,0x0606,
	0x0606,0x0B06,0x0606,0x0606,0x0606,0x0606,0x0606,0x0406,
	0x080A,0x040D,0x0D0D,0x0A0A,0x0404,0x0D08,0x0808,0x0808,
	0x0808,0x0808,0x0808,0x0808,0x0808,0x0808,0x0404,0x0404,
	0x0A04,0x0404,0x0404,0x0404,0x0B0B,0x0B0B,0x0606,0x0606,
	0x0606,0x0606,0x0606,0x060B,0x0606,0x0606,0x0606,0x0606,
	0x0606,0x0D0D,0x060B,0x0606,0x0B06,0x0606,0x0606,0x0B06,
	0x060B,0x0606,0x0D06,0x080D,0x080D,0x0D0D,0x080B,0x080B,

	0x0B0B,0x0808,0x0B0B,0x0608,0x0606,0x0000,0x0000,0x0000,
	0x0806,0x0B08,0x0808,0x0B06,0x080B,0x060B,0x0606,0x0006,
	0x0006,0x0006,0x0600,0x0606,0x0606,0x000B,0x0000,0x0606,
	0x0006,0x0000,0x0000,0x0000,0x0000,0x0000,0x0600,0x0000,
	0x0006,0x0000,0x0600,0x0006,0x0000,0x0600,0x0600,0x0000,
	0x0000,0x0000,0x0000,0x0000,0x0000,0x0000,0x0000,0x0000,
	0x0000,0x0000,0x0606,0x0606,0x0000,0x0000,0x0000,0x0806,
	0x0B08,0x0808,0x0808,0x0B0B,0x0606,0x0606,0x0600,0x0806,

	0x0808,0x0B0B,0x0606,0x0606,0x0606,0x0600,0x0606,0x0406,
	0x0808,0x0408,0x0D0D,0x0A0A,0x080A,0x0808,0x0808,0x080B,
	0x0808,0x0808,0x0808,0x080D,0x0808,0x0B08,0x0A04,0x0404,
	0x0A04,0x040A,0x0A04,0x040A,0x0B0B,0x060B,0x0806,0x0B06,
	0x0606,0x0606,0x060B,0x0606,0x0606,0x0606,0x0606,0x0606,
	0x0606,0x0B06,0x060B,0x0606,0x0606,0x0606,0x0406,0x0B0B,
	0x0808,0x0606,0x0B06,0x0006,0x0D08,0x0B08,0x0D0B,0x0D0D,
	0x0B0B,0x0808,0x0000,0x0000,0x0000,0x0000,0x0000,0x0000,

	0x0D06,0x0008,0x060B,0x080B,0x0B08,0x000B,0x0606,0x0006,
	0x0600,0x0006,0x0600,0x0600,0x0006,0x0000,0x0000,0x0606,
	0x0606,0x0606,0x0000,0x0000,0x0000,0x0000,0x0000,0x0000,
	0x0006,0x0000,0x0000,0x0006,0x0600,0x0600,0x0006,0x0000,
	0x0000,0x0600,0x0B0B,0x0606,0x000B,0x0000,0x0000,0x0000,
	0x0000,0x0000,0x0000,0x0600,0x0000,0x0006,0x0000,0x0B00,
	0x0808,0x080B,0x0808,0x0B08,0x0606,0x0606,0x0006,0x0B06,
	0x0B08,0x0606,0x0606,0x0606,0x0606,0x0006,0x0606,0x0B06,

	0x0D08,0x0D0D,0x0808,0x0404,0x080D,0x080D,0x080B,0x0808,
	0x0808,0x080D,0x0808,0x080D,0x0B08,0x0B08,0x040A,0x0A04,
	0x060B,0x0B06,0x0A06,0x0A04,0x0B04,0x0606,0x060B,0x0606,
	0x0606,0x0606,0x0606,0x0606,0x0606,0x0606,0x0606,0x0606,
	0x0606,0x0806,0x0606,0x0606,0x0606,0x0606,0x080B,0x0808,
	0x0B08,0x0B06,0x0608,0x0606,0x0808,0x060B,0x0808,0x0808,
	0x0B0B,0x000B,0x0000,0x0000,0x0000,0x0000,0x0000,0x0600,
	0x0808,0x0000,0x0008,0x0208,0x0B00,0x060B,0x0606,0x0606,

	0x0000,0x0006,0x0600,0x0600,0x0000,0x0600,0x0606,0x0606,
	0x0606,0x0606,0x060B,0x0000,0x0000,0x0000,0x0000,0x0000,
	0x0000,0x0000,0x0000,0x0000,0x0000,0x0600,0x0006,0x0000,
	0x0000,0x0606,0x0B06,0x060B,0x0B08,0x060B,0x0000,0x0000,
	0x0000,0x0000,0x0000,0x0600,0x0000,0x0000,0x0B00,0x0806,
	0x060B,0x080B,0x0B08,0x0608,0x0606,0x020B,0x0806,0x0608,
	0x0606,0x0B0B,0x0606,0x0606,0x0606,0x0600,0x0606,0x080B,
	0x0808,0x0808,0x0808,0x0B08,0x080B,0x0B08,0x0B08,0x0808,

	0x0808,0x080D,0x0808,0x0808,0x0B08,0x060B,0x0604,0x0606,
	0x060B,0x060B,0x0606,0x0A04,0x0604,0x0B0B,0x0B0B,0x0606,
	0x0606,0x0606,0x0606,0x0606,0x0B06,0x0606,0x0606,0x0606,
	0x0606,0x0606,0x0606,0x0606,0x0606,0x0606,0x0606,0x080B,
	0x0B06,0x0806,0x0608,0x0806,0x0606,0x0B06,0x0808,0x0808,
	0x0B06,0x0006,0x0000,0x0000,0x0000,0x0600,0x0600,0x0B00,
	0x0608,0x0800,0x0006,0x0006,0x0200,0x0606,0x060B,0x0006,
	0x0000,0x0000,0x0600,0x0000,0x0600,0x0B06,0x0602,0x0606,

	0x0000,0x0600,0x0606,0x0000,0x0000,0x0000,0x0000,0x0000,
	0x0000,0x0000,0x0000,0x0000,0x0000,0x0000,0x0000,0x0000,
	0x0606,0x0606,0x0606,0x0B00,0x060B,0x0B00,0x0000,0x0000,
	0x0000,0x0000,0x0000,0x0000,0x0000,0x0000,0x0000,0x0B06,
	0x0000,0x0000,0x0606,0x0606,0x0D06,0x0808,0x0808,0x060B,
	0x0606,0x060B,0x0B06,0x000B,0x0606,0x0006,0x0B06,0x0804,
	0x080B,0x0808,0x0808,0x0808,0x0B08,0x0B08,0x080B,0x0808,
	0x080B,0x0808,0x0808,0x0808,0x0808,0x0608,0x0606,0x0606,

	0x0602,0x0606,0x0B06,0x0408,0x0B06,0x0606,0x0606,0x0606,
	0x0606,0x0606,0x0606,0x0B06,0x0606,0x0804,0x0B06,0x0608,
	0x0606,0x0606,0x0606,0x0606,0x0606,0x0606,0x0808,0x0B08,
	0x0606,0x0B0B,0x0808,0x0B0B,0x0606,0x0B0B,0x080B,0x0B08,
	0x060B,0x000B,0x0000,0x0000,0x0000,0x0600,0x0000,0x0000,
	0x0000,0x0000,0x0000,0x0000,0x0000,0x0000,0x0606,0x0006,
	0x0000,0x0000,0x0000,0x0000,0x0B00,0x0606,0x0606,0x0606,
	0x0606,0x0006,0x0006,0x0000,0x0000,0x0000,0x0606,0x0000,

	0x0000,0x0000,0x0000,0x0000,0x0000,0x0000,0x0000,0x0600,
	0x0606,0x0606,0x0606,0x0000,0x0606,0x0B06,0x0008,0x0000,
	0x0000,0x0000,0x0006,0x0000,0x0000,0x0000,0x0000,0x0000,
	0x0000,0x0006,0x0606,0x0606,0x080B,0x080D,0x0D08,0x0608,
	0x0600,0x0808,0x0808,0x0B0D,0x0606,0x0000,0x0B06,0x0D0D,
	0x080D,0x0808,0x0808,0x0808,0x0B0B,0x080B,0x0B08,0x0B0B,
	0x060B,0x0808,0x0808,0x0808,0x0B0B,0x0606,0x0606,0x0606,
	0x0606,0x0606,0x0606,0x0606,0x0606,0x0606,0x0606,0x0B08,

	0x0606,0x0606,0x0606,0x0606,0x0404,0x0D04,0x0B08,0x060B,
	0x0606,0x0606,0x060B,0x0B08,0x0B0B,0x0806,0x0D0D,0x080D,
	0x0806,0x0808,0x0B08,0x060B,0x0B08,0x0B06,0x0B0B,0x0B0B,
	0x0608,0x0606,0x0006,0x0000,0x0000,0x0000,0x0000,0x0000,
	0x0000,0x0000,0x0000,0x0000,0x0000,0x0000,0x0B08,0x0B06,
	0x0000,0x0000,0x0000,0x0000,0x0600,0x0006,0x0606,0x0606,
	0x0606,0x060B,0x0606,0x0000,0x0000,0x0000,0x0006,0x0000,
	0x0000,0x0000,0x0000,0x0000,0x0000,0x0000,0x0006,0x0006,

	0x0606,0x0000,0x0606,0x0B06,0x0006,0x0606,0x0606,0x0000,
	0x0000,0x0000,0x0000,0x0000,0x0000,0x0000,0x0000,0x0000,
	0x0000,0x0600,0x060B,0x0806,0x0D08,0x0D0D,0x080B,0x080B,
	0x0606,0x0608,0x080D,0x080B,0x0608,0x0606,0x0B00,0x0B08,
	0x0B08,0x0808,0x0808,0x0B08,0x0B0B,0x0B0B,0x0B0B,0x0B0B,
	0x0B0B,0x0B0B,0x080B,0x0808,0x0B0B,0x0606,0x0606,0x0606,
	0x000B,0x0606,0x0606,0x0B06,0x0606,0x0B06,0x0606,0x0606,
	0x0606,0x0606,0x0606,0x0806,0x0D0D,0x0D0D,0x0608,0x0B06,

	0x0606,0x0606,0x0D0B,0x0808,0x0D08,0x0206,0x0B08,0x0808,
	0x0B0B,0x0B0B,0x0B0B,0x0B0B,0x0B06,0x060B,0x0000,0x080B,
	0x0B0B,0x0606,0x0006,0x0600,0x0000,0x0000,0x0000,0x0000,
	0x0000,0x0000,0x0006,0x0000,0x0000,0x0000,0x0000,0x0606,
	0x0600,0x0606,0x0006,0x0006,0x0000,0x0000,0x0600,0x0606,
	0x0606,0x0606,0x0600,0x0606,0x0000,0x0000,0x0600,0x0000,
	0x0000,0x0000,0x0000,0x0000,0x0000,0x0000,0x0600,0x0000,
	0x0000,0x0000,0x0606,0x0600,0x0B06,0x0B08,0x0006,0x0000,

	0x0000,0x0000,0x0000,0x0000,0x0000,0x0000,0x0B00,0x0000,
	0x0000,0x0600,0x0B08,0x0B02,0x0B08,0x080D,0x0608,0x0B08,
	0x0808,0x0B0B,0x0608,0x0B0B,0x060B,0x0606,0x0600,0x0606,
	0x0606,0x0806,0x0808,0x080B,0x060B,0x0606,0x0B06,0x0B0B,
	0x0608,0x0B06,0x0B06,0x0806,0x060B,0x060B,0x0606,0x0B06,
	0x0606,0x0606,0x0606,0x0606,0x060B,0x0606,0x0B06,0x0606,
	0x0606,0x0606,0x0804,0x0808,0x0D04,0x080B,0x060B,0x060B,
	0x0606,0x0606,0x0608,0x0D0B,0x080D,0x0B0B,0x0B06,0x080B,

	0x0808,0x060B,0x060B,0x0606,0x0B00,0x0006,0x0000,0x0B06,
	0x0B0B,0x0606,0x0000,0x0606,0x0000,0x0000,0x0000,0x0000,
	0x0000,0x0000,0x0000,0x0000,0x0006,0x0000,0x0000,0x0000,
	0x0B06,0x0006,0x0606,0x0606,0x0006,0x0000,0x0000,0x0000,
	0x0000,0x060B,0x0606,0x060B,0x0000,0x0000,0x0000,0x0000,
	0x0000,0x0006,0x0000,0x0000,0x0000,0x0000,0x0600,0x0000,
	0x0000,0x0000,0x0606,0x0600,0x0600,0x0606,0x060B,0x0006,
	0x0000,0x0000,0x0000,0x0000,0x0000,0x0600,0x0000,0x0000,

	0x0800,0x0B0B,0x0B02,0x080B,0x0808,0x0000,0x0806,0x080B,
	0x080B,0x080B,0x080B,0x0B08,0x0B0B,0x0606,0x0606,0x0B06,
	0x0606,0x0B06,0x0804,0x0B0B,0x0B0B,0x0606,0x0B0B,0x080B,
	0x0B08,0x0B0B,0x0B0B,0x0606,0x0606,0x0606,0x0606,0x0B0B,
	0x0606,0x0606,0x0606,0x0606,0x0606,0x0B06,0x060B,0x0B0B,
	0x0B0B,0x0806,0x0D08,0x080D,0x0D0D,0x0B08,0x0D08,0x0808,
	0x0608,0x060B,0x080B,0x0808,0x080D,0x0808,0x060B,0x0808,
	0x0B08,0x0B0B,0x060B,0x0006,0x0000,0x0000,0x0000,0x0600,

	0x020B,0x0606,0x0600,0x0006,0x0000,0x0000,0x0000,0x0000,
	0x0000,0x0000,0x0806,0x0606,0x0B06,0x0606,0x0000,0x0600,
	0x0606,0x0606,0x0600,0x0606,0x0600,0x0000,0x0000,0x0000,
	0x0000,0x0006,0x0606,0x0606,0x0000,0x0000,0x0000,0x0000,
	0x0000,0x0606,0x0006,0x0606,0x0600,0x0000,0x0000,0x0000,
	0x0000,0x0000,0x0000,0x0600,0x0006,0x0606,0x0B0B,0x000B,
	0x0000,0x0000,0x0600,0x0806,0x0006,0x0000,0x0000,0x0600,
	0x080B,0x0B0B,0x080B,0x0202,0x0000,0x0606,0x0600,0x0B0B,

	0x0606,0x0808,0x0B0B,0x060B,0x060B,0x0606,0x0606,0x0606,
	0x0B06,0x0606,0x0B06,0x080B,0x0B0B,0x0606,0x040B,0x0D04,
	0x0D0D,0x060D,0x0B0B,0x0606,0x0606,0x0606,0x0606,0x0B0B,
	0x0606,0x0606,0x0606,0x0606,0x0606,0x0606,0x0B06,0x0606,
	0x0606,0x0D0B,0x0D04,0x0D08,0x0804,0x0D08,0x080D,0x0808,
	0x0608,0x0608,0x080B,0x080D,0x080B,0x080B,0x0608,0x0B0B,
	0x0608,0x0606,0x0606,0x0000,0x0000,0x0000,0x0000,0x0600,
	0x0806,0x000B,0x0600,0x0006,0x0000,0x0000,0x0606,0x0000,

	0x0000,0x080B,0x060B,0x0808,0x0206,0x060B,0x0006,0x0000,
	0x0000,0x0000,0x0600,0x0B0B,0x0606,0x0000,0x0000,0x0000,
	0x0000,0x0000,0x060B,0x0606,0x0006,0x0000,0x0000,0x0000,
	0x0000,0x0600,0x0606,0x0000,0x0606,0x0000,0x0000,0x0000,
	0x0000,0x0000,0x0000,0x0000,0x0006,0x0B0B,0x0606,0x0006,
	0x0000,0x0000,0x0600,0x060B,0x0B0B,0x0000,0x0000,0x0600,
	0x060B,0x0206,0x060B,0x0B00,0x0000,0x0000,0x0000,0x060B,
	0x0606,0x080B,0x060B,0x0B06,0x0B0B,0x0B06,0x0606,0x0606,

	0x0606,0x0606,0x0B06,0x0B0B,0x0808,0x0808,0x080B,0x040D,
	0x0404,0x0408,0x040B,0x0608,0x0606,0x0606,0x0B06,0x0606,
	0x0B0B,0x0606,0x0606,0x0606,0x0606,0x0606,0x0B06,0x0606,
	0x0606,0x0806,0x0D08,0x0D08,0x0B04,0x0D08,0x040D,0x0B08,
	0x0000,0x0000,0x0000,0x060B,0x0000,0x060B,0x0B06,0x0B08,
	0x080B,0x0B0B,0x0000,0x0000,0x0000,0x0000,0x0000,0x0000,
	0x0B00,0x0000,0x0606,0x0006,0x0000,0x0000,0x0000,0x0000,
	0x0600,0x0B08,0x0B08,0x0B06,0x0606,0x0B06,0x0006,0x0B0B,

	0x0B08,0x0008,0x0B00,0x0606,0x0606,0x0000,0x0000,0x0000,
	0x0000,0x0000,0x0000,0x0600,0x000B,0x0000,0x0000,0x0000,
	0x0000,0x0000,0x0000,0x0000,0x0606,0x0000,0x0000,0x0600,
	0x0606,0x0000,0x0000,0x0000,0x0000,0x0B0B,0x0606,0x0006,
	0x0000,0x0000,0x0000,0x0606,0x0B06,0x0006,0x0000,0x0800,
	0x060B,0x0006,0x0000,0x0000,0x0000,0x0000,0x0000,0x0600,
	0x0B0B,0x0806,0x0608,0x0B06,0x060B,0x0808,0x0D08,0x060B,
	0x0606,0x060B,0x0606,0x0B0B,0x080B,0x0404,0x0D0D,0x0D0D,

	0x0D04,0x0804,0x0808,0x0B0D,0x060B,0x0606,0x0B06,0x0606,
	0x0606,0x0606,0x0606,0x0606,0x0606,0x0D06,0x0B08,0x060B,
	0x0608,0x0B0B,0x0808,0x040D,0x0D04,0x0408,0x0D04,0x0608,
	0x0006,0x0000,0x0000,0x0000,0x0000,0x0000,0x0B0B,0x080B,
	0x080B,0x000B,0x0606,0x0000,0x0000,0x0000,0x0000,0x0000,
	0x0600,0x0000,0x0606,0x0006,0x0000,0x0000,0x0000,0x0000,
	0x0000,0x0000,0x0600,0x0000,0x0B06,0x0606,0x0006,0x0808,
	0x0B08,0x0006,0x0006,0x0606,0x0606,0x0000,0x0000,0x0000,

	0x0000,0x0000,0x0000,0x0000,0x0000,0x0000,0x0000,0x0000,
	0x0600,0x0606,0x0606,0x0000,0x0006,0x0000,0x0000,0x0000,
	0x0600,0x0606,0x0000,0x0000,0x0000,0x0600,0x0606,0x0006,
	0x0000,0x0000,0x0000,0x0600,0x060B,0x060B,0x0000,0x0600,
	0x0606,0x0600,0x0000,0x0000,0x0000,0x0000,0x0000,0x0000,
	0x0606,0x080B,0x0D08,0x040D,0x080B,0x0D04,0x0D08,0x080D,
	0x0606,0x0B08,0x0B0B,0x060B,0x040B,0x0D04,0x0D04,0x080D,
	0x0808,0x0D0D,0x0D08,0x0408,0x0608,0x0606,0x0B06,0x0606,

	0x0B06,0x0606,0x0606,0x0606,0x0606,0x0D04,0x080D,0x0808,
	0x0606,0x060B,0x0D0B,0x0D08,0x0408,0x0B08,0x0D08,0x000B,
	0x0006,0x0000,0x0000,0x0000,0x0000,0x0000,0x0600,0x0B0B,
	0x080B,0x0006,0x0000,0x0000,0x0000,0x0000,0x0000,0x0000,
	0x0000,0x0000,0x060B,0x0000,0x0000,0x0000,0x0000,0x0000,
	0x0808,0x0808,0x0B08,0x0B02,0x060B,0x0006,0x0000,0x0606,
	0x0B0B,0x0002,0x060B,0x0B00,0x0006,0x0000,0x0000,0x0000,
	0x0000,0x0006,0x0000,0x0000,0x0000,0x0000,0x0000,0x0000,

	0x0606,0x0006,0x0006,0x0606,0x0606,0x0000,0x0000,0x0000,
	0x0000,0x0606,0x0000,0x0006,0x0000,0x0000,0x0006,0x000B,
	0x0000,0x0000,0x0000,0x0000,0x0600,0x0B06,0x0000,0x0B06,
	0x0B06,0x0000,0x0000,0x0000,0x0000,0x0006,0x0000,0x0000,
	0x0600,0x0408,0x0408,0x0D0D,0x0B04,0x0D0D,0x0804,0x0608,
	0x0B06,0x080B,0x060B,0x0608,0x0D06,0x0D04,0x0D08,0x0804,
	0x0D08,0x0B08,0x0D02,0x0D04,0x080D,0x0606,0x060B,0x0B06,
	0x060B,0x0606,0x0606,0x0606,0x0606,0x0D0D,0x0808,0x0B08,

	0x0806,0x080D,0x0D0D,0x0D0D,0x080D,0x0808,0x0D08,0x0000,
	0x0000,0x0000,0x0000,0x0000,0x0000,0x0000,0x0000,0x0B00,
	0x0B0B,0x0006,0x0000,0x0000,0x0000,0x0000,0x0600,0x0000,
	0x0000,0x0000,0x000B,0x0B06,0x000B,0x0000,0x0000,0x0200,
	0x0808,0x0608,0x060B,0x080B,0x0008,0x0000,0x0000,0x0B06,
	0x0B0B,0x0B0B,0x0606,0x0600,0x0606,0x0000,0x0600,0x0000,
	0x0000,0x0006,0x0000,0x0000,0x0000,0x0000,0x0000,0x0000,
	0x0006,0x0600,0x0600,0x0000,0x0606,0x0000,0x0000,0x0000,

	0x0000,0x0000,0x0000,0x0606,0x0000,0x0000,0x0000,0x0000,
	0x0000,0x0000,0x0000,0x0000,0x0000,0x0606,0x000B,0x0606,
	0x0B0B,0x0000,0x0000,0x0000,0x0000,0x0006,0x0000,0x0000,
	0x0606,0x0806,0x080D,0x0808,0x0B08,0x080D,0x0B04,0x0408,
	0x0806,0x0B08,0x0808,0x0606,0x0D06,0x0D04,0x0D04,0x0D0D,
	0x0D04,0x0D0D,0x080B,0x0D08,0x0808,0x0606,0x0606,0x060B,
	0x0606,0x060B,0x0606,0x0B06,0x0806,0x080D,0x0808,0x0B0D,
	0x080B,0x0D0D,0x0D0D,0x0808,0x0804,0x0808,0x0B08,0x0006,

	0x0000,0x0600,0x0006,0x0000,0x0000,0x0000,0x0000,0x0B00,
	0x0606,0x0000,0x0000,0x0000,0x0000,0x0000,0x0806,0x0B06,
	0x0000,0x0000,0x0606,0x0600,0x0006,0x0000,0x0000,0x0800,
	0x0B08,0x0808,0x060B,0x0B06,0x000B,0x0000,0x0600,0x060B,
	0x0806,0x0600,0x060B,0x0600,0x0006,0x0000,0x0606,0x0000,
	0x0000,0x0000,0x0000,0x0000,0x0000,0x0000,0x0000,0x0000,
	0x0600,0x0606,0x0606,0x0000,0x0600,0x0000,0x0000,0x0006,
	0x0606,0x0000,0x0006,0x0600,0x0000,0x0000,0x0000,0x0000,

	0x0000,0x0B00,0x0606,0x0000,0x0000,0x0606,0x0006,0x0606,
	0x0006,0x0000,0x0000,0x0B0B,0x080B,0x0008,0x0000,0x0000,
	0x0600,0x060B,0x080D,0x0804,0x0D08,0x080D,0x0D08,0x0D04,
	0x0604,0x060B,0x060B,0x0B06,0x0D04,0x0D08,0x0404,0x0808,
	0x0D0D,0x0D0D,0x080D,0x080B,0x0D0D,0x0608,0x0606,0x0606,
	0x0606,0x0606,0x0606,0x0606,0x0D0D,0x0808,0x0D0D,0x080D,
	0x0D0D,0x0D0D,0x0D08,0x0D08,0x0808,0x0808,0x0408,0x0006,
	0x0000,0x0600,0x0000,0x0000,0x0000,0x0000,0x0000,0x0800,

	0x0602,0x0000,0x0000,0x0000,0x0000,0x0000,0x0600,0x0606,
	0x0006,0x0000,0x0606,0x0600,0x0000,0x0000,0x0000,0x0B0B,
	0x0B08,0x0B08,0x0B08,0x060B,0x0000,0x0000,0x0000,0x0606,
	0x0B0B,0x000B,0x0B0B,0x0006,0x0000,0x0000,0x0606,0x0000,
	0x0000,0x0000,0x0000,0x0000,0x0000,0x0000,0x0000,0x0000,
	0x0600,0x0006,0x0606,0x0006,0x0000,0x0000,0x0000,0x0006,
	0x0606,0x0600,0x0606,0x0000,0x0000,0x0000,0x0000,0x0000,
	0x0000,0x0B06,0x0B0B,0x000B,0x0006,0x0606,0x0006,0x0606,

	0x0006,0x0000,0x0606,0x080B,0x080B,0x0608,0x0606,0x0000,
	0x0D06,0x0808,0x040B,0x080D,0x080B,0x040D,0x0D04,0x0D04,
	0x0608,0x0B06,0x0B06,0x080B,0x0404,0x080D,0x040D,0x040D,
	0x0D04,0x0808,0x0808,0x0B08,0x0808,0x0B0D,0x0606,0x0606,
	0x0606,0x0606,0x0606,0x0606,0x0806,0x0D0D,0x0D08,0x0808,
	0x0D0D,0x0808,0x0D0D,0x0D0D,0x0208,0x0800,0x080B,0x0006,
	0x0000,0x0600,0x0006,0x0606,0x000B,0x0000,0x0000,0x0B00,
	0x0608,0x0000,0x0000,0x0000,0x0000,0x0000,0x0000,0x0600,

	0x060B,0x0000,0x0000,0x0006,0x0000,0x0000,0x0000,0x0606,
	0x0602,0x0608,0x0B08,0x0B0B,0x0000,0x0000,0x0000,0x0B08,
	0x060B,0x060B,0x0606,0x0000,0x0000,0x0000,0x0000,0x0000,
	0x0000,0x0000,0x0000,0x0000,0x0000,0x0000,0x0000,0x0000,
	0x0600,0x0006,0x0606,0x0606,0x0000,0x0000,0x0000,0x0006,
	0x0006,0x0000,0x0000,0x0006,0x0000,0x0000,0x0000,0x0000,
	0x0B06,0x0B0B,0x0B0B,0x060B,0x000B,0x0600,0x0006,0x0606,
	0x0000,0x0000,0x0B06,0x0B06,0x060B,0x0800,0x0606,0x0000,

	0x0800,0x080D,0x0D0D,0x080D,0x0408,0x0808,0x0B08,0x080B,
	0x0606,0x0606,0x0B06,0x0406,0x0404,0x0B0D,0x0606,0x0D08,
	0x0808,0x0B0B,0x0D0B,0x0408,0x080D,0x0608,0x0B06,0x0B06,
	0x0B06,0x080B,0x0808,0x0808,0x0606,0x080B,0x0808,0x0808,
	0x0D08,0x080D,0x0802,0x060B,0x0000,0x0000,0x0006,0x0000,
	0x0000,0x0006,0x0600,0x0006,0x0006,0x0000,0x0000,0x0006,
	0x0000,0x0000,0x0000,0x0000,0x0000,0x0000,0x0000,0x0600,
	0x0606,0x0006,0x0000,0x0606,0x0000,0x0006,0x0000,0x0D0B,

	0x000B,0x0602,0x0006,0x0000,0x0000,0x0000,0x0000,0x0B0B,
	0x0006,0x0B0B,0x0600,0x0006,0x0000,0x0000,0x0000,0x0000,
	0x0000,0x0006,0x0006,0x0000,0x0000,0x0000,0x0000,0x0000,
	0x0000,0x0600,0x0606,0x0600,0x0000,0x0000,0x0000,0x0000,
	0x0000,0x0000,0x0000,0x0000,0x0000,0x0606,0x0000,0x0000,
	0x060B,0x060B,0x060B,0x000B,0x0B06,0x0600,0x0006,0x060B,
	0x0000,0x0606,0x060B,0x0B0B,0x0B08,0x0800,0x080B,0x0000,
	0x0B00,0x0D0D,0x0804,0x0D0D,0x0D04,0x0808,0x0D08,0x0804,

	0x0606,0x0606,0x0606,0x0D08,0x0D0D,0x060D,0x0B0B,0x0B08,
	0x0808,0x0808,0x0804,0x0D08,0x0B0D,0x0606,0x0606,0x0606,
	0x0806,0x0808,0x080D,0x0808,0x0B08,0x0808,0x0D0D,0x0D0D,
	0x080D,0x0808,0x0B08,0x000B,0x0000,0x0600,0x0000,0x0006,
	0x0000,0x0000,0x0600,0x0006,0x0006,0x0000,0x0000,0x0000,
	0x0000,0x0000,0x0000,0x0000,0x0000,0x000B,0x0000,0x0000,
	0x0600,0x0006,0x0600,0x0006,0x0000,0x0000,0x0000,0x0808,
	0x0002,0x0B0B,0x0002,0x0000,0x0000,0x0000,0x0000,0x0600,

	0x0B06,0x0606,0x0006,0x0000,0x0000,0x0000,0x0000,0x0000,
	0x0606,0x0600,0x0000,0x0000,0x0000,0x0000,0x0000,0x0000,
	0x0606,0x0600,0x0006,0x0600,0x0000,0x0000,0x0006,0x0006,
	0x0006,0x0600,0x0006,0x0000,0x0000,0x0606,0x0006,0x0600,
	0x0006,0x0B06,0x0606,0x0606,0x0606,0x0006,0x0006,0x0606,
	0x0600,0x060B,0x060B,0x000B,0x0006,0x0000,0x0B00,0x0006,
	0x0000,0x0806,0x0D0D,0x080D,0x0D0D,0x080D,0x0D0D,0x0404,
	0x0606,0x0B06,0x0606,0x0606,0x0606,0x0606,0x0B0B,0x0606,

	0x080B,0x0808,0x080B,0x0B08,0x0B0B,0x0B0B,0x0B0B,0x0606,
	0x0806,0x0D0D,0x0808,0x0D08,0x080D,0x0808,0x0808,0x0D08,
	0x0808,0x0808,0x0B08,0x0006,0x0008,0x0006,0x0B06,0x0006,
	0x0006,0x0000,0x0006,0x0000,0x0606,0x0006,0x0000,0x0000,
	0x0000,0x0000,0x0000,0x0000,0x0800,0x0B08,0x0B0B,0x0000,
	0x0606,0x0006,0x0000,0x0006,0x0600,0x0000,0x0000,0x0B08,
	0x0008,0x0000,0x0000,0x0000,0x0000,0x0000,0x0000,0x0000,
	0x0606,0x0600,0x0000,0x0000,0x0000,0x0006,0x0000,0x0000,

	0x0006,0x0006,0x0000,0x0000,0x0000,0x0000,0x0000,0x0000,
	0x0606,0x0000,0x0000,0x0000,0x0000,0x0000,0x0600,0x0000,
	0x0600,0x0606,0x0006,0x0000,0x0000,0x0000,0x0006,0x0000,
	0x0000,0x0000,0x0606,0x0606,0x0606,0x000B,0x0606,0x0000,
	0x0600,0x0606,0x0B06,0x0006,0x0000,0x0000,0x0000,0x0000,
	0x0000,0x0B00,0x0404,0x0D0D,0x080B,0x0D0D,0x0B0B,0x060B,
	0x060B,0x0606,0x0606,0x0606,0x0606,0x0606,0x0606,0x0606,
	0x0D0B,0x0D08,0x080D,0x080D,0x0D08,0x0B08,0x0606,0x0606,

	0x080D,0x0D08,0x080D,0x0808,0x080D,0x0808,0x0808,0x080B,
	0x080D,0x0D08,0x0608,0x0006,0x0606,0x0000,0x0000,0x0606,
	0x0606,0x0000,0x0006,0x0000,0x0000,0x0000,0x0000,0x0000,
	0x0000,0x0000,0x0000,0x0600,0x0602,0x060B,0x0806,0x000B,
	0x0600,0x0006,0x0600,0x0000,0x0600,0x0000,0x0000,0x0008,
	0x0000,0x0000,0x0000,0x0000,0x0000,0x0600,0x0000,0x0000,
	0x0606,0x0006,0x0000,0x0000,0x0000,0x0006,0x0600,0x0000,
	0x0606,0x0006,0x0000,0x0000,0x0000,0x0000,0x0000,0x0000,

	0x0000,0x0606,0x0006,0x0000,0x0000,0x0000,0x0000,0x0006,
	0x0600,0x0600,0x0000,0x0006,0x0006,0x0000,0x0006,0x0000,
	0x0000,0x0000,0x0006,0x0606,0x0606,0x0606,0x0000,0x0006,
	0x0606,0x0B06,0x0000,0x0000,0x0000,0x0000,0x0000,0x0000,
	0x0000,0x0800,0x0408,0x080B,0x0008,0x0600,0x000D,0x0B06,
	0x060B,0x0B06,0x060B,0x060B,0x0606,0x0606,0x0606,0x0606,
	0x0606,0x0D08,0x0D08,0x0808,0x0D08,0x080B,0x060B,0x0606,
	0x0B06,0x0808,0x0808,0x040D,0x080D,0x0808,0x0602,0x0606,

	0x0808,0x080D,0x0B08,0x0006,0x0000,0x0600,0x0600,0x0000,
	0x0006,0x0000,0x0000,0x0000,0x0000,0x0000,0x0000,0x0006,
	0x0606,0x0000,0x0000,0x0800,0x0808,0x0B06,0x0606,0x0606,
	0x0006,0x0606,0x0600,0x0006,0x0606,0x0000,0x0000,0x0000,
	0x0000,0x0000,0x0600,0x0606,0x0000,0x0600,0x0000,0x0000,
	0x0606,0x0000,0x0000,0x0000,0x0000,0x0600,0x0006,0x0000,
	0x0006,0x0000,0x0000,0x0000,0x0000,0x0000,0x0000,0x0000,
	0x000B,0x0606,0x0606,0x0000,0x0000,0x0000,0x0000,0x0006,

	0x0006,0x0000,0x0000,0x0006,0x0006,0x0006,0x0000,0x0000,
	0x0000,0x0000,0x0000,0x0000,0x0600,0x0006,0x0006,0x0000,
	0x0606,0x0B06,0x0006,0x0000,0x0000,0x0000,0x0000,0x0000,
	0x0600,0x0808,0x0D0D,0x0D0D,0x0008,0x0000,0x0000,0x0800,
	0x060B,0x0808,0x0608,0x0606,0x0808,0x060B,0x0606,0x0606,
	0x0606,0x0806,0x060B,0x0808,0x0B0D,0x0B0B,0x0B06,0x0606,
	0x0B06,0x0B08,0x0D0D,0x0804,0x0D08,0x0606,0x0606,0x0606,
	0x0406,0x080D,0x080B,0x0000,0x0000,0x0000,0x0000,0x0000,

	0x0000,0x0000,0x0000,0x0000,0x0000,0x0000,0x0600,0x0606,
	0x0006,0x0006,0x0000,0x0600,0x0000,0x0000,0x0606,0x0606,
	0x0006,0x0000,0x0600,0x0000,0x0006,0x0000,0x0000,0x0000,
	0x0000,0x0000,0x0600,0x0606,0x0006,0x0606,0x0000,0x0000,
	0x0006,0x0000,0x0000,0x0000,0x0000,0x0000,0x0600,0x0000,
	0x0006,0x0000,0x0606,0x0006,0x0000,0x0000,0x0000,0x0000,
	0x0006,0x0606,0x0000,0x0000,0x0000,0x0000,0x0000,0x0000,
	0x0006,0x0600,0x0000,0x0006,0x0600,0x0600,0x0000,0x0000,

	0x0000,0x0000,0x0000,0x0000,0x0600,0x0006,0x0600,0x0000,
	0x0606,0x0606,0x0000,0x0000,0x0000,0x0000,0x0000,0x0000,
	0x0000,0x0008,0x0000,0x080D,0x0000,0x0000,0x0000,0x0600,
	0x060B,0x0806,0x080D,0x060B,0x0606,0x0606,0x0608,0x0606,
	0x0606,0x0606,0x0B0B,0x0808,0x0B08,0x0B0B,0x080D,0x0B08,
	0x0808,0x0808,0x0808,0x0808,0x0608,0x0600,0x0600,0x0606,
	0x0806,0x0000,0x0808,0x000B,0x0000,0x0000,0x0000,0x0000,
	0x0000,0x0000,0x0000,0x0B06,0x0000,0x0000,0x0B00,0x0606,

	0x0000,0x0000,0x0000,0x0000,0x0000,0x0000,0x0600,0x0006,
	0x0006,0x0606,0x0000,0x0000,0x0006,0x0000,0x0000,0x0000,
	0x0000,0x0600,0x0606,0x0606,0x0006,0x0600,0x0000,0x0000,
	0x0000,0x0000,0x0000,0x0600,0x0000,0x0000,0x0000,0x0000,
	0x0000,0x0600,0x0606,0x0000,0x0006,0x0000,0x0000,0x0000,
	0x0006,0x0606,0x0000,0x0000,0x0000,0x0000,0x0000,0x0000,
	0x0000,0x0006,0x0600,0x0000,0x0000,0x0606,0x0000,0x0000,
	0x0000,0x0000,0x0606,0x0000,0x0000,0x0600,0x0000,0x0600,

	0x0000,0x0000,0x0000,0x060B,0x0006,0x060B,0x0000,0x0000,
	0x0000,0x0600,0x0000,0x0600,0x000B,0x0000,0x0000,0x0808,
	0x0B06,0x0606,0x0808,0x060B,0x0606,0x0606,0x0606,0x0606,
	0x0B06,0x0606,0x080D,0x0B08,0x0B0B,0x0808,0x0804,0x0D08,
	0x0808,0x0D08,0x0D08,0x080D,0x0D08,0x0606,0x0606,0x0606,
	0x0000,0x0000,0x0800,0x000B,0x0000,0x0000,0x0000,0x0000,
	0x0000,0x0000,0x0800,0x080B,0x0208,0x0000,0x0606,0x0B06,
	0x0000,0x0000,0x0000,0x0000,0x0000,0x0000,0x0000,0x0600,

	0x0006,0x0600,0x0000,0x0600,0x0000,0x0000,0x0000,0x0000,
	0x0000,0x0000,0x0606,0x0600,0x0006,0x0000,0x0606,0x0000,
	0x0000,0x0000,0x0600,0x0606,0x0606,0x0000,0x0000,0x0000,
	0x0000,0x0600,0x0600,0x0606,0x0000,0x0000,0x0000,0x0000,
	0x0606,0x0006,0x0000,0x0000,0x0000,0x0000,0x0000,0x0000,
	0x0000,0x0006,0x0606,0x0006,0x0000,0x0000,0x0000,0x0000,
	0x0000,0x0B00,0x0606,0x0606,0x0006,0x0000,0x0000,0x0600,
	0x0000,0x0000,0x0B06,0x060B,0x0606,0x000B,0x0000,0x0000,

	0x0000,0x0600,0x0006,0x0000,0x0000,0x0000,0x0000,0x0808,
	0x080B,0x080B,0x0808,0x0808,0x0606,0x0606,0x0606,0x0606,
	0x060B,0x0606,0x080D,0x0804,0x0B0B,0x040B,0x0D0D,0x0D0D,
	0x040D,0x080D,0x080D,0x0006,0x0B00,0x0606,0x0006,0x0000,
	0x0000,0x0000,0x0000,0x0006,0x0000,0x0000,0x0000,0x0000,
	0x0006,0x0000,0x0000,0x0800,0x0B06,0x0006,0x0B0B,0x0000,
	0x0606,0x0B0B,0x000B,0x0000,0x0000,0x0000,0x0000,0x0000,
	0x0006,0x0000,0x0600,0x0000,0x0000,0x0600,0x060B,0x0000,

	0x0000,0x0000,0x0600,0x0006,0x0000,0x0000,0x0000,0x0000,
	0x0000,0x0000,0x0600,0x0006,0x0600,0x0000,0x0000,0x0000,
	0x0000,0x0000,0x0000,0x0006,0x0000,0x0000,0x0000,0x0000,
	0x0006,0x0000,0x0000,0x0000,0x0000,0x0000,0x0000,0x0000,
	0x0606,0x0600,0x0606,0x0606,0x0000,0x0000,0x0000,0x0000,
	0x0000,0x0606,0x0606,0x0006,0x0606,0x0006,0x0000,0x0000,
	0x0000,0x0600,0x0606,0x0606,0x0600,0x0006,0x000B,0x0000,
	0x0000,0x0000,0x0000,0x0000,0x0000,0x0000,0x0006,0x0606,

	0x0B02,0x080B,0x0808,0x0808,0x0808,0x0606,0x0606,0x0606,
	0x0606,0x0D08,0x0D0D,0x0804,0x0408,0x0D0D,0x0D0D,0x0D0D,
	0x0D0D,0x0808,0x0D08,0x0006,0x0006,0x0006,0x0606,0x0000,
	0x0000,0x0000,0x0000,0x0600,0x0000,0x0000,0x0000,0x0000,
	0x0000,0x0000,0x0000,0x0000,0x0B06,0x000B,0x0606,0x0000,
	0x0B06,0x0606,0x0006,0x0000,0x0200,0x0806,0x0B08,0x0006,
	0x0606,0x0006,0x0000,0x0000,0x0006,0x0600,0x0606,0x0000,
	0x0000,0x0000,0x0606,0x0006,0x0000,0x0600,0x0000,0x0006,

	0x0000,0x0000,0x0006,0x0600,0x0600,0x0000,0x0000,0x0000,
	0x0000,0x0000,0x0000,0x0000,0x0000,0x0000,0x0000,0x0000,
	0x0006,0x0000,0x0000,0x0000,0x0000,0x0000,0x0000,0x0000,
	0x0000,0x0006,0x0606,0x0006,0x0606,0x0000,0x0000,0x0000,
	0x0600,0x0606,0x0006,0x0006,0x0006,0x0000,0x0000,0x0600,
	0x0000,0x0000,0x0606,0x0606,0x0606,0x0606,0x0606,0x0000,
	0x0000,0x0000,0x0000,0x0600,0x0000,0x0000,0x0600,0x0000,
	0x0806,0x0B08,0x060B,0x0B06,0x0B06,0x0606,0x0606,0x0606,

	0x0606,0x0D08,0x040D,0x0D04,0x0D04,0x080D,0x0804,0x0808,
	0x080B,0x0D08,0x0008,0x0600,0x0606,0x0006,0x0006,0x0600,
	0x0000,0x0000,0x0000,0x0000,0x0000,0x0000,0x0606,0x0006,
	0x0000,0x0000,0x0608,0x0000,0x0600,0x0606,0x0600,0x0600,
	0x0606,0x0B06,0x0006,0x0000,0x0808,0x0808,0x0606,0x0606,
	0x0000,0x0000,0x0000,0x0000,0x0600,0x0606,0x0000,0x0000,
	0x0000,0x0600,0x0600,0x0000,0x0006,0x0000,0x0006,0x0000,
	0x0000,0x0000,0x0000,0x0000,0x0000,0x0000,0x0000,0x0000,

	0x0000,0x0000,0x0000,0x0000,0x0000,0x0000,0x0000,0x0000,
	0x0006,0x0000,0x0000,0x0000,0x0000,0x0000,0x0000,0x0000,
	0x0000,0x0606,0x0006,0x0606,0x0600,0x0006,0x0000,0x0000,
	0x0606,0x0606,0x0606,0x0600,0x0000,0x0000,0x0000,0x0000,
	0x0000,0x0000,0x0600,0x0606,0x0606,0x0606,0x0606,0x000B,
	0x0000,0x0000,0x0000,0x0000,0x0600,0x0600,0x0600,0x0000,
	0x0800,0x0808,0x060B,0x0B0B,0x060B,0x0606,0x0606,0x0606,
	0x0B06,0x0608,0x0606,0x0404,0x0404,0x000D,0x0000,0x080B,

	0x0B0B,0x080B,0x0606,0x0606,0x0606,0x0606,0x0006,0x0000,
	0x0000,0x0000,0x0000,0x0B00,0x0008,0x0000,0x0600,0x0000,
	0x0000,0x060B,0x0808,0x0602,0x0000,0x060B,0x0000,0x0606,
	0x0006,0x0B06,0x0006,0x0800,0x0802,0x0606,0x0606,0x0606,
	0x0600,0x0000,0x0000,0x0600,0x0606,0x0006,0x0000,0x0600,
	0x0000,0x0000,0x0000,0x0000,0x0006,0x0606,0x0006,0x0000,
	0x0000,0x0000,0x0000,0x0000,0x0000,0x0000,0x0000,0x0000,
	0x0E00,0x0606,0x0606,0x0000,0x0000,0x0000,0x0000,0x0000,

	0x0000,0x0000,0x0000,0x0000,0x0000,0x0000,0x0000,0x0000,
	0x0000,0x0606,0x0000,0x0606,0x0006,0x0000,0x0000,0x0600,
	0x0606,0x0606,0x0606,0x0000,0x0000,0x0000,0x0000,0x0000,
	0x0000,0x0006,0x0000,0x0600,0x060B,0x060B,0x060B,0x0006,
	0x0000,0x0000,0x0000,0x0000,0x0000,0x0006,0x0000,0x0000,
	0x0B00,0x060B,0x060B,0x080B,0x060B,0x0606,0x0606,0x0606,
	0x0606,0x0606,0x0606,0x0D00,0x0D0D,0x0000,0x0000,0x0000,
	0x0B00,0x0808,0x0008,0x0606,0x0606,0x0006,0x0600,0x0B00,

	0x0004,0x0006,0x0800,0x0608,0x0806,0x0006,0x0000,0x0000,
	0x0000,0x020B,0x060B,0x0B06,0x0006,0x0600,0x0000,0x0606,
	0x0000,0x0000,0x0000,0x0600,0x0B0B,0x0B0B,0x060B,0x0606,
	0x0000,0x0000,0x0000,0x0606,0x0006,0x0000,0x0000,0x0606,
	0x000B,0x0006,0x0000,0x0600,0x0006,0x0000,0x0006,0x0000,
	0x0000,0x0000,0x0000,0x0600,0x0606,0x0000,0x0000,0x0000,
	0x0E00,0x000E,0x0600,0x0606,0x0000,0x0000,0x0000,0x0000,
	0x0000,0x0000,0x0000,0x0000,0x0000,0x0600,0x0000,0x0000,

	0x0000,0x0000,0x0000,0x0000,0x0006,0x0000,0x0000,0x0600,
	0x0606,0x0000,0x0000,0x0000,0x0600,0x0006,0x0000,0x0606,
	0x0000,0x0000,0x0000,0x0000,0x0B00,0x0006,0x0B0B,0x0006,
	0x0000,0x0000,0x0000,0x0000,0x0000,0x0600,0x0000,0x0000,
	0x0800,0x0006,0x0006,0x0B06,0x0B0B,0x0606,0x0606,0x0606,
	0x060B,0x0606,0x0606,0x0406,0x000D,0x0006,0x0000,0x0000,
	0x0B0B,0x0B06,0x0008,0x0606,0x0606,0x0000,0x0606,0x0800,
	0x0608,0x0606,0x080B,0x0606,0x0000,0x0000,0x0006,0x0000,

	0x0B00,0x0B0B,0x0600,0x000B,0x0006,0x0600,0x0000,0x0006,
	0x0000,0x0000,0x0000,0x0808,0x0608,0x060B,0x0000,0x0000,
	0x0000,0x0000,0x0000,0x0B06,0x0006,0x0000,0x0600,0x000B,
	0x060B,0x0006,0x0000,0x0000,0x0006,0x0000,0x0006,0x0600,
	0x0006,0x0000,0x0000,0x0600,0x0000,0x0000,0x0006,0x0006,
	0x0E00,0x0E0E,0x0000,0x0006,0x0000,0x0000,0x0000,0x0000,
	0x0000,0x0000,0x0000,0x0006,0x0000,0x0000,0x0000,0x0000,
	0x0000,0x0000,0x0000,0x0606,0x0006,0x0006,0x0000,0x0600,

	0x0006,0x0000,0x0000,0x0000,0x0600,0x0006,0x0600,0x0606,
	0x0006,0x0000,0x0000,0x0000,0x0000,0x0600,0x0B00,0x0606,
	0x0000,0x0000,0x0000,0x0600,0x000B,0x0000,0x0000,0x0B00,
	0x000B,0x0000,0x0000,0x0606,0x0B06,0x0606,0x0606,0x0606,
	0x0606,0x0606,0x0606,0x0606,0x0000,0x0006,0x0000,0x0000,
	0x0000,0x020B,0x000B,0x0600,0x0606,0x0000,0x0006,0x0606,
	0x0B06,0x060B,0x0606,0x0606,0x0600,0x0606,0x0000,0x0000,
	0x060B,0x0006,0x0000,0x0600,0x0000,0x0006,0x0000,0x0000,

	0x0600,0x0000,0x0000,0x0602,0x0600,0x0000,0x0000,0x0000,
	0x0B0B,0x0606,0x0000,0x0000,0x0000,0x0600,0x0B0B,0x0B06,
	0x0606,0x0600,0x0606,0x0000,0x0000,0x0600,0x0606,0x0006,
	0x0000,0x0000,0x0600,0x0606,0x0006,0x0000,0x0000,0x0606,
	0x0E00,0x0E0E,0x060E,0x0606,0x0000,0x0000,0x0000,0x0000,
	0x0000,0x0000,0x0000,0x0006,0x0000,0x0000,0x0000,0x0000,
	0x0006,0x0000,0x0000,0x0606,0x0000,0x0006,0x0000,0x0600,
	0x0000,0x0000,0x0000,0x0000,0x0000,0x0606,0x0000,0x0606,

	0x0006,0x0000,0x0000,0x0000,0x0000,0x0000,0x0600,0x0006,
	0x0000,0x0606,0x0000,0x0000,0x0600,0x0000,0x0000,0x0000,
	0x0000,0x0000,0x0000,0x0600,0x060B,0x060B,0x0606,0x0606,
	0x0606,0x0606,0x0606,0x0606,0x0000,0x0000,0x0000,0x0000,
	0x0000,0x0600,0x0006,0x0606,0x0606,0x0000,0x0006,0x0B08,
	0x060B,0x0606,0x0806,0x0B06,0x0B08,0x0606,0x0000,0x0000,
	0x0606,0x0000,0x0000,0x0800,0x0000,0x0000,0x0000,0x0600,
	0x060B,0x0006,0x0000,0x0B08,0x0000,0x0000,0x0000,0x0806,

	0x060B,0x0000,0x0006,0x0000,0x0000,0x0000,0x0600,0x060B,
	0x0600,0x0B0B,0x0606,0x0606,0x0006,0x0000,0x0006,0x0600,
	0x0000,0x0000,0x0000,0x0006,0x0000,0x0000,0x0600,0x0006,
	0x0E00,0x0E0E,0x0E0E,0x0000,0x0006,0x0000,0x0000,0x0000,
	0x0000,0x0000,0x0000,0x0000,0x0600,0x0000,0x0000,0x0000,
	0x0000,0x0000,0x0000,0x0000,0x0600,0x0006,0x0000,0x0000,
	0x0000,0x0000,0x0006,0x0000,0x0600,0x0606,0x0000,0x0600,
	0x0000,0x0000,0x0000,0x0606,0x0000,0x0000,0x0000,0x0006,

	0x0000,0x0006,0x0000,0x0606,0x0000,0x0000,0x0000,0x0000,
	0x0000,0x0000,0x0000,0x0000,0x0000,0x0600,0x0606,0x060B,
	0x0606,0x0B0B,0x0606,0x0606,0x0000,0x0000,0x0000,0x0000,
	0x0000,0x0B00,0x0B06,0x0606,0x060B,0x0006,0x0600,0x0602,
	0x0B08,0x0606,0x0B06,0x0B06,0x0B06,0x0000,0x0000,0x0000,
	0x0000,0x0000,0x0600,0x0208,0x0608,0x0000,0x0000,0x0606,
	0x0606,0x000B,0x0000,0x0000,0x0000,0x0000,0x0B00,0x0B06,
	0x0606,0x0606,0x0006,0x0000,0x0606,0x0000,0x0000,0x0006,

	0x0600,0x0606,0x0600,0x0000,0x0000,0x0000,0x0606,0x0000,
	0x0600,0x0000,0x0006,0x0000,0x0000,0x0606,0x0600,0x0006,
	0x0E00,0x0E0E,0x0E0E,0x060E,0x0000,0x0000,0x0000,0x0000,
	0x0000,0x0006,0x0000,0x0000,0x0606,0x0000,0x0000,0x0006,
	0x0000,0x0000,0x0000,0x0000,0x0600,0x0000,0x0000,0x0000,
	0x0000,0x0600,0x0006,0x0000,0x0606,0x0600,0x0006,0x0606,
	0x0000,0x0000,0x0006,0x0000,0x0000,0x0000,0x0000,0x0600,
	0x0000,0x0006,0x0000,0x0600,0x0000,0x0600,0x0606,0x0000,

	0x0000,0x0000,0x0000,0x0000,0x0000,0x0000,0x0606,0x0B0B,
	0x0B0B,0x0B06,0x0606,0x0606,0x0000,0x0000,0x0000,0x0000,
	0x0600,0x0600,0x060B,0x0606,0x0606,0x0606,0x0006,0x0606,
	0x060B,0x0600,0x0606,0x0606,0x0006,0x060B,0x060B,0x0000,
	0x0000,0x0000,0x0806,0x0B08,0x0B0B,0x0000,0x0600,0x0600,
	0x0606,0x0006,0x0000,0x0000,0x0000,0x0000,0x0B00,0x0B0B,
	0x0606,0x0606,0x0000,0x0600,0x0B06,0x0006,0x0000,0x0000,
	0x0606,0x0602,0x0B06,0x0600,0x0006,0x0000,0x0000,0x0000,

	0x0000,0x0000,0x0000,0x0000,0x0000,0x0606,0x0000,0x0006,
	0x0E00,0x0E0E,0x0E0E,0x0000,0x0000,0x0000,0x0000,0x0000,
	0x0000,0x0000,0x0000,0x0000,0x0000,0x0000,0x0000,0x0006,
	0x0000,0x0000,0x0000,0x0000,0x0000,0x0000,0x0000,0x0000,
	0x0000,0x0000,0x0000,0x0000,0x0606,0x0600,0x0606,0x0606,
	0x0006,0x0000,0x0606,0x0000,0x0606,0x0000,0x0000,0x0000,
	0x0000,0x0000,0x0000,0x0600,0x0000,0x0600,0x0606,0x0000,
	0x0000,0x0000,0x0000,0x0600,0x0000,0x0000,0x0600,0x0606,

	0x0606,0x0606,0x0606,0x0606,0x0000,0x0000,0x0000,0x0000,
	0x0000,0x0006,0x0B00,0x0B08,0x060B,0x0006,0x0806,0x0B0B,
	0x0606,0x0606,0x0606,0x0606,0x0600,0x060B,0x0006,0x0000,
	0x0000,0x0000,0x0606,0x0006,0x0006,0x0000,0x0600,0x0006,
	0x0606,0x0606,0x0000,0x0000,0x0006,0x0000,0x0B06,0x060B,
	0x0006,0x0000,0x0000,0x0B00,0x0606,0x0606,0x0000,0x0600,
	0x0606,0x0606,0x0606,0x0600,0x0000,0x0606,0x0006,0x0000,
	0x0006,0x0000,0x0000,0x0000,0x0000,0x0000,0x0006,0x0000,

	0x0E00,0x0E0E,0x000E,0x0000,0x0006,0x0000,0x0000,0x0000,
	0x0000,0x0000,0x0000,0x0000,0x0000,0x0000,0x0000,0x0000,
	0x0000,0x0000,0x0000,0x0000,0x0000,0x0000,0x0600,0x0006,
	0x0006,0x0000,0x0000,0x0000,0x0606,0x0606,0x0606,0x0600,
	0x0000,0x0000,0x0606,0x0600,0x0606,0x0006,0x0000,0x0000,
	0x0000,0x0000,0x0000,0x0000,0x0600,0x0000,0x0000,0x0000,
	0x0000,0x0000,0x0000,0x0000,0x0000,0x0000,0x0000,0x0606,
	0x0006,0x0600,0x0606,0x0000,0x0000,0x0000,0x0000,0x0000,

	0x0000,0x0000,0x0600,0x0B08,0x0606,0x0606,0x0802,0x0B02,
	0x0606,0x0606,0x0600,0x0606,0x0606,0x0606,0x0600,0x0006,
	0x0000,0x0600,0x0606,0x0006,0x0000,0x0000,0x0000,0x0006,
	0x0000,0x0006,0x0000,0x0600,0x0006,0x0000,0x0606,0x0B00,
	0x0006,0x0000,0x0000,0x0600,0x0606,0x0006,0x0000,0x0B00,
	0x060B,0x0606,0x0606,0x0006,0x0006,0x0600,0x0000,0x0606,
	0x0006,0x0000,0x0000,0x0000,0x0000,0x0006,0x0000,0x0000,
	0x0E00,0x0E0E,0x0000,0x0000,0x0000,0x0000,0x0000,0x0000,

	0x0000,0x0000,0x0000,0x0000,0x0000,0x0000,0x0000,0x0000,
	0x0000,0x0000,0x0606,0x0000,0x0000,0x0000,0x0600,0x0006,
	0x0000,0x0606,0x0000,0x0000,0x0600,0x0606,0x0600,0x0600,
	0x0000,0x0000,0x0006,0x0000,0x0000,0x0006,0x0000,0x0000,
	0x0606,0x0006,0x0006,0x0000,0x0606,0x0600,0x0000,0x0000,
	0x0000,0x0006,0x0000,0x0000,0x0000,0x0000,0x0600,0x060B,
	0x0000,0x0000,0x000B,0x0000,0x0606,0x0006,0x0000,0x0600,
	0x0000,0x0000,0x0000,0x0606,0x0206,0x080B,0x060B,0x0B0B,

	0x0606,0x0006,0x0606,0x0606,0x0600,0x0606,0x0600,0x0000,
	0x0000,0x0B00,0x0606,0x0000,0x0000,0x0000,0x0000,0x0000,
	0x0600,0x0006,0x0000,0x0606,0x0006,0x0000,0x0606,0x0B00,
	0x0000,0x0000,0x0000,0x0B06,0x0000,0x0606,0x0000,0x0000,
	0x0B06,0x0606,0x0006,0x0000,0x0000,0x0000,0x0000,0x0006,
	0x0006,0x0000,0x0000,0x0000,0x0000,0x0000,0x0000,0x0000,
	0x0E00,0x000E,0x0000,0x0000,0x0000,0x0000,0x0000,0x0000,
	0x0000,0x0000,0x0006,0x0000,0x0000,0x0000,0x0000,0x0000,

	0x0000,0x0000,0x0000,0x0000,0x0000,0x0000,0x0000,0x0006,
	0x0600,0x0600,0x0000,0x0000,0x0600,0x0606,0x0600,0x0006,
	0x0000,0x0000,0x0000,0x0000,0x0600,0x0000,0x0000,0x0600,
	0x0600,0x0006,0x0000,0x0600,0x0006,0x0000,0x0000,0x0000,
	0x0000,0x0000,0x0000,0x0000,0x0000,0x0600,0x0600,0x060B,
	0x0000,0x0000,0x0000,0x0600,0x0600,0x0600,0x0606,0x0600,
	0x0606,0x0006,0x0000,0x0000,0x0600,0x020B,0x060B,0x0606,
	0x0606,0x0606,0x0006,0x0606,0x0606,0x0606,0x0000,0x0006,

	0x0006,0x0B00,0x0002,0x0000,0x0000,0x0600,0x0006,0x0006,
	0x0000,0x0000,0x0000,0x0606,0x0000,0x0000,0x000B,0x0000,
	0x0000,0x0000,0x0000,0x0606,0x0600,0x0606,0x0000,0x0600,
	0x0B06,0x0000,0x0006,0x0000,0x0000,0x0000,0x0000,0x0000,
	0x0000,0x0000,0x0000,0x0000,0x0000,0x0000,0x0000,0x0000,
	0x0E00,0x0000,0x0000,0x0000,0x0000,0x0000,0x0000,0x0000,
	0x0000,0x0006,0x0000,0x0000,0x0000,0x0000,0x0000,0x0000,
	0x0000,0x0000,0x0606,0x0000,0x0000,0x0000,0x0000,0x0000,

	0x0600,0x0000,0x0000,0x0000,0x0600,0x0606,0x0600,0x0000,
	0x0000,0x0000,0x0000,0x0000,0x0606,0x0000,0x0000,0x0006,
	0x0000,0x0000,0x0000,0x0000,0x0000,0x0600,0x0006,0x0000,
	0x0000,0x0000,0x0600,0x0000,0x0000,0x0000,0x0006,0x0000,
	0x0000,0x0000,0x0000,0x0000,0x0000,0x0006,0x0606,0x0006,
	0x0600,0x0006,0x0000,0x0000,0x0000,0x0606,0x0606,0x060B,
	0x0606,0x0602,0x0606,0x0606,0x0606,0x0006,0x0006,0x0606,
	0x0606,0x0006,0x0006,0x0000,0x0000,0x0606,0x0B06,0x0006,

	0x0000,0x0000,0x0000,0x0606,0x0000,0x0000,0x0006,0x0000,
	0x0000,0x0000,0x0000,0x0000,0x0606,0x0606,0x0000,0x0B00,
	0x0606,0x0000,0x0006,0x0000,0x0000,0x0000,0x0000,0x0000,
	0x0000,0x0000,0x0000,0x0000,0x0000,0x0000,0x0000,0x0000,
	0x0000,0x0000,0x0000,0x0000,0x0000,0x0000,0x0000,0x0000,
	0x0000,0x0000,0x0000,0x0000,0x0000,0x0000,0x0000,0x0000,
	0x0600,0x0006,0x0600,0x0000,0x0000,0x0000,0x0000,0x0000,
	0x0000,0x0006,0x0000,0x0000,0x0000,0x0000,0x0606,0x0000,

	0x0000,0x0000,0x0000,0x0000,0x0000,0x0000,0x0000,0x0000,
	0x0000,0x0600,0x0000,0x0000,0x0600,0x0606,0x0606,0x0000,
	0x0000,0x0000,0x0000,0x0006,0x0000,0x0000,0x0000,0x0000,
	0x0000,0x0000,0x0000,0x0000,0x0000,0x0606,0x0606,0x0606,
	0x0000,0x0600,0x0606,0x0606,0x0000,0x0600,0x0600,0x0606,
	0x0202,0x0606,0x0202,0x0606,0x0606,0x0600,0x0606,0x0006,
	0x0006,0x0000,0x0000,0x0600,0x0606,0x060B,0x060B,0x0606,
	0x0000,0x0600,0x0006,0x0000,0x0000,0x0000,0x0000,0x0000,

	0x0600,0x0606,0x0000,0x0000,0x0000,0x0006,0x0000,0x0600,
	0x0606,0x0006,0x0000,0x0000,0x0000,0x0000,0x0000,0x0000,
	0x0000,0x0000,0x0000,0x0000,0x0000,0x0000,0x0000,0x0000,
	0x0000,0x0000,0x0000,0x0000,0x0000,0x0000,0x0000,0x0000,
	0x0000,0x0000,0x0000,0x0000,0x0000,0x0000,0x0000,0x0000,
	0x0000,0x0600,0x0006,0x0606,0x0000,0x0000,0x0000,0x0600,
	0x0000,0x0000,0x0000,0x0000,0x0000,0x0000,0x0006,0x0000,
	0x0000,0x0000,0x0000,0x0000,0x0000,0x0000,0x0000,0x0000,

	0x0000,0x0000,0x0000,0x0000,0x0606,0x0606,0x0600,0x0000,
	0x0000,0x0000,0x0000,0x0000,0x0000,0x0000,0x0000,0x0000,
	0x0000,0x0000,0x0000,0x0000,0x0000,0x0600,0x0606,0x0006,
	0x0006,0x0000,0x0600,0x0600,0x0000,0x0000,0x0600,0x0606,
	0x0206,0x060B,0x0202,0x0602,0x0602,0x0606,0x0206,0x0606,
	0x0000,0x0000,0x0000,0x0000,0x0B06,0x0602,0x0B0B,0x0606,
	0x0B06,0x0000,0x0600,0x0000,0x0000,0x0000,0x0000,0x0000,
	0x0600,0x0006,0x0000,0x0000,0x0600,0x0000,0x0000,0x0000,

	0x0000,0x0000,0x0000,0x0000,0x0000,0x0000,0x0000,0x0000,
	0x0000,0x0000,0x0000,0x0000,0x0000,0x0000,0x0000,0x0006,
	0x0000,0x0000,0x0000,0x0000,0x0000,0x0000,0x0000,0x0000,
	0x0000,0x0606,0x0000,0x0000,0x0000,0x0000,0x0000,0x0000,
	0x0000,0x0000,0x0000,0x0000,0x0000,0x0000,0x0000,0x0000,
	0x0000,0x0000,0x0000,0x0000,0x0000,0x0000,0x0000,0x0000,
	0x0000,0x0000,0x0606,0x0000,0x0000,0x0000,0x0000,0x0000,
	0x0000,0x0000,0x0000,0x0000,0x0006,0x0000,0x0600,0x0006,

	0x0000,0x0000,0x0000,0x0000,0x0000,0x0000,0x0000,0x0000,
	0x0000,0x0000,0x0000,0x0000,0x0000,0x0600,0x0000,0x0000,
	0x0000,0x0000,0x0000,0x0600,0x0006,0x0000,0x0000,0x0606,
	0x0606,0x0606,0x0606,0x0602,0x0606,0x0206,0x0606,0x0600,
	0x0602,0x0606,0x0000,0x0000,0x0B06,0x060B,0x0606,0x0606,
	0x0606,0x0000,0x0606,0x0000,0x0000,0x0000,0x0000,0x0000,
	0x0000,0x0000,0x0000,0x0000,0x0000,0x0000,0x0000,0x0000,
	0x0000,0x0000,0x0000,0x0000,0x0000,0x0000,0x0000,0x0000,

	0x0000,0x0600,0x0000,0x0000,0x0000,0x0000,0x0000,0x0000,
	0x0000,0x0000,0x0000,0x0000,0x0000,0x0000,0x0000,0x0000,
	0x0000,0x0000,0x0000,0x0000,0x0000,0x0000,0x0000,0x0000,
	0x0000,0x0000,0x0000,0x0000,0x0000,0x0000,0x0000,0x0000,
	0x0000,0x0000,0x0000,0x0000,0x0000,0x0000,0x0000,0x0000,
	0x0000,0x0000,0x0000,0x0000,0x0000,0x0000,0x0000,0x0000,
	0x0000,0x0000,0x0000,0x0000,0x0000,0x0000,0x0000,0x0000,
	0x0000,0x0000,0x0000,0x0000,0x0000,0x0000,0x0000,0x0000,

	0x0000,0x0000,0x0000,0x0000,0x0000,0x0000,0x0000,0x0600,
	0x0000,0x0000,0x0000,0x0006,0x0000,0x0006,0x0606,0x0606,
	0x060B,0x0206,0x0606,0x0606,0x0606,0x0606,0x0606,0x0606,
	0x0000,0x0600,0x0602,0x0606,0x0606,0x0606,0x0606,0x0606,
	0x0606,0x0606,0x0606,0x0000,0x0000,0x0000,0x0000,0x0000,
	0x0000,0x0000,0x0000,0x0000,0x0000,0x0000,0x0000,0x0000,
	0x0000,0x0000,0x0000,0x0000,0x0000,0x0000,0x0000,0x0000,
	0x0000,0x0000,0x0000,0x0000,0x0000,0x0000,0x0000,0x0000,

	0x0000,0x0000,0x0000,0x0000,0x0000,0x0000,0x0000,0x0000,
	0x0000,0x0000,0x0000,0x0000,0x0000,0x0000,0x0000,0x0000,
	0x0000,0x0000,0x0000,0x0000,0x0000,0x0000,0x0000,0x0000,
	0x0000,0x0000,0x0000,0x0000,0x0000,0x0000,0x0000,0x0000,
	0x0000,0x0000,0x0000,0x0000,0x0000,0x0000,0x0000,0x0000,
	0x0000,0x0000,0x0000,0x0000,0x0000,0x0000,0x0000,0x0000,
	0x0000,0x0000,0x0000,0x0000,0x0000,0x0000,0x0000,0x0000,
	0x0000,0x0000,0x0000,0x0000,0x0000,0x0000,0x0000,0x0000,

	0x0000,0x0000,0x0006,0x0600,0x0606,0x0000,0x0606,0x0606,
	0x0606,0x0606,0x0606,0x0606,0x0606,0x0606,0x0606,0x0006,
	0x0000,0x0006,0x0606,0x0606,0x0B00,0x0B06,0x0606,0x0606,
	0x0006,0x0600,0x0006,0x0600,0x0606,0x0000,0x0000,0x0000,
	0x0000,0x0000,0x0000,0x0000,0x0000,0x0000,0x0000,0x0000,
	0x0000,0x0000,0x0000,0x0000,0x0000,0x0000,0x0000,0x0000,
	0x0000,0x0000,0x0000,0x0000,0x0000,0x0000,0x0000,0x0000,
	0x0000,0x0000,0x0000,0x0000,0x0000,0x0000,0x0000,0x0000,
};

const unsigned short oopening1Pal[256] __attribute__((aligned(4)))=
{
	0x14A1,0x1176,0x1908,0x1E9D,0x19A9,0x0DDA,0x18E2,0x22DE,
	0x1965,0x2233,0x1DED,0x1923,0x1A3B,0x1987,0x26FF,0x150B,
	0x0000,0x0000,0x0000,0x0000,0x0000,0x0000,0x0000,0x0000,
	0x0000,0x0000,0x0000,0x0000,0x0000,0x0000,0x0000,0x0000,
	0x0000,0x0000,0x0000,0x0000,0x0000,0x0000,0x0000,0x0000,
	0x0000,0x0000,0x0000,0x0000,0x0000,0x0000,0x0000,0x0000,
	0x0000,0x0000,0x0000,0x0000,0x0000,0x0000,0x0000,0x0000,
	0x0000,0x0000,0x0000,0x0000,0x0000,0x0000,0x0000,0x0000,

	0x0000,0x0000,0x0000,0x0000,0x0000,0x0000,0x0000,0x0000,
	0x0000,0x0000,0x0000,0x0000,0x0000,0x0000,0x0000,0x0000,
	0x0000,0x0000,0x0000,0x0000,0x0000,0x0000,0x0000,0x0000,
	0x0000,0x0000,0x0000,0x0000,0x0000,0x0000,0x0000,0x0000,
	0x0000,0x0000,0x0000,0x0000,0x0000,0x0000,0x0000,0x0000,
	0x0000,0x0000,0x0000,0x0000,0x0000,0x0000,0x0000,0x0000,
	0x0000,0x0000,0x0000,0x0000,0x0000,0x0000,0x0000,0x0000,
	0x0000,0x0000,0x0000,0x0000,0x0000,0x0000,0x0000,0x0000,

	0x0000,0x0000,0x0000,0x0000,0x0000,0x0000,0x0000,0x0000,
	0x0000,0x0000,0x0000,0x0000,0x0000,0x0000,0x0000,0x0000,
	0x0000,0x0000,0x0000,0x0000,0x0000,0x0000,0x0000,0x0000,
	0x0000,0x0000,0x0000,0x0000,0x0000,0x0000,0x0000,0x0000,
	0x0000,0x0000,0x0000,0x0000,0x0000,0x0000,0x0000,0x0000,
	0x0000,0x0000,0x0000,0x0000,0x0000,0x0000,0x0000,0x0000,
	0x0000,0x0000,0x0000,0x0000,0x0000,0x0000,0x0000,0x0000,
	0x0000,0x0000,0x0000,0x0000,0x0000,0x0000,0x0000,0x0000,

	0x0000,0x0000,0x0000,0x0000,0x0000,0x0000,0x0000,0x0000,
	0x0000,0x0000,0x0000,0x0000,0x0000,0x0000,0x0000,0x0000,
	0x0000,0x0000,0x0000,0x0000,0x0000,0x0000,0x0000,0x0000,
	0x0000,0x0000,0x0000,0x0000,0x0000,0x0000,0x0000,0x0000,
	0x0000,0x0000,0x0000,0x0000,0x0000,0x0000,0x0000,0x0000,
	0x0000,0x0000,0x0000,0x0000,0x0000,0x0000,0x0000,0x0000,
	0x0000,0x0000,0x0000,0x0000,0x0000,0x0000,0x0000,0x0000,
	0x0000,0x0000,0x0000,0x0000,0x0000,0x0000,0x0000,0x0000,
};

//}}BLOCK(oopening1)
