
//{{BLOCK(opening3)

//======================================================================
//
//	opening3, 240x160@8, 
//	+ palette 256 entries, not compressed
//	+ bitmap not compressed
//	Total size: 512 + 38400 = 38912
//
//	Time-stamp: 2025-04-17, 13:54:28
//	Exported by Cearn's GBA Image Transmogrifier, v0.8.3
//	( http://www.coranac.com/projects/#grit )
//
//======================================================================

const unsigned short opening3Bitmap[19200] __attribute__((aligned(4)))=
{
	0x0000,0x0000,0x0000,0x0000,0x0000,0x0000,0x0000,0x0000,
	0x0000,0x0000,0x0000,0x0000,0x0000,0x0000,0x0000,0x0000,
	0x0000,0x0000,0x0000,0x0000,0x0000,0x0000,0x0000,0x0000,
	0x0800,0x0800,0x0008,0x0008,0x0000,0x0000,0x0000,0x0000,
	0x0000,0x0000,0x0000,0x0800,0x0000,0x0000,0x0000,0x0800,
	0x0000,0x0008,0x0000,0x0000,0x0000,0x0000,0x0000,0x0000,
	0x0000,0x0000,0x0000,0x0000,0x0000,0x0000,0x0000,0x0000,
	0x0000,0x0000,0x0000,0x0000,0x0000,0x0000,0x0000,0x0000,

	0x0000,0x0000,0x0000,0x0000,0x0000,0x0000,0x0000,0x0000,
	0x0000,0x0000,0x0000,0x0000,0x0000,0x0000,0x0000,0x0000,
	0x0000,0x0000,0x0000,0x0000,0x0000,0x0000,0x0000,0x0000,
	0x0000,0x0000,0x0000,0x0000,0x0000,0x0000,0x0000,0x0000,
	0x0000,0x0000,0x0000,0x0000,0x0000,0x0000,0x0000,0x0000,
	0x0000,0x0000,0x0000,0x0000,0x0000,0x0000,0x0000,0x0000,
	0x0000,0x0000,0x0000,0x0000,0x0000,0x0000,0x0000,0x0000,
	0x0000,0x0000,0x0000,0x0000,0x0000,0x0000,0x0000,0x0000,

	0x0000,0x0000,0x0000,0x0000,0x0000,0x0000,0x0000,0x0008,
	0x0000,0x0808,0x0808,0x0000,0x0800,0x0008,0x0808,0x0800,
	0x0800,0x0808,0x0008,0x0008,0x0C00,0x0C00,0x080C,0x0008,
	0x0C00,0x0800,0x0800,0x080C,0x0008,0x0000,0x0000,0x0808,
	0x0808,0x0000,0x0800,0x0800,0x0800,0x0800,0x0000,0x0000,
	0x0000,0x0800,0x0000,0x0000,0x0800,0x0000,0x0000,0x0800,
	0x0000,0x0000,0x0000,0x0000,0x0000,0x0000,0x0008,0x0000,
	0x0000,0x0000,0x0000,0x0000,0x0000,0x0000,0x0000,0x0000,

	0x0000,0x0000,0x0000,0x0000,0x0000,0x0000,0x0000,0x0000,
	0x0000,0x0000,0x0000,0x0000,0x0000,0x0000,0x0000,0x0000,
	0x0000,0x0000,0x0000,0x0000,0x0800,0x0000,0x0000,0x0000,
	0x0000,0x0008,0x0008,0x0000,0x0000,0x0000,0x0000,0x0000,
	0x0800,0x0000,0x0000,0x0000,0x0000,0x0000,0x0000,0x0000,
	0x0000,0x0000,0x0000,0x0000,0x0800,0x0000,0x0000,0x0800,
	0x0000,0x0000,0x0008,0x0800,0x0000,0x0000,0x0000,0x0000,
	0x0000,0x0000,0x0000,0x0000,0x0000,0x0000,0x0000,0x0000,

	0x0000,0x0808,0x0000,0x0000,0x0808,0x0000,0x0008,0x0808,
	0x0808,0x0808,0x0008,0x0C08,0x080C,0x0000,0x0802,0x0808,
	0x0808,0x0808,0x0808,0x0C0C,0x0000,0x0000,0x0C0C,0x0C00,
	0x0808,0x0008,0x0000,0x0800,0x0C00,0x020C,0x0002,0x0002,
	0x0000,0x0000,0x0000,0x0000,0x0800,0x0008,0x0800,0x0808,
	0x0800,0x0008,0x0000,0x0000,0x0000,0x0000,0x0000,0x0808,
	0x0008,0x0000,0x0000,0x0000,0x0800,0x0000,0x0000,0x0000,
	0x0000,0x0000,0x0808,0x0000,0x0000,0x0000,0x0000,0x0000,

	0x0000,0x0000,0x0000,0x0000,0x0000,0x0000,0x0000,0x0000,
	0x0000,0x0000,0x0000,0x0000,0x0800,0x0808,0x0000,0x0000,
	0x0008,0x0008,0x0000,0x0000,0x0000,0x0000,0x0000,0x0800,
	0x0008,0x0000,0x0000,0x0000,0x0000,0x0000,0x0000,0x0000,
	0x0000,0x0000,0x0800,0x0800,0x0000,0x0800,0x0000,0x0000,
	0x0000,0x0000,0x0000,0x0008,0x0808,0x0000,0x0000,0x0000,
	0x0000,0x0800,0x0000,0x0008,0x0808,0x0000,0x0000,0x0000,
	0x0000,0x0800,0x0808,0x0808,0x0808,0x0008,0x0800,0x0008,

	0x0800,0x0208,0x0805,0x0804,0x0408,0x0808,0x0808,0x080C,
	0x080C,0x0C08,0x0C08,0x0800,0x0008,0x0000,0x0000,0x0C00,
	0x020C,0x0000,0x0808,0x020C,0x0800,0x0002,0x0000,0x0200,
	0x0002,0x0200,0x0808,0x0C00,0x080C,0x0000,0x0000,0x0800,
	0x0800,0x0008,0x0008,0x0008,0x0000,0x0000,0x0800,0x0008,
	0x0008,0x0000,0x0000,0x0008,0x0000,0x0000,0x080C,0x0808,
	0x000C,0x0000,0x0000,0x0000,0x0000,0x0000,0x0008,0x0500,
	0x0505,0x0505,0x0505,0x0505,0x0505,0x0505,0x0505,0x0505,

	0x0505,0x0505,0x0505,0x0005,0x0000,0x0000,0x0000,0x0800,
	0x0000,0x0008,0x0808,0x0800,0x0808,0x0000,0x0008,0x0000,
	0x0000,0x0000,0x0000,0x0800,0x0008,0x0008,0x0000,0x0000,
	0x0000,0x0800,0x0800,0x0008,0x0000,0x0000,0x0000,0x0008,
	0x0000,0x0000,0x0000,0x0000,0x0000,0x0000,0x0000,0x0000,
	0x0000,0x0808,0x0000,0x0000,0x0000,0x0000,0x0000,0x0000,
	0x0000,0x0000,0x0000,0x0800,0x0008,0x0800,0x0008,0x0000,
	0x0000,0x0000,0x0808,0x020C,0x0802,0x0808,0x0200,0x0800,

	0x0000,0x0800,0x0000,0x0000,0x0000,0x0000,0x0000,0x0000,
	0x0000,0x0002,0x0002,0x0900,0x0001,0x0000,0x0000,0x0000,
	0x0000,0x0000,0x0000,0x0000,0x0000,0x0000,0x0000,0x0000,
	0x0000,0x0000,0x0000,0x0000,0x0000,0x0000,0x0000,0x0000,
	0x0000,0x0000,0x0000,0x0000,0x0000,0x0000,0x0000,0x0000,
	0x0000,0x0000,0x0000,0x0000,0x0000,0x0000,0x0C00,0x050C,
	0x0C05,0x0002,0x0000,0x0000,0x0002,0x0002,0x0002,0x0000,
	0x0002,0x0000,0x0C00,0x0C0C,0x0C0C,0x0C0C,0x0C0C,0x0000,

	0x0000,0x0008,0x0008,0x0000,0x0000,0x0000,0x0000,0x0000,
	0x0000,0x0000,0x0000,0x0000,0x0000,0x0000,0x0000,0x0000,
	0x0000,0x0000,0x0000,0x0000,0x0000,0x0000,0x0000,0x0000,
	0x0808,0x0008,0x0800,0x0808,0x0808,0x0808,0x0808,0x0808,
	0x0000,0x0808,0x0008,0x0008,0x0008,0x0808,0x0800,0x0000,
	0x0000,0x0000,0x0800,0x0800,0x0008,0x0008,0x0808,0x0808,
	0x0C00,0x0800,0x0008,0x0C0C,0x050C,0x050C,0x0202,0x080C,
	0x0808,0x0808,0x0C08,0x0000,0x0008,0x0808,0x0C08,0x0808,

	0x0208,0x0002,0x0202,0x0E08,0x0809,0x0808,0x0000,0x0800,
	0x000C,0x0800,0x0000,0x0800,0x0808,0x0008,0x0000,0x0008,
	0x0800,0x0808,0x0800,0x0800,0x0008,0x0008,0x0C08,0x0808,
	0x0008,0x0000,0x0008,0x0000,0x0808,0x0808,0x0808,0x0808,
	0x0808,0x0800,0x0000,0x0000,0x0000,0x0000,0x0500,0x0505,
	0x0505,0x0C0C,0x0C02,0x080C,0x0C09,0x0C0C,0x0C0C,0x0C0C,
	0x0C0C,0x020C,0x050C,0x0505,0x050C,0x0505,0x0505,0x0000,
	0x0000,0x0808,0x0808,0x0008,0x0000,0x0800,0x0000,0x0808,

	0x0008,0x0008,0x0000,0x0000,0x0800,0x0008,0x0008,0x0808,
	0x0800,0x0008,0x0800,0x0000,0x0000,0x0008,0x0000,0x0000,
	0x0000,0x0000,0x0800,0x0000,0x0000,0x0008,0x0000,0x0000,
	0x0808,0x0800,0x0800,0x0008,0x0000,0x0000,0x0000,0x0800,
	0x0008,0x0808,0x0800,0x0800,0x0808,0x0808,0x0808,0x0808,
	0x0408,0x0C08,0x0000,0x0808,0x0908,0x0902,0x0202,0x020C,
	0x090C,0x0902,0x0200,0x0800,0x0808,0x0C08,0x0202,0x0101,
	0x0201,0x0002,0x0202,0x010E,0x0E01,0x0E0E,0x0000,0x0100,

	0x0001,0x0100,0x0802,0x0800,0x0808,0x0008,0x0808,0x0000,
	0x0800,0x0008,0x0008,0x0000,0x0001,0x0000,0x0808,0x0008,
	0x0808,0x0000,0x0808,0x0008,0x010E,0x0101,0x0000,0x0002,
	0x0008,0x0800,0x0000,0x0000,0x0C00,0x0C05,0x0C05,0x0C0C,
	0x0C02,0x020C,0x0202,0x0202,0x0002,0x020C,0x0902,0x0902,
	0x0909,0x0209,0x0C09,0x0C0C,0x0C02,0x0C02,0x0C0C,0x050C,
	0x0C05,0x0000,0x0000,0x0000,0x0000,0x0808,0x0008,0x0008,
	0x0008,0x0000,0x0000,0x0000,0x0000,0x0008,0x0000,0x0000,

	0x0000,0x0000,0x0000,0x0000,0x0000,0x0000,0x0000,0x0000,
	0x0808,0x0008,0x0000,0x0000,0x0000,0x0800,0x0800,0x0808,
	0x0000,0x0800,0x0008,0x0008,0x0800,0x0808,0x0800,0x0808,
	0x0008,0x0808,0x0208,0x0902,0x0808,0x0808,0x0404,0x0404,
	0x0408,0x0C04,0x0902,0x010E,0x0000,0x0800,0x0000,0x0909,
	0x0909,0x0000,0x0E0E,0x0801,0x0808,0x0208,0x0200,0x0106,
	0x0101,0x0101,0x010E,0x010E,0x0E01,0x0E0E,0x010E,0x010E,
	0x0200,0x0200,0x000E,0x0800,0x0008,0x0008,0x0808,0x0800,

	0x0000,0x0000,0x0002,0x0E00,0x010E,0x020E,0x0C02,0x0808,
	0x0808,0x0008,0x0808,0x0E08,0x0E01,0x0E0E,0x0200,0x0209,
	0x0002,0x0000,0x0000,0x0C00,0x0505,0x0C0C,0x0C0C,0x0902,
	0x0C02,0x020C,0x0902,0x0909,0x0209,0x0202,0x0909,0x0902,
	0x0909,0x020C,0x0C0C,0x090C,0x0C02,0x020C,0x020C,0x0C00,
	0x0509,0x0C05,0x000C,0x0800,0x0808,0x0808,0x0008,0x0000,
	0x0808,0x0800,0x0008,0x0000,0x0808,0x0008,0x0000,0x0800,
	0x0000,0x0808,0x0800,0x0008,0x0000,0x0008,0x0808,0x0000,

	0x0800,0x0000,0x0808,0x0000,0x0800,0x0808,0x0808,0x0808,
	0x0808,0x0808,0x0808,0x0008,0x0800,0x0808,0x0808,0x0808,
	0x0008,0x0008,0x0F08,0x0F0F,0x0808,0x0804,0x0408,0x0404,
	0x0408,0x0E0C,0x010D,0x060E,0x0C0E,0x0808,0x0804,0x0000,
	0x0000,0x0D01,0x0E01,0x0E0E,0x0800,0x0008,0x0109,0x0E01,
	0x0E00,0x0101,0x0E0E,0x000E,0x0E02,0x000E,0x0106,0x000E,
	0x000C,0x0200,0x0E0E,0x0802,0x0800,0x000C,0x0000,0x0200,
	0x0000,0x060E,0x0E0E,0x0E0E,0x0E0E,0x080D,0x0C02,0x0800,

	0x0808,0x0008,0x0000,0x0E0E,0x0E0E,0x0E0E,0x0E0E,0x010E,
	0x0001,0x0000,0x0505,0x0505,0x0C05,0x0C0C,0x0C02,0x0209,
	0x0202,0x090C,0x0902,0x0209,0x020C,0x0202,0x0C02,0x090C,
	0x0209,0x0209,0x0C09,0x0C0C,0x0C02,0x0C02,0x0202,0x0C02,
	0x0002,0x0C02,0x050C,0x0005,0x0000,0x0000,0x0808,0x0008,
	0x0800,0x0808,0x0000,0x0800,0x0808,0x0808,0x0000,0x0800,
	0x0000,0x0800,0x0808,0x0808,0x0000,0x0808,0x0008,0x0000,
	0x0000,0x0000,0x0000,0x0000,0x0000,0x0000,0x0000,0x0000,

	0x0000,0x0000,0x0000,0x0000,0x0000,0x0000,0x0000,0x0000,
	0x0000,0x0000,0x0700,0x070D,0x0800,0x0808,0x0808,0x0808,
	0x0808,0x0102,0x0101,0x0101,0x0001,0x0808,0x0008,0x0000,
	0x0008,0x0109,0x0101,0x0101,0x0000,0x0000,0x0102,0x0909,
	0x0100,0x0101,0x0101,0x0009,0x0102,0x0001,0x0101,0x0009,
	0x0000,0x0000,0x0109,0x0000,0x0000,0x0000,0x0000,0x0000,
	0x0200,0x0101,0x0101,0x0101,0x0101,0x000E,0x0200,0x0000,
	0x0000,0x0000,0x0000,0x0101,0x0101,0x0101,0x0101,0x0209,

	0x0002,0x0000,0x0C0C,0x0C0C,0x0002,0x0202,0x0200,0x0202,
	0x0202,0x0200,0x0202,0x0202,0x0202,0x0002,0x0200,0x0202,
	0x0202,0x0C02,0x0202,0x0000,0x0000,0x0202,0x0202,0x0200,
	0x0002,0x0202,0x0002,0x0000,0x0000,0x0000,0x0000,0x0000,
	0x0000,0x0000,0x0000,0x0000,0x0000,0x0000,0x0000,0x0000,
	0x0000,0x0000,0x0000,0x0000,0x0000,0x0000,0x0000,0x0000,
	0x0000,0x0000,0x0000,0x0000,0x0000,0x0000,0x0000,0x0000,
	0x0000,0x0000,0x0000,0x0008,0x0000,0x0000,0x0000,0x0000,

	0x0F08,0x0F07,0x0707,0x0707,0x0807,0x0408,0x0404,0x0404,
	0x0808,0x0101,0x010E,0x0E0E,0x040E,0x0808,0x0808,0x0408,
	0x0804,0x0E0E,0x0E01,0x0E0E,0x0909,0x0909,0x0E01,0x0200,
	0x0100,0x0101,0x0E0E,0x0000,0x0E02,0x0E0E,0x0101,0x0C02,
	0x0209,0x0102,0x0E01,0x0601,0x0108,0x0008,0x0800,0x0E00,
	0x0E01,0x0E0E,0x010E,0x0E0E,0x0E0E,0x0E01,0x0200,0x0202,
	0x0808,0x0008,0x0000,0x0E0E,0x0E01,0x0E0E,0x0E01,0x0000,
	0x0C02,0x0505,0x0505,0x0505,0x0C05,0x0202,0x0902,0x0909,

	0x0902,0x0902,0x0909,0x0909,0x0C02,0x0909,0x0C09,0x0C02,
	0x0C0C,0x020C,0x0909,0x0509,0x0902,0x0909,0x0209,0x0202,
	0x0909,0x0209,0x0202,0x050C,0x080C,0x0800,0x0808,0x0808,
	0x0000,0x0800,0x0000,0x0000,0x0000,0x0000,0x0000,0x0000,
	0x0800,0x0000,0x0000,0x0000,0x0000,0x0000,0x0000,0x0008,
	0x0800,0x0008,0x0800,0x0008,0x0000,0x0808,0x0000,0x0808,
	0x0008,0x0800,0x0808,0x0000,0x0000,0x0000,0x0800,0x0808,
	0x0707,0x0707,0x060F,0x0E0E,0x0E0E,0x000C,0x0808,0x0008,

	0x060E,0x060E,0x010E,0x0E0E,0x0E0E,0x0800,0x040B,0x0804,
	0x0808,0x0102,0x0E0E,0x0E0E,0x0E0E,0x0E0E,0x000E,0x0505,
	0x0E00,0x010E,0x020E,0x0902,0x0E02,0x000E,0x000C,0x0C00,
	0x0200,0x0E02,0x0E0E,0x0E01,0x0C0E,0x0001,0x0008,0x060E,
	0x0E01,0x000C,0x0102,0x0E0E,0x060E,0x020E,0x0200,0x0901,
	0x080C,0x0000,0x0E00,0x0C0E,0x0E0E,0x000E,0x0000,0x0509,
	0x0C09,0x0505,0x020C,0x0C02,0x090C,0x0202,0x0909,0x0909,
	0x0902,0x0C02,0x0C0C,0x090C,0x0209,0x0909,0x0C0C,0x0902,

	0x0909,0x0209,0x0C09,0x0C09,0x0C02,0x020C,0x0000,0x0209,
	0x0202,0x000C,0x0C02,0x0202,0x0C00,0x080C,0x0008,0x0808,
	0x0808,0x0800,0x0008,0x0000,0x0008,0x0008,0x0008,0x0000,
	0x0800,0x0008,0x0800,0x0808,0x0800,0x0008,0x0000,0x0808,
	0x0808,0x0008,0x0800,0x0000,0x0000,0x0808,0x0800,0x0808,
	0x0008,0x0800,0x0808,0x0008,0x0800,0x0008,0x0800,0x0808,
	0x0707,0x0707,0x0D0D,0x0606,0x0E0D,0x010E,0x060E,0x060E,
	0x0E01,0x0E0E,0x0101,0x0E0E,0x0E0E,0x0200,0x0405,0x0404,

	0x0404,0x0E09,0x0E01,0x0E06,0x0106,0x0E06,0x0901,0x0909,
	0x0100,0x000E,0x020C,0x0201,0x0000,0x0909,0x0002,0x0002,
	0x0602,0x0E01,0x0E0E,0x0E01,0x0E01,0x000C,0x0208,0x0E0E,
	0x0E01,0x0008,0x0902,0x0E06,0x0E0E,0x0901,0x0E02,0x0202,
	0x0009,0x0000,0x0E02,0x0502,0x0000,0x0500,0x0505,0x0505,
	0x0205,0x0C0C,0x0202,0x0C02,0x0909,0x0202,0x0909,0x0909,
	0x0909,0x0C0C,0x0C00,0x090C,0x0209,0x020C,0x0902,0x0902,
	0x0909,0x0209,0x0909,0x0C0C,0x0C02,0x0002,0x0909,0x0202,

	0x0909,0x0009,0x0900,0x0202,0x0202,0x0202,0x0202,0x0800,
	0x0808,0x0800,0x0000,0x0800,0x0808,0x0008,0x0000,0x0008,
	0x0000,0x0800,0x0800,0x0808,0x0000,0x0008,0x0008,0x0808,
	0x0000,0x0000,0x0000,0x0000,0x0000,0x0800,0x0000,0x0000,
	0x0000,0x0000,0x0008,0x0000,0x0000,0x0008,0x0000,0x0100,
	0x0101,0x0E01,0x060D,0x0D0D,0x0E0D,0x0106,0x000E,0x0101,
	0x0101,0x0101,0x010E,0x0101,0x0101,0x0101,0x0402,0x0404,
	0x0804,0x0101,0x0E01,0x0101,0x0101,0x0101,0x0200,0x0200,

	0x0100,0x0101,0x0109,0x0002,0x0C00,0x0209,0x0002,0x0000,
	0x0101,0x0101,0x0101,0x0101,0x0101,0x0909,0x0909,0x0101,
	0x0101,0x0008,0x0109,0x0101,0x0101,0x0901,0x0101,0x0109,
	0x0000,0x0901,0x0001,0x0C0C,0x020C,0x050C,0x0C0C,0x020C,
	0x0002,0x0202,0x0002,0x0200,0x0202,0x0202,0x0202,0x0202,
	0x0202,0x0202,0x0202,0x0202,0x0202,0x0202,0x0202,0x0202,
	0x020C,0x0202,0x0202,0x0202,0x0000,0x0000,0x0202,0x0202,
	0x0202,0x0202,0x0002,0x0002,0x0000,0x0002,0x0200,0x0002,

	0x0000,0x0000,0x0000,0x0000,0x0000,0x0800,0x0000,0x0000,
	0x0000,0x0000,0x0000,0x0000,0x0000,0x0000,0x0000,0x0000,
	0x0808,0x0800,0x0800,0x0008,0x0000,0x0000,0x0808,0x0808,
	0x0008,0x0008,0x0800,0x0000,0x0000,0x0808,0x0000,0x0D00,
	0x0E0E,0x0D0D,0x0D0D,0x070D,0x0D0D,0x0D0E,0x0206,0x0101,
	0x0101,0x0101,0x010E,0x0101,0x0101,0x0E01,0x0400,0x0408,
	0x0004,0x0101,0x0101,0x0101,0x0E01,0x0106,0x0900,0x0C0C,
	0x0100,0x010E,0x0E01,0x0009,0x0C02,0x0C0C,0x0002,0x000C,

	0x0E01,0x0E0E,0x010E,0x0E01,0x0E01,0x010E,0x010E,0x0101,
	0x0E01,0x0000,0x010E,0x010E,0x010E,0x010E,0x0101,0x0E0E,
	0x0000,0x0101,0x0001,0x0C0C,0x0C0C,0x0505,0x050C,0x020C,
	0x0002,0x0200,0x0202,0x0000,0x0202,0x0C02,0x0202,0x0202,
	0x0002,0x0202,0x0202,0x0202,0x0202,0x0202,0x0202,0x0202,
	0x0202,0x0202,0x0202,0x0202,0x0000,0x0000,0x0202,0x0202,
	0x0202,0x0202,0x0202,0x0002,0x0000,0x0200,0x0200,0x000C,
	0x0000,0x0000,0x0000,0x0000,0x0000,0x0000,0x0000,0x0000,

	0x0000,0x0000,0x0000,0x0000,0x0008,0x0800,0x0000,0x0000,
	0x0000,0x0000,0x0000,0x0000,0x0800,0x0008,0x0000,0x0000,
	0x0000,0x0000,0x0000,0x0000,0x0800,0x0000,0x0000,0x0800,
	0x0008,0x0000,0x0E06,0x0E01,0x0E0E,0x0E06,0x0206,0x0E0E,
	0x0E01,0x0E0E,0x0106,0x060E,0x0E0E,0x0E01,0x080E,0x050C,
	0x0E00,0x060E,0x0E01,0x0E0E,0x010E,0x0006,0x0505,0x0000,
	0x0101,0x010E,0x000E,0x0502,0x0509,0x0905,0x0202,0x0202,
	0x000E,0x0C00,0x0E08,0x0101,0x0E0E,0x0E06,0x0601,0x0E06,

	0x0101,0x010E,0x010E,0x0E06,0x0608,0x0E0E,0x0E0E,0x0E0E,
	0x0E0E,0x0106,0x0006,0x0505,0x0509,0x0505,0x0C0C,0x020C,
	0x0202,0x0202,0x0509,0x050C,0x0C0C,0x0002,0x0C02,0x0902,
	0x090C,0x0C0C,0x0C02,0x0202,0x0202,0x0909,0x0909,0x0202,
	0x0909,0x020C,0x0C0C,0x0C0C,0x0C0C,0x0209,0x0202,0x0902,
	0x0909,0x0209,0x0800,0x0800,0x0808,0x0808,0x0000,0x0C05,
	0x0000,0x0000,0x0808,0x0808,0x0808,0x0008,0x0808,0x0008,
	0x0000,0x0000,0x0000,0x0000,0x0000,0x0800,0x0000,0x0000,

	0x0000,0x0000,0x0000,0x0800,0x0000,0x0000,0x0000,0x0000,
	0x0000,0x0800,0x0008,0x0505,0x0505,0x0505,0x0509,0x0905,
	0x0909,0x0505,0x0000,0x0000,0x060E,0x0E06,0x0E06,0x060E,
	0x0E0E,0x060E,0x0106,0x0E0E,0x0E0E,0x0E0E,0x0E0E,0x0E0E,
	0x0E0E,0x060E,0x060E,0x060E,0x010E,0x0C06,0x0505,0x0000,
	0x0E0E,0x020E,0x0008,0x0909,0x090C,0x0209,0x0209,0x0A00,
	0x0A00,0x0A0A,0x0608,0x0E01,0x0E0E,0x0008,0x0600,0x0E06,
	0x0E01,0x0E0E,0x010E,0x0E0E,0x0808,0x000C,0x060E,0x0E0E,

	0x060E,0x0006,0x0500,0x0505,0x090C,0x0909,0x0202,0x0909,
	0x0C0C,0x050C,0x0505,0x0505,0x0505,0x0505,0x0505,0x0505,
	0x0509,0x050C,0x0C0C,0x0C02,0x020C,0x0C0C,0x0909,0x0902,
	0x0909,0x0209,0x0C09,0x0902,0x0902,0x0909,0x0202,0x0000,
	0x0000,0x0000,0x0800,0x0808,0x0808,0x0808,0x0008,0x0000,
	0x0000,0x0000,0x0000,0x0000,0x0000,0x0000,0x0000,0x0800,
	0x0800,0x0808,0x0800,0x0808,0x0800,0x0000,0x0000,0x0000,
	0x0000,0x0800,0x0000,0x0000,0x0800,0x0808,0x0800,0x0800,

	0x0000,0x0500,0x0505,0x0205,0x0505,0x0505,0x0509,0x0505,
	0x0505,0x0505,0x0505,0x0505,0x080C,0x0008,0x0E00,0x0E0E,
	0x0601,0x0606,0x010E,0x0006,0x0E00,0x0E01,0x0E06,0x060E,
	0x0606,0x060E,0x0E01,0x0E0E,0x000E,0x0500,0x0909,0x0000,
	0x0E0E,0x0906,0x0905,0x0909,0x0109,0x0C09,0x0000,0x0A0C,
	0x000A,0x0200,0x0E0E,0x0601,0x0200,0x0000,0x0E00,0x060E,
	0x0E01,0x0E0E,0x0106,0x0E06,0x0808,0x0008,0x0E0E,0x0606,
	0x0606,0x0006,0x0A00,0x0505,0x050C,0x0505,0x0C0C,0x050C,

	0x0C05,0x0C02,0x0C0C,0x0202,0x0C0C,0x0C02,0x0C0C,0x0C0C,
	0x020C,0x0C0C,0x050C,0x050C,0x0C05,0x0C0C,0x0C0C,0x0C0C,
	0x090C,0x0209,0x0209,0x0909,0x0902,0x0202,0x0902,0x0000,
	0x010E,0x0008,0x0808,0x0808,0x0808,0x0808,0x0008,0x0800,
	0x0000,0x0800,0x0808,0x0800,0x0000,0x0008,0x0008,0x0000,
	0x0800,0x0808,0x0800,0x0000,0x0000,0x0808,0x0800,0x0000,
	0x0000,0x0000,0x0000,0x0000,0x0000,0x0000,0x0000,0x0000,
	0x0C00,0x0202,0x0909,0x020C,0x020C,0x0902,0x0C0C,0x0505,

	0x0505,0x0C05,0x0C0C,0x020C,0x020C,0x0002,0x0000,0x0000,
	0x0101,0x0101,0x0201,0x0C00,0x0100,0x0101,0x0101,0x0101,
	0x0101,0x0101,0x0101,0x0101,0x0001,0x0C00,0x0202,0x0000,
	0x0101,0x0000,0x0C0C,0x0902,0x0202,0x0002,0x0505,0x0505,
	0x0002,0x0900,0x0201,0x0200,0x0200,0x0000,0x0100,0x0101,
	0x0101,0x0101,0x0002,0x0100,0x0002,0x0000,0x0101,0x010E,
	0x0101,0x0001,0x0500,0x050C,0x0C0C,0x0C0C,0x000C,0x0000,
	0x0000,0x0200,0x0000,0x0000,0x0200,0x0000,0x0000,0x0000,

	0x0000,0x0000,0x0000,0x0200,0x0C00,0x0000,0x0002,0x0200,
	0x0202,0x0202,0x0202,0x0202,0x0202,0x0202,0x0002,0x0909,
	0x0101,0x0008,0x0808,0x0000,0x0000,0x0000,0x0000,0x0000,
	0x0000,0x0000,0x0000,0x0000,0x0000,0x0000,0x0000,0x0000,
	0x0000,0x0000,0x0000,0x0000,0x0000,0x0000,0x0000,0x0000,
	0x0000,0x0000,0x0000,0x0000,0x0000,0x0000,0x0800,0x0000,
	0x0902,0x090C,0x0909,0x0909,0x0909,0x0909,0x0505,0x0505,
	0x0505,0x0505,0x0905,0x0909,0x0909,0x0909,0x000C,0x0000,

	0x0101,0x010E,0x000E,0x0C00,0x0100,0x0E01,0x0101,0x0E0E,
	0x0E01,0x0D0E,0x0E01,0x0E0E,0x0006,0x0900,0x0902,0x0000,
	0x0E01,0x0200,0x0209,0x0901,0x0C02,0x0002,0x0A0A,0x050A,
	0x0005,0x0E00,0x000D,0x0200,0x0902,0x0900,0x0E02,0x0E0E,
	0x0E0E,0x0E0E,0x0C0C,0x0E02,0x000E,0x0000,0x0E0E,0x0E0E,
	0x0E0E,0x000E,0x0500,0x0C05,0x0C0C,0x0C05,0x020C,0x0002,
	0x0C02,0x0002,0x0202,0x0000,0x0202,0x0002,0x0202,0x020C,
	0x020C,0x0002,0x0202,0x0C02,0x0C02,0x0C02,0x0C0C,0x0C0C,

	0x0202,0x020C,0x0202,0x0202,0x0209,0x0202,0x0002,0x010E,
	0x0101,0x0804,0x0808,0x0808,0x0000,0x0000,0x0008,0x0800,
	0x0800,0x0000,0x0000,0x0000,0x0800,0x0000,0x0000,0x0000,
	0x0000,0x0000,0x0000,0x0000,0x0000,0x0000,0x0000,0x0000,
	0x0000,0x0000,0x0008,0x0000,0x0800,0x0000,0x0000,0x0505,
	0x0C05,0x0909,0x0905,0x020C,0x090C,0x0505,0x050C,0x0505,
	0x0C0C,0x0505,0x0A05,0x0505,0x0505,0x0905,0x0909,0x0909,
	0x0000,0x0102,0x000E,0x050C,0x0600,0x0101,0x060E,0x0E0E,

	0x060E,0x000E,0x0E0E,0x060E,0x0500,0x0505,0x0909,0x0000,
	0x020E,0x0209,0x0609,0x0201,0x0002,0x0A0C,0x0C0A,0x0909,
	0x0E02,0x010E,0x0900,0x0909,0x0909,0x0E00,0x0E01,0x0606,
	0x0101,0x0E0E,0x000C,0x0602,0x0E06,0x0E01,0x0E0E,0x0E06,
	0x0E06,0x0006,0x0500,0x050A,0x0C0C,0x0C0C,0x0202,0x020C,
	0x0202,0x0902,0x0909,0x0902,0x0909,0x0209,0x020C,0x020C,
	0x0209,0x0C02,0x0C02,0x090C,0x020C,0x0C0C,0x020C,0x0C02,
	0x0C05,0x020C,0x0C0C,0x0902,0x0902,0x0909,0x0009,0x0106,

	0x0E0E,0x0808,0x0808,0x0808,0x0008,0x0404,0x0008,0x0808,
	0x0008,0x0800,0x0000,0x0800,0x0800,0x0008,0x0808,0x0008,
	0x0000,0x0000,0x0808,0x0008,0x0000,0x0808,0x0000,0x0000,
	0x0000,0x0800,0x0808,0x0008,0x0000,0x0500,0x0C0C,0x050C,
	0x0C05,0x090C,0x0505,0x0C0C,0x090C,0x0909,0x0502,0x0909,
	0x0C09,0x0505,0x0909,0x090C,0x0505,0x0505,0x050A,0x0905,
	0x0909,0x0C09,0x050C,0x0505,0x0E00,0x0E0E,0x060E,0x060E,
	0x0E0E,0x0006,0x0E06,0x060E,0x0500,0x0505,0x0909,0x0000,

	0x000E,0x0909,0x0606,0x0201,0x0902,0x0A0A,0x0C05,0x0005,
	0x0006,0x0200,0x0902,0x0902,0x0909,0x0E00,0x0601,0x0E06,
	0x0E01,0x0606,0x0106,0x0606,0x0E06,0x060E,0x060E,0x060E,
	0x0E06,0x0508,0x0A0A,0x0505,0x0C0C,0x0C09,0x0202,0x0902,
	0x0202,0x0902,0x0909,0x0202,0x0902,0x0209,0x0909,0x0C0C,
	0x090C,0x0C0C,0x0202,0x0909,0x0202,0x0C02,0x020C,0x0C02,
	0x0C0C,0x000C,0x0509,0x0C02,0x0902,0x0909,0x0009,0x0106,
	0x0E0E,0x0008,0x0808,0x0800,0x0000,0x0808,0x0008,0x0808,

	0x0808,0x0008,0x0000,0x0808,0x0808,0x0008,0x0808,0x0008,
	0x0800,0x0008,0x0808,0x0008,0x0000,0x0000,0x0000,0x0008,
	0x0800,0x0008,0x0800,0x0008,0x0500,0x050C,0x0C0C,0x0909,
	0x0C09,0x0C0C,0x0C0C,0x0C0C,0x0C05,0x090C,0x0909,0x0909,
	0x0C0C,0x0505,0x0509,0x050C,0x0C09,0x050C,0x0A05,0x0505,
	0x0509,0x0509,0x0505,0x0505,0x0E00,0x0E0E,0x060E,0x060E,
	0x060E,0x000E,0x0000,0x060E,0x050C,0x0905,0x0909,0x0000,
	0x0C05,0x0109,0x0106,0x0C0C,0x0A08,0x0A0A,0x0C0C,0x060C,

	0x0909,0x0909,0x0209,0x0902,0x0202,0x010E,0x0E0E,0x0E06,
	0x0E01,0x0606,0x0106,0x0606,0x0E06,0x060E,0x0606,0x060E,
	0x060E,0x0508,0x0A0A,0x0505,0x090C,0x0C0C,0x0002,0x020C,
	0x0202,0x0202,0x0902,0x0902,0x0909,0x0209,0x0909,0x0C0C,
	0x0902,0x0C02,0x0C0C,0x0902,0x0209,0x0909,0x0209,0x0C02,
	0x0909,0x0209,0x0C0C,0x0C0C,0x0C0C,0x090C,0x0009,0x0106,
	0x010E,0x0808,0x0808,0x0408,0x0000,0x0808,0x0808,0x0808,
	0x0008,0x0000,0x0808,0x0000,0x0008,0x0008,0x0808,0x0808,

	0x0800,0x0008,0x0800,0x0808,0x0800,0x0808,0x0808,0x0800,
	0x0000,0x0000,0x0000,0x0C00,0x0C0C,0x0C0C,0x0C0C,0x0C0C,
	0x020C,0x0C02,0x0902,0x0209,0x0909,0x0C0C,0x0C02,0x0909,
	0x0209,0x050C,0x0C0C,0x020C,0x0202,0x0202,0x0C0C,0x050C,
	0x0C0C,0x090C,0x0C0C,0x0505,0x0002,0x010E,0x0101,0x0E01,
	0x0101,0x000E,0x0000,0x0001,0x0209,0x0909,0x0909,0x0000,
	0x0C0C,0x0101,0x0901,0x0502,0x0A0A,0x0C0A,0x0200,0x0002,
	0x0202,0x0002,0x0000,0x0000,0x0900,0x0101,0x000E,0x0000,

	0x0000,0x0E0E,0x010E,0x0E0E,0x0E0E,0x0E0E,0x0E0E,0x0E0E,
	0x0101,0x0500,0x0505,0x0C05,0x020C,0x0202,0x0C02,0x0C0C,
	0x0002,0x0200,0x0202,0x0202,0x0202,0x0202,0x0202,0x0202,
	0x0202,0x0202,0x0202,0x0202,0x0202,0x0202,0x0200,0x0202,
	0x0202,0x0202,0x0202,0x0202,0x0202,0x0202,0x0202,0x0000,
	0x0101,0x0808,0x0808,0x0808,0x0008,0x0808,0x0808,0x0008,
	0x0000,0x0000,0x0000,0x0800,0x0808,0x0000,0x0808,0x0000,
	0x0800,0x0800,0x0000,0x0000,0x0000,0x0000,0x0008,0x0000,

	0x0000,0x0000,0x0000,0x0C00,0x0C0C,0x0202,0x0C02,0x0202,
	0x0C02,0x0202,0x0209,0x0909,0x0209,0x0C0C,0x0C0C,0x0202,
	0x0202,0x020C,0x0202,0x0202,0x0202,0x0202,0x0200,0x0C0C,
	0x0505,0x0C0C,0x0C0C,0x0505,0x000C,0x010E,0x0101,0x060E,
	0x010E,0x0001,0x0000,0x0001,0x0902,0x0209,0x0C09,0x0000,
	0x090C,0x0101,0x0901,0x0A00,0x0A0A,0x0C05,0x0200,0x0001,
	0x0202,0x0002,0x0002,0x0000,0x0100,0x010E,0x000D,0x0000,
	0x0000,0x0101,0x0101,0x0E0E,0x0E0E,0x0E01,0x0E01,0x0E0E,

	0x0101,0x0800,0x0505,0x0C05,0x0C02,0x0202,0x0002,0x0C0C,
	0x0002,0x0000,0x0202,0x0202,0x0202,0x0202,0x0202,0x0202,
	0x0202,0x0202,0x0202,0x0202,0x0C02,0x0202,0x0202,0x0202,
	0x0202,0x0902,0x0209,0x0202,0x0202,0x0000,0x0202,0x0000,
	0x0101,0x0008,0x0800,0x0808,0x0808,0x0808,0x0808,0x0008,
	0x0000,0x0000,0x0000,0x0808,0x0008,0x0000,0x0800,0x0000,
	0x0000,0x0000,0x0000,0x0000,0x0000,0x0000,0x0008,0x0000,
	0x0000,0x0000,0x0C00,0x090C,0x0C02,0x0909,0x0C02,0x050C,

	0x0505,0x050C,0x0505,0x0909,0x0509,0x0505,0x050C,0x0905,
	0x0209,0x0909,0x0909,0x0902,0x0909,0x0209,0x0909,0x0909,
	0x0505,0x0505,0x0C05,0x0505,0x0805,0x010E,0x0E0E,0x0C0E,
	0x0E09,0x000E,0x0000,0x080E,0x0909,0x0B09,0x0009,0x0200,
	0x0505,0x0906,0x0901,0x0A0A,0x0A04,0x090A,0x0002,0x0200,
	0x0209,0x0202,0x0100,0x0002,0x0E00,0x0000,0x0C00,0x0C0C,
	0x0002,0x0606,0x010E,0x0606,0x0606,0x0606,0x0606,0x0E0E,
	0x0E06,0x0800,0x0A0A,0x0505,0x090C,0x020C,0x0202,0x0C0C,

	0x0505,0x050C,0x0C0C,0x0200,0x0902,0x0909,0x0209,0x090C,
	0x0909,0x0C09,0x0C0C,0x0209,0x0205,0x020C,0x0909,0x0902,
	0x0209,0x0209,0x0909,0x0909,0x0C02,0x0505,0x0C09,0x0000,
	0x0E01,0x0808,0x0408,0x0404,0x0808,0x0404,0x0008,0x0000,
	0x0808,0x0800,0x0808,0x0408,0x0808,0x0808,0x0808,0x0808,
	0x0800,0x0808,0x0800,0x0808,0x0800,0x0800,0x0800,0x0000,
	0x0800,0x0508,0x0C05,0x0905,0x050C,0x0905,0x0C0C,0x0C05,
	0x0905,0x0909,0x0505,0x0C0C,0x0505,0x0505,0x050C,0x0505,

	0x0209,0x0C09,0x0909,0x0909,0x0C09,0x020C,0x0909,0x0C09,
	0x0902,0x0509,0x0505,0x0505,0x0805,0x0106,0x0E06,0x0606,
	0x060E,0x0006,0x060E,0x0902,0x0309,0x0A03,0x0009,0x0902,
	0x0D05,0x0906,0x0909,0x0A03,0x0A0A,0x0905,0x0202,0x0202,
	0x0202,0x0000,0x0201,0x0000,0x0808,0x0209,0x0909,0x0C02,
	0x0E06,0x0E06,0x0106,0x0606,0x0006,0x0C00,0x060E,0x060E,
	0x0E06,0x0C00,0x0505,0x0C05,0x0C02,0x0C0C,0x020C,0x0C0C,
	0x020C,0x050C,0x0505,0x0C02,0x090C,0x0009,0x0C0C,0x0C09,

	0x090C,0x0C0C,0x0202,0x090C,0x0C05,0x090C,0x0909,0x0902,
	0x0902,0x0209,0x0909,0x0909,0x0202,0x0C05,0x0C05,0x0C0C,
	0x0E00,0x010E,0x080E,0x0404,0x0008,0x0808,0x0008,0x0800,
	0x0808,0x0808,0x0408,0x0808,0x0800,0x0000,0x0000,0x0000,
	0x0000,0x0000,0x0800,0x0808,0x0800,0x0808,0x0000,0x0000,
	0x0800,0x0505,0x0505,0x0909,0x0909,0x0909,0x0909,0x0905,
	0x0C09,0x0902,0x0509,0x0505,0x0905,0x0909,0x0902,0x0909,
	0x0209,0x0C05,0x090C,0x0902,0x0C09,0x0209,0x0909,0x0C09,

	0x0C02,0x050C,0x0505,0x0505,0x0005,0x0008,0x0E06,0x060E,
	0x0E0E,0x0006,0x0606,0x0500,0x0309,0x0503,0x0C09,0x0909,
	0x0D06,0x0109,0x0303,0x0A0A,0x0A0A,0x090C,0x0209,0x0009,
	0x0900,0x0901,0x0202,0x0909,0x0209,0x0202,0x0002,0x0E09,
	0x0E0E,0x0606,0x0106,0x0606,0x0008,0x0000,0x0606,0x0606,
	0x000E,0x0505,0x0505,0x0C05,0x0C02,0x0C0C,0x0209,0x0209,
	0x0202,0x0C02,0x050C,0x0505,0x0205,0x020C,0x0909,0x0909,
	0x0C09,0x090C,0x0902,0x0C0C,0x020C,0x0C02,0x090C,0x0202,

	0x0909,0x0209,0x0209,0x0000,0x0000,0x000C,0x0900,0x0C02,
	0x0E02,0x010E,0x080E,0x0808,0x0000,0x0808,0x0008,0x0808,
	0x0404,0x0808,0x0808,0x0800,0x0008,0x0008,0x0808,0x0808,
	0x0800,0x0800,0x0800,0x0000,0x0800,0x0808,0x0800,0x0000,
	0x0508,0x0509,0x0505,0x0000,0x0000,0x0000,0x0000,0x0500,
	0x0C05,0x050C,0x0905,0x0909,0x0505,0x0905,0x0902,0x0909,
	0x0209,0x0C05,0x0C0C,0x0C0C,0x0202,0x0909,0x0202,0x0C0C,
	0x050C,0x0505,0x0C05,0x0505,0x0505,0x0000,0x060E,0x0E0E,

	0x000E,0x000C,0x060E,0x0900,0x0B03,0x0903,0x0209,0x060D,
	0x0106,0x0509,0x0A03,0x050A,0x0000,0x0000,0x0000,0x0900,
	0x0909,0x0202,0x0202,0x0202,0x0902,0x0202,0x0800,0x0E0E,
	0x0601,0x0606,0x0E06,0x060E,0x080C,0x0E00,0x0606,0x0E06,
	0x0006,0x050A,0x0505,0x020C,0x0C02,0x0C0C,0x0209,0x0209,
	0x0202,0x0C0C,0x0C0C,0x050C,0x0C05,0x0C0C,0x020C,0x0909,
	0x0209,0x0C0C,0x090C,0x0209,0x020C,0x0C0C,0x0209,0x0902,
	0x0909,0x0002,0x0E00,0x0E0E,0x0E0E,0x0E0E,0x000C,0x0000,

	0x0000,0x010E,0x090E,0x0808,0x0000,0x0800,0x0808,0x0808,
	0x0008,0x0000,0x0800,0x0800,0x0808,0x0008,0x0800,0x0000,
	0x0000,0x0800,0x0000,0x0800,0x0000,0x0000,0x0000,0x0000,
	0x0000,0x0000,0x0000,0x0000,0x0000,0x0000,0x0000,0x0000,
	0x0000,0x0202,0x020C,0x0C02,0x0C0C,0x020C,0x0202,0x0202,
	0x0202,0x0202,0x0002,0x0C00,0x0202,0x0202,0x0002,0x0002,
	0x0C0C,0x020C,0x0C0C,0x0C0C,0x050C,0x0000,0x0100,0x0101,
	0x0001,0x000C,0x0101,0x0900,0x0B04,0x090B,0x0209,0x0106,

	0x0902,0x0408,0x0B0B,0x0505,0x0008,0x0000,0x0000,0x0200,
	0x0002,0x0000,0x0000,0x0000,0x0000,0x0000,0x0000,0x0101,
	0x0101,0x0101,0x0101,0x0101,0x0200,0x0100,0x0101,0x0101,
	0x0001,0x0505,0x0C05,0x000C,0x0202,0x0000,0x0202,0x0202,
	0x0202,0x0200,0x0000,0x0002,0x0202,0x0202,0x0200,0x0202,
	0x0202,0x0002,0x0202,0x0202,0x0C02,0x0000,0x0202,0x0202,
	0x0000,0x0000,0x0100,0x0101,0x0101,0x0101,0x0000,0x0000,
	0x0000,0x0101,0x0101,0x0000,0x0000,0x0800,0x0008,0x0000,

	0x0000,0x0000,0x0000,0x0000,0x0000,0x0000,0x0000,0x0000,
	0x0000,0x0000,0x0000,0x0000,0x0000,0x0000,0x0000,0x0000,
	0x0008,0x0000,0x0000,0x0000,0x0800,0x0808,0x0800,0x0008,
	0x0000,0x0500,0x0105,0x0C09,0x0505,0x0905,0x0909,0x0909,
	0x0909,0x0902,0x0C09,0x0C0C,0x0909,0x0202,0x0C0C,0x0C05,
	0x050C,0x0509,0x0905,0x0505,0x0505,0x0902,0x0E08,0x0E06,
	0x0006,0x0C05,0x0106,0x050C,0x0B04,0x090B,0x0909,0x0606,
	0x0906,0x0A03,0x0A0A,0x0A0A,0x0008,0x0002,0x0101,0x0101,

	0x0001,0x0200,0x020C,0x0200,0x0008,0x0800,0x0E00,0x0E0E,
	0x0E01,0x0E0E,0x0E0E,0x0606,0x0E06,0x060E,0x0606,0x0E06,
	0x0006,0x050A,0x0505,0x0C05,0x0C02,0x0C0C,0x0209,0x0909,
	0x0909,0x0902,0x0C0C,0x0C02,0x090C,0x0C09,0x0C05,0x090C,
	0x0909,0x0909,0x0902,0x090C,0x0C0C,0x0C05,0x0909,0x0C02,
	0x0002,0x010E,0x0E0E,0x0E0E,0x0E0E,0x0E01,0x010E,0x0E0E,
	0x000E,0x0106,0x0101,0x0808,0x0800,0x0408,0x0804,0x0804,
	0x0808,0x0808,0x0808,0x0808,0x0808,0x0008,0x0808,0x0808,

	0x0800,0x0808,0x0800,0x0000,0x0800,0x0808,0x0800,0x0000,
	0x0000,0x0000,0x0800,0x0000,0x0000,0x0008,0x0800,0x0800,
	0x0000,0x0800,0x0800,0x0505,0x0505,0x0905,0x0902,0x0905,
	0x0209,0x0909,0x0909,0x0C0C,0x0202,0x0C0C,0x0505,0x0505,
	0x0C02,0x090C,0x0C09,0x0505,0x0505,0x050C,0x0005,0x0001,
	0x0900,0x0105,0x0101,0x0302,0x040B,0x090B,0x0609,0x0601,
	0x0A09,0x0A0A,0x0A0A,0x0005,0x0000,0x0606,0x0209,0x0202,
	0x0209,0x0000,0x0909,0x0C02,0x0808,0x0602,0x0E01,0x0E0E,

	0x0101,0x0E06,0x0106,0x0606,0x060E,0x060E,0x0606,0x0106,
	0x0000,0x050A,0x0505,0x0C09,0x0C02,0x0C0C,0x0202,0x0909,
	0x0209,0x0902,0x0202,0x0202,0x0C09,0x0C0C,0x0505,0x090C,
	0x090C,0x0909,0x0909,0x0C0C,0x0C0C,0x090C,0x0202,0x0200,
	0x0E01,0x010E,0x0E0E,0x0E0E,0x0E0E,0x0E0E,0x010E,0x0E01,
	0x0E0E,0x010E,0x0E01,0x010E,0x0000,0x0408,0x0004,0x0808,
	0x0808,0x0808,0x0808,0x0800,0x0808,0x0008,0x0808,0x0008,
	0x0800,0x0800,0x0800,0x0000,0x0000,0x0808,0x0008,0x0808,

	0x0008,0x0008,0x0000,0x0000,0x0800,0x0808,0x0000,0x0800,
	0x0008,0x0800,0x0000,0x0800,0x0500,0x0505,0x050C,0x0C09,
	0x0209,0x0209,0x0909,0x050C,0x0C0C,0x0C0C,0x0C05,0x0C05,
	0x0902,0x0909,0x0C09,0x0505,0x0505,0x050C,0x0205,0x0001,
	0x0500,0x0105,0x0909,0x0B0B,0x040B,0x090B,0x0609,0x0909,
	0x0109,0x0A07,0x0A0A,0x0205,0x0600,0x0906,0x0201,0x0101,
	0x0202,0x0000,0x0000,0x0000,0x0100,0x010E,0x0E01,0x060E,
	0x0601,0x0606,0x0106,0x0606,0x0E06,0x0606,0x0606,0x0E0E,

	0x0A00,0x0505,0x0505,0x0C0C,0x0902,0x090C,0x0202,0x0909,
	0x0209,0x0C02,0x0902,0x0902,0x0C09,0x020C,0x050C,0x0C0C,
	0x0C0C,0x0909,0x0C02,0x090C,0x0909,0x0909,0x0209,0x010E,
	0x0E01,0x010E,0x060E,0x060E,0x0E01,0x0E0E,0x010E,0x0E01,
	0x0E06,0x010E,0x0E01,0x010E,0x0000,0x0804,0x0008,0x0808,
	0x0808,0x0808,0x0808,0x0808,0x0808,0x0000,0x0000,0x0000,
	0x0000,0x0800,0x0000,0x0008,0x0000,0x0800,0x0808,0x0800,
	0x0000,0x0000,0x0000,0x0000,0x0000,0x0800,0x0000,0x0808,

	0x0000,0x0000,0x0000,0x0000,0x0000,0x0C0C,0x0C0C,0x0902,
	0x0209,0x0202,0x0C02,0x0C02,0x0C0C,0x020C,0x0202,0x0202,
	0x0202,0x0202,0x0C0C,0x0C0C,0x050C,0x0C05,0x0C0C,0x0000,
	0x0C00,0x090C,0x090C,0x0B03,0x0C04,0x0E0C,0x0901,0x0902,
	0x0105,0x0500,0x050A,0x0D02,0x0101,0x0202,0x0909,0x0202,
	0x0002,0x0000,0x0000,0x0000,0x0000,0x0000,0x0000,0x0100,
	0x0E01,0x0E0E,0x0E0E,0x010E,0x0E0E,0x0E0E,0x0E0E,0x0000,
	0x0505,0x0505,0x0C05,0x0202,0x0202,0x0202,0x0202,0x0202,

	0x0202,0x0202,0x0202,0x0202,0x0C0C,0x0202,0x020C,0x0C0C,
	0x0C0C,0x0202,0x0202,0x0C02,0x0202,0x0209,0x0E00,0x010E,
	0x0E01,0x010E,0x0E0E,0x0F0F,0x0F0F,0x070F,0x010E,0x010E,
	0x0E0E,0x010E,0x0E01,0x0101,0x0C01,0x0808,0x0000,0x0808,
	0x0808,0x0808,0x0000,0x0000,0x0000,0x0000,0x0000,0x0000,
	0x0000,0x0000,0x0000,0x0000,0x0000,0x0000,0x0000,0x0000,
	0x0000,0x0000,0x0000,0x0000,0x0000,0x0000,0x0000,0x0000,
	0x0000,0x0000,0x0000,0x0000,0x0000,0x0C00,0x0C02,0x0202,

	0x0202,0x0202,0x0C00,0x0802,0x0002,0x0002,0x0002,0x0202,
	0x0202,0x0202,0x0202,0x0C02,0x0C0C,0x0C0C,0x0002,0x0000,
	0x0200,0x0902,0x090C,0x040B,0x0204,0x0909,0x0C09,0x050C,
	0x020C,0x0500,0x050A,0x0102,0x0202,0x0202,0x0202,0x0202,
	0x0002,0x0000,0x0000,0x0000,0x0000,0x0000,0x0000,0x0900,
	0x0101,0x0101,0x0101,0x0101,0x0101,0x0101,0x0101,0x0000,
	0x0505,0x0505,0x0C0C,0x0202,0x0000,0x0202,0x0202,0x0202,
	0x0202,0x0200,0x0200,0x0002,0x0202,0x0002,0x0202,0x0C0C,

	0x0000,0x020C,0x0202,0x0202,0x0202,0x0202,0x0100,0x0101,
	0x0101,0x0101,0x0101,0x0707,0x0707,0x0D07,0x0901,0x0101,
	0x0101,0x0101,0x0101,0x0101,0x0201,0x0000,0x0000,0x0808,
	0x0800,0x0000,0x0000,0x0000,0x0000,0x0000,0x0000,0x0000,
	0x0000,0x0000,0x0000,0x0000,0x0000,0x0000,0x0000,0x0000,
	0x0800,0x0000,0x0800,0x0008,0x0800,0x0800,0x0000,0x0808,
	0x0000,0x0800,0x0808,0x0000,0x0800,0x090C,0x0502,0x0902,
	0x0209,0x0C09,0x050C,0x050C,0x090C,0x0202,0x0C0C,0x0909,

	0x0902,0x0909,0x0209,0x0C09,0x0509,0x050C,0x0205,0x0009,
	0x0900,0x0905,0x0909,0x0B03,0x0C09,0x0509,0x0A05,0x0A0A,
	0x050A,0x0C0C,0x0A0A,0x0D05,0x0902,0x0909,0x0202,0x0909,
	0x0202,0x0909,0x0505,0x0509,0x0505,0x0505,0x0A05,0x000C,
	0x010E,0x0E0E,0x010E,0x0E06,0x0606,0x060E,0x0606,0x0000,
	0x0A0A,0x0C05,0x0505,0x0C0C,0x0902,0x090C,0x020C,0x0C0C,
	0x0002,0x0202,0x0909,0x0902,0x0909,0x0209,0x0909,0x0909,
	0x0509,0x0C05,0x0909,0x0C09,0x0909,0x0909,0x0E02,0x0E0E,

	0x0E0E,0x0E0E,0x0F0E,0x0F0F,0x0F0F,0x0D07,0x0707,0x0E0D,
	0x0E0E,0x010E,0x0E01,0x010E,0x0901,0x0808,0x0008,0x0404,
	0x0804,0x0808,0x0808,0x0808,0x0808,0x0000,0x0000,0x0008,
	0x0000,0x0800,0x0000,0x0800,0x0000,0x0000,0x0000,0x0000,
	0x0000,0x0000,0x0800,0x0008,0x0800,0x0800,0x0808,0x0808,
	0x0008,0x0800,0x0808,0x0100,0x0101,0x090C,0x0902,0x0202,
	0x0202,0x0C09,0x0C05,0x0C0C,0x0202,0x0209,0x0909,0x0909,
	0x0902,0x0C05,0x0209,0x0909,0x0909,0x050C,0x0005,0x0002,

	0x0900,0x0905,0x0303,0x010B,0x070E,0x0A07,0x050A,0x0A05,
	0x050A,0x0902,0x0909,0x0609,0x0102,0x0909,0x0C09,0x0C0C,
	0x0A0A,0x0A05,0x0A0A,0x0A05,0x050A,0x050A,0x0A05,0x050A,
	0x0000,0x0606,0x0106,0x0606,0x0606,0x060E,0x0C06,0x0A0A,
	0x050A,0x0505,0x0C05,0x0C0C,0x0C02,0x090C,0x0202,0x0909,
	0x0209,0x0C09,0x0C0C,0x0C02,0x090C,0x0209,0x0909,0x0C09,
	0x0902,0x0C09,0x090C,0x0909,0x0209,0x0809,0x0E0E,0x0E0E,
	0x0E0E,0x060E,0x0F0F,0x0F0F,0x0F0F,0x070F,0x0D07,0x0D0D,

	0x0E0E,0x010E,0x0601,0x0E0E,0x0201,0x0808,0x0808,0x0408,
	0x0808,0x0808,0x0808,0x0808,0x0808,0x0008,0x0808,0x0800,
	0x0000,0x0800,0x0000,0x0000,0x0000,0x0800,0x0000,0x0000,
	0x0800,0x0008,0x0800,0x0008,0x0800,0x0800,0x0800,0x0408,
	0x0008,0x0800,0x0808,0x0100,0x0E0E,0x000D,0x0900,0x0C09,
	0x0C0C,0x0C05,0x0C0C,0x0902,0x0902,0x0202,0x0909,0x0505,
	0x0909,0x0909,0x0209,0x0909,0x0909,0x050C,0x0005,0x0A05,
	0x050A,0x0909,0x0303,0x0509,0x050A,0x0A05,0x0A0A,0x0A04,

	0x0A05,0x050A,0x0905,0x0909,0x0902,0x0509,0x050C,0x0A0A,
	0x0A0A,0x0A0A,0x0A0A,0x0A0A,0x050A,0x0005,0x000C,0x020C,
	0x0002,0x0606,0x0E0E,0x0606,0x060E,0x0606,0x0A00,0x0505,
	0x050A,0x0505,0x0C05,0x090C,0x0902,0x0909,0x0202,0x0C09,
	0x0C09,0x0902,0x0C0C,0x0C0C,0x0C0C,0x020C,0x0909,0x0909,
	0x0909,0x0909,0x0902,0x0909,0x0209,0x0809,0x060E,0x0601,
	0x010E,0x0D0D,0x0F0F,0x0F0F,0x0F07,0x070F,0x0707,0x070D,
	0x0E07,0x010E,0x0E01,0x0E0E,0x0201,0x0808,0x0008,0x0808,

	0x0808,0x0808,0x0808,0x0808,0x0808,0x0008,0x0808,0x0008,
	0x0800,0x0800,0x0000,0x0000,0x0800,0x0800,0x0808,0x0008,
	0x0000,0x0000,0x0000,0x0000,0x0000,0x0000,0x0000,0x0800,
	0x0008,0x0000,0x0800,0x0100,0x0101,0x0001,0x0202,0x0202,
	0x0C02,0x0C02,0x0202,0x0202,0x0202,0x0202,0x0202,0x0C02,
	0x0C0C,0x0202,0x0209,0x0202,0x0202,0x020C,0x000C,0x0505,
	0x0505,0x0902,0x0B0B,0x0909,0x0505,0x0805,0x0A08,0x0A0A,
	0x000A,0x050A,0x0905,0x0902,0x0202,0x0505,0x0C05,0x0C02,

	0x0502,0x0A05,0x0505,0x0C0C,0x0000,0x0900,0x0509,0x0909,
	0x0109,0x0E01,0x010E,0x010E,0x0E01,0x0101,0x0500,0x0C0C,
	0x0C08,0x0C0C,0x000C,0x020C,0x0202,0x0902,0x0202,0x0C02,
	0x020C,0x0202,0x0C02,0x020C,0x0202,0x0202,0x0202,0x0202,
	0x0202,0x0202,0x0202,0x0202,0x0202,0x0009,0x0F0E,0x0F0F,
	0x070F,0x0D06,0x070F,0x0707,0x0707,0x070D,0x0D0D,0x0D0D,
	0x010D,0x0101,0x0101,0x0101,0x0001,0x0008,0x0000,0x0000,
	0x0808,0x0808,0x0000,0x0000,0x0000,0x0000,0x0000,0x0000,

	0x0000,0x0000,0x0000,0x0000,0x0000,0x0000,0x0000,0x0000,
	0x0000,0x0000,0x0000,0x0000,0x0800,0x0008,0x0000,0x0000,
	0x0008,0x0800,0x0808,0x0100,0x0E01,0x000D,0x0202,0x0C02,
	0x0C0C,0x020C,0x0202,0x0202,0x0202,0x020C,0x0202,0x0C02,
	0x090C,0x020C,0x0209,0x0C09,0x0909,0x0C02,0x000C,0x0505,
	0x050A,0x0902,0x0B0A,0x0109,0x0505,0x0505,0x0A00,0x0A0A,
	0x000A,0x050A,0x0505,0x0902,0x0C02,0x0505,0x0505,0x0C09,
	0x0509,0x0A0A,0x0505,0x0505,0x0000,0x0900,0x0E01,0x0E01,

	0x060E,0x0101,0x0E0E,0x0E0E,0x0E0E,0x0D0E,0x0500,0x0505,
	0x0C05,0x0C05,0x0C0C,0x090C,0x0202,0x0902,0x0202,0x0C09,
	0x0202,0x0C02,0x0C02,0x0202,0x0C02,0x020C,0x0902,0x090C,
	0x0909,0x0209,0x0C0C,0x0C0C,0x0909,0x0009,0x0F01,0x0F0F,
	0x070F,0x0E01,0x0F0F,0x0707,0x0707,0x0D0D,0x0D0D,0x0D0D,
	0x010D,0x0101,0x0901,0x0909,0x0009,0x0808,0x0008,0x0000,
	0x0808,0x0808,0x0808,0x0808,0x0008,0x0000,0x0008,0x0000,
	0x0000,0x0800,0x0000,0x0000,0x0008,0x0000,0x0000,0x0008,

	0x0000,0x0008,0x0800,0x0008,0x0008,0x0800,0x0800,0x0808,
	0x0000,0x0000,0x0808,0x0500,0x0101,0x0209,0x0902,0x0C0C,
	0x020C,0x0C0C,0x0C09,0x0C0C,0x0C0C,0x0C0C,0x0C0C,0x0909,
	0x0902,0x0909,0x0C09,0x0909,0x0909,0x0902,0x0008,0x0808,
	0x0A00,0x090A,0x0101,0x0A0D,0x050A,0x0C0A,0x0F0F,0x0A0B,
	0x000A,0x0508,0x0A0A,0x0C05,0x0502,0x0505,0x0C0C,0x0A0A,
	0x0A0A,0x0A05,0x0005,0x0000,0x0C09,0x0209,0x0202,0x0E02,
	0x0E0E,0x0E06,0x0902,0x060E,0x0606,0x0806,0x0505,0x0505,

	0x0505,0x0C05,0x0C0C,0x0905,0x0902,0x0C09,0x0C02,0x0905,
	0x0209,0x0C0C,0x0909,0x0902,0x0909,0x0C0C,0x0909,0x0909,
	0x0909,0x0909,0x0909,0x0905,0x0C09,0x0009,0x0F0F,0x0F07,
	0x0F0F,0x0F0F,0x0F0F,0x070F,0x0707,0x0F0F,0x0707,0x070D,
	0x0D0D,0x0106,0x0F01,0x070F,0x000D,0x0808,0x0808,0x0000,
	0x0808,0x0808,0x0808,0x0808,0x0808,0x0000,0x0808,0x0808,
	0x0000,0x0808,0x0000,0x0800,0x0800,0x0808,0x0808,0x0008,
	0x0808,0x0008,0x0800,0x0808,0x0800,0x0000,0x0000,0x0808,

	0x0000,0x0800,0x0808,0x0100,0x0101,0x0200,0x0C02,0x0C0C,
	0x0C0C,0x0902,0x0902,0x090C,0x0209,0x020C,0x0C09,0x0909,
	0x0902,0x0909,0x0C05,0x0909,0x0909,0x0902,0x0A00,0x000F,
	0x0500,0x010A,0x0705,0x050A,0x000A,0x0A00,0x0A0F,0x0F03,
	0x050A,0x0500,0x0A0A,0x0205,0x0902,0x0509,0x0809,0x0A0A,
	0x050A,0x0805,0x0900,0x0C02,0x0C0C,0x020C,0x0902,0x0209,
	0x0E01,0x0606,0x0E06,0x0E0E,0x0006,0x0A00,0x0A05,0x0505,
	0x0505,0x0C05,0x0C09,0x090C,0x0902,0x0909,0x0202,0x090C,

	0x0209,0x0C02,0x0C02,0x0202,0x0909,0x0205,0x0909,0x0209,
	0x0909,0x0909,0x0909,0x0909,0x020C,0x0C09,0x0F0F,0x0F07,
	0x0F0F,0x0D0D,0x0F07,0x0707,0x0F07,0x0F0F,0x0707,0x0D0D,
	0x0D07,0x070F,0x0F0F,0x070F,0x0C0D,0x0808,0x0004,0x0008,
	0x0808,0x0004,0x0808,0x0808,0x0008,0x0008,0x0808,0x0008,
	0x0800,0x0800,0x0000,0x0800,0x0800,0x0008,0x0800,0x0008,
	0x0000,0x0008,0x0000,0x0000,0x0800,0x0808,0x0808,0x0008,
	0x0008,0x0808,0x0808,0x0E08,0x0E0E,0x0C02,0x0902,0x0202,

	0x0202,0x0209,0x0209,0x0909,0x0902,0x0209,0x0C09,0x090C,
	0x0902,0x0905,0x0209,0x0909,0x0909,0x0909,0x0F0C,0x0003,
	0x0A00,0x0905,0x0D07,0x0109,0x000A,0x0300,0x0C02,0x0F0F,
	0x050A,0x0C0C,0x0909,0x0509,0x0505,0x0A05,0x0A0A,0x050A,
	0x0909,0x0802,0x0C0C,0x0C02,0x0909,0x0009,0x0000,0x0C00,
	0x0606,0x0606,0x0106,0x0E06,0x0A08,0x0A0A,0x0505,0x0505,
	0x0505,0x0C0C,0x0C0C,0x0C02,0x0C0C,0x0C0C,0x0202,0x0C0C,
	0x0209,0x0902,0x0C09,0x0902,0x0909,0x0202,0x0000,0x0000,

	0x0000,0x0000,0x0000,0x090C,0x0C05,0x0009,0x0F02,0x0F07,
	0x070F,0x0707,0x0707,0x0F07,0x0F0F,0x0707,0x0D07,0x0707,
	0x0707,0x0707,0x0F0F,0x0707,0x0C0D,0x0808,0x0804,0x0800,
	0x0808,0x0808,0x0404,0x0808,0x0808,0x0808,0x0808,0x0000,
	0x0000,0x0808,0x0000,0x0000,0x0000,0x0808,0x0800,0x0008,
	0x0000,0x0000,0x0000,0x0000,0x0000,0x0800,0x0800,0x0000,
	0x0000,0x0000,0x0008,0x0100,0x0901,0x0000,0x0202,0x0000,
	0x0000,0x0000,0x0000,0x0000,0x0000,0x0202,0x0202,0x0200,

	0x0202,0x020C,0x0202,0x0202,0x0202,0x0202,0x0500,0x0008,
	0x0C00,0x0C0C,0x050C,0x020C,0x0005,0x0A00,0x0800,0x030F,
	0x0004,0x0208,0x0C02,0x0202,0x0202,0x050C,0x0505,0x0205,
	0x0202,0x0000,0x0000,0x0000,0x0202,0x0002,0x0000,0x0000,
	0x0101,0x0101,0x0202,0x0202,0x0508,0x0805,0x0805,0x0C0C,
	0x0808,0x000C,0x0002,0x0202,0x0002,0x0800,0x0000,0x0002,
	0x0202,0x0202,0x0202,0x0202,0x0000,0x0000,0x0000,0x0000,
	0x0000,0x0000,0x0000,0x0000,0x0200,0x0002,0x0700,0x0707,

	0x0707,0x0D0D,0x0D0D,0x070D,0x0707,0x0D0D,0x0D0D,0x0D07,
	0x070D,0x0707,0x0707,0x0D0D,0x000D,0x0000,0x0008,0x0000,
	0x0008,0x0800,0x0800,0x0000,0x0000,0x0000,0x0000,0x0000,
	0x0000,0x0000,0x0000,0x0000,0x0000,0x0000,0x0000,0x0000,
	0x0008,0x0800,0x0808,0x0008,0x0800,0x0800,0x0000,0x0808,
	0x0808,0x0800,0x0808,0x0E00,0x0C0E,0x050C,0x0909,0x0002,
	0x0000,0x0000,0x0000,0x0000,0x0000,0x0209,0x0209,0x0909,
	0x0909,0x090C,0x0909,0x0909,0x0909,0x0909,0x010C,0x000C,

	0x0000,0x0A05,0x0A05,0x0505,0x0805,0x0302,0x0C05,0x0F0F,
	0x000A,0x0C05,0x0505,0x0C01,0x0C0C,0x0909,0x0505,0x0905,
	0x0202,0x0002,0x0C08,0x0200,0x090C,0x0009,0x0600,0x060D,
	0x060E,0x0D0D,0x0000,0x0009,0x0505,0x0505,0x050A,0x050C,
	0x0505,0x0C05,0x0C0C,0x0902,0x0C02,0x0C0C,0x0C0C,0x0909,
	0x0209,0x0902,0x0909,0x0902,0x0002,0x0000,0x0F07,0x0F0F,
	0x0F0F,0x0707,0x070D,0x0000,0x0C0C,0x0C09,0x0F00,0x0F0F,
	0x0707,0x0707,0x0707,0x0707,0x0F07,0x0707,0x0707,0x0707,

	0x0F0F,0x070F,0x0F0F,0x0707,0x0C0D,0x0808,0x0008,0x0808,
	0x0808,0x0808,0x0808,0x0800,0x0000,0x0000,0x0000,0x0800,
	0x0000,0x0808,0x0000,0x0000,0x0000,0x0000,0x0000,0x0000,
	0x0000,0x0008,0x0800,0x0008,0x0800,0x0808,0x0800,0x0808,
	0x0808,0x0808,0x0808,0x0100,0x080E,0x0200,0x0000,0x0E00,
	0x010E,0x0E0E,0x0E0E,0x010E,0x0E0E,0x0000,0x0902,0x0909,
	0x0202,0x0909,0x0209,0x0909,0x080C,0x0808,0x0808,0x0A08,
	0x0A05,0x0A0A,0x0505,0x050A,0x020A,0x0A05,0x0A0A,0x0A0A,

	0x050C,0x0505,0x0905,0x050C,0x0902,0x0C0C,0x020C,0x0909,
	0x0902,0x0102,0x0801,0x0000,0x0C0C,0x020C,0x0002,0x060C,
	0x0D09,0x0C08,0x0505,0x0505,0x0505,0x0505,0x050C,0x0C0C,
	0x0505,0x020C,0x0902,0x0C09,0x0500,0x0502,0x020C,0x090C,
	0x0209,0x0902,0x0209,0x0002,0x0E02,0x070F,0x0F0F,0x070F,
	0x0707,0x0D07,0x0707,0x0707,0x0000,0x0200,0x000C,0x0F0F,
	0x0707,0x0707,0x0707,0x0707,0x0707,0x0707,0x070F,0x0F07,
	0x0F0F,0x0D0D,0x0D0D,0x0707,0x0C0D,0x0804,0x0008,0x0008,

	0x0808,0x0008,0x0808,0x0800,0x0808,0x0008,0x0808,0x0808,
	0x0000,0x0000,0x0000,0x0000,0x0000,0x0000,0x0000,0x0000,
	0x0800,0x0800,0x0800,0x0000,0x0008,0x0000,0x0000,0x0008,
	0x0000,0x0800,0x0808,0x0100,0x000E,0x0100,0x0E01,0x0E0E,
	0x0101,0x0E0E,0x0E0E,0x0E0E,0x0E0E,0x010E,0x0006,0x0900,
	0x0902,0x0909,0x0209,0x0009,0x0A00,0x0A0A,0x0A0A,0x0505,
	0x050C,0x090A,0x0505,0x050A,0x0909,0x0909,0x0000,0x0000,
	0x0505,0x0C01,0x0105,0x0901,0x0C02,0x0C09,0x0209,0x0902,

	0x0009,0x0902,0x0101,0x0902,0x0C08,0x020C,0x020C,0x0009,
	0x0000,0x0505,0x0C05,0x0505,0x0505,0x0505,0x0C05,0x0C0C,
	0x0C0C,0x020C,0x0909,0x0502,0x0C02,0x0902,0x0202,0x090C,
	0x0209,0x0902,0x0209,0x0E02,0x060E,0x070F,0x0F0F,0x070F,
	0x0707,0x0707,0x070D,0x0707,0x060D,0x000D,0x0002,0x070F,
	0x0707,0x0707,0x0707,0x0707,0x0D0D,0x070D,0x070F,0x0707,
	0x0D0D,0x0D07,0x0707,0x0707,0x050D,0x0804,0x0004,0x0808,
	0x0000,0x0800,0x0808,0x0808,0x0808,0x0008,0x0808,0x0008,

	0x0800,0x0000,0x0000,0x0000,0x0800,0x0800,0x0000,0x0000,
	0x0808,0x0008,0x0000,0x0808,0x0800,0x0808,0x0800,0x0808,
	0x0008,0x0000,0x0000,0x0100,0x0006,0x060E,0x0601,0x0606,
	0x0E0E,0x0606,0x0E06,0x060E,0x0606,0x0106,0x0606,0x0006,
	0x0902,0x0909,0x0002,0x0A00,0x0A0A,0x0A0A,0x050A,0x0A0A,
	0x0A0A,0x0505,0x0A0A,0x0505,0x0505,0x0A09,0x0505,0x0109,
	0x0505,0x0C01,0x0505,0x0505,0x090C,0x0C0C,0x0109,0x0D01,
	0x0901,0x0101,0x0101,0x0902,0x0801,0x020C,0x0C0C,0x0909,

	0x050C,0x0A05,0x0505,0x0505,0x0505,0x0505,0x0C0C,0x0C0C,
	0x0C0C,0x0209,0x0909,0x090C,0x0902,0x0909,0x0209,0x0909,
	0x0209,0x0902,0x0602,0x0701,0x0F07,0x0F0F,0x0F0F,0x070F,
	0x0707,0x0707,0x0707,0x0707,0x0D07,0x0607,0x000C,0x070F,
	0x0707,0x0D07,0x0707,0x0D07,0x070D,0x0D07,0x0D0D,0x070D,
	0x0707,0x0D07,0x070D,0x0D0D,0x0000,0x0808,0x0808,0x0808,
	0x0408,0x0808,0x0808,0x0808,0x0804,0x0008,0x0808,0x0808,
	0x0800,0x0800,0x0000,0x0800,0x0000,0x0008,0x0808,0x0000,

	0x0000,0x0000,0x0000,0x0800,0x0008,0x0808,0x0000,0x0000,
	0x0000,0x0000,0x0000,0x0900,0x0001,0x0109,0x0101,0x0101,
	0x0101,0x0101,0x0101,0x0101,0x0101,0x0101,0x0101,0x0001,
	0x0200,0x0909,0x0002,0x0A00,0x040B,0x0A0A,0x0C05,0x0505,
	0x050A,0x0C0C,0x0505,0x0C05,0x0505,0x0A0C,0x0905,0x0202,
	0x0909,0x0C05,0x000C,0x0C05,0x0202,0x0C02,0x0209,0x0909,
	0x0202,0x0C09,0x0202,0x0202,0x0009,0x0000,0x0202,0x0202,
	0x0C02,0x050C,0x0C0C,0x0C05,0x0C05,0x0C0C,0x0202,0x0008,

	0x0000,0x0202,0x0202,0x0202,0x0202,0x0202,0x0202,0x0202,
	0x0202,0x0202,0x0100,0x0D01,0x0707,0x0F07,0x0707,0x0707,
	0x0D0D,0x0D07,0x0D0D,0x0D0D,0x0D0D,0x060D,0x0000,0x0D07,
	0x0D0D,0x0D0D,0x0D0D,0x0D0D,0x0D0D,0x0D0D,0x060D,0x0D0D,
	0x0D0D,0x0D0D,0x0D0D,0x0E06,0x0000,0x0808,0x0008,0x0008,
	0x0000,0x0800,0x0800,0x0808,0x0808,0x0008,0x0000,0x0000,
	0x0000,0x0000,0x0000,0x0000,0x0000,0x0000,0x0000,0x0000,
	0x0000,0x0808,0x0808,0x0808,0x0808,0x0808,0x0000,0x0808,

	0x0008,0x0808,0x0008,0x0E09,0x0E0E,0x060E,0x0606,0x0606,
	0x0E06,0x0606,0x060E,0x0606,0x060E,0x0606,0x0606,0x0606,
	0x0000,0x0909,0x0500,0x0A0A,0x0A0A,0x0A05,0x0000,0x0A0A,
	0x050A,0x0505,0x0505,0x0A05,0x0A0A,0x050A,0x0A05,0x0505,
	0x0A0A,0x0505,0x010A,0x0C05,0x0102,0x050C,0x0101,0x0101,
	0x0001,0x0000,0x0008,0x0000,0x0800,0x0C05,0x0C0C,0x0909,
	0x0909,0x0505,0x0505,0x0505,0x0505,0x0C05,0x0C0C,0x0C0C,
	0x090C,0x0209,0x0C09,0x090C,0x0902,0x0909,0x0209,0x0909,

	0x0209,0x0009,0x0D0C,0x070D,0x0707,0x0707,0x0707,0x0707,
	0x0607,0x0606,0x070D,0x0707,0x0707,0x060D,0x080D,0x0D07,
	0x0D0D,0x0707,0x0D07,0x0707,0x0D0D,0x0707,0x0D07,0x0707,
	0x0D0D,0x010D,0x0606,0x0D0D,0x0000,0x0808,0x0808,0x0808,
	0x0808,0x0800,0x0804,0x0808,0x0808,0x0008,0x0808,0x0800,
	0x0000,0x0808,0x0000,0x0000,0x0800,0x0000,0x0000,0x0000,
	0x0000,0x0800,0x0000,0x0808,0x0800,0x0808,0x0000,0x0808,
	0x0808,0x0800,0x0008,0x0008,0x0808,0x0808,0x0E01,0x0E0E,

	0x0E0E,0x0E06,0x060E,0x0E0E,0x0E06,0x010E,0x0E0E,0x060E,
	0x060E,0x0902,0x0500,0x080A,0x0A0A,0x050C,0x0A08,0x0505,
	0x0505,0x0505,0x0505,0x0A05,0x0A0A,0x0A0A,0x0A0A,0x0800,
	0x0808,0x0C07,0x0505,0x0505,0x0C0C,0x0905,0x0005,0x0000,
	0x0000,0x0200,0x0C0C,0x0C02,0x0509,0x0505,0x090C,0x0905,
	0x090C,0x0909,0x0005,0x050C,0x0C0C,0x0C05,0x0C0C,0x0902,
	0x0202,0x0209,0x0902,0x0909,0x0C02,0x0002,0x0000,0x0200,
	0x0202,0x0009,0x070D,0x0D0D,0x0D07,0x010D,0x060D,0x0606,

	0x060E,0x0D06,0x0D06,0x060D,0x0E06,0x0606,0x0E06,0x060E,
	0x0E0E,0x0E0E,0x0D06,0x0D0D,0x070D,0x0E06,0x010E,0x0601,
	0x0E06,0x0106,0x0E0E,0x0808,0x0000,0x0808,0x0008,0x0808,
	0x0808,0x0808,0x0808,0x0800,0x0808,0x0004,0x0808,0x0008,
	0x0800,0x0008,0x0000,0x0000,0x0000,0x0000,0x0000,0x0000,
	0x0000,0x0000,0x0800,0x0808,0x0800,0x0808,0x0000,0x0808,
	0x0808,0x0808,0x0008,0x0008,0x0808,0x0808,0x0808,0x0808,
	0x0E08,0x0E0E,0x060E,0x0E0E,0x0606,0x0106,0x0E06,0x060E,

	0x0601,0x0902,0x0500,0x000A,0x0A0A,0x0A0A,0x050A,0x0A0A,
	0x0A0A,0x0A0A,0x0A0A,0x0A0A,0x0000,0x0000,0x0808,0x0404,
	0x0404,0x0808,0x0A0A,0x0505,0x010C,0x0905,0x020C,0x0909,
	0x0002,0x0800,0x020C,0x0C0C,0x050C,0x0C05,0x0C05,0x0505,
	0x050C,0x0505,0x0C05,0x050C,0x0205,0x0C0C,0x0202,0x0202,
	0x0C0C,0x0209,0x0209,0x0909,0x0000,0x0E00,0x010E,0x0606,
	0x0002,0x0002,0x0606,0x0E01,0x060E,0x0E06,0x0E06,0x0606,
	0x0606,0x0606,0x0D0E,0x060E,0x0606,0x0606,0x0606,0x0601,

	0x0606,0x010E,0x0E06,0x060E,0x060E,0x0E0E,0x010E,0x0601,
	0x060E,0x0106,0x0E0E,0x0808,0x0808,0x0804,0x0008,0x0808,
	0x0800,0x0408,0x0808,0x0800,0x0808,0x0008,0x0808,0x0008,
	0x0000,0x0808,0x0000,0x0000,0x0000,0x0000,0x0000,0x0008,
	0x0000,0x0008,0x0000,0x0000,0x0000,0x0000,0x0800,0x0808,
	0x0008,0x0008,0x0008,0x0808,0x0808,0x0808,0x0000,0x0808,
	0x0D08,0x0606,0x0806,0x0808,0x060E,0x0E0E,0x060E,0x0606,
	0x0000,0x0909,0x0A00,0x0A0A,0x050A,0x0505,0x050A,0x0A05,

	0x000A,0x0805,0x0505,0x000C,0x0508,0x0F0A,0x0808,0x0408,
	0x0404,0x080A,0x0A00,0x0109,0x0902,0x050C,0x0002,0x0909,
	0x080C,0x000C,0x0C0C,0x0902,0x0909,0x0C0C,0x090C,0x0505,
	0x0505,0x0C0C,0x0C0C,0x0202,0x0002,0x0202,0x0902,0x0202,
	0x0C0C,0x0209,0x0909,0x0D02,0x0D0D,0x060D,0x0E0E,0x0D0D,
	0x000D,0x0202,0x0606,0x0601,0x060E,0x0606,0x060D,0x0606,
	0x0606,0x080D,0x0800,0x0808,0x0000,0x0600,0x0606,0x060E,
	0x0606,0x0E06,0x0E06,0x060E,0x060E,0x0606,0x0E06,0x0606,

	0x0606,0x0906,0x0408,0x0808,0x0808,0x0804,0x0008,0x0808,
	0x0808,0x0808,0x0800,0x0808,0x0808,0x0808,0x0000,0x0800,
	0x0808,0x0800,0x0000,0x0000,0x0000,0x0800,0x0000,0x0000,
	0x0800,0x0008,0x0000,0x0000,0x0000,0x0000,0x0800,0x0008,
	0x0808,0x0808,0x0008,0x0008,0x0800,0x0808,0x0800,0x0808,
	0x0E08,0x0E0E,0x000E,0x0808,0x0E0E,0x010E,0x0E0E,0x0E0E,
	0x0000,0x0909,0x0A00,0x0A0A,0x050A,0x0505,0x0505,0x0A05,
	0x000A,0x0005,0x0505,0x080C,0x0508,0x030A,0x0808,0x0808,

	0x0404,0x080A,0x0A00,0x090C,0x0902,0x050C,0x0202,0x0C09,
	0x0C09,0x0008,0x020C,0x0902,0x0909,0x0205,0x0C0C,0x0505,
	0x0505,0x0C0C,0x020C,0x020C,0x0202,0x0202,0x0202,0x0C02,
	0x0C0C,0x0202,0x0909,0x0600,0x060E,0x0E06,0x0E06,0x0E06,
	0x000E,0x0002,0x0E0E,0x0E0E,0x0606,0x0E0E,0x0E06,0x0E06,
	0x0D0E,0x000D,0x0000,0x0000,0x0000,0x0D00,0x0E0D,0x060E,
	0x0E0E,0x010E,0x0E06,0x0E0E,0x060E,0x0E06,0x0E0E,0x0E0E,
	0x0E0E,0x0E0E,0x0808,0x0808,0x0808,0x0808,0x0008,0x0808,

	0x0808,0x0808,0x0808,0x0808,0x0808,0x0808,0x0000,0x0808,
	0x0008,0x0800,0x0000,0x0800,0x0000,0x0000,0x0000,0x0000,
	0x0000,0x0000,0x0000,0x0008,0x0808,0x0808,0x0808,0x0808,
	0x0808,0x0808,0x0000,0x0000,0x0808,0x0804,0x0808,0x0808,
	0x0D08,0x0E0E,0x0806,0x0408,0x0008,0x010E,0x0101,0x060E,
	0x0800,0x0909,0x0A00,0x0A0A,0x0A05,0x0A0A,0x0000,0x0808,
	0x000C,0x0303,0x030A,0x0808,0x0408,0x0304,0x0800,0x0808,
	0x0B08,0x0804,0x0A00,0x0C0C,0x050C,0x0909,0x0000,0x0008,

	0x0000,0x0008,0x0C09,0x0202,0x0509,0x0209,0x0909,0x0505,
	0x0505,0x0C05,0x0202,0x0C0C,0x020C,0x020C,0x0202,0x0C02,
	0x0202,0x0209,0x0809,0x0D0D,0x060E,0x060D,0x010E,0x0606,
	0x0E06,0x0809,0x0606,0x0E0E,0x0606,0x0E06,0x0606,0x0606,
	0x0C0D,0x050C,0x090C,0x0909,0x080C,0x0800,0x0600,0x060E,
	0x0606,0x0106,0x0606,0x0606,0x0606,0x060E,0x0E06,0x060E,
	0x060E,0x0E0E,0x0408,0x0808,0x0808,0x0804,0x0008,0x0800,
	0x0400,0x0808,0x0808,0x0808,0x0804,0x0808,0x0804,0x0008,

	0x0800,0x0808,0x0000,0x0000,0x0000,0x0000,0x0000,0x0000,
	0x0008,0x0800,0x0808,0x0808,0x0808,0x0808,0x0808,0x0808,
	0x0008,0x0808,0x0808,0x0008,0x0804,0x0808,0x0800,0x0808,
	0x0008,0x0E08,0x0408,0x0808,0x0504,0x010C,0x0E01,0x0C0E,
	0x050C,0x0C05,0x0000,0x050C,0x0505,0x0000,0x0302,0x0003,
	0x0208,0x030C,0x0A05,0x0C08,0x0008,0x0808,0x0408,0x0408,
	0x0804,0x0404,0x0A0A,0x0C05,0x0800,0x0808,0x0804,0x0404,
	0x0808,0x0408,0x0C04,0x0200,0x0509,0x0205,0x0902,0x0509,

	0x0508,0x0C05,0x000C,0x020C,0x020C,0x0202,0x0202,0x0C02,
	0x0209,0x0009,0x0D00,0x0D06,0x0601,0x0D06,0x010D,0x060D,
	0x0E06,0x0601,0x0606,0x0E01,0x0606,0x010D,0x0606,0x040D,
	0x0C08,0x0505,0x0505,0x0209,0x0E06,0x0606,0x060E,0x0606,
	0x0606,0x0106,0x0606,0x060E,0x0601,0x010E,0x000E,0x0808,
	0x0108,0x0E0E,0x0808,0x0808,0x0000,0x0008,0x0008,0x0808,
	0x0808,0x0808,0x0808,0x0808,0x0008,0x0008,0x0808,0x0808,
	0x0000,0x0808,0x0000,0x0000,0x0000,0x0000,0x0000,0x0000,

	0x0800,0x0000,0x0800,0x0808,0x0808,0x0808,0x0808,0x0808,
	0x0008,0x0800,0x0808,0x0008,0x0808,0x0808,0x0800,0x0800,
	0x0008,0x0808,0x0408,0x0408,0x0404,0x0008,0x0E08,0x000E,
	0x050C,0x020C,0x010E,0x0006,0x0F03,0x0000,0x090E,0x0003,
	0x0600,0x0C0C,0x030A,0x0C08,0x0909,0x0801,0x0405,0x0404,
	0x0804,0x050A,0x050A,0x0505,0x0008,0x0404,0x0404,0x0404,
	0x0808,0x0404,0x0908,0x0202,0x0902,0x0C05,0x050C,0x050C,
	0x0C0C,0x050C,0x0C0C,0x0C0C,0x0202,0x0202,0x0202,0x0C02,

	0x0902,0x0009,0x0D00,0x0D0D,0x0D01,0x0606,0x0106,0x0606,
	0x0106,0x0601,0x0D0D,0x060E,0x0606,0x0106,0x0606,0x090C,
	0x0C0C,0x0905,0x0C02,0x0C00,0x0E06,0x0606,0x0606,0x0601,
	0x060E,0x0E0E,0x0606,0x0606,0x0E0E,0x0804,0x0008,0x0808,
	0x0808,0x0008,0x0808,0x0808,0x0000,0x0808,0x0808,0x0808,
	0x0800,0x0808,0x0808,0x0808,0x0800,0x0008,0x0008,0x0808,
	0x0000,0x0808,0x0000,0x0000,0x0000,0x0808,0x0000,0x0000,
	0x0000,0x0808,0x0008,0x0008,0x0800,0x0000,0x0000,0x0800,

	0x0808,0x0800,0x0808,0x0000,0x0800,0x0800,0x0808,0x0008,
	0x0000,0x0800,0x0008,0x0808,0x0404,0x0808,0x0E08,0x000E,
	0x020C,0x0606,0x010E,0x060E,0x0F00,0x0000,0x0D0E,0x0000,
	0x0E00,0x0206,0x0002,0x0C06,0x0909,0x0509,0x0408,0x0404,
	0x0804,0x080A,0x0505,0x0C05,0x0000,0x0404,0x0404,0x0400,
	0x0804,0x0408,0x0804,0x0508,0x0202,0x0C0C,0x0C0C,0x050C,
	0x0505,0x0505,0x0C0C,0x0C05,0x0202,0x020C,0x0C02,0x0C02,
	0x0902,0x0200,0x060D,0x0E0E,0x0E01,0x060E,0x0000,0x0000,

	0x0E06,0x060E,0x0606,0x060E,0x0606,0x0E06,0x0006,0x090C,
	0x0209,0x0909,0x0202,0x0D0D,0x0606,0x0606,0x060E,0x060E,
	0x0606,0x0106,0x060E,0x0606,0x0601,0x0408,0x0008,0x0808,
	0x0808,0x0808,0x0808,0x0808,0x0008,0x0008,0x0008,0x0808,
	0x0800,0x0808,0x0808,0x0808,0x0808,0x0008,0x0808,0x0808,
	0x0000,0x0000,0x0000,0x0000,0x0000,0x0000,0x0000,0x0000,
	0x0008,0x0808,0x0008,0x0008,0x0800,0x0000,0x0000,0x0808,
	0x0808,0x0800,0x0808,0x0008,0x0000,0x0408,0x0808,0x0808,

	0x0008,0x0008,0x0800,0x0408,0x0404,0x0804,0x0E08,0x000E,
	0x0202,0x0E06,0x010E,0x0E0E,0x0F02,0x0000,0x060E,0x0000,
	0x0E00,0x0206,0x0200,0x0006,0x0C09,0x0409,0x0408,0x0404,
	0x0004,0x080A,0x0505,0x0C05,0x0000,0x0404,0x0404,0x0400,
	0x0804,0x0408,0x0404,0x0508,0x0C09,0x020C,0x0505,0x0509,
	0x0A05,0x050C,0x0C0C,0x0C05,0x020C,0x0C02,0x0C02,0x0C02,
	0x0902,0x0200,0x0D0D,0x060D,0x060E,0x0E06,0x0000,0x000C,
	0x0E0E,0x0606,0x0606,0x0606,0x0606,0x0D0D,0x0C06,0x0C09,

	0x0202,0x0209,0x0002,0x0606,0x0E06,0x0E0D,0x0E06,0x0606,
	0x060E,0x0606,0x0606,0x0606,0x0D06,0x0804,0x0004,0x0808,
	0x0808,0x0808,0x0808,0x0408,0x0808,0x0808,0x0808,0x0808,
	0x0808,0x0408,0x0808,0x0804,0x0808,0x0808,0x0808,0x0808,
	0x0808,0x0000,0x0000,0x0000,0x0000,0x0800,0x0000,0x0000,
	0x0008,0x0808,0x0008,0x0008,0x0400,0x0808,0x0808,0x0808,
	0x0008,0x0400,0x0808,0x0808,0x0404,0x0408,0x0800,0x0808,
	0x0808,0x0608,0x080D,0x0808,0x0404,0x0804,0x0E04,0x080E,

	0x0E0E,0x060E,0x010E,0x0E0E,0x000D,0x0000,0x060E,0x080E,
	0x0600,0x060E,0x0E0E,0x0606,0x0800,0x0404,0x0404,0x0408,
	0x0808,0x050A,0x0905,0x0C05,0x0600,0x0808,0x0800,0x0B0B,
	0x0804,0x0404,0x0404,0x0408,0x0209,0x0C09,0x0505,0x0505,
	0x0A0C,0x0C05,0x0205,0x0C0C,0x0C0C,0x0C0C,0x0202,0x0202,
	0x0909,0x0000,0x0200,0x0602,0x0601,0x0606,0x0202,0x0202,
	0x0606,0x060E,0x0E06,0x0601,0x060D,0x0000,0x0005,0x0505,
	0x0905,0x0209,0x060E,0x0606,0x0E06,0x0606,0x060E,0x060E,

	0x0606,0x0E06,0x0606,0x0606,0x060E,0x0408,0x0008,0x0800,
	0x0808,0x0808,0x0404,0x0408,0x0808,0x0808,0x0008,0x0808,
	0x0808,0x0408,0x0408,0x0408,0x0800,0x0008,0x0808,0x0808,
	0x0800,0x0808,0x0000,0x0000,0x0000,0x0000,0x0000,0x0000,
	0x0808,0x0808,0x0008,0x0008,0x0400,0x0808,0x0808,0x0800,
	0x0008,0x0400,0x0004,0x0004,0x0408,0x0408,0x0000,0x0808,
	0x0804,0x0D04,0x0E06,0x060E,0x0C0C,0x0804,0x0204,0x0601,
	0x0601,0x0E06,0x0106,0x0606,0x060E,0x0601,0x0606,0x0E06,

	0x0E0E,0x0606,0x060E,0x0E06,0x0400,0x080B,0x0404,0x0808,
	0x0A0A,0x0005,0x0505,0x0D02,0x0601,0x060E,0x090E,0x0804,
	0x0404,0x0404,0x0404,0x0808,0x0C04,0x020C,0x050C,0x0C05,
	0x0508,0x050C,0x0C05,0x0C05,0x020C,0x020C,0x0C02,0x0C02,
	0x020C,0x0000,0x0202,0x0909,0x0602,0x0606,0x0206,0x0E0C,
	0x0E06,0x060E,0x0606,0x0E0E,0x0D06,0x0000,0x0500,0x0C05,
	0x0C0C,0x0609,0x060E,0x0606,0x0C0C,0x0606,0x0606,0x0601,
	0x060E,0x0106,0x0606,0x0E06,0x0E0E,0x080E,0x0008,0x0808,

	0x0808,0x0804,0x0408,0x0808,0x0800,0x0804,0x0000,0x0800,
	0x0400,0x0408,0x0804,0x0408,0x0404,0x0008,0x0808,0x0808,
	0x0808,0x0808,0x0000,0x0000,0x0000,0x0808,0x0808,0x0000,
	0x0800,0x0008,0x0800,0x0808,0x0400,0x0808,0x0808,0x0808,
	0x0000,0x0800,0x0804,0x0004,0x0408,0x0408,0x0800,0x0804,
	0x0804,0x0404,0x0606,0x0606,0x0606,0x0808,0x0608,0x0E0E,
	0x0601,0x0606,0x0106,0x0606,0x0606,0x060E,0x0E06,0x0E06,
	0x060E,0x0606,0x0601,0x060D,0x0400,0x0B04,0x0404,0x0808,

	0x0A08,0x0C05,0x0205,0x0E06,0x060E,0x0606,0x010E,0x080D,
	0x0404,0x0404,0x0804,0x0408,0x040B,0x0C09,0x050C,0x0505,
	0x0A08,0x050A,0x0505,0x0505,0x0C0C,0x020C,0x0202,0x0202,
	0x0C0C,0x0000,0x0C0C,0x060E,0x060E,0x060D,0x0E0E,0x0D06,
	0x0E06,0x060E,0x0606,0x0601,0x0D0D,0x0000,0x0505,0x0205,
	0x080C,0x0606,0x0000,0x0D0D,0x0E06,0x0606,0x0606,0x0D0E,
	0x0606,0x0106,0x0606,0x0606,0x0E01,0x0E0E,0x0808,0x0804,
	0x0808,0x0008,0x0408,0x0008,0x0800,0x0808,0x0808,0x0808,

	0x0400,0x0404,0x0804,0x0808,0x0404,0x0008,0x0808,0x0808,
	0x0800,0x0808,0x0000,0x0000,0x0000,0x0808,0x0000,0x0000,
	0x0000,0x0008,0x0000,0x0000,0x0000,0x0008,0x0000,0x0000,
	0x0000,0x0008,0x0000,0x0008,0x0008,0x0800,0x0000,0x0808,
	0x0808,0x0808,0x0E0E,0x0E01,0x0E01,0x0E0E,0x010E,0x0E0E,
	0x0101,0x0001,0x070F,0x0E0D,0x0E01,0x0E0E,0x0101,0x0000,
	0x0100,0x0E01,0x0E0E,0x0101,0x0808,0x0404,0x0A04,0x0000,
	0x0400,0x0C08,0x000C,0x0E0E,0x010E,0x0E0E,0x0106,0x0101,

	0x0800,0x0404,0x0408,0x0808,0x0404,0x0002,0x0C0C,0x0502,
	0x0505,0x0505,0x0C0C,0x0505,0x020C,0x000C,0x0202,0x0202,
	0x0000,0x0000,0x0100,0x010E,0x0E01,0x0E01,0x0E0E,0x0E0E,
	0x0001,0x0600,0x060E,0x0601,0x0E00,0x0000,0x0505,0x0C02,
	0x0202,0x0000,0x0000,0x010E,0x010E,0x0E01,0x0E0E,0x0E0E,
	0x0E0E,0x010E,0x0101,0x0101,0x0101,0x0000,0x0808,0x0808,
	0x0808,0x0000,0x0000,0x0000,0x0800,0x0008,0x0000,0x0000,
	0x0800,0x0808,0x0808,0x0000,0x0000,0x0000,0x0008,0x0000,

	0x0000,0x0000,0x0000,0x0000,0x0000,0x0000,0x0000,0x0000,
	0x0808,0x0008,0x0008,0x0808,0x0800,0x0804,0x0800,0x0808,
	0x0000,0x0800,0x0808,0x0808,0x0808,0x0808,0x0800,0x0408,
	0x0804,0x0404,0x060E,0x0606,0x060D,0x0E06,0x060E,0x0606,
	0x060E,0x0C0E,0x070F,0x060D,0x0606,0x0606,0x060E,0x050C,
	0x0608,0x0606,0x0606,0x0606,0x0400,0x0B04,0x030B,0x0800,
	0x0A08,0x0C0C,0x020C,0x060D,0x060E,0x0606,0x0606,0x0606,
	0x0400,0x0B04,0x0404,0x0408,0x0B0B,0x0009,0x0C0C,0x0A0C,

	0x0504,0x0A05,0x0C0C,0x0A05,0x0C05,0x0C05,0x0C02,0x0202,
	0x0C02,0x000C,0x0D08,0x0D06,0x0D0E,0x0D0D,0x0E06,0x0D06,
	0x0006,0x0600,0x0606,0x0D0E,0x0D02,0x0000,0x0505,0x0C0C,
	0x090C,0x000C,0x0000,0x060D,0x0606,0x060D,0x0606,0x0606,
	0x0606,0x0106,0x0606,0x0E0E,0x0E0E,0x0808,0x0804,0x0808,
	0x0404,0x0008,0x0800,0x0808,0x0808,0x0808,0x0008,0x0808,
	0x0400,0x0408,0x0808,0x0000,0x0808,0x0008,0x0808,0x0808,
	0x0000,0x0808,0x0000,0x0000,0x0000,0x0008,0x0000,0x0000,

	0x0000,0x0808,0x0808,0x0000,0x0800,0x0008,0x0008,0x0808,
	0x0808,0x0808,0x0408,0x0804,0x0804,0x0404,0x0408,0x0404,
	0x0008,0x0808,0x060E,0x0E06,0x0E06,0x0E06,0x0606,0x0E06,
	0x0F0F,0x0F0F,0x0F0F,0x0F0F,0x060F,0x0101,0x0606,0x0808,
	0x0E00,0x0E0E,0x0000,0x0007,0x0404,0x0B0B,0x080B,0x0303,
	0x0A05,0x000C,0x0E0C,0x0606,0x0601,0x0606,0x0106,0x0606,
	0x0008,0x0B08,0x0B04,0x0404,0x0404,0x0804,0x0C0C,0x0A0C,
	0x0A04,0x0A0A,0x0505,0x0505,0x0C05,0x0C0C,0x0C0C,0x0202,

	0x0C02,0x020C,0x020C,0x0002,0x0C00,0x0606,0x0106,0x0606,
	0x0106,0x0601,0x0606,0x0601,0x0102,0x0000,0x0505,0x020C,
	0x0902,0x0209,0x010E,0x0D06,0x0E06,0x0606,0x0E06,0x060E,
	0x0806,0x0008,0x0404,0x0808,0x0800,0x0408,0x0004,0x0808,
	0x0808,0x0008,0x0800,0x0408,0x0808,0x0804,0x0008,0x0808,
	0x0408,0x0808,0x0404,0x0408,0x0808,0x0804,0x0804,0x0808,
	0x0000,0x0808,0x0000,0x0000,0x0000,0x0000,0x0008,0x0808,
	0x0808,0x0008,0x0800,0x0808,0x0808,0x0808,0x0800,0x0408,

	0x0808,0x0408,0x0404,0x0804,0x0404,0x0404,0x0408,0x0404,
	0x0008,0x0808,0x0608,0x0606,0x0E06,0x0106,0x0606,0x0F06,
	0x0F0F,0x0F0F,0x070F,0x0F0F,0x0F0F,0x060E,0x0606,0x0E06,
	0x0E0E,0x0606,0x0000,0x0804,0x0404,0x040B,0x0004,0x0000,
	0x0A0A,0x020C,0x060C,0x0606,0x0601,0x0606,0x0106,0x0606,
	0x0006,0x0B00,0x0B0B,0x0404,0x0408,0x0804,0x0C04,0x0A05,
	0x0A04,0x090A,0x0505,0x0C0A,0x0C05,0x0C05,0x0C02,0x0C02,
	0x0C0C,0x020C,0x0C02,0x090C,0x0202,0x0002,0x0E0D,0x0606,

	0x0E06,0x060E,0x0606,0x0601,0x0200,0x0008,0x0505,0x090C,
	0x0009,0x0E02,0x060E,0x0606,0x0E06,0x0606,0x060E,0x060E,
	0x0408,0x0804,0x0404,0x0808,0x0800,0x0804,0x0008,0x0400,
	0x0804,0x0804,0x0808,0x0808,0x0808,0x0804,0x0008,0x0808,
	0x0408,0x0408,0x0808,0x0800,0x0808,0x0008,0x0808,0x0808,
	0x0800,0x0808,0x0000,0x0000,0x0000,0x0000,0x0000,0x0800,
	0x0808,0x0808,0x0800,0x0804,0x0408,0x0808,0x0408,0x0404,
	0x0808,0x0408,0x0808,0x0008,0x0408,0x0404,0x0408,0x0804,

	0x0808,0x0404,0x0804,0x0808,0x0D0D,0x0E06,0x0606,0x0F0F,
	0x0F0F,0x0F0F,0x0F0F,0x0F07,0x0F0F,0x0D0D,0x0E06,0x0E06,
	0x060E,0x0606,0x0000,0x0803,0x0408,0x0004,0x000F,0x0000,
	0x050A,0x000C,0x060C,0x0E06,0x0601,0x0606,0x0000,0x0606,
	0x000D,0x0B00,0x0B0B,0x0804,0x0B08,0x0404,0x0004,0x0A0C,
	0x0A04,0x090A,0x050A,0x0C0A,0x0C05,0x0C0C,0x0C0C,0x0902,
	0x0C0C,0x020C,0x0C0C,0x0202,0x0202,0x0902,0x0202,0x0606,
	0x060D,0x0D06,0x0606,0x0D0E,0x0902,0x0008,0x0505,0x0C09,

	0x000C,0x0606,0x0606,0x060D,0x0106,0x060D,0x0D06,0x0809,
	0x0404,0x0404,0x0804,0x0808,0x0800,0x0808,0x0808,0x0404,
	0x0808,0x0008,0x0800,0x0808,0x0808,0x0808,0x0808,0x0808,
	0x0808,0x0804,0x0808,0x0408,0x0408,0x0804,0x0808,0x0808,
	0x0808,0x0808,0x0000,0x0000,0x0800,0x0808,0x0000,0x0808,
	0x0000,0x0000,0x0000,0x0800,0x0800,0x0000,0x0808,0x0808,
	0x0000,0x0000,0x0000,0x0008,0x0800,0x0800,0x0808,0x0808,
	0x0808,0x0808,0x0008,0x0808,0x0100,0x0101,0x0101,0x070F,

	0x070F,0x070F,0x0707,0x0707,0x0707,0x0D06,0x0101,0x0101,
	0x0101,0x0101,0x0000,0x0804,0x0408,0x0004,0x0805,0x0000,
	0x0804,0x0000,0x0102,0x0101,0x0101,0x0101,0x0900,0x0101,
	0x0002,0x0800,0x0808,0x0800,0x0400,0x0404,0x0004,0x0400,
	0x0404,0x0C04,0x0405,0x0204,0x0008,0x0000,0x0000,0x0202,
	0x0200,0x0202,0x0200,0x0000,0x0000,0x0000,0x0000,0x0101,
	0x0101,0x0101,0x0101,0x0E01,0x0000,0x0000,0x020C,0x0200,
	0x0000,0x0001,0x010E,0x0101,0x0E01,0x0101,0x0001,0x0000,

	0x0808,0x0808,0x0008,0x0000,0x0000,0x0000,0x0000,0x0808,
	0x0008,0x0000,0x0000,0x0000,0x0000,0x0008,0x0000,0x0000,
	0x0800,0x0000,0x0800,0x0808,0x0808,0x0808,0x0000,0x0000,
	0x0000,0x0000,0x0000,0x0000,0x0000,0x0000,0x0000,0x0000,
	0x0800,0x0000,0x0000,0x0808,0x0808,0x0008,0x0808,0x0404,
	0x0000,0x0000,0x0808,0x0004,0x0808,0x0808,0x0408,0x0404,
	0x0804,0x0404,0x0804,0x0408,0x0604,0x0606,0x0606,0x0F0F,
	0x0F0F,0x070F,0x0707,0x070F,0x0707,0x0F07,0x0606,0x0E0E,

	0x0E0E,0x0E06,0x0000,0x0303,0x0804,0x0804,0x0303,0x0000,
	0x0C05,0x0900,0x060D,0x0606,0x0601,0x0606,0x010E,0x0606,
	0x0208,0x0009,0x0000,0x0800,0x0404,0x0404,0x0C04,0x0A0C,
	0x0A04,0x0A0A,0x0505,0x0C0A,0x0C02,0x050C,0x020C,0x0902,
	0x0509,0x020C,0x090C,0x080C,0x0000,0x0800,0x0000,0x0D06,
	0x0E06,0x0601,0x0E0E,0x0601,0x020C,0x0202,0x090C,0x0C0C,
	0x0C0C,0x000E,0x060D,0x0606,0x060E,0x0606,0x0406,0x0400,
	0x0808,0x0804,0x0804,0x0808,0x0800,0x0408,0x0004,0x0408,

	0x0804,0x0008,0x0808,0x0808,0x0000,0x0808,0x0008,0x0808,
	0x0808,0x0408,0x0408,0x0808,0x0804,0x0004,0x0808,0x0800,
	0x0808,0x0808,0x0000,0x0000,0x0800,0x0808,0x0000,0x0008,
	0x0808,0x0808,0x0808,0x0804,0x0400,0x0808,0x0808,0x0404,
	0x0008,0x0800,0x0408,0x080B,0x0404,0x0804,0x0800,0x0808,
	0x0808,0x0404,0x0404,0x0408,0x0D04,0x0E06,0x0F06,0x0F0F,
	0x0F0F,0x070F,0x0707,0x0F07,0x0707,0x0707,0x0707,0x060E,
	0x0D0E,0x0C08,0x0408,0x0804,0x0804,0x0804,0x0303,0x0000,

	0x000A,0x010D,0x0606,0x060E,0x0E01,0x0606,0x0106,0x0606,
	0x0208,0x0C02,0x0B0B,0x0B04,0x0B0B,0x0804,0x0408,0x0A08,
	0x0A05,0x0A0A,0x0C05,0x0505,0x0909,0x0C09,0x0205,0x0C02,
	0x050C,0x0202,0x0209,0x010C,0x0601,0x0606,0x0106,0x060D,
	0x0E0D,0x090E,0x060C,0x0601,0x0206,0x0902,0x0902,0x0C05,
	0x090C,0x0009,0x0000,0x060D,0x0E06,0x060E,0x0406,0x0400,
	0x0404,0x0008,0x0804,0x0808,0x0800,0x0808,0x0808,0x0808,
	0x0808,0x0008,0x0408,0x0808,0x0000,0x0808,0x0004,0x0808,

	0x0800,0x0408,0x0404,0x0408,0x0404,0x0804,0x0804,0x0808,
	0x0800,0x0808,0x0000,0x0000,0x0800,0x0808,0x0008,0x0000,
	0x0808,0x0808,0x0808,0x0008,0x0808,0x0404,0x0808,0x0404,
	0x0808,0x0408,0x0B08,0x0804,0x0804,0x0408,0x0408,0x0804,
	0x0008,0x0808,0x0404,0x0800,0x0F04,0x0F0F,0x0F0F,0x0D07,
	0x0F07,0x0707,0x0707,0x0707,0x080C,0x0800,0x0704,0x0D07,
	0x0607,0x0308,0x0408,0x0403,0x0404,0x080B,0x0305,0x0C08,
	0x0005,0x010D,0x0E06,0x0006,0x0600,0x060D,0x010E,0x0606,

	0x0000,0x0C0C,0x0B08,0x0B04,0x0B0B,0x080B,0x0408,0x0004,
	0x0500,0x0505,0x0C0C,0x0505,0x090C,0x0C02,0x0205,0x0C0C,
	0x0C0C,0x0202,0x0902,0x090C,0x0C00,0x0606,0x0106,0x0606,
	0x0006,0x0202,0x0900,0x0600,0x0E06,0x0200,0x0502,0x0905,
	0x0909,0x0909,0x0C00,0x0206,0x0E06,0x060D,0x0E06,0x0801,
	0x0808,0x0804,0x0804,0x0808,0x0800,0x0808,0x0808,0x0808,
	0x0808,0x0804,0x0408,0x0804,0x0800,0x0808,0x0008,0x0808,
	0x0808,0x0404,0x0404,0x0408,0x0404,0x0804,0x0808,0x0800,

	0x0800,0x0008,0x0000,0x0000,0x0800,0x0008,0x0000,0x0000,
	0x0800,0x0808,0x0808,0x0808,0x0800,0x0404,0x0404,0x0804,
	0x0404,0x0408,0x0B0B,0x0404,0x0404,0x0804,0x0408,0x0808,
	0x0808,0x0804,0x0808,0x0404,0x0F04,0x0F0F,0x0F0F,0x070F,
	0x0707,0x0707,0x0707,0x0007,0x0404,0x0408,0x0004,0x0D0D,
	0x060D,0x0A08,0x0303,0x0404,0x0304,0x0803,0x0004,0x0505,
	0x0005,0x010D,0x0606,0x0006,0x0008,0x0606,0x0E0E,0x0006,
	0x0C0A,0x0C0C,0x0B08,0x0B04,0x0B0B,0x0808,0x0404,0x0804,

	0x0C00,0x050C,0x0505,0x0505,0x020C,0x0C02,0x020C,0x0800,
	0x0C0C,0x020C,0x0C09,0x020C,0x0C0C,0x0000,0x0E0E,0x0D06,
	0x0006,0x0800,0x0000,0x0602,0x0606,0x0D0E,0x0500,0x0905,
	0x0C09,0x0909,0x0C02,0x0D00,0x0E06,0x0606,0x0606,0x0606,
	0x0408,0x0804,0x0800,0x0808,0x0808,0x0808,0x0808,0x0804,
	0x0408,0x0804,0x0808,0x0808,0x0808,0x0808,0x0008,0x0000,
	0x0800,0x0808,0x0404,0x0408,0x0804,0x0808,0x0808,0x0808,
	0x0800,0x0008,0x0800,0x0000,0x0000,0x0808,0x0000,0x0000,

	0x0000,0x0000,0x0000,0x0008,0x0800,0x0808,0x0808,0x0808,
	0x0808,0x0808,0x0404,0x0804,0x0808,0x0808,0x0808,0x0808,
	0x0808,0x0808,0x0800,0x0808,0x0708,0x0707,0x0707,0x0D07,
	0x0D0D,0x0D0D,0x020D,0x0005,0x0808,0x0808,0x0000,0x0D01,
	0x010E,0x0800,0x0B0B,0x0808,0x0308,0x0003,0x0804,0x0C08,
	0x000C,0x0106,0x0101,0x0001,0x0800,0x0101,0x0101,0x0001,
	0x0008,0x000C,0x0400,0x0404,0x0404,0x0800,0x0404,0x0004,
	0x0000,0x0802,0x0505,0x0C0C,0x0202,0x0002,0x0200,0x0000,

	0x020C,0x0202,0x0202,0x0202,0x0202,0x0000,0x0909,0x0101,
	0x0001,0x0000,0x0000,0x0100,0x0901,0x0202,0x0C00,0x0C0C,
	0x0202,0x0002,0x0202,0x0100,0x0E01,0x0101,0x0101,0x0101,
	0x0800,0x0008,0x0800,0x0808,0x0000,0x0008,0x0808,0x0808,
	0x0808,0x0808,0x0808,0x0008,0x0008,0x0000,0x0000,0x0000,
	0x0000,0x0808,0x0808,0x0808,0x0804,0x0808,0x0808,0x0008,
	0x0000,0x0000,0x0000,0x0000,0x0000,0x0000,0x0000,0x0000,
	0x0800,0x0808,0x0808,0x0404,0x0408,0x0404,0x0800,0x0404,

	0x0008,0x0408,0x040B,0x0804,0x0408,0x0808,0x0408,0x0404,
	0x0808,0x0408,0x0408,0x0004,0x0F0F,0x070F,0x070F,0x0F07,
	0x070D,0x0707,0x0007,0x0808,0x0804,0x0808,0x0C04,0x0D0D,
	0x0707,0x080D,0x0B03,0x0404,0x0304,0x0303,0x0A05,0x050C,
	0x0005,0x010D,0x060D,0x0006,0x0808,0x0606,0x010E,0x000E,
	0x0C05,0x0C0C,0x000C,0x0800,0x0808,0x040B,0x0404,0x0404,
	0x0C08,0x0009,0x0C05,0x0C05,0x0C05,0x050C,0x0C0C,0x090C,
	0x0900,0x020C,0x0C02,0x090C,0x0902,0x0909,0x0002,0x060D,

	0x0E06,0x080D,0x0608,0x0E01,0x0206,0x0202,0x0808,0x0C05,
	0x090C,0x0509,0x0C02,0x0602,0x0E06,0x0606,0x0606,0x0601,
	0x0806,0x0004,0x0808,0x0808,0x0800,0x0808,0x0008,0x0808,
	0x0808,0x0008,0x0800,0x0404,0x0808,0x0808,0x0808,0x0808,
	0x0408,0x0404,0x0404,0x0B04,0x080B,0x0804,0x0808,0x0808,
	0x0800,0x0808,0x0000,0x0800,0x0000,0x0808,0x0008,0x0000,
	0x0808,0x0808,0x0400,0x0804,0x0408,0x0404,0x0808,0x0408,
	0x0804,0x0408,0x0B0B,0x040B,0x040B,0x0404,0x0408,0x0804,

	0x0808,0x0804,0x0808,0x0F0F,0x070F,0x070F,0x0707,0x0F07,
	0x070D,0x0707,0x0007,0x0404,0x0404,0x0808,0x0404,0x0D0C,
	0x0606,0x080D,0x0B0A,0x0404,0x0005,0x0808,0x0C0A,0x0505,
	0x0602,0x0E06,0x0606,0x0606,0x0D01,0x0E06,0x0106,0x020E,
	0x0205,0x050C,0x000C,0x0400,0x0B0B,0x040B,0x0B04,0x040B,
	0x0408,0x0804,0x0C05,0x0509,0x0C05,0x0C0C,0x0C05,0x0C0C,
	0x0500,0x020C,0x0909,0x0909,0x0C02,0x0209,0x0202,0x0609,
	0x0E06,0x0601,0x0606,0x0101,0x0606,0x0200,0x0902,0x0905,

	0x0509,0x0509,0x090C,0x0C02,0x0E06,0x0606,0x0606,0x0E0E,
	0x0606,0x0804,0x0404,0x0408,0x0800,0x0808,0x0008,0x0400,
	0x0404,0x0008,0x0808,0x0808,0x0808,0x0808,0x0008,0x0808,
	0x0408,0x0404,0x0404,0x0B04,0x040B,0x0804,0x0804,0x0808,
	0x0800,0x0808,0x0000,0x0808,0x0000,0x0808,0x0000,0x0000,
	0x0808,0x0800,0x0408,0x0004,0x0808,0x0408,0x0408,0x0404,
	0x0804,0x0404,0x0B04,0x040B,0x0404,0x0404,0x0408,0x0404,
	0x0008,0x0404,0x0808,0x070F,0x0707,0x0707,0x0707,0x0707,

	0x070D,0x0707,0x0007,0x0408,0x0B04,0x0404,0x0804,0x0D04,
	0x0606,0x0806,0x0A0A,0x0A0A,0x040A,0x0A0A,0x050A,0x050C,
	0x0606,0x0106,0x060D,0x0606,0x0601,0x0606,0x0901,0x0508,
	0x0C05,0x0C0C,0x090C,0x0000,0x0B0B,0x040B,0x0B04,0x0B04,
	0x0404,0x0404,0x0000,0x0505,0x0505,0x0C05,0x0C0C,0x0C02,
	0x0C00,0x0202,0x0C0C,0x0905,0x0902,0x0902,0x0202,0x0C0C,
	0x0106,0x060D,0x0606,0x0601,0x0606,0x0D06,0x090C,0x0909,
	0x050C,0x0505,0x0902,0x0C09,0x000C,0x0606,0x0606,0x0601,

	0x0606,0x0004,0x0804,0x0408,0x0400,0x0804,0x0804,0x0404,
	0x0808,0x0004,0x0408,0x0808,0x0808,0x0808,0x0008,0x0808,
	0x0408,0x0408,0x0404,0x0B0B,0x040B,0x0804,0x0808,0x0808,
	0x0800,0x0808,0x0000,0x0800,0x0000,0x0800,0x0808,0x0008,
	0x0000,0x0800,0x0808,0x0000,0x0808,0x0808,0x0808,0x0808,
	0x0808,0x0408,0x0B04,0x0404,0x0404,0x0408,0x0808,0x0808,
	0x0808,0x0808,0x0008,0x0707,0x0D0D,0x0D0D,0x0E0D,0x0D0D,
	0x0D0E,0x0D0D,0x010D,0x0801,0x0408,0x0808,0x0008,0x0E02,

	0x0101,0x0101,0x0000,0x0404,0x0504,0x0805,0x0000,0x0909,
	0x0101,0x010E,0x0E01,0x0101,0x0101,0x0101,0x0000,0x0504,
	0x020C,0x020C,0x0200,0x0000,0x0400,0x0804,0x0804,0x0808,
	0x0808,0x0404,0x0000,0x0C0C,0x0C08,0x0C08,0x020C,0x0200,
	0x0C00,0x0202,0x0202,0x020C,0x0202,0x0002,0x0909,0x0909,
	0x0101,0x0101,0x0E0E,0x010E,0x0101,0x010E,0x0001,0x0C00,
	0x0C02,0x020C,0x020C,0x0202,0x0000,0x0101,0x010E,0x0101,
	0x0E01,0x0008,0x0808,0x0800,0x0808,0x0808,0x0008,0x0000,

	0x0800,0x0808,0x0808,0x0008,0x0800,0x0808,0x0808,0x0008,
	0x0400,0x0808,0x0808,0x0B0B,0x0B0B,0x0808,0x0808,0x0008,
	0x0000,0x0000,0x0000,0x0000,0x0000,0x0000,0x0000,0x0000,
	0x0800,0x0400,0x0804,0x0800,0x0400,0x0804,0x0408,0x0804,
	0x0804,0x0408,0x0B04,0x0B0B,0x040B,0x0404,0x0408,0x0804,
	0x0808,0x0808,0x0804,0x0707,0x0707,0x070D,0x070D,0x070D,
	0x0707,0x0D0D,0x070D,0x0007,0x0404,0x0408,0x0804,0x0601,
	0x0E06,0x0606,0x0000,0x0A0A,0x0505,0x050A,0x0000,0x0E09,

	0x0606,0x0E06,0x0E0E,0x060E,0x0E01,0x0D0D,0x0000,0x050A,
	0x0C05,0x020C,0x0C0C,0x0202,0x0B00,0x0404,0x0404,0x0404,
	0x0404,0x0404,0x0000,0x0505,0x0C0C,0x0C0C,0x0C0C,0x0200,
	0x0C0C,0x020C,0x0C0C,0x090C,0x0902,0x0002,0x060E,0x060E,
	0x0606,0x0D06,0x0606,0x0601,0x060E,0x0E06,0x000E,0x0C00,
	0x0C0C,0x090C,0x0902,0x0C02,0x0000,0x0E0D,0x060E,0x0E0E,
	0x060E,0x0804,0x0808,0x0808,0x0408,0x0808,0x0008,0x0808,
	0x0408,0x0804,0x0808,0x0808,0x0808,0x0808,0x0808,0x0808,

	0x0400,0x0808,0x0408,0x0B0B,0x0B0B,0x0808,0x0804,0x0808,
	0x0800,0x0808,0x0000,0x0800,0x0000,0x0008,0x0000,0x0000,
	0x0800,0x0408,0x0804,0x0004,0x0400,0x0404,0x0808,0x0404,
	0x0404,0x0B04,0x0B0B,0x040B,0x0B0B,0x0404,0x0404,0x0404,
	0x0004,0x0404,0x0804,0x0707,0x0707,0x0D07,0x0707,0x0D07,
	0x070D,0x0707,0x0D07,0x0707,0x0C04,0x0B04,0x0804,0x0606,
	0x0606,0x0606,0x0601,0x0C02,0x050C,0x0C0A,0x0108,0x0601,
	0x060D,0x010D,0x0606,0x0E06,0x0101,0x0000,0x0505,0x050A,

	0x0205,0x0C0C,0x0C0C,0x0C02,0x0808,0x0808,0x040B,0x0404,
	0x0408,0x0404,0x0000,0x0A05,0x0C05,0x0C05,0x0C05,0x0000,
	0x0C09,0x0C0C,0x0C0C,0x090C,0x0902,0x0205,0x0002,0x0606,
	0x0E06,0x0601,0x0D0D,0x0601,0x0606,0x010D,0x0E06,0x0001,
	0x0500,0x0905,0x0909,0x0905,0x0209,0x0608,0x0106,0x0606,
	0x0606,0x0804,0x0808,0x0808,0x0808,0x0808,0x0808,0x0808,
	0x0408,0x0008,0x0408,0x0808,0x0808,0x0808,0x0008,0x0800,
	0x0808,0x0404,0x0404,0x0B0A,0x0B0B,0x0804,0x0404,0x0808,

	0x0800,0x0808,0x0000,0x0000,0x0000,0x0808,0x0800,0x0000,
	0x0808,0x0408,0x0804,0x0804,0x0800,0x0404,0x0800,0x0404,
	0x0404,0x0B04,0x0B0B,0x040B,0x0404,0x0404,0x0408,0x0404,
	0x0808,0x0808,0x0404,0x0D07,0x0707,0x0D07,0x0707,0x0707,
	0x0D0E,0x0D0D,0x0E0D,0x0D0D,0x000D,0x0000,0x0F05,0x0707,
	0x060F,0x060D,0x060E,0x0606,0x0C00,0x0805,0x0606,0x0601,
	0x0606,0x010E,0x0806,0x0008,0x0800,0x0505,0x0505,0x0505,
	0x020C,0x090C,0x0C0C,0x0000,0x0D0D,0x080C,0x0404,0x040B,

	0x0408,0x0004,0x0C05,0x050A,0x0C05,0x0C0C,0x0C0C,0x0000,
	0x090C,0x0C0C,0x0C0C,0x0205,0x0902,0x0209,0x0202,0x0D09,
	0x0606,0x0601,0x0606,0x0809,0x0602,0x0E06,0x0206,0x0200,
	0x0C00,0x0909,0x0902,0x0905,0x0C05,0x0608,0x0206,0x060E,
	0x060D,0x0E06,0x0808,0x0404,0x0408,0x0804,0x0808,0x0808,
	0x0404,0x0008,0x0808,0x0804,0x0800,0x0804,0x0004,0x0808,
	0x0408,0x0408,0x0B04,0x0B0B,0x0B0B,0x0404,0x0404,0x0408,
	0x0800,0x0808,0x0000,0x0000,0x0000,0x0808,0x0800,0x0008,

	0x0808,0x0408,0x0408,0x0008,0x0800,0x0404,0x0808,0x0404,
	0x0808,0x0B04,0x0B0B,0x0B0B,0x0B0B,0x0B0B,0x0404,0x0404,
	0x0808,0x0404,0x0404,0x0D0D,0x0D06,0x0106,0x060E,0x0606,
	0x0D0E,0x0D0D,0x0E0D,0x0D0D,0x070D,0x0D0D,0x0707,0x0707,
	0x0707,0x0606,0x0601,0x060E,0x000E,0x0000,0x0606,0x0601,
	0x0606,0x010E,0x0508,0x050A,0x0504,0x0505,0x0C0C,0x0505,
	0x0C05,0x0909,0x080C,0x0D02,0x0D0D,0x010D,0x0404,0x040B,
	0x0804,0x0008,0x0505,0x0505,0x050C,0x0C05,0x0C0C,0x0505,

	0x0505,0x0C05,0x0C05,0x0C09,0x0902,0x0909,0x0202,0x0202,
	0x0106,0x0606,0x0606,0x0C02,0x0602,0x060D,0x0206,0x0902,
	0x0C09,0x0909,0x0902,0x0909,0x0205,0x0608,0x0E0E,0x0E01,
	0x0606,0x0E0E,0x0408,0x0404,0x0408,0x0804,0x0004,0x0408,
	0x0808,0x0804,0x0408,0x0804,0x0808,0x0808,0x0804,0x0804,
	0x0408,0x0404,0x0B04,0x0B0B,0x0B0B,0x0404,0x040B,0x0808,
	0x0808,0x0808,0x0000,0x0800,0x0800,0x0808,0x0000,0x0808,
	0x0800,0x0000,0x0800,0x0008,0x0800,0x0808,0x0808,0x0808,

	0x0808,0x0B04,0x0B0B,0x0B0B,0x040B,0x0404,0x0808,0x0808,
	0x0808,0x0808,0x0808,0x010E,0x0101,0x0101,0x0101,0x0E01,
	0x0101,0x0101,0x0E0E,0x0E01,0x0E01,0x0E0E,0x0E01,0x060E,
	0x010E,0x0101,0x0101,0x0101,0x0001,0x0000,0x0101,0x0101,
	0x0E0E,0x0209,0x0C00,0x0804,0x020C,0x0C05,0x0C0C,0x0C02,
	0x0002,0x0000,0x0200,0x0E09,0x0101,0x0901,0x0800,0x0408,
	0x0008,0x0000,0x080C,0x0C08,0x0C0C,0x0008,0x0200,0x0C0C,
	0x0C02,0x0C0C,0x020C,0x0202,0x0202,0x0000,0x0000,0x0000,

	0x0902,0x0101,0x0101,0x0209,0x0102,0x0101,0x0201,0x0200,
	0x0202,0x0200,0x0202,0x0202,0x020C,0x0200,0x0101,0x0101,
	0x0101,0x0101,0x0808,0x0808,0x0808,0x0008,0x0000,0x0000,
	0x0800,0x0008,0x0000,0x0008,0x0008,0x0008,0x0000,0x0000,
	0x0800,0x0808,0x0408,0x0B0B,0x0B0B,0x0404,0x080B,0x0000,
	0x0808,0x0000,0x0000,0x0000,0x0000,0x0000,0x0000,0x0000,
	0x0808,0x0008,0x0800,0x0404,0x0404,0x0804,0x0808,0x0404,
	0x0808,0x0B04,0x030B,0x0B0B,0x0B0B,0x040B,0x0408,0x0404,

	0x0804,0x0808,0x0804,0x060D,0x0606,0x0E06,0x0606,0x0606,
	0x060E,0x0606,0x060D,0x0D0D,0x0707,0x0D0D,0x0606,0x0E0E,
	0x0E06,0x0606,0x060E,0x0606,0x0106,0x0E06,0x0606,0x0D01,
	0x0D0D,0x0000,0x0505,0x0A0A,0x0C05,0x050C,0x0505,0x0505,
	0x0005,0x0000,0x0602,0x0D06,0x0D0D,0x060D,0x000D,0x0408,
	0x0804,0x0A0C,0x0C0C,0x0C05,0x0C05,0x0C05,0x0908,0x050C,
	0x0505,0x0505,0x0505,0x0909,0x090C,0x0002,0x0200,0x0202,
	0x0202,0x060D,0x0D0D,0x0D06,0x0606,0x0E06,0x0606,0x0200,

	0x0209,0x0909,0x090C,0x0909,0x0909,0x0205,0x0606,0x0E01,
	0x0606,0x0106,0x0404,0x0404,0x0404,0x0808,0x0800,0x0808,
	0x0404,0x0808,0x0808,0x0404,0x0808,0x0808,0x0008,0x0808,
	0x0808,0x0408,0x0B04,0x0B0B,0x0B0B,0x0B0B,0x040B,0x0804,
	0x0808,0x0808,0x0000,0x0800,0x0808,0x0808,0x0008,0x0008,
	0x0800,0x0808,0x0808,0x0804,0x0408,0x0404,0x0808,0x0404,
	0x0404,0x0B0B,0x0303,0x0B03,0x0B0B,0x0B0B,0x0404,0x0404,
	0x0804,0x0404,0x0804,0x060D,0x0606,0x0106,0x0E06,0x060E,

	0x0601,0x0606,0x0106,0x0606,0x0606,0x0E01,0x0606,0x0606,
	0x0606,0x0606,0x0601,0x0606,0x0106,0x0D06,0x0606,0x0E01,
	0x060D,0x0000,0x0505,0x0C05,0x0C02,0x050C,0x0C05,0x0509,
	0x0208,0x060E,0x060D,0x0E01,0x0D0D,0x010D,0x0E0D,0x0006,
	0x0800,0x0505,0x0505,0x0505,0x0005,0x0800,0x0508,0x0C0C,
	0x0505,0x0805,0x0505,0x0C0C,0x0C02,0x0002,0x0000,0x060E,
	0x0106,0x060E,0x0606,0x0E01,0x0606,0x010D,0x060D,0x0006,
	0x0C00,0x0909,0x090C,0x0909,0x0209,0x0209,0x060E,0x060E,

	0x0606,0x0106,0x0404,0x0008,0x0000,0x0808,0x0000,0x0800,
	0x0404,0x0804,0x0408,0x0404,0x0800,0x0808,0x0008,0x0808,
	0x0408,0x0404,0x0B0B,0x0B0B,0x0B03,0x0B0B,0x040B,0x0804,
	0x0800,0x0808,0x0000,0x0800,0x0800,0x0808,0x0000,0x0000,
	0x0008,0x0808,0x0808,0x0008,0x0800,0x0408,0x0808,0x0404,
	0x0B0B,0x0B0B,0x030B,0x0B03,0x0B0B,0x0B0B,0x0404,0x0404,
	0x0008,0x0408,0x0804,0x060D,0x060E,0x0E06,0x0606,0x0606,
	0x0601,0x0606,0x0106,0x0606,0x0606,0x0601,0x0606,0x0E06,

	0x0606,0x0606,0x0601,0x0606,0x0E0D,0x060D,0x0D06,0x0D01,
	0x0D06,0x0C00,0x050A,0x0C05,0x0902,0x050A,0x0C0C,0x0C0C,
	0x0106,0x0D01,0x0D0D,0x0D01,0x0E06,0x0002,0x0C0C,0x050C,
	0x0A08,0x050A,0x0C05,0x0C05,0x0800,0x0804,0x0504,0x0505,
	0x0505,0x0805,0x0505,0x0C05,0x0502,0x0C00,0x0202,0x000C,
	0x0106,0x000D,0x0600,0x0601,0x0606,0x0106,0x060D,0x0006,
	0x0900,0x0909,0x0C0C,0x0C09,0x0C0C,0x0205,0x060E,0x0E01,
	0x0006,0x0808,0x0000,0x0808,0x0404,0x0404,0x0000,0x0404,

	0x0404,0x0804,0x0408,0x0408,0x0808,0x0804,0x0804,0x0808,
	0x0808,0x0404,0x0B0B,0x030B,0x0B03,0x0B0B,0x040B,0x0808,
	0x0808,0x0808,0x0000,0x0800,0x0800,0x0808,0x0000,0x0000,
	0x0808,0x0808,0x0808,0x0808,0x0408,0x0404,0x0808,0x0404,
	0x0B0B,0x0B0B,0x030B,0x0B03,0x030B,0x0B0B,0x0408,0x0804,
	0x0808,0x0404,0x0808,0x060D,0x0606,0x0E06,0x0606,0x0606,
	0x0601,0x0606,0x0E06,0x0606,0x0606,0x060E,0x0D06,0x0E0D,
	0x0606,0x0606,0x0601,0x0D06,0x0106,0x060D,0x0E0D,0x0D06,

	0x0806,0x0A0A,0x090A,0x0C09,0x050C,0x0A0C,0x0C09,0x0909,
	0x0D02,0x0D0D,0x0D0D,0x060E,0x080D,0x0505,0x0505,0x0505,
	0x0A05,0x050A,0x0505,0x0505,0x0800,0x0404,0x0A08,0x0505,
	0x0A05,0x050A,0x0505,0x0505,0x050C,0x0500,0x020C,0x0C09,
	0x0009,0x0900,0x0602,0x0601,0x060D,0x0008,0x060D,0x0000,
	0x0C00,0x0509,0x090C,0x0909,0x0C05,0x060C,0x0806,0x0800,
	0x0408,0x040B,0x040B,0x0008,0x0000,0x0404,0x0008,0x0000,
	0x0404,0x0008,0x0804,0x0808,0x0008,0x0808,0x0804,0x0808,

	0x0B08,0x0B0B,0x0B0B,0x030B,0x0303,0x0B0B,0x0404,0x0404,
	0x0404,0x0808,0x0800,0x0008,0x0800,0x0808,0x0808,0x0808,
	0x0000,0x0800,0x0008,0x0000,0x0800,0x0808,0x0800,0x0808,
	0x0B0B,0x0B0B,0x030B,0x0B03,0x0B0B,0x0B0B,0x0808,0x0808,
	0x0000,0x0808,0x0000,0x010D,0x0101,0x010E,0x0E0E,0x0E01,
	0x0909,0x0909,0x010E,0x010E,0x0E0E,0x0E01,0x0101,0x0E01,
	0x010E,0x010E,0x010E,0x0E0E,0x0E0E,0x0101,0x0601,0x060E,
	0x0001,0x0505,0x0205,0x0202,0x0502,0x0500,0x020C,0x0C02,

	0x0D00,0x0E06,0x0E06,0x060E,0x0001,0x0C05,0x0C0C,0x0C0C,
	0x0505,0x0505,0x0C0C,0x050C,0x0800,0x0808,0x0C00,0x0C0C,
	0x0505,0x0C05,0x0C0C,0x0C0C,0x0C0C,0x0200,0x0002,0x020C,
	0x0002,0x0200,0x0600,0x0E01,0x0E01,0x0000,0x0606,0x0000,
	0x0200,0x0C02,0x020C,0x020C,0x0C0C,0x010C,0x000E,0x0000,
	0x0800,0x0404,0x0804,0x0000,0x0000,0x0408,0x0000,0x0000,
	0x0808,0x0008,0x0808,0x0008,0x0000,0x0808,0x0008,0x0000,
	0x0400,0x0B04,0x0B0B,0x0B0B,0x0303,0x0B0B,0x0808,0x0804,

	0x0800,0x0008,0x0000,0x0000,0x0800,0x0808,0x0008,0x0000,
	0x0008,0x0804,0x0408,0x0808,0x0408,0x0404,0x0408,0x0404,
	0x0B0B,0x0B0B,0x0303,0x0B03,0x0303,0x0B0B,0x0404,0x0808,
	0x0804,0x0404,0x0804,0x060D,0x0D06,0x0606,0x0606,0x0606,
	0x0800,0x0000,0x0E0D,0x0606,0x060D,0x0E06,0x0606,0x0E06,
	0x0606,0x060D,0x0601,0x0806,0x010C,0x0606,0x0D06,0x060E,
	0x050C,0x0C05,0x0909,0x0009,0x0000,0x0A05,0x020C,0x0C02,
	0x0E09,0x0D06,0x060D,0x0D0E,0x0508,0x0C05,0x050C,0x0505,

	0x0A05,0x050A,0x0505,0x0005,0x0400,0x0404,0x0508,0x0505,
	0x0505,0x080C,0x0505,0x0C05,0x050C,0x0500,0x0202,0x0C0C,
	0x0202,0x0C0C,0x0606,0x0D0E,0x0901,0x0008,0x0D0D,0x0C00,
	0x0909,0x0C09,0x050C,0x0909,0x0009,0x0608,0x0802,0x0408,
	0x0404,0x0404,0x0404,0x0804,0x0408,0x0404,0x0404,0x0404,
	0x0400,0x0000,0x0400,0x0404,0x0808,0x0404,0x0004,0x0808,
	0x0B08,0x0B0B,0x0303,0x0303,0x0303,0x0B03,0x0404,0x0804,
	0x0800,0x0808,0x0000,0x0008,0x0800,0x0808,0x0000,0x0000,

	0x0000,0x0808,0x0408,0x0808,0x0408,0x0404,0x0408,0x0404,
	0x0B0B,0x0B0B,0x0303,0x0B03,0x0303,0x080B,0x0408,0x0404,
	0x0804,0x0408,0x0804,0x060D,0x060E,0x0E06,0x0606,0x0606,
	0x0800,0x0408,0x0908,0x0E0E,0x060E,0x0E01,0x0606,0x0606,
	0x0606,0x0606,0x060E,0x0806,0x0106,0x0606,0x0D06,0x060E,
	0x0502,0x0000,0x0509,0x0209,0x0600,0x0A02,0x0805,0x0C00,
	0x0006,0x0600,0x060D,0x0000,0x0504,0x0C05,0x0805,0x0A05,
	0x0A05,0x0C0C,0x0C05,0x0009,0x0404,0x0404,0x0508,0x0C0C,

	0x050A,0x0505,0x0C05,0x0505,0x0902,0x0900,0x0002,0x0C0C,
	0x0209,0x0C02,0x0000,0x0000,0x090C,0x0202,0x0202,0x0502,
	0x020C,0x0C09,0x050C,0x0905,0x0009,0x0600,0x0000,0x0800,
	0x0404,0x0404,0x0404,0x0404,0x0408,0x0408,0x0804,0x0408,
	0x0008,0x0000,0x0008,0x0404,0x0808,0x0808,0x0804,0x0808,
	0x0B08,0x0B0B,0x030B,0x0303,0x0303,0x0B03,0x040B,0x0404,
	0x0808,0x0808,0x0000,0x0000,0x0800,0x0808,0x0000,0x0000,
	0x0808,0x0808,0x0808,0x0000,0x0800,0x0808,0x0408,0x0404,

	0x0B04,0x030B,0x0303,0x0B03,0x0B0B,0x040B,0x0808,0x0808,
	0x0804,0x0408,0x0808,0x060D,0x0606,0x0E0D,0x060D,0x0806,
	0x0408,0x0408,0x0905,0x0806,0x0D08,0x0601,0x0606,0x0E06,
	0x0606,0x060D,0x0601,0x0C06,0x0106,0x0606,0x0606,0x0200,
	0x0505,0x0000,0x0905,0x0909,0x0D01,0x0800,0x0206,0x0600,
	0x0006,0x0600,0x0D0D,0x0800,0x0C05,0x000C,0x0808,0x050A,
	0x050C,0x050C,0x0C09,0x0005,0x080C,0x040C,0x0004,0x050C,
	0x0A0A,0x0209,0x0505,0x0C05,0x0902,0x0908,0x0C02,0x0C0C,

	0x0002,0x090C,0x0C0C,0x0C02,0x020C,0x0209,0x0509,0x0C09,
	0x090C,0x0C09,0x0902,0x0909,0x0002,0x060C,0x060E,0x0802,
	0x0808,0x0804,0x0404,0x0404,0x0404,0x0404,0x0804,0x0408,
	0x0804,0x0008,0x0004,0x0404,0x0808,0x0804,0x0008,0x0808,
	0x0B08,0x0B0B,0x030B,0x0303,0x0303,0x0B03,0x0B0B,0x0408,
	0x0800,0x0808,0x0000,0x0000,0x0000,0x0800,0x0000,0x0808,
	0x0808,0x0808,0x0800,0x0800,0x0808,0x0804,0x0808,0x0408,
	0x0B0B,0x030B,0x030B,0x0403,0x0B0B,0x0804,0x0408,0x0808,

	0x0808,0x0404,0x0804,0x060D,0x0606,0x010E,0x0606,0x0C06,
	0x0808,0x0408,0x0908,0x0C0E,0x0602,0x060E,0x0606,0x0606,
	0x0D0D,0x0606,0x0D0E,0x0D06,0x0106,0x0606,0x0606,0x0800,
	0x0505,0x0000,0x0905,0x0109,0x0601,0x000D,0x000E,0x0D00,
	0x0606,0x0606,0x060D,0x0000,0x0C03,0x060D,0x0007,0x0A0A,
	0x0C05,0x0002,0x0505,0x0909,0x0000,0x0400,0x0004,0x0902,
	0x050A,0x0C0C,0x0505,0x0C05,0x090C,0x0200,0x0000,0x090C,
	0x0209,0x090C,0x0C09,0x090C,0x0909,0x0C09,0x0509,0x0C05,

	0x0905,0x0909,0x0902,0x0909,0x000C,0x0606,0x0808,0x0B04,
	0x0804,0x0008,0x0404,0x0404,0x0404,0x0404,0x0804,0x0808,
	0x0404,0x0404,0x0004,0x0404,0x0404,0x0404,0x0804,0x0808,
	0x0B08,0x0B0B,0x0303,0x0303,0x0303,0x0B03,0x0B0B,0x0404,
	0x0808,0x0808,0x0800,0x0000,0x0000,0x0808,0x0808,0x0000,
	0x0808,0x0808,0x0800,0x0808,0x0808,0x0804,0x0808,0x0408,
	0x0B0B,0x030B,0x0303,0x0B03,0x0B0B,0x0804,0x0408,0x0808,
	0x0808,0x0404,0x0804,0x0D0D,0x0606,0x060D,0x0606,0x080E,

	0x0800,0x0408,0x0908,0x0806,0x0600,0x0E0E,0x0606,0x0606,
	0x0606,0x0D0D,0x0D0E,0x0606,0x0E06,0x060D,0x0D0D,0x0800,
	0x0C09,0x0000,0x090C,0x0E09,0x0D01,0x0806,0x000D,0x0D00,
	0x0606,0x0D06,0x0606,0x0000,0x0C0F,0x0E0E,0x000D,0x050A,
	0x0C05,0x0800,0x0C05,0x0905,0x0000,0x0400,0x0004,0x090C,
	0x0505,0x0C0C,0x0C05,0x0C05,0x0902,0x0800,0x0000,0x090C,
	0x0209,0x050C,0x0C0C,0x090C,0x0C0C,0x0209,0x0C0C,0x0C0C,
	0x090C,0x090C,0x0202,0x090C,0x0002,0x0D06,0x0808,0x040C,

	0x0804,0x0008,0x0404,0x0404,0x0408,0x0408,0x0804,0x0808,
	0x0808,0x0808,0x0008,0x0404,0x0404,0x0404,0x0804,0x0808,
	0x0B08,0x0B0B,0x0303,0x0303,0x0303,0x0B03,0x0B0B,0x0804,
	0x0808,0x0808,0x0000,0x0000,0x0000,0x0808,0x0808,0x0000,
	0x0008,0x0800,0x0808,0x0808,0x0800,0x0804,0x0800,0x0804,
	0x0808,0x0408,0x0404,0x0804,0x0404,0x0804,0x0800,0x0408,
	0x0804,0x0808,0x0808,0x0E0D,0x060D,0x0E06,0x0D06,0x0606,
	0x0800,0x0404,0x0100,0x0E06,0x0E06,0x060E,0x0606,0x0E06,

	0x0606,0x0D0E,0x060E,0x0E06,0x0E06,0x0606,0x0606,0x0000,
	0x000C,0x020D,0x050C,0x0D0C,0x0601,0x0C0D,0x0002,0x0D06,
	0x0E0D,0x0D0E,0x0606,0x0000,0x0C03,0x0106,0x000D,0x050A,
	0x020C,0x0009,0x0C05,0x0905,0x0500,0x0005,0x0008,0x0000,
	0x0505,0x0C05,0x0505,0x0C09,0x0C02,0x000C,0x0000,0x090C,
	0x0209,0x0902,0x0909,0x0C02,0x0C09,0x0209,0x0C0C,0x0C09,
	0x090C,0x0909,0x0902,0x0C05,0x0000,0x0006,0x0404,0x0408,
	0x0404,0x0804,0x0404,0x0404,0x0408,0x0804,0x0804,0x0808,

	0x0808,0x0004,0x0808,0x0000,0x0000,0x0808,0x0008,0x0808,
	0x0B08,0x0B0B,0x030B,0x0303,0x0303,0x0B0B,0x040B,0x0404,
	0x0808,0x0808,0x0000,0x0000,0x0000,0x0808,0x0000,0x0808,
	0x0808,0x0808,0x0808,0x0804,0x0808,0x0808,0x0800,0x0804,
	0x0804,0x0B04,0x040B,0x040B,0x040B,0x0404,0x0800,0x0404,
	0x0808,0x0404,0x0804,0x0E0D,0x0606,0x0106,0x0606,0x0606,
	0x0601,0x0008,0x0E08,0x0606,0x0D06,0x0606,0x0606,0x0E06,
	0x060D,0x0606,0x060E,0x060D,0x0E06,0x0606,0x0606,0x0200,

	0x0C0C,0x020D,0x0905,0x0005,0x0D00,0x0606,0x0106,0x0D06,
	0x0E06,0x0D0E,0x060D,0x0D01,0x0009,0x0106,0x080D,0x0908,
	0x020C,0x0C05,0x0C09,0x050C,0x0C00,0x0009,0x0809,0x0200,
	0x0C0C,0x0805,0x0C05,0x0C0C,0x0902,0x080C,0x0000,0x0202,
	0x0209,0x0902,0x090C,0x0202,0x0C09,0x0209,0x0C09,0x0C09,
	0x090C,0x0902,0x0902,0x0205,0x020E,0x0408,0x0404,0x0404,
	0x0404,0x0808,0x0404,0x0804,0x0404,0x0804,0x0004,0x0808,
	0x0404,0x0008,0x0408,0x0408,0x0808,0x0008,0x0008,0x0804,

	0x0B08,0x0404,0x030B,0x0303,0x0303,0x040B,0x040B,0x0804,
	0x0808,0x0808,0x0000,0x0008,0x0000,0x0808,0x0800,0x0808,
	0x0808,0x0808,0x0804,0x0804,0x0808,0x0408,0x0408,0x0808,
	0x0808,0x0800,0x0804,0x0408,0x0404,0x0404,0x0000,0x0408,
	0x0008,0x0404,0x0808,0x0E0E,0x0505,0x0805,0x0605,0x0606,
	0x0601,0x0E06,0x0106,0x0606,0x0D06,0x060E,0x0606,0x0E0E,
	0x060D,0x0D06,0x0D01,0x0606,0x010E,0x0606,0x0D06,0x060E,
	0x0609,0x0000,0x0209,0x000D,0x0600,0x0606,0x0E06,0x0D06,

	0x0E0D,0x0D0E,0x0606,0x0D01,0x0606,0x0106,0x080D,0x0C03,
	0x0202,0x0902,0x000C,0x0003,0x0C08,0x0009,0x0D06,0x060E,
	0x0502,0x0805,0x0C09,0x0C09,0x0C00,0x090C,0x0000,0x0C00,
	0x0202,0x0C0C,0x0902,0x0C02,0x0C09,0x0202,0x0909,0x020C,
	0x0909,0x050C,0x0902,0x060C,0x0206,0x0800,0x0408,0x0408,
	0x0808,0x0804,0x0404,0x0804,0x0405,0x0404,0x0808,0x0408,
	0x0404,0x0804,0x0400,0x0808,0x0000,0x0808,0x0804,0x0808,
	0x0408,0x0408,0x0804,0x0808,0x0404,0x0008,0x0808,0x0808,

	0x0808,0x0808,0x0000,0x0000,0x0000,0x0808,0x0000,0x0000,
	0x0800,0x0808,0x0808,0x0000,0x0800,0x0808,0x0000,0x0808,
	0x0008,0x0408,0x0404,0x0404,0x0404,0x0004,0x0800,0x0408,
	0x0808,0x0404,0x0808,0x040C,0x0504,0x080C,0x0E04,0x0606,
	0x060E,0x0606,0x0E06,0x0606,0x060E,0x060E,0x060D,0x0F0F,
	0x0F0F,0x0F0F,0x0E0D,0x0606,0x0E06,0x0606,0x0606,0x060E,
	0x000D,0x0000,0x0606,0x0900,0x0002,0x0D06,0x0E0E,0x0606,
	0x0E06,0x0D06,0x0606,0x0606,0x060D,0x0606,0x080D,0x020F,

	0x0600,0x0900,0x0009,0x0803,0x0208,0x0C05,0x060E,0x0D0E,
	0x0006,0x0000,0x0C05,0x0C0C,0x0C02,0x0C0C,0x020C,0x0900,
	0x0C02,0x020C,0x0202,0x0202,0x0909,0x020C,0x0C09,0x0C0C,
	0x0C0C,0x000C,0x0602,0x0E06,0x0206,0x0000,0x0000,0x0408,
	0x0008,0x0404,0x0004,0x0800,0x0404,0x0004,0x0808,0x0808,
	0x0404,0x0808,0x0408,0x0808,0x0000,0x0408,0x0808,0x0808,
	0x0408,0x0404,0x0B0B,0x0404,0x0404,0x0804,0x0008,0x0808,
	0x0808,0x0800,0x0000,0x0800,0x0800,0x0008,0x0000,0x0808,

	0x0000,0x0808,0x0808,0x0008,0x0808,0x0408,0x0808,0x0808,
	0x0008,0x0400,0x0404,0x0404,0x040B,0x0804,0x0800,0x0404,
	0x0808,0x0404,0x0808,0x0505,0x0505,0x0505,0x0D05,0x0D06,
	0x0606,0x0606,0x060D,0x060D,0x0606,0x060E,0x0D0D,0x0F0F,
	0x0F0F,0x0F0F,0x0601,0x0D0D,0x0D0D,0x0D0D,0x0D06,0x0D0E,
	0x0C0D,0x0000,0x0D0D,0x0E0C,0x0002,0x0D06,0x060D,0x0D0D,
	0x060D,0x0D0D,0x0D0D,0x0D0E,0x0D0D,0x0D0D,0x0807,0x020F,
	0x0700,0x0908,0x0009,0x0003,0x0C08,0x0C05,0x060D,0x0D0D,

	0x0806,0x0C08,0x0C05,0x0C05,0x0C0C,0x0C0C,0x0202,0x0900,
	0x0209,0x0C02,0x0909,0x0902,0x0909,0x090C,0x0909,0x0C09,
	0x050C,0x080C,0x0D01,0x0D0D,0x0206,0x0800,0x0800,0x040C,
	0x0008,0x0804,0x0804,0x0800,0x0404,0x0804,0x0808,0x0800,
	0x0404,0x0805,0x0408,0x0808,0x0800,0x0408,0x0804,0x0808,
	0x0408,0x0B04,0x0B0B,0x0404,0x0404,0x0804,0x0808,0x0808,
	0x0808,0x0808,0x0000,0x0808,0x0800,0x0008,0x0000,0x0808,
	0x0808,0x0808,0x0808,0x0808,0x0408,0x0804,0x0800,0x0808,

	0x0008,0x0000,0x0808,0x0008,0x0808,0x0808,0x0808,0x0804,
	0x0008,0x0808,0x0808,0x0C0C,0x0504,0x0C05,0x0C05,0x0504,
	0x060E,0x060E,0x0106,0x0606,0x0F0F,0x0F0F,0x0F0D,0x0F0F,
	0x0F0F,0x0F0F,0x0F0F,0x0606,0x0E06,0x060D,0x0D06,0x0D0E,
	0x0E0D,0x0106,0x0606,0x0006,0x0800,0x0606,0x010E,0x0606,
	0x0E06,0x0E0E,0x0D0D,0x0601,0x0D0D,0x0E0D,0x0606,0x0202,
	0x0D00,0x0806,0x0800,0x0500,0x0C09,0x0909,0x0602,0x0D0D,
	0x0606,0x020D,0x0808,0x0000,0x0C00,0x0C0C,0x020C,0x0000,

	0x020C,0x0C02,0x090C,0x0C02,0x0C0C,0x020C,0x0C09,0x090C,
	0x0C09,0x0D02,0x0D0D,0x0606,0x0906,0x0502,0x0408,0x0404,
	0x0004,0x040B,0x0804,0x0808,0x0405,0x0804,0x0004,0x0400,
	0x0404,0x0804,0x0408,0x0804,0x0808,0x0808,0x0804,0x0808,
	0x0408,0x0404,0x0404,0x0404,0x0404,0x0008,0x0804,0x0808,
	0x0800,0x0808,0x0000,0x0800,0x0000,0x0808,0x0000,0x0808,
	0x0008,0x0008,0x0800,0x0808,0x0408,0x0404,0x0800,0x0804,
	0x0008,0x0400,0x0404,0x0804,0x0404,0x0408,0x0808,0x0804,

	0x0004,0x0404,0x0808,0x0505,0x0C0C,0x050C,0x0405,0x0505,
	0x0D01,0x0606,0x0E0D,0x0706,0x0F0F,0x0F0F,0x0F07,0x0F0F,
	0x0F0F,0x0F0F,0x0F0F,0x0D0F,0x0E06,0x060D,0x0D06,0x0D0E,
	0x0606,0x010E,0x0D0D,0x0D06,0x0D01,0x060D,0x0E0D,0x0D06,
	0x0208,0x0C0C,0x060C,0x060E,0x0D0D,0x0E0D,0x0D0D,0x0D0D,
	0x0D0E,0x0D0D,0x0E0D,0x0C02,0x0909,0x0909,0x0600,0x0D06,
	0x0D0D,0x0E0D,0x0D0D,0x0006,0x0500,0x090C,0x000C,0x0600,
	0x0002,0x0200,0x090C,0x0C00,0x0C05,0x0C0C,0x000C,0x0000,

	0x0D00,0x0D0D,0x0D0E,0x0D0D,0x0E06,0x0006,0x0404,0x0408,
	0x0008,0x0008,0x0808,0x0804,0x0805,0x0408,0x0004,0x0408,
	0x0404,0x0804,0x0408,0x0408,0x0808,0x0808,0x0008,0x0808,
	0x0408,0x0404,0x0404,0x0408,0x0404,0x0804,0x0008,0x0808,
	0x0808,0x0808,0x0000,0x0000,0x0800,0x0808,0x0000,0x0808,
	0x0808,0x0008,0x0800,0x0808,0x0808,0x0404,0x0808,0x0808,
	0x0000,0x0808,0x0804,0x0804,0x0804,0x0808,0x0808,0x0808,
	0x0808,0x0804,0x0808,0x0505,0x050C,0x0805,0x0505,0x0505,

	0x0D01,0x0606,0x0E06,0x0F06,0x0F0F,0x0707,0x0F07,0x0F0F,
	0x0F0F,0x0707,0x0F0F,0x0D0F,0x0606,0x060D,0x0E0D,0x0D0E,
	0x0D0D,0x0106,0x0D0D,0x0E0D,0x0D0E,0x060D,0x060E,0x050D,
	0x0008,0x0808,0x0D0C,0x0D0E,0x0D0D,0x0E0D,0x0D0D,0x0D0D,
	0x0D0E,0x0D0D,0x0D0D,0x0206,0x0209,0x0909,0x000C,0x0D0D,
	0x0D0D,0x010D,0x060D,0x000D,0x0C00,0x090C,0x080C,0x0D08,
	0x0106,0x060E,0x0000,0x0000,0x0000,0x0000,0x0D00,0x0D06,
	0x0D0D,0x0D0D,0x0D0E,0x0D0D,0x0E0D,0x0006,0x0404,0x0404,

	0x0300,0x0008,0x0B08,0x000B,0x0000,0x080B,0x0808,0x0408,
	0x0404,0x0804,0x0808,0x0804,0x0808,0x0008,0x0008,0x0404,
	0x0808,0x0800,0x0808,0x0800,0x0808,0x0000,0x0808,0x0808,
	0x0800,0x0800,0x0000,0x0008,0x0800,0x0808,0x0800,0x0808,
	0x0000,0x0800,0x0000,0x0008,0x0000,0x0000,0x0008,0x0000,
	0x0000,0x0000,0x0000,0x0000,0x0000,0x0800,0x0000,0x0000,
	0x0000,0x0800,0x0000,0x000C,0x0800,0x0C08,0x0C08,0x0802,
	0x0C05,0x010E,0x0103,0x0703,0x070F,0x070D,0x070D,0x0707,

	0x070D,0x0707,0x0707,0x0E0D,0x0E01,0x0101,0x0101,0x0E0E,
	0x010E,0x010E,0x0101,0x0E0E,0x010E,0x010E,0x0D0E,0x0805,
	0x0008,0x0008,0x0000,0x0E09,0x0E0E,0x0E01,0x0E0E,0x0E01,
	0x010E,0x0E01,0x0D0E,0x0200,0x0202,0x0202,0x0002,0x0E0E,
	0x010E,0x0E0E,0x0E0E,0x0901,0x0000,0x0202,0x020C,0x0C00,
	0x0E0E,0x0101,0x0000,0x0000,0x0000,0x0202,0x0102,0x0E01,
	0x0E0E,0x0E0E,0x0000,0x0E01,0x0E0E,0x0001,0x0800,0x0808,
	0x0B00,0x0000,0x0404,0x0004,0x0808,0x0404,0x0008,0x0800,

	0x0808,0x0808,0x0808,0x0808,0x0000,0x0000,0x0808,0x0808,
	0x0800,0x0808,0x0808,0x0808,0x0808,0x0000,0x0000,0x0000,
	0x0000,0x0000,0x0000,0x0000,0x0000,0x0000,0x0000,0x0000,
	0x0000,0x0808,0x0808,0x0808,0x0800,0x0408,0x0008,0x0808,
	0x0008,0x0800,0x0808,0x0808,0x0808,0x0408,0x0808,0x0808,
	0x0008,0x0404,0x0808,0x0505,0x0505,0x0805,0x0C04,0x0505,
	0x0405,0x0D0E,0x0F0F,0x0F0F,0x0F0F,0x0707,0x0F07,0x070F,
	0x0707,0x0F07,0x0F0F,0x0707,0x0E07,0x0D0D,0x0606,0x0D0E,

	0x0D0D,0x0106,0x0D0D,0x060D,0x0D0E,0x060D,0x0D0E,0x0405,
	0x0804,0x0008,0x0200,0x0D02,0x0D0D,0x0E0D,0x0D0D,0x060D,
	0x060E,0x0D0D,0x070D,0x0900,0x0909,0x090C,0x0809,0x0D0D,
	0x0D0D,0x0E0D,0x0D0D,0x060D,0x0000,0x0C09,0x020C,0x0209,
	0x060D,0x0D0E,0x0D06,0x060E,0x0D0D,0x0E0D,0x0D0D,0x0D06,
	0x0D0D,0x0D0D,0x0C00,0x0D0D,0x0E0D,0x000D,0x0404,0x0404,
	0x0300,0x0008,0x0B04,0x080B,0x0B03,0x0B0B,0x000B,0x0808,
	0x0404,0x0804,0x0408,0x0408,0x0808,0x0808,0x0804,0x0804,

	0x0408,0x0408,0x0404,0x0408,0x0404,0x0000,0x0808,0x0808,
	0x0800,0x0808,0x0000,0x0800,0x0000,0x0808,0x0000,0x0000,
	0x0808,0x0800,0x0808,0x0808,0x0800,0x0008,0x0800,0x0808,
	0x0008,0x0800,0x0408,0x0804,0x0808,0x0408,0x0800,0x0404,
	0x0808,0x0808,0x0808,0x0505,0x0505,0x0C05,0x0505,0x0505,
	0x050C,0x0D0D,0x0D07,0x0707,0x0707,0x0707,0x0F07,0x0F0F,
	0x070F,0x0F07,0x0F07,0x070F,0x0E07,0x0606,0x0D0D,0x060E,
	0x0D0D,0x0000,0x0D0D,0x0D0D,0x0D0E,0x0D0D,0x050C,0x0404,

	0x0804,0x0408,0x0C08,0x0D00,0x0C0D,0x0E06,0x0D0D,0x0D0D,
	0x0D01,0x0D0D,0x020C,0x0909,0x0C09,0x0009,0x0600,0x0D06,
	0x0D0D,0x0E0D,0x0D0D,0x0D0D,0x0000,0x090C,0x020C,0x0C09,
	0x0E0D,0x0D0E,0x0D0D,0x0D0E,0x0D0D,0x0E0D,0x0D0D,0x0D0D,
	0x0D0E,0x0D0D,0x0D06,0x0D0D,0x060D,0x000D,0x080E,0x0408,
	0x0300,0x0B03,0x0B03,0x0B0A,0x0B0B,0x0A0B,0x0B0B,0x000B,
	0x0404,0x0804,0x0408,0x0804,0x0808,0x0808,0x0000,0x0408,
	0x0408,0x0404,0x0404,0x0408,0x0404,0x0008,0x0808,0x0808,

	0x0808,0x0808,0x0000,0x0000,0x0800,0x0808,0x0000,0x0000,
	0x0808,0x0808,0x0808,0x0008,0x0808,0x0808,0x0800,0x0808,
	0x0008,0x0008,0x0808,0x0004,0x0808,0x0808,0x0800,0x0808,
	0x0808,0x0808,0x0808,0x0C05,0x040C,0x0805,0x0C05,0x0C05,
	0x0C0C,0x0505,0x0805,0x0505,0x0707,0x0707,0x0707,0x0707,
	0x0707,0x0707,0x070D,0x0707,0x0707,0x0F0F,0x0D0D,0x0D01,
	0x060D,0x0E06,0x0D06,0x0606,0x0D0E,0x060D,0x0808,0x0404,
	0x0804,0x0808,0x0208,0x0D00,0x0D0D,0x010D,0x0D0D,0x0D06,

	0x0D0E,0x080D,0x0C05,0x0905,0x0009,0x0605,0x0D0D,0x0D0E,
	0x0D0D,0x0E0D,0x0D0D,0x0D0D,0x0000,0x0505,0x0C0C,0x0909,
	0x0E0C,0x060E,0x060D,0x0D01,0x0D0D,0x0D0D,0x0D0D,0x0D0D,
	0x0D0D,0x0D0D,0x0D06,0x0D0D,0x0E0D,0x060D,0x040D,0x0800,
	0x0300,0x0500,0x0303,0x030B,0x0000,0x0307,0x040B,0x000B,
	0x0408,0x0808,0x0808,0x0404,0x0800,0x0808,0x0000,0x0408,
	0x0408,0x0808,0x0808,0x0800,0x0808,0x0000,0x0808,0x0808,
	0x0800,0x0808,0x0000,0x0800,0x0000,0x0000,0x0000,0x0000,

	0x0808,0x0008,0x0808,0x0808,0x0808,0x0408,0x0808,0x0808,
	0x0808,0x0008,0x0408,0x0008,0x0808,0x0808,0x0808,0x0808,
	0x0008,0x0804,0x0008,0x0505,0x0505,0x0C05,0x0C05,0x0505,
	0x050C,0x0505,0x0C05,0x0505,0x0705,0x070D,0x0707,0x0707,
	0x0D07,0x070F,0x070D,0x0707,0x070F,0x070F,0x0D07,0x0D01,
	0x060D,0x0606,0x050D,0x0E0C,0x0D06,0x0D0D,0x0800,0x0404,
	0x0808,0x0808,0x0E0C,0x0D0E,0x0D0D,0x0E0D,0x0D0D,0x0D0D,
	0x0D0D,0x0900,0x0909,0x0909,0x0002,0x0D0D,0x0D0D,0x0D0E,

	0x0D0D,0x0D0D,0x0D0D,0x0D0D,0x0000,0x0505,0x0902,0x0505,
	0x0209,0x0C0C,0x0D02,0x0D0E,0x0D0D,0x0D0D,0x0D0D,0x090D,
	0x0909,0x0909,0x0209,0x0D0D,0x0D0D,0x0D0D,0x0D0D,0x0809,
	0x0F00,0x0500,0x0303,0x0803,0x0000,0x070F,0x0A0A,0x0B0B,
	0x0408,0x0808,0x0404,0x0808,0x0808,0x0808,0x0000,0x0804,
	0x0408,0x0804,0x0804,0x0800,0x0808,0x0008,0x0808,0x0808,
	0x0808,0x0808,0x0000,0x0008,0x0000,0x0800,0x0808,0x0000,
	0x0000,0x0000,0x0000,0x0000,0x0000,0x0800,0x0808,0x0800,

	0x0000,0x0000,0x0808,0x0808,0x0008,0x0800,0x0800,0x0000,
	0x0000,0x0808,0x0000,0x0C0C,0x080C,0x0C0C,0x0C0C,0x0C0C,
	0x0C0C,0x0C0C,0x0C05,0x0C05,0x0705,0x0D0D,0x070D,0x070D,
	0x0D07,0x070D,0x0D0D,0x0D0E,0x0707,0x0D0D,0x0E0D,0x0101,
	0x0E0E,0x0E0E,0x000E,0x0D08,0x0D0D,0x060E,0x0000,0x0408,
	0x0808,0x0008,0x0E00,0x0D0E,0x0E0E,0x0E0E,0x070E,0x0D0D,
	0x0D0E,0x0200,0x020C,0x020C,0x0000,0x060D,0x0E0D,0x0D0D,
	0x0E06,0x0E0E,0x0D0D,0x0D0E,0x0000,0x0C0C,0x000C,0x0C0C,

	0x020C,0x000C,0x0D00,0x0E0E,0x060D,0x0D0D,0x0D0D,0x020D,
	0x0200,0x0002,0x0002,0x0D07,0x0E06,0x0E0D,0x010E,0x0002,
	0x0F00,0x0500,0x0B0B,0x000B,0x0000,0x0303,0x0B0B,0x0B04,
	0x0800,0x0008,0x0808,0x0808,0x0808,0x0808,0x0000,0x0808,
	0x0800,0x0808,0x0808,0x0800,0x0000,0x0000,0x0808,0x0800,
	0x0000,0x0008,0x0000,0x0000,0x0000,0x0000,0x0000,0x0000,
	0x0808,0x0008,0x0008,0x0008,0x0800,0x0808,0x0808,0x0808,
	0x0808,0x0800,0x0808,0x0804,0x0808,0x0808,0x0800,0x0808,

	0x0008,0x0804,0x0808,0x050C,0x0505,0x000C,0x0C05,0x0505,
	0x0505,0x0405,0x0805,0x0505,0x0705,0x070D,0x0D0D,0x0D0D,
	0x070D,0x0707,0x0707,0x0F07,0x0707,0x0707,0x070F,0x0707,
	0x0D0D,0x010D,0x040D,0x0C04,0x0600,0x0E0D,0x0D0E,0x0408,
	0x0808,0x0808,0x0D0D,0x0D01,0x0D0D,0x090D,0x0C09,0x0D0D,
	0x0D0E,0x0900,0x0209,0x0C09,0x0000,0x0D0D,0x0D0D,0x0D0D,
	0x0D0D,0x0E0D,0x0D0D,0x0D0D,0x0000,0x0C05,0x000C,0x0509,
	0x0C09,0x090C,0x0209,0x0D02,0x0D0D,0x0E0D,0x010D,0x0D09,

	0x060D,0x0106,0x0101,0x0D09,0x0D0D,0x0D0D,0x050D,0x050C,
	0x0F00,0x0508,0x0303,0x0803,0x0000,0x030F,0x0A0B,0x0B0B,
	0x0400,0x0008,0x0800,0x0804,0x0808,0x0008,0x0008,0x0808,
	0x0808,0x0408,0x0808,0x0408,0x0808,0x0008,0x0808,0x0808,
	0x0800,0x0808,0x0000,0x0008,0x0000,0x0008,0x0000,0x0008,
	0x0800,0x0008,0x0808,0x0808,0x0800,0x0808,0x0800,0x0808,
	0x0808,0x0808,0x0808,0x0008,0x0408,0x0808,0x0400,0x0404,
	0x0008,0x0408,0x0008,0x050C,0x0505,0x0C05,0x050C,0x0905,

	0x050C,0x050C,0x0005,0x0505,0x070C,0x0D0D,0x0D0D,0x0D0D,
	0x070D,0x0D07,0x0D0D,0x0D0D,0x0E0D,0x070D,0x0D0D,0x0D0E,
	0x0D0D,0x0E0D,0x080D,0x0808,0x0D02,0x0D0D,0x0E06,0x040D,
	0x0808,0x0600,0x0D0D,0x0D0E,0x0D0D,0x090D,0x0D02,0x0D0D,
	0x0202,0x0C0C,0x0009,0x0909,0x0002,0x0D0D,0x0D0D,0x0D0D,
	0x0D0D,0x060D,0x0D0D,0x000D,0x0500,0x0005,0x0C0C,0x0C09,
	0x0C09,0x090C,0x0909,0x0D02,0x0D0D,0x0D0D,0x0909,0x0F06,
	0x0F0F,0x0101,0x0109,0x0101,0x0606,0x0D0D,0x0505,0x0500,

	0x0F08,0x0508,0x0303,0x0803,0x0000,0x0F0F,0x0403,0x0B0B,
	0x0400,0x0008,0x0404,0x0808,0x0008,0x0808,0x0008,0x0808,
	0x0408,0x0408,0x0804,0x0408,0x0808,0x0008,0x0808,0x0808,
	0x0800,0x0808,0x0000,0x0000,0x0000,0x0008,0x0000,0x0808,
	0x0008,0x0808,0x0808,0x0008,0x0800,0x0808,0x0000,0x0804,
	0x0000,0x0808,0x0808,0x0008,0x0808,0x0808,0x0800,0x0404,
	0x0008,0x0404,0x0008,0x050C,0x0C0C,0x080C,0x0C0C,0x0C0C,
	0x0C0C,0x0505,0x0805,0x0C05,0x0D0C,0x0D0E,0x0D0D,0x0D0D,

	0x0D0D,0x0D0D,0x0D0D,0x0D07,0x0D0D,0x0D0D,0x0D0D,0x0D0E,
	0x0D0D,0x0E0D,0x0D0D,0x0E06,0x0D0E,0x0D0D,0x0D06,0x060D,
	0x0E06,0x0D0D,0x0D0D,0x0D01,0x0D0D,0x0E0D,0x0D06,0x0D0D,
	0x0C02,0x0009,0x0909,0x0909,0x0002,0x0D08,0x0D0D,0x0D0E,
	0x050C,0x0E0D,0x0D0D,0x0500,0x050C,0x0005,0x0C0C,0x000C,
	0x0205,0x0202,0x0E01,0x0002,0x0D0D,0x0D0D,0x0609,0x0707,
	0x0F07,0x060E,0x0101,0x0109,0x0E09,0x050D,0x0505,0x0800,
	0x0803,0x0B0B,0x0B03,0x080B,0x0800,0x030F,0x0B03,0x0A0B,

	0x0000,0x040B,0x0404,0x080B,0x0000,0x0808,0x0804,0x0808,
	0x0408,0x0408,0x0804,0x0408,0x0008,0x0004,0x0408,0x0800,
	0x0800,0x0008,0x0800,0x0800,0x0000,0x0808,0x0008,0x0000,
	0x0808,0x0008,0x0800,0x0808,0x0808,0x0808,0x0800,0x0808,
	0x0808,0x0808,0x0808,0x0008,0x0808,0x0408,0x0808,0x0808,
	0x0008,0x0808,0x0008,0x050C,0x0505,0x0505,0x0505,0x0C05,
	0x050C,0x0505,0x0505,0x0505,0x0D07,0x0D0D,0x0D0D,0x0207,
	0x0505,0x0505,0x0D0D,0x0D0D,0x0D0D,0x0D0D,0x0D0D,0x0D0D,

	0x0D0D,0x0D0D,0x0D0D,0x0D0D,0x0D0D,0x0D0D,0x0D0D,0x0D0D,
	0x0E0D,0x0D0D,0x0D0D,0x0D06,0x0D0D,0x0D0D,0x0D0D,0x000D,
	0x0900,0x0009,0x0209,0x0909,0x0009,0x0D08,0x0D0D,0x0D06,
	0x0000,0x0E0D,0x0D0D,0x0500,0x050C,0x0005,0x050C,0x0505,
	0x0E00,0x0D0D,0x0900,0x0000,0x0D0D,0x0209,0x0F06,0x060F,
	0x0606,0x0606,0x0601,0x0601,0x0201,0x0502,0x0505,0x0008,
	0x0403,0x0B0B,0x0303,0x0303,0x0303,0x0B03,0x0B03,0x0B03,
	0x0308,0x0000,0x0A0B,0x080B,0x0000,0x0800,0x0804,0x0808,

	0x0408,0x0408,0x0804,0x0408,0x0808,0x0808,0x0808,0x0808,
	0x0808,0x0808,0x0800,0x0808,0x0800,0x0808,0x0808,0x0808,
	0x0000,0x0008,0x0000,0x0008,0x0800,0x0808,0x0000,0x0808,
	0x0808,0x0800,0x0000,0x0008,0x0800,0x0800,0x0800,0x0808,
	0x0000,0x0800,0x0808,0x0C0C,0x0C0C,0x0C0C,0x0C0C,0x0C0C,
	0x0C0C,0x0C0C,0x0C0C,0x0C05,0x0707,0x0D0D,0x0D0E,0x000D,
	0x0C0C,0x0505,0x0707,0x0E06,0x0D0D,0x0D0D,0x0D0D,0x0D0D,
	0x0D0D,0x0D0D,0x0D0D,0x0D0E,0x0D0E,0x0E0D,0x060D,0x0D0D,

	0x0D06,0x0D0D,0x0D0D,0x0D0D,0x0E0D,0x0E0D,0x0D0D,0x0C06,
	0x0C00,0x000C,0x020C,0x020C,0x0009,0x0D08,0x0D0D,0x0D0D,
	0x0000,0x0D06,0x0D0D,0x0500,0x0C0C,0x000C,0x0C0C,0x0C0C,
	0x0500,0x0D0E,0x0900,0x0000,0x0D0D,0x0909,0x0F06,0x0607,
	0x0606,0x0101,0x0E01,0x0109,0x0201,0x0502,0x0505,0x0008,
	0x0803,0x0B0B,0x0B0B,0x0303,0x0303,0x0A03,0x0B0B,0x0A0A,
	0x0400,0x0000,0x0B04,0x040B,0x0000,0x0800,0x0808,0x0000,
	0x0800,0x0808,0x0808,0x0808,0x0800,0x0008,0x0000,0x0800,

	0x0800,0x0808,0x0000,0x0000,0x0000,0x0000,0x0800,0x0008,
	0x0008,0x0808,0x0808,0x0008,0x0000,0x0800,0x0800,0x0808,
	0x0808,0x0008,0x0808,0x0008,0x0808,0x0408,0x0800,0x0408,
	0x0808,0x0804,0x0808,0x050C,0x0505,0x0C0C,0x0C0C,0x0504,
	0x0C0C,0x0C0C,0x0C05,0x050C,0x0505,0x0601,0x0D0D,0x000D,
	0x0505,0x0504,0x050C,0x0D0D,0x0D0D,0x0D0D,0x0D0D,0x0D0E,
	0x0D0D,0x010D,0x0D0D,0x0D0D,0x0D0E,0x0D0D,0x0E0D,0x0D0D,
	0x0E0D,0x0D0E,0x0D0D,0x060E,0x0D0D,0x0E0D,0x0D0D,0x000D,

	0x0C00,0x0009,0x0C09,0x0009,0x000C,0x0900,0x0D0D,0x0D0D,
	0x000C,0x0D06,0x060D,0x0C00,0x0C02,0x0002,0x0C05,0x0505,
	0x0100,0x0D01,0x050D,0x0000,0x0D0D,0x0202,0x0606,0x060F,
	0x0606,0x0106,0x0E0E,0x0909,0x0201,0x0502,0x0505,0x0008,
	0x0B0B,0x0B03,0x0303,0x0303,0x030B,0x0B03,0x0A0B,0x0A0B,
	0x0B0B,0x040B,0x0B0B,0x080B,0x0808,0x0808,0x0008,0x0808,
	0x0408,0x0808,0x0804,0x0800,0x0808,0x0004,0x0808,0x0008,
	0x0800,0x0808,0x0000,0x0808,0x0000,0x0800,0x0000,0x0000,

	0x0808,0x0800,0x0808,0x0008,0x0000,0x0808,0x0808,0x0808,
	0x0004,0x0800,0x0808,0x0008,0x0808,0x0808,0x0808,0x0808,
	0x0008,0x0808,0x0808,0x050C,0x0C0C,0x0805,0x0505,0x0C05,
	0x050C,0x0505,0x0C05,0x0505,0x0505,0x0505,0x050D,0x0505,
	0x0505,0x0C05,0x0505,0x0D05,0x0D0D,0x0D0D,0x0D0D,0x0D01,
	0x0D0D,0x0E0D,0x0D0D,0x0D0D,0x0D01,0x0D0D,0x0E0D,0x0D0D,
	0x0E0D,0x0D0E,0x0808,0x0600,0x0D0D,0x010D,0x0D0D,0x000D,
	0x0900,0x000C,0x0209,0x0009,0x090C,0x0C01,0x0D0D,0x0D0D,

	0x0D0D,0x0E0D,0x0D0D,0x0500,0x050C,0x0100,0x0000,0x0505,
	0x0E00,0x0D0E,0x0D0D,0x0E0E,0x0D0D,0x0209,0x0606,0x0606,
	0x0606,0x0E06,0x0601,0x0909,0x0901,0x0502,0x0505,0x0000,
	0x0B03,0x0B03,0x0800,0x0008,0x0303,0x0303,0x0B0B,0x0A0B,
	0x0B0A,0x040A,0x0B0B,0x0004,0x0800,0x0804,0x0808,0x0808,
	0x0408,0x0408,0x0404,0x0808,0x0408,0x0008,0x0808,0x0008,
	0x0800,0x0808,0x0000,0x0000,0x0800,0x0800,0x0808,0x0000,
	0x0800,0x0808,0x0808,0x0808,0x0008,0x0800,0x0800,0x0808,

	0x0004,0x0800,0x0804,0x0808,0x0404,0x0008,0x0800,0x0408,
	0x0804,0x0404,0x0808,0x0C05,0x050C,0x0C0C,0x090C,0x0C0C,
	0x050C,0x0505,0x080C,0x0C04,0x0C05,0x050C,0x0505,0x0C05,
	0x0505,0x0505,0x050C,0x0505,0x0E0D,0x0D0D,0x0D0D,0x0D0E,
	0x0D07,0x0D0D,0x0D0D,0x0D0D,0x0D0D,0x0D0D,0x0D0D,0x0D0D,
	0x0E0D,0x0D0D,0x080C,0x0D00,0x0D0D,0x0E0D,0x0D0D,0x000D,
	0x0000,0x0009,0x0209,0x0009,0x000D,0x0108,0x0D0C,0x0D0E,
	0x0D0D,0x0E0D,0x0D0D,0x000D,0x0C00,0x0E00,0x0D01,0x0308,

	0x0001,0x0D00,0x0D0D,0x0D0E,0x0D0D,0x0209,0x0606,0x0606,
	0x0606,0x010E,0x0101,0x0209,0x0201,0x0C02,0x0505,0x0408,
	0x0300,0x0B03,0x0808,0x0804,0x0805,0x0B03,0x0B0B,0x0B0B,
	0x0B0B,0x0B0B,0x080A,0x0808,0x0008,0x0408,0x0008,0x0808,
	0x0808,0x0808,0x0404,0x0808,0x0804,0x0808,0x0808,0x0808,
	0x0800,0x0808,0x0800,0x0800,0x0800,0x0800,0x0000,0x0000,
	0x0808,0x0008,0x0800,0x0808,0x0808,0x0800,0x0800,0x0808,
	0x0804,0x0808,0x0408,0x0808,0x0808,0x0404,0x0808,0x0008,

	0x0000,0x0808,0x0808,0x0505,0x0505,0x0C0C,0x0505,0x050C,
	0x050C,0x0C0C,0x0505,0x0C05,0x0505,0x0505,0x0505,0x0505,
	0x0C05,0x0505,0x0C0C,0x0C0C,0x0D0D,0x0D0D,0x0D0D,0x0D0E,
	0x0D0D,0x0D0D,0x0D0D,0x0D0D,0x0D0D,0x0D0D,0x0D0D,0x0D0D,
	0x0E0D,0x0D0D,0x080D,0x0D00,0x0D0D,0x0D0D,0x0D0D,0x0D0D,
	0x000D,0x0009,0x0000,0x0009,0x0D0D,0x0207,0x0D02,0x0D0D,
	0x0D06,0x0E0D,0x0D0D,0x070D,0x0909,0x0D00,0x010D,0x000C,
	0x0007,0x0D00,0x0D0D,0x0D0D,0x0D0D,0x020C,0x0106,0x0606,

	0x0606,0x090E,0x0109,0x0209,0x0209,0x0505,0x0505,0x0505,
	0x0005,0x0B0B,0x000B,0x0B0B,0x0000,0x0B0B,0x0B0B,0x0A0B,
	0x0000,0x0000,0x0008,0x0808,0x0808,0x0808,0x0808,0x0808,
	0x0808,0x0408,0x0804,0x0808,0x0808,0x0808,0x0008,0x0800,
	0x0808,0x0808,0x0000,0x0808,0x0800,0x0000,0x0800,0x0800,
	0x0808,0x0008,0x0800,0x0808,0x0000,0x0800,0x0000,0x0000,
	0x0808,0x0008,0x0808,0x0808,0x0808,0x0804,0x0808,0x0808,
	0x0000,0x0800,0x0808,0x0505,0x0C0C,0x0C05,0x0505,0x050C,

	0x050C,0x0C0C,0x0C05,0x0C0C,0x050C,0x0505,0x0505,0x0505,
	0x0C05,0x0505,0x050C,0x050C,0x0D0D,0x0D0D,0x0D0D,0x0D0D,
	0x0D07,0x0D0D,0x0D0D,0x0D0D,0x0D0D,0x0D0D,0x0D0D,0x0D0D,
	0x0D0D,0x0D0D,0x080D,0x0D00,0x0D0D,0x0D0D,0x0D0D,0x0D0D,
	0x0001,0x0002,0x0000,0x0009,0x0D0D,0x080D,0x0D08,0x0D0D,
	0x0D0D,0x0D0D,0x0D0D,0x0D07,0x0C02,0x0E00,0x010D,0x0800,
	0x0007,0x0D00,0x0D0D,0x0D0D,0x0D0D,0x0008,0x0106,0x0606,
	0x0606,0x0901,0x0109,0x0209,0x0201,0x0505,0x0C05,0x050C,

	0x000C,0x0A03,0x000B,0x0B0B,0x0000,0x0A0B,0x0B0A,0x0B0B,
	0x0000,0x0000,0x0808,0x0808,0x0808,0x0808,0x0808,0x0808,
	0x0808,0x0404,0x0804,0x0808,0x0808,0x0808,0x0808,0x0808,
	0x0008,0x0000,0x0000,0x0800,0x0800,0x0808,0x0000,0x0000,
	0x0808,0x0808,0x0808,0x0008,0x0800,0x0808,0x0800,0x0008,
	0x0808,0x0008,0x0808,0x0800,0x0804,0x0404,0x0800,0x0808,
	0x0808,0x0808,0x0808,0x050C,0x040C,0x0C05,0x0405,0x050C,
	0x0400,0x050C,0x0C05,0x050C,0x0C05,0x0C0C,0x050C,0x0505,

	0x0505,0x0505,0x050C,0x0505,0x0E0D,0x0D0D,0x050D,0x0105,
	0x0505,0x0805,0x0D05,0x0D0D,0x0D0E,0x0D0D,0x0E0D,0x0D0D,
	0x0E0D,0x0D0E,0x0D0D,0x0D01,0x0D0D,0x0E0D,0x0D0D,0x0D0D,
	0x070E,0x0E0C,0x0D0D,0x000C,0x0D0D,0x0D0D,0x0D0D,0x0D0D,
	0x0D0D,0x0D0D,0x0D0D,0x0D0D,0x0D01,0x0D0D,0x010D,0x0D0D,
	0x000C,0x0D00,0x0D0D,0x0E0E,0x0D0D,0x0707,0x0101,0x0101,
	0x0601,0x0001,0x0008,0x0200,0x0209,0x0508,0x0505,0x050C,
	0x0C0C,0x0508,0x0B0B,0x0408,0x0A0A,0x0B0B,0x040B,0x0804,

	0x0800,0x0000,0x0800,0x0800,0x0000,0x0800,0x0008,0x0808,
	0x0408,0x0808,0x0408,0x0408,0x0804,0x0008,0x0808,0x0808,
	0x0800,0x0008,0x0000,0x0808,0x0000,0x0800,0x0000,0x0008,
	0x0000,0x0008,0x0800,0x0808,0x0800,0x0808,0x0800,0x0008,
	0x0808,0x0808,0x0808,0x0008,0x0808,0x0808,0x0800,0x0808,
	0x0008,0x0808,0x0808,0x0505,0x0C0C,0x0805,0x0C05,0x0505,
	0x050C,0x0C05,0x0805,0x0505,0x0505,0x0505,0x0C05,0x0505,
	0x0505,0x050C,0x050C,0x0505,0x0905,0x0D0D,0x0505,0x0508,

	0x0505,0x0505,0x0D05,0x0D0D,0x0D0E,0x0F07,0x0F0F,0x0F0F,
	0x0F0F,0x0D0F,0x0D0D,0x0D0E,0x0D0D,0x0E07,0x0D0D,0x0D0D,
	0x0D01,0x0D0D,0x0D0D,0x0D0D,0x0D0D,0x0D0D,0x0D0D,0x0D0D,
	0x0D0D,0x0E0D,0x0D0D,0x0D0D,0x0D0E,0x0D0D,0x010D,0x0D0D,
	0x0E0D,0x0D0E,0x0D0D,0x0D0E,0x0D0D,0x0008,0x010C,0x0101,
	0x0101,0x0001,0x0405,0x0909,0x0C00,0x0505,0x0505,0x0508,
	0x0505,0x0005,0x0B00,0x0B0B,0x0B03,0x040B,0x0000,0x0000,
	0x0000,0x0000,0x0000,0x0404,0x0808,0x0808,0x0808,0x0808,

	0x0408,0x0808,0x0804,0x0808,0x0808,0x0008,0x0808,0x0800,
	0x0800,0x0808,0x0000,0x0808,0x0000,0x0808,0x0008,0x0800,
	0x0808,0x0008,0x0800,0x0008,0x0800,0x0000,0x0000,0x0808,
	0x0808,0x0808,0x0808,0x0000,0x0804,0x0808,0x0800,0x0808,
	0x0804,0x0404,0x0808,0x0505,0x0505,0x0C0C,0x0504,0x0C04,
	0x0508,0x0505,0x0805,0x0C0C,0x0C0C,0x0C0C,0x0505,0x0C05,
	0x0505,0x0C05,0x050C,0x0505,0x0905,0x0D0D,0x0505,0x0508,
	0x0505,0x0505,0x0505,0x0105,0x0D0E,0x0F0D,0x0F0F,0x0F0F,

	0x0F0F,0x0F0F,0x0707,0x0D0D,0x0D07,0x0D0D,0x0D07,0x0D0D,
	0x0D0D,0x0D0D,0x0D07,0x0D0D,0x0D0D,0x0D0D,0x0D0D,0x0D0D,
	0x080D,0x0108,0x0D0D,0x0D0D,0x0D0D,0x0D0D,0x0D0D,0x0D0D,
	0x060D,0x0D0D,0x0D0D,0x0D0D,0x0105,0x0000,0x0803,0x0C08,
	0x0800,0x0008,0x0B03,0x040B,0x0800,0x0505,0x0505,0x0508,
	0x050C,0x0005,0x0000,0x0405,0x0508,0x0800,0x0909,0x0909,
	0x0800,0x0800,0x0808,0x0800,0x0808,0x0808,0x0008,0x0808,
	0x0808,0x0408,0x0404,0x0808,0x0408,0x0808,0x0808,0x0808,

	0x0800,0x0808,0x0800,0x0000,0x0800,0x0000,0x0808,0x0008,
	0x0000,0x0000,0x0000,0x0000,0x0000,0x0000,0x0000,0x0800,
	0x0000,0x0000,0x0000,0x0000,0x0808,0x0800,0x0000,0x0000,
	0x0808,0x0000,0x0008,0x0C0C,0x0C0C,0x0C0C,0x0C0C,0x0C05,
	0x080C,0x0C0C,0x0C0C,0x0C0C,0x0C0C,0x0C0C,0x0C0C,0x0C0C,
	0x0C0C,0x0C08,0x0C0C,0x0C0C,0x0C0C,0x0C00,0x050C,0x080C,
	0x0C08,0x0C08,0x050C,0x010C,0x0E0E,0x070F,0x0F0F,0x0F0F,
	0x0707,0x070F,0x0D07,0x0D06,0x0E0D,0x0E0D,0x0D0D,0x0D0D,

	0x0D0D,0x0D0E,0x0D0E,0x0D0D,0x0D0E,0x0E0E,0x0D0E,0x0E0E,
	0x0006,0x0E00,0x0E0E,0x0D0E,0x0E0E,0x0D0D,0x0E0D,0x0E0D,
	0x0E06,0x0E0E,0x080E,0x0C00,0x0405,0x0000,0x080B,0x0404,
	0x0404,0x0008,0x0000,0x040B,0x0000,0x080C,0x0C0C,0x0C05,
	0x000C,0x0000,0x0909,0x0000,0x0000,0x0900,0x0909,0x0909,
	0x0002,0x0000,0x0008,0x0808,0x0808,0x0008,0x0000,0x0008,
	0x0800,0x0000,0x0000,0x0000,0x0808,0x0000,0x0008,0x0008,
	0x0000,0x0000,0x0000,0x0000,0x0000,0x0000,0x0000,0x0000,

	0x0000,0x0000,0x0800,0x0008,0x0000,0x0800,0x0000,0x0808,
	0x0008,0x0800,0x0808,0x0000,0x0808,0x0808,0x0808,0x0008,
	0x0808,0x0808,0x0000,0x050C,0x0C05,0x0C05,0x050C,0x0C05,
	0x050C,0x0C0C,0x0C05,0x0505,0x0505,0x0C05,0x050C,0x0C05,
	0x0C0C,0x0505,0x0505,0x0505,0x0C05,0x0505,0x0505,0x0505,
	0x0505,0x0C05,0x0505,0x0E05,0x0D0D,0x0F0F,0x0F0F,0x0F0F,
	0x0707,0x0F0F,0x070F,0x0D0D,0x0D0D,0x0D0D,0x0D07,0x0D0D,
	0x0D0D,0x0D0D,0x0D0D,0x0D0D,0x0D0D,0x0D0D,0x0D0D,0x0D0D,

	0x080D,0x0108,0x0D0D,0x0D0D,0x0D0D,0x0D0D,0x0D0D,0x0D0D,
	0x0E0D,0x0D0D,0x050D,0x050C,0x0505,0x0000,0x040B,0x0B0B,
	0x0B0B,0x0204,0x0000,0x0B0B,0x0202,0x0509,0x0505,0x050C,
	0x0005,0x0800,0x0101,0x0808,0x0002,0x0108,0x0901,0x0909,
	0x0009,0x0000,0x0808,0x0808,0x0800,0x0808,0x0808,0x0808,
	0x0800,0x0808,0x0808,0x0000,0x0800,0x0008,0x0808,0x0808,
	0x0800,0x0000,0x0000,0x0000,0x0000,0x0008,0x0000,0x0000,
	0x0000,0x0808,0x0800,0x0808,0x0800,0x0808,0x0000,0x0800,

	0x0808,0x0008,0x0808,0x0008,0x0808,0x0808,0x0800,0x0804,
	0x0008,0x0408,0x0808,0x050C,0x050C,0x0C05,0x0C05,0x0505,
	0x0C0C,0x0C05,0x0C05,0x040C,0x050C,0x050C,0x0C05,0x050C,
	0x050C,0x0C05,0x0505,0x0505,0x0C05,0x0505,0x0505,0x050C,
	0x0505,0x0C05,0x0505,0x0C05,0x0D00,0x0F0F,0x0F0F,0x070F,
	0x0707,0x0707,0x0F07,0x070E,0x0D0D,0x0E0D,0x0D0D,0x0D0D,
	0x0E0E,0x0D0D,0x0E0D,0x0D0D,0x0D0D,0x0D0D,0x0D0D,0x0D0D,
	0x0D0D,0x0E0D,0x0D0D,0x0D0D,0x0D0E,0x0505,0x0005,0x0505,

	0x0E0D,0x0D0E,0x0505,0x0508,0x0505,0x0505,0x0808,0x080B,
	0x0A08,0x0B0B,0x030A,0x0B0B,0x0404,0x0008,0x0500,0x050C,
	0x0005,0x0209,0x0901,0x0909,0x0202,0x0100,0x0909,0x0909,
	0x0909,0x0000,0x0808,0x0808,0x0000,0x0808,0x0004,0x0808,
	0x0808,0x0808,0x0804,0x0408,0x0804,0x0808,0x0808,0x0808,
	0x0800,0x0808,0x0808,0x0000,0x0000,0x0800,0x0808,0x0000,
	0x0800,0x0008,0x0800,0x0008,0x0000,0x0000,0x0800,0x0800,
	0x0008,0x0000,0x0808,0x0000,0x0808,0x0808,0x0800,0x0808,

	0x0008,0x0808,0x0008,0x0808,0x0C0C,0x0C0C,0x0405,0x0C0C,
	0x0C0C,0x0C0C,0x0C05,0x0C05,0x0505,0x0508,0x0C05,0x0C05,
	0x0505,0x050C,0x0504,0x0505,0x0C05,0x0505,0x0505,0x0500,
	0x0505,0x080C,0x0505,0x0505,0x0D00,0x0707,0x0707,0x0707,
	0x0D07,0x0707,0x0707,0x0701,0x0F0F,0x010F,0x070D,0x0D0D,
	0x0D0E,0x0D0D,0x0D0D,0x0D0D,0x0D0D,0x0D0D,0x0D0D,0x0D0D,
	0x0D0D,0x0D0D,0x0D0D,0x050D,0x0508,0x0505,0x0C0C,0x0505,
	0x0E0E,0x0D01,0x0504,0x0508,0x0505,0x0505,0x0C05,0x0408,

	0x0404,0x0B0B,0x0B0B,0x0B0B,0x0404,0x0B04,0x000B,0x0000,
	0x0000,0x0209,0x0909,0x0009,0x0000,0x0909,0x0209,0x0909,
	0x0209,0x0000,0x0808,0x0408,0x0000,0x0808,0x0008,0x0808,
	0x0808,0x0008,0x0404,0x0408,0x0808,0x0008,0x0808,0x0808,
	0x0800,0x0808,0x0000,0x0008,0x0000,0x0008,0x0000,0x0000,
	0x0808,0x0008,0x0800,0x0808,0x0008,0x0808,0x0808,0x0808,
	0x0808,0x0008,0x0808,0x0808,0x0808,0x0808,0x0408,0x0404,
	0x0808,0x0808,0x0804,0x0808,0x0C00,0x0C05,0x0C0C,0x0C0C,

	0x050C,0x050C,0x0C05,0x0505,0x0505,0x050C,0x0505,0x0C0C,
	0x0C0C,0x050C,0x050C,0x0505,0x0C05,0x0505,0x0505,0x050C,
	0x0505,0x0505,0x0505,0x0505,0x0D0C,0x050C,0x0505,0x0705,
	0x0707,0x0707,0x0707,0x0F07,0x0F0F,0x0D07,0x0707,0x0707,
	0x0701,0x0D0D,0x0D0D,0x0D0D,0x0D0D,0x0D0D,0x0D0D,0x070D,
	0x0D0D,0x0D0D,0x0D0D,0x0505,0x0505,0x0505,0x0505,0x0505,
	0x0805,0x0808,0x0505,0x0505,0x0505,0x0505,0x0505,0x0B0C,
	0x0B0B,0x0B0A,0x0B04,0x0A04,0x040A,0x0404,0x0B0B,0x0303,

	0x0803,0x0000,0x0000,0x0A00,0x0000,0x0909,0x0909,0x0909,
	0x0209,0x0000,0x0800,0x0008,0x0000,0x0808,0x0008,0x0808,
	0x0808,0x0000,0x0008,0x0000,0x0000,0x0008,0x0000,0x0000,
	0x0800,0x0008,0x0800,0x0800,0x0800,0x0808,0x0808,0x0008,
	0x0000,0x0000,0x0000,0x0800,0x0000,0x0008,0x0000,0x0000,
	0x0000,0x0000,0x0000,0x0000,0x0000,0x0800,0x0808,0x0008,
	0x0000,0x0008,0x0800,0x0800,0x0800,0x020C,0x0002,0x0002,
	0x0808,0x0808,0x0C0C,0x0808,0x000C,0x0808,0x000C,0x0208,

	0x0000,0x020C,0x000C,0x0800,0x0C08,0x0C0C,0x0C0C,0x0C00,
	0x0808,0x000C,0x080C,0x080C,0x0C08,0x080C,0x0808,0x0008,
	0x0D0E,0x070D,0x0707,0x0707,0x0707,0x0D07,0x0D0D,0x0707,
	0x0E0D,0x0E0E,0x0E01,0x0E0E,0x0E0E,0x0E0E,0x0E0E,0x0E0E,
	0x0E0E,0x0E0E,0x000E,0x0800,0x0808,0x0808,0x0808,0x0808,
	0x0C08,0x0808,0x0C08,0x080C,0x0008,0x0808,0x0808,0x0000,
	0x0000,0x0404,0x0408,0x0404,0x0B04,0x0404,0x0B04,0x0B0B,
	0x0B0B,0x0B0B,0x040B,0x0404,0x0408,0x0902,0x0202,0x0202,

	0x0202,0x0000,0x0800,0x0800,0x0800,0x0000,0x0008,0x0000,
	0x0000,0x0000,0x0808,0x0800,0x0000,0x0000,0x0000,0x0000,
	0x0000,0x0000,0x0000,0x0000,0x0000,0x0000,0x0000,0x0000,
	0x0808,0x0808,0x0808,0x0808,0x0800,0x0008,0x0808,0x0804,
	0x0008,0x0808,0x0808,0x0808,0x0808,0x0808,0x0408,0x0804,
	0x0000,0x0808,0x0808,0x0808,0x0508,0x0C0C,0x050C,0x0C05,
	0x0C0C,0x0505,0x0C05,0x050C,0x0C05,0x050C,0x050C,0x0C05,
	0x0C05,0x0505,0x0C0C,0x0C0C,0x0C05,0x0505,0x0509,0x050C,

	0x050C,0x000C,0x0509,0x0505,0x0505,0x0505,0x0C0C,0x0505,
	0x0707,0x0F07,0x0F0F,0x0F0F,0x070F,0x0707,0x0707,0x0F0F,
	0x0D07,0x0D0D,0x060D,0x0D0D,0x0D0D,0x0D0D,0x0D0D,0x0D0D,
	0x0D0D,0x0E0D,0x050D,0x0505,0x0508,0x0504,0x0505,0x0505,
	0x0505,0x050C,0x0505,0x050C,0x0C05,0x0805,0x0505,0x0805,
	0x0008,0x0B0B,0x0B04,0x0B0B,0x0B0B,0x040B,0x030B,0x030B,
	0x030B,0x0B0B,0x0B03,0x0B0B,0x0B0B,0x0909,0x0909,0x0909,
	0x0902,0x0000,0x0808,0x0404,0x0808,0x0808,0x0808,0x0808,

	0x0808,0x0808,0x0404,0x0408,0x0808,0x0804,0x0808,0x0808,
	0x0800,0x0808,0x0808,0x0800,0x0800,0x0808,0x0008,0x0008,
	0x0000,0x0000,0x0008,0x0000,0x0800,0x0800,0x0000,0x0808,
	0x0008,0x0800,0x0808,0x0000,0x0808,0x0808,0x0800,0x0808,
	0x0000,0x0008,0x0800,0x0800,0x0808,0x0C0C,0x0C05,0x050C,
	0x0C0C,0x0C0C,0x020C,0x0C0C,0x0C0C,0x050C,0x0C05,0x050C,
	0x0505,0x050C,0x050C,0x050C,0x0505,0x0505,0x0505,0x0C0C,
	0x0405,0x0805,0x0C05,0x0C05,0x050C,0x0505,0x0C0C,0x0505,

	0x0707,0x0707,0x0707,0x0707,0x070F,0x0D07,0x0F07,0x0F0F,
	0x0F07,0x0D07,0x010D,0x0D0D,0x0D0D,0x0D0D,0x0D0D,0x0D0D,
	0x0D07,0x0E0D,0x0E0D,0x0505,0x050C,0x0505,0x0C05,0x0505,
	0x0C05,0x0C02,0x0505,0x0C02,0x0505,0x0C0C,0x0505,0x050C,
	0x050C,0x0808,0x0808,0x0800,0x0B00,0x0B04,0x0B0B,0x0B0B,
	0x0B03,0x0B0A,0x0B03,0x0B0B,0x0B04,0x0900,0x0209,0x0000,
	0x0202,0x0000,0x0400,0x0804,0x0808,0x0004,0x0008,0x0808,
	0x0808,0x0808,0x0804,0x0808,0x0808,0x0008,0x0808,0x0808,

	0x0800,0x0808,0x0800,0x0008,0x0000,0x0008,0x0000,0x0000,
	0x0008,0x0000,0x0800,0x0000,0x0800,0x0808,0x0800,0x0008,
	0x0808,0x0408,0x0804,0x0008,0x0808,0x0808,0x0800,0x0808,
	0x0008,0x0808,0x0808,0x0408,0x0808,0x0C05,0x0C05,0x0C0C,
	0x0C02,0x0C05,0x0005,0x050C,0x080C,0x0508,0x0505,0x0C05,
	0x0505,0x0505,0x0C0C,0x0405,0x0505,0x0505,0x0504,0x0500,
	0x0505,0x0805,0x0505,0x0C05,0x050C,0x050C,0x0805,0x0C05,
	0x0D0D,0x0707,0x0707,0x070D,0x0707,0x0D07,0x0707,0x0707,

	0x070D,0x0707,0x070F,0x0D0F,0x0D0D,0x0D0D,0x0505,0x0505,
	0x0D0D,0x0805,0x0505,0x0505,0x0500,0x0505,0x0C05,0x0505,
	0x0C05,0x050C,0x0505,0x0C08,0x0505,0x0C05,0x0C05,0x0505,
	0x0508,0x0505,0x050C,0x0C0C,0x0008,0x0000,0x0400,0x0B04,
	0x0A0B,0x040B,0x0B0B,0x040B,0x0000,0x0908,0x0000,0x0200,
	0x0202,0x0000,0x0808,0x0404,0x0808,0x0008,0x0008,0x0808,
	0x0808,0x0808,0x0804,0x0408,0x0804,0x0808,0x0808,0x0808,
	0x0800,0x0808,0x0800,0x0008,0x0800,0x0008,0x0000,0x0000,

	0x0000,0x0000,0x0000,0x0800,0x0808,0x0808,0x0800,0x0808,
	0x0808,0x0800,0x0008,0x0000,0x0008,0x0800,0x0808,0x0008,
	0x0008,0x0000,0x0808,0x0808,0x0008,0x0C0C,0x0C0C,0x050C,
	0x0C0C,0x0C0C,0x0C0C,0x050C,0x050C,0x0C0C,0x0C05,0x0C05,
	0x0C0C,0x0C0C,0x0C0C,0x0C0C,0x0C05,0x0C05,0x0505,0x0C0C,
	0x0C0C,0x0C0C,0x0505,0x0C05,0x050C,0x050C,0x050C,0x0505,
	0x080C,0x0D00,0x0D0E,0x070D,0x0707,0x0D07,0x0D0D,0x0D0D,
	0x0E0D,0x0D0D,0x0D0E,0x0D0E,0x0D0D,0x000D,0x0505,0x050C,

	0x010C,0x0808,0x0505,0x0C05,0x0C0C,0x0C0C,0x0C0C,0x0C0C,
	0x0C05,0x050C,0x0C05,0x050C,0x0C0C,0x0505,0x0C05,0x050C,
	0x0505,0x0505,0x050C,0x0505,0x0C0C,0x0C0C,0x0008,0x0000,
	0x0B04,0x040B,0x000B,0x0000,0x0905,0x0000,0x0C00,0x0200,
	0x0202,0x0000,0x0808,0x0808,0x0000,0x0800,0x0000,0x0800,
	0x0808,0x0808,0x0808,0x0000,0x0000,0x0808,0x0008,0x0008,
	0x0000,0x0008,0x0000,0x0000,0x0000,0x0000,0x0000,0x0000,
	0x0000,0x0000,0x0000,0x0000,0x0000,0x0000,0x0000,0x0008,

	0x0000,0x0000,0x0000,0x0000,0x0000,0x0000,0x0800,0x0000,
	0x0000,0x0000,0x0000,0x0008,0x0000,0x0002,0x020C,0x0C02,
	0x0800,0x0202,0x0C08,0x0002,0x0802,0x020C,0x0000,0x020C,
	0x0C02,0x0C00,0x000C,0x000C,0x0C00,0x0C0C,0x0C08,0x0C0C,
	0x0002,0x080C,0x0800,0x0C00,0x080C,0x0C02,0x0C08,0x0C0C,
	0x0C0C,0x0E00,0x0E01,0x0D0E,0x0D0E,0x010E,0x010E,0x010E,
	0x0E01,0x0E0E,0x0E0E,0x0E0E,0x0E0E,0x080D,0x080C,0x0C08,
	0x0900,0x0808,0x0808,0x0C08,0x000C,0x0C0C,0x0C0C,0x000C,

	0x0808,0x0800,0x0C08,0x0C0C,0x0C08,0x0C0C,0x0C0C,0x0C0C,
	0x0808,0x0C00,0x020C,0x0C02,0x0800,0x0000,0x0000,0x0000,
	0x0804,0x0404,0x0004,0x0000,0x0902,0x0000,0x0000,0x0200,
	0x0202,0x0000,0x0000,0x0808,0x0000,0x0800,0x0000,0x0000,
	0x0808,0x0800,0x0808,0x0000,0x0000,0x0000,0x0000,0x0000,
	0x0000,0x0000,0x0000,0x0000,0x0000,0x0000,0x0000,0x0000,
	0x0000,0x0000,0x0800,0x0800,0x0000,0x0808,0x0000,0x0808,
	0x0808,0x0800,0x0808,0x0808,0x0808,0x0808,0x0800,0x0808,

	0x0008,0x0808,0x0808,0x0808,0x0808,0x0205,0x0C0C,0x0C0C,
	0x0C00,0x0C0C,0x0C0C,0x0C0C,0x050C,0x0C0C,0x0C0C,0x0C0C,
	0x0C0C,0x0C0C,0x0C0C,0x0C0C,0x0C0C,0x0C0C,0x0C0C,0x0C0C,
	0x0505,0x0005,0x0C0C,0x0C0C,0x050C,0x0C0C,0x0C0C,0x0C0C,
	0x080C,0x0D0C,0x0D0D,0x0D0E,0x0D0D,0x010D,0x0D0D,0x0D0D,
	0x0D01,0x0D0D,0x0E0D,0x0D0D,0x0D0D,0x080D,0x0505,0x0505,
	0x0505,0x0505,0x0505,0x0505,0x0C0C,0x0C0C,0x080C,0x0505,
	0x0C08,0x050C,0x0804,0x0C0C,0x0C05,0x0C05,0x050C,0x0505,

	0x0504,0x050C,0x0C0C,0x050C,0x0C0C,0x0C05,0x0C0C,0x050C,
	0x0808,0x0000,0x0900,0x0909,0x0909,0x0909,0x0909,0x0909,
	0x0202,0x0000,0x0808,0x0404,0x0808,0x0804,0x0000,0x0008,
	0x0808,0x0808,0x0808,0x0808,0x0808,0x0008,0x0808,0x0008,
	0x0800,0x0808,0x0000,0x0000,0x0000,0x0800,0x0000,0x0000,
	0x0000,0x0000,0x0800,0x0008,0x0800,0x0808,0x0800,0x0808,
	0x0808,0x0400,0x0808,0x0808,0x0808,0x0808,0x0400,0x0808,
	0x0008,0x0808,0x0808,0x0800,0x0808,0x0C05,0x0C05,0x050C,

	0x0C02,0x0C0C,0x000C,0x0C0C,0x0C05,0x0C0C,0x0505,0x0C0C,
	0x0505,0x050C,0x050C,0x0C05,0x0C0C,0x050C,0x0509,0x0C0C,
	0x0C05,0x0808,0x0C0C,0x0505,0x050C,0x0C05,0x0C05,0x0505,
	0x0C05,0x050C,0x0D05,0x0D0E,0x0D0D,0x010D,0x0D0D,0x0D0D,
	0x0D01,0x0D0D,0x0E07,0x0D0D,0x0505,0x0505,0x0505,0x0505,
	0x0505,0x050C,0x0505,0x0C05,0x050C,0x050C,0x0C0C,0x0505,
	0x0C05,0x0505,0x0505,0x0508,0x0C05,0x0C0C,0x050C,0x0505,
	0x050C,0x0C05,0x0C0C,0x050C,0x0805,0x0C05,0x0C0C,0x0C00,

	0x0909,0x0002,0x0800,0x0808,0x0800,0x0909,0x0909,0x0902,
	0x0002,0x0008,0x0808,0x0408,0x0808,0x0404,0x0000,0x0808,
	0x0808,0x0800,0x0808,0x0800,0x0808,0x0008,0x0808,0x0008,
	0x0800,0x0808,0x0800,0x0000,0x0000,0x0008,0x0000,0x0008,
	0x0808,0x0000,0x0000,0x0808,0x0000,0x0808,0x0000,0x0808,
	0x0808,0x0800,0x0000,0x0008,0x0808,0x0804,0x0800,0x0808,
	0x0008,0x0804,0x0808,0x0800,0x0008,0x020C,0x0C0C,0x0C0C,
	0x0C02,0x0C0C,0x020C,0x0C0C,0x0C0C,0x0C02,0x0C0C,0x0C0C,

	0x0C0C,0x0C0C,0x050C,0x0C0C,0x0C0C,0x0C0C,0x0C0C,0x0C00,
	0x0505,0x0C0C,0x0C0C,0x0C0C,0x050C,0x0C0C,0x0208,0x050C,
	0x0C05,0x0C0C,0x0505,0x0D0C,0x0D0D,0x0E0D,0x0D0D,0x050D,
	0x0508,0x0505,0x0E0D,0x0D0D,0x0805,0x050C,0x0505,0x050C,
	0x0505,0x0805,0x0505,0x0C05,0x0C0C,0x0505,0x000C,0x0C05,
	0x0005,0x050C,0x050C,0x0C08,0x0C05,0x0C0C,0x0C05,0x050C,
	0x0505,0x0C0C,0x0C0C,0x0505,0x0005,0x0C05,0x0C05,0x0C0C,
	0x0000,0x0008,0x0209,0x040B,0x0408,0x0808,0x0008,0x0808,

	0x0008,0x0008,0x0808,0x0808,0x0808,0x0408,0x0008,0x0808,
	0x0808,0x0800,0x0808,0x0808,0x0808,0x0008,0x0808,0x0008,
	0x0800,0x0008,0x0000,0x0008,0x0000,0x0800,0x0000,0x0008,
	0x0000,0x0000,0x0000,0x0000,0x0000,0x0800,0x0000,0x0008,
	0x0800,0x0000,0x0008,0x0808,0x0008,0x0000,0x0000,0x0000,
	0x0000,0x0008,0x0808,0x0000,0x0000,0x020C,0x0C02,0x0C0C,
	0x0202,0x0C0C,0x0C0C,0x0C0C,0x020C,0x0C02,0x0C0C,0x0C0C,
	0x0C0C,0x0C0C,0x0C0C,0x0C0C,0x0C0C,0x0C0C,0x0C0C,0x0C0C,

	0x0C0C,0x020C,0x0C0C,0x0C0C,0x0C0C,0x0C0C,0x0C0C,0x0C0C,
	0x020C,0x0C0C,0x0C0C,0x0D09,0x0D0D,0x010E,0x0E0D,0x0C00,
	0x0805,0x0808,0x000C,0x0000,0x0C0C,0x0C0C,0x0C0C,0x050C,
	0x0C0C,0x080C,0x0C0C,0x0C0C,0x0C0C,0x0C0C,0x0C0C,0x0C0C,
	0x0C0C,0x0C0C,0x0C0C,0x0C0C,0x020C,0x0C0C,0x0C0C,0x0C0C,
	0x0C0C,0x0C0C,0x0C0C,0x0C0C,0x0C0C,0x0C0C,0x0C0C,0x0000,
	0x0202,0x0C02,0x0202,0x0000,0x0000,0x0804,0x0804,0x0408,
	0x0208,0x0000,0x0008,0x0800,0x0008,0x0008,0x0000,0x0000,

	0x0808,0x0800,0x0808,0x0000,0x0008,0x0808,0x0008,0x0000,
	0x0000,0x0000,0x0000,0x0000,0x0000,0x0000,0x0000,0x0000,
	0x0000,0x0000,0x0000,0x0000,0x0800,0x0000,0x0000,0x0000,
	0x0000,0x0000,0x0000,0x0000,0x0008,0x0000,0x0000,0x0000,
	0x0000,0x0008,0x0000,0x0000,0x0000,0x020C,0x000C,0x0C02,
	0x0202,0x0C02,0x020C,0x0202,0x0C0C,0x020C,0x0200,0x0C0C,
	0x020C,0x0C02,0x0C0C,0x0C0C,0x0C0C,0x020C,0x0C02,0x0C0C,
	0x0C0C,0x0C0C,0x0202,0x0C02,0x0C0C,0x0202,0x0C0C,0x080C,

	0x0C0C,0x0C0C,0x020C,0x010C,0x0E0E,0x0E0E,0x0E0D,0x0C05,
	0x0C0C,0x080C,0x0C0C,0x0C08,0x0C0C,0x000C,0x0C0C,0x0C0C,
	0x0C0C,0x0C0C,0x0C0C,0x0C0C,0x0C0C,0x0C0C,0x0C0C,0x020C,
	0x0C0C,0x0C08,0x0C02,0x0C0C,0x020C,0x0C0C,0x0C08,0x0C00,
	0x0C02,0x0208,0x0C0C,0x020C,0x0C00,0x000C,0x0002,0x0000,
	0x0202,0x0202,0x0202,0x0002,0x0200,0x0808,0x0808,0x0808,
	0x0208,0x0002,0x0000,0x0000,0x0808,0x0008,0x0000,0x0000,
	0x0000,0x0000,0x0808,0x0000,0x0000,0x0000,0x0000,0x0000,

	0x0000,0x0000,0x0000,0x0000,0x0000,0x0000,0x0000,0x0000,
	0x0800,0x0000,0x0000,0x0000,0x0800,0x0000,0x0000,0x0008,
	0x0808,0x0808,0x0808,0x0808,0x0804,0x0808,0x0800,0x0008,
	0x0000,0x0808,0x0800,0x0808,0x0008,0x0005,0x0C0C,0x0C0C,
	0x0C00,0x0C0C,0x020C,0x0C0C,0x0C0C,0x0C0C,0x0C02,0x0C0C,
	0x0C0C,0x0C0C,0x0C00,0x0C0C,0x020C,0x0C0C,0x0C0C,0x0202,
	0x0C0C,0x020C,0x0C0C,0x0C0C,0x0C00,0x0202,0x020C,0x0C0C,
	0x0C0C,0x0C02,0x0C0C,0x0C0C,0x0E06,0x090D,0x0101,0x0C09,

	0x0C0C,0x0505,0x0C05,0x0C0C,0x0C0C,0x0C0C,0x0C0C,0x0C0C,
	0x0C0C,0x0C0C,0x0C0C,0x0C0C,0x0C0C,0x050C,0x020C,0x0C0C,
	0x0C0C,0x0C0C,0x0C0C,0x0C0C,0x0C0C,0x0C0C,0x0C0C,0x0C0C,
	0x0C0C,0x0C0C,0x050C,0x0C0C,0x020C,0x0C0C,0x000C,0x0000,
	0x0909,0x0209,0x0909,0x0209,0x0202,0x0002,0x0000,0x0202,
	0x0202,0x0002,0x0800,0x0808,0x0808,0x0808,0x0008,0x0808,
	0x0808,0x0800,0x0808,0x0408,0x0808,0x0008,0x0808,0x0008,
	0x0000,0x0000,0x0800,0x0008,0x0000,0x0808,0x0000,0x0000,

	0x0800,0x0000,0x0808,0x0008,0x0000,0x0808,0x0000,0x0008,
	0x0808,0x0008,0x0808,0x0008,0x0808,0x0808,0x0800,0x0808,
	0x0008,0x0808,0x0808,0x0800,0x0008,0x0008,0x0808,0x0808,
	0x0800,0x0808,0x0008,0x0008,0x0808,0x0000,0x0800,0x0808,
	0x0808,0x0808,0x0808,0x0808,0x0008,0x0808,0x0808,0x0800,
	0x0808,0x0008,0x0808,0x0808,0x0800,0x0808,0x0808,0x0808,
	0x0008,0x0800,0x0808,0x0000,0x0808,0x0008,0x0808,0x0808,
	0x0800,0x0808,0x0008,0x0808,0x0808,0x0808,0x0808,0x0808,

	0x0808,0x0008,0x0808,0x0C08,0x0800,0x0808,0x0008,0x0808,
	0x0008,0x0800,0x0808,0x0800,0x0808,0x0008,0x0805,0x0808,
	0x0808,0x0808,0x0800,0x0808,0x0008,0x0808,0x0C00,0x0C00,
	0x0808,0x0909,0x0909,0x0909,0x0902,0x0909,0x0209,0x0902,
	0x0902,0x0202,0x0000,0x0800,0x0000,0x0808,0x0008,0x0808,
	0x0808,0x0000,0x0808,0x0800,0x0808,0x0008,0x0808,0x0800,
	0x0000,0x0000,0x0000,0x0000,0x0000,0x0000,0x0000,0x0000,
	0x0808,0x0000,0x0800,0x0008,0x0808,0x0808,0x0800,0x0008,

	0x0808,0x0800,0x0800,0x0800,0x0808,0x0808,0x0800,0x0008,
	0x0000,0x0808,0x0808,0x0800,0x0808,0x0008,0x0808,0x0808,
	0x0800,0x0808,0x0008,0x0808,0x0808,0x0800,0x0808,0x0808,
	0x0808,0x0808,0x0808,0x0808,0x0808,0x0808,0x0808,0x0800,
	0x0808,0x0008,0x0808,0x0808,0x0808,0x0808,0x0808,0x0808,
	0x0008,0x0808,0x0808,0x0800,0x0808,0x0008,0x0808,0x0808,
	0x0800,0x0808,0x0008,0x0808,0x0808,0x0808,0x0808,0x0808,
	0x0808,0x0808,0x0808,0x0808,0x0808,0x0808,0x0808,0x0808,

	0x0008,0x0800,0x0808,0x0800,0x0808,0x0808,0x0808,0x0808,
	0x0808,0x0808,0x0800,0x0808,0x0808,0x0008,0x0C08,0x0800,
	0x080C,0x0000,0x0900,0x0909,0x0909,0x0909,0x0202,0x0902,
	0x0909,0x0202,0x0800,0x0808,0x0808,0x0808,0x0008,0x0808,
	0x0000,0x0000,0x0800,0x0800,0x0008,0x0008,0x0808,0x0808,
	0x0800,0x0000,0x0000,0x0000,0x0000,0x0000,0x0000,0x0000,
	0x0000,0x0000,0x0000,0x0000,0x0000,0x0000,0x0000,0x0000,
	0x0000,0x0800,0x0000,0x0000,0x0800,0x0000,0x0000,0x0000,

	0x0000,0x0000,0x0000,0x0000,0x0000,0x0000,0x0800,0x0000,
	0x0800,0x0808,0x0000,0x0000,0x0808,0x0800,0x0800,0x0808,
	0x0808,0x0808,0x0808,0x0800,0x0008,0x0808,0x0008,0x0808,
	0x0808,0x0808,0x0008,0x0808,0x0800,0x0808,0x0808,0x0808,
	0x0800,0x0808,0x0808,0x0808,0x0808,0x0008,0x0808,0x0808,
	0x0808,0x0008,0x0008,0x0008,0x0800,0x0808,0x0800,0x0800,
	0x0800,0x0808,0x0800,0x0008,0x0800,0x0800,0x0808,0x0808,
	0x0008,0x0808,0x0808,0x0808,0x0808,0x0808,0x0808,0x0808,

	0x0808,0x0808,0x0808,0x0808,0x0008,0x0000,0x0C08,0x0008,
	0x0008,0x0000,0x0000,0x0000,0x0202,0x0202,0x0202,0x0202,
	0x0202,0x0000,0x0000,0x0008,0x0008,0x0000,0x0008,0x0000,
	0x0808,0x0000,0x0800,0x0808,0x0800,0x0008,0x0000,0x0000,
	0x0000,0x0000,0x0000,0x0000,0x0000,0x0000,0x0000,0x0000,
	0x0000,0x0000,0x0000,0x0000,0x0800,0x0000,0x0000,0x0000,
	0x0000,0x0000,0x0000,0x0000,0x0000,0x0000,0x0000,0x0000,
	0x0000,0x0000,0x0000,0x0000,0x0000,0x0000,0x0800,0x0000,

	0x0000,0x0000,0x0000,0x0000,0x0000,0x0800,0x0000,0x0800,
	0x0808,0x0808,0x0808,0x0800,0x0808,0x0800,0x0000,0x0808,
	0x0808,0x0808,0x0008,0x0000,0x0800,0x0000,0x0008,0x0800,
	0x0808,0x0008,0x0808,0x0008,0x0808,0x0000,0x0808,0x0800,
	0x0800,0x0008,0x0808,0x0008,0x0800,0x0808,0x0808,0x0808,
	0x0000,0x0000,0x0000,0x0800,0x0008,0x0800,0x0800,0x0008,
	0x0008,0x0808,0x0808,0x0808,0x0808,0x0808,0x0008,0x0808,
	0x0808,0x0000,0x0808,0x0808,0x0008,0x0000,0x0008,0x0000,

	0x0000,0x0000,0x0000,0x0000,0x0202,0x020C,0x0202,0x0200,
	0x0202,0x0000,0x0000,0x0000,0x0000,0x0000,0x0800,0x0800,
	0x0008,0x0808,0x0000,0x0000,0x0000,0x0000,0x0003,0x0000,
	0x0000,0x0000,0x0000,0x0000,0x0000,0x0000,0x0000,0x0000,
	0x0000,0x0000,0x0008,0x0008,0x0800,0x0008,0x0800,0x0808,
	0x0000,0x0000,0x0800,0x0008,0x0808,0x0808,0x0800,0x0808,
	0x0008,0x0808,0x0808,0x0800,0x0808,0x0808,0x0008,0x0808,
	0x0800,0x0808,0x0008,0x0808,0x0808,0x0800,0x0808,0x0808,

	0x0808,0x0808,0x0800,0x0808,0x0008,0x0808,0x0808,0x0800,
	0x0808,0x0000,0x0808,0x0808,0x0800,0x0808,0x0000,0x0808,
	0x0008,0x0C00,0x0008,0x0800,0x080C,0x0008,0x0808,0x0808,
	0x0800,0x0808,0x0008,0x0808,0x0808,0x0808,0x0808,0x0800,
	0x0000,0x0008,0x0800,0x0808,0x0800,0x0808,0x0000,0x0808,
	0x0008,0x0800,0x0800,0x0808,0x0808,0x0008,0x0808,0x0808,
	0x0808,0x0808,0x0808,0x0808,0x0008,0x0800,0x0C08,0x0808,
	0x0808,0x0008,0x0800,0x0808,0x0000,0x0000,0x0000,0x0000,

	0x0000,0x0000,0x0000,0x0808,0x0000,0x0808,0x0008,0x0808,
	0x0808,0x0808,0x0808,0x0000,0x0800,0x0008,0x0303,0x0008,
	0x0800,0x0800,0x0800,0x0008,0x0000,0x0008,0x0000,0x0000,
	0x0800,0x0008,0x0800,0x0008,0x0800,0x0800,0x0800,0x0808,
	0x0808,0x0800,0x0800,0x0008,0x0808,0x0800,0x0800,0x0808,
	0x0008,0x0808,0x0808,0x0808,0x0808,0x0808,0x0008,0x0800,
	0x0808,0x0808,0x0008,0x0808,0x0808,0x0808,0x0404,0x0808,
	0x0808,0x0808,0x0408,0x0404,0x0808,0x0804,0x0804,0x0800,

	0x0C05,0x0008,0x0C0C,0x000C,0x0C00,0x0C0C,0x000C,0x0C0C,
	0x0008,0x0C00,0x0C02,0x0C00,0x0C0C,0x000C,0x0C0C,0x0C08,
	0x0800,0x0C0C,0x000C,0x0C0C,0x000C,0x0C08,0x0C0C,0x0C02,
	0x0C0C,0x000C,0x000C,0x0C08,0x0C00,0x080C,0x0000,0x000C,
	0x000C,0x0C00,0x0808,0x0800,0x0C08,0x0008,0x080C,0x0808,
	0x0800,0x0808,0x0C08,0x0808,0x0008,0x0C00,0x0C0C,0x0C00,
	0x0008,0x0008,0x0808,0x0808,0x0808,0x0808,0x0000,0x0800,
	0x0800,0x0008,0x0008,0x0000,0x0000,0x0808,0x0008,0x0808,

	0x0808,0x0808,0x0808,0x0800,0x0808,0x0008,0x0303,0x0803,
	0x0800,0x0000,0x0800,0x0000,0x0000,0x0000,0x0808,0x0800,
	0x0008,0x0000,0x0000,0x0008,0x0800,0x0808,0x0000,0x0808,
	0x0000,0x0000,0x0800,0x0008,0x0808,0x0000,0x0000,0x0808,
	0x0000,0x0008,0x0008,0x0000,0x0000,0x0008,0x0808,0x0808,
	0x0800,0x0808,0x0008,0x0808,0x0808,0x0800,0x0808,0x0804,
	0x0808,0x0404,0x0408,0x0808,0x0008,0x0808,0x0808,0x0800,
	0x0C08,0x000C,0x0C0C,0x000C,0x0C00,0x020C,0x0000,0x0808,

	0x0008,0x0808,0x0808,0x0800,0x0808,0x0008,0x0808,0x0808,
	0x0800,0x0808,0x0008,0x0C08,0x020C,0x000C,0x0808,0x0800,
	0x0800,0x0000,0x0808,0x0808,0x0800,0x0808,0x0000,0x0808,
	0x0008,0x0000,0x0808,0x0808,0x0C0C,0x080C,0x0808,0x000C,
	0x0C08,0x0808,0x0008,0x000C,0x0000,0x0800,0x0C08,0x0C00,
	0x0808,0x0808,0x0800,0x0808,0x0800,0x0808,0x0000,0x0800,
	0x0808,0x0008,0x0808,0x0400,0x0000,0x0808,0x0008,0x0808,
	0x0808,0x0800,0x0808,0x0000,0x0808,0x0000,0x0303,0x0303,

	0x0000,0x0000,0x0000,0x0000,0x0000,0x0800,0x0000,0x0000,
	0x0000,0x0000,0x0000,0x0000,0x0000,0x0000,0x0000,0x0000,
	0x0000,0x0000,0x0000,0x0000,0x0000,0x0000,0x0000,0x0000,
	0x0000,0x0000,0x0000,0x0000,0x0000,0x0000,0x0000,0x0000,
	0x0800,0x0008,0x0000,0x0000,0x0808,0x0800,0x0808,0x0000,
	0x0000,0x0000,0x0000,0x0000,0x0000,0x0000,0x0000,0x0000,
	0x0000,0x0000,0x0000,0x0000,0x0000,0x0000,0x0000,0x0000,
	0x0000,0x0000,0x0000,0x0000,0x0000,0x0000,0x0000,0x0000,

	0x0000,0x0000,0x0000,0x0000,0x0000,0x0000,0x0000,0x0000,
	0x0000,0x0000,0x0000,0x0000,0x0000,0x0000,0x0000,0x0000,
	0x0000,0x0000,0x0000,0x0000,0x0000,0x0000,0x0000,0x0000,
	0x0000,0x0000,0x0000,0x0000,0x0800,0x0808,0x0000,0x0000,
	0x0000,0x0000,0x0000,0x0000,0x0000,0x0000,0x0000,0x0000,
	0x0000,0x0008,0x0000,0x0800,0x0008,0x0000,0x0000,0x0000,
	0x0000,0x0000,0x0000,0x0000,0x0000,0x0000,0x0303,0x0303,
	0x0003,0x0000,0x0000,0x0000,0x0000,0x0000,0x0000,0x0000,

	0x0000,0x0000,0x0800,0x0000,0x0000,0x0000,0x0000,0x0000,
	0x0000,0x0800,0x0800,0x0000,0x0000,0x0000,0x0808,0x0008,
	0x0808,0x0008,0x0008,0x0000,0x0008,0x0008,0x0008,0x0008,
	0x0008,0x0808,0x0008,0x0808,0x0808,0x0808,0x0808,0x0008,
	0x0000,0x0000,0x0000,0x0000,0x0C08,0x0C0C,0x0000,0x0000,
	0x0000,0x0000,0x0000,0x0800,0x0000,0x0000,0x0000,0x0000,
	0x0808,0x0200,0x0800,0x0800,0x0008,0x0800,0x0808,0x000C,
	0x0000,0x0808,0x0008,0x0808,0x0800,0x0000,0x0C08,0x000C,

	0x0000,0x0808,0x0808,0x0800,0x0000,0x0808,0x0808,0x0000,
	0x0000,0x0C0C,0x0808,0x0800,0x0000,0x0000,0x0008,0x0800,
	0x0000,0x0000,0x0008,0x0000,0x0400,0x0804,0x0000,0x0000,
	0x0000,0x0000,0x0800,0x0808,0x0800,0x0808,0x0808,0x0008,
	0x0000,0x0008,0x0000,0x0800,0x0000,0x0008,0x0008,0x0800,
	0x0000,0x0008,0x0000,0x0000,0x0000,0x0000,0x0303,0x0303,
	0x0303,0x0000,0x0000,0x0000,0x0000,0x0000,0x0000,0x0000,
	0x0808,0x0000,0x0000,0x0800,0x0800,0x0808,0x0000,0x0808,

	0x0008,0x0808,0x0008,0x0008,0x0808,0x0808,0x0800,0x0808,
	0x0008,0x0808,0x0808,0x0000,0x0808,0x0008,0x0808,0x0808,
	0x0800,0x0808,0x0008,0x0808,0x0808,0x0000,0x0000,0x000C,
	0x0000,0x0C0C,0x080C,0x0808,0x0008,0x0C08,0x0C02,0x0C00,
	0x0C00,0x0000,0x0008,0x0002,0x0C00,0x0C08,0x0000,0x080C,
	0x000C,0x0C00,0x0C00,0x0000,0x0808,0x000C,0x0C00,0x0808,
	0x0800,0x0008,0x000C,0x0C0C,0x0C0C,0x0C00,0x0808,0x0808,
	0x0808,0x0008,0x0808,0x0C08,0x0C00,0x0800,0x0000,0x0808,

	0x0008,0x0800,0x0808,0x0000,0x080C,0x0008,0x080C,0x0C08,
	0x0C0C,0x0808,0x0808,0x0808,0x0000,0x0408,0x0404,0x0408,
	0x0804,0x0000,0x0808,0x0808,0x0808,0x0808,0x0808,0x0808,
	0x0808,0x0808,0x0800,0x0808,0x0008,0x0800,0x0008,0x0808,
	0x0808,0x0800,0x0808,0x0800,0x0808,0x0008,0x0303,0x0303,
	0x0303,0x0800,0x0000,0x0008,0x0800,0x0000,0x0800,0x0000,
	0x0000,0x0800,0x0800,0x0008,0x0800,0x0808,0x0808,0x0800,
	0x0008,0x0800,0x0808,0x0808,0x0808,0x0808,0x0800,0x0808,

	0x0808,0x0808,0x0808,0x0408,0x0808,0x0008,0x0808,0x0808,
	0x0800,0x0808,0x0008,0x0808,0x0808,0x0800,0x0C08,0x0C0C,
	0x000C,0x0800,0x0800,0x0808,0x0004,0x0C08,0x080C,0x0800,
	0x0808,0x0008,0x0C0C,0x080C,0x0800,0x0808,0x0000,0x0800,
	0x0008,0x0C00,0x080C,0x0C00,0x080C,0x0008,0x080C,0x0808,
	0x0C00,0x0808,0x0008,0x0008,0x0008,0x0808,0x0808,0x0808,
	0x0808,0x000C,0x0008,0x0808,0x0800,0x0C0C,0x0000,0x000C,
	0x000C,0x0800,0x0808,0x0C00,0x0808,0x000C,0x0C0C,0x0C08,

	0x0C08,0x0808,0x0808,0x0808,0x0000,0x0400,0x0404,0x0408,
	0x0004,0x0800,0x0C0C,0x0C08,0x0800,0x0808,0x0008,0x0408,
	0x0008,0x0008,0x0808,0x0808,0x0008,0x0808,0x0008,0x0808,
	0x0808,0x0808,0x0808,0x0800,0x0808,0x0008,0x0303,0x0303,
	0x0003,0x0000,0x0000,0x0808,0x0800,0x0000,0x0000,0x0008,
	0x0000,0x0008,0x0000,0x0000,0x0808,0x0808,0x0800,0x0800,
	0x0808,0x0808,0x0808,0x0808,0x0808,0x0804,0x0808,0x0808,
	0x0808,0x0404,0x0808,0x0808,0x0808,0x0808,0x0808,0x0808,

	0x0800,0x0804,0x0808,0x0808,0x0808,0x0808,0x0800,0x0000,
	0x0808,0x0808,0x0800,0x0808,0x0808,0x0C0C,0x0808,0x0800,
	0x0808,0x0008,0x0C08,0x0800,0x0800,0x0808,0x0808,0x0808,
	0x0008,0x0C08,0x0C0C,0x0C00,0x0808,0x0008,0x0808,0x0C08,
	0x0C00,0x0C0C,0x0002,0x0C0C,0x000C,0x080C,0x0C0C,0x0C00,
	0x0C0C,0x0000,0x080C,0x0808,0x0800,0x0808,0x0808,0x0008,
	0x000C,0x0808,0x0808,0x0800,0x0808,0x0008,0x0808,0x0808,
	0x080C,0x0808,0x0808,0x0008,0x0008,0x0800,0x0804,0x0808,

	0x0008,0x0000,0x0808,0x080C,0x0C00,0x0000,0x0008,0x0808,
	0x0408,0x0808,0x0808,0x0808,0x0000,0x0404,0x0008,0x0800,
	0x0800,0x0808,0x0808,0x0000,0x0008,0x0008,0x0303,0x0303,
	0x0000,0x0000,0x0000,0x0800,0x0000,0x0000,0x0800,0x0000,
	0x0000,0x0000,0x0000,0x0000,0x0000,0x0000,0x0000,0x0000,
	0x0000,0x0000,0x0000,0x0000,0x0000,0x0000,0x0000,0x0000,
	0x0000,0x0008,0x0800,0x0008,0x0800,0x0000,0x0000,0x0000,
	0x0008,0x0808,0x0000,0x0000,0x0000,0x0000,0x0000,0x0000,

	0x0000,0x0000,0x0000,0x0000,0x0000,0x0000,0x0000,0x0000,
	0x0000,0x0000,0x0000,0x0000,0x0000,0x0008,0x0000,0x0000,
	0x0000,0x0000,0x0000,0x0000,0x0000,0x0000,0x0000,0x0000,
	0x0000,0x0000,0x0000,0x0000,0x0000,0x0000,0x0000,0x0000,
	0x0000,0x0000,0x0000,0x0000,0x0000,0x0000,0x0000,0x0000,
	0x0000,0x0000,0x0800,0x0000,0x0000,0x0000,0x0000,0x0000,
	0x0000,0x0000,0x0000,0x0000,0x0000,0x0800,0x0008,0x0000,
	0x0000,0x0000,0x0000,0x0000,0x0000,0x0000,0x0000,0x0800,

	0x0808,0x0008,0x0000,0x0000,0x0000,0x0808,0x0000,0x0000,
	0x0000,0x0000,0x0000,0x0000,0x0000,0x0000,0x0303,0x0003,
	0x0000,0x0000,0x0000,0x0000,0x0000,0x0000,0x0000,0x0000,
	0x0000,0x0000,0x0000,0x0000,0x0000,0x0000,0x0000,0x0000,
	0x0000,0x0000,0x0000,0x0000,0x0000,0x0000,0x0000,0x0800,
	0x0808,0x0808,0x0808,0x0808,0x0808,0x0008,0x0808,0x0808,
	0x0808,0x0808,0x0808,0x0000,0x0C0C,0x0C0C,0x080C,0x080C,
	0x0808,0x0808,0x0808,0x0C00,0x0C0C,0x000C,0x0C0C,0x0C0C,

	0x0C00,0x000C,0x080C,0x0808,0x0808,0x080C,0x0808,0x0C08,
	0x0C0C,0x0C0C,0x000C,0x080C,0x0808,0x0808,0x080C,0x0C08,
	0x0C0C,0x0C02,0x0C0C,0x0808,0x0808,0x0808,0x0C08,0x0C00,
	0x080C,0x0800,0x000C,0x0800,0x0C08,0x0808,0x0808,0x0808,
	0x0000,0x0C08,0x080C,0x0C08,0x0808,0x0808,0x0808,0x0800,
	0x0808,0x0000,0x0C00,0x0000,0x0800,0x0804,0x0808,0x0808,
	0x0008,0x0808,0x0008,0x0000,0x0808,0x0000,0x0008,0x0800,
	0x0808,0x0804,0x0008,0x0000,0x0000,0x0808,0x0008,0x0000,

	0x0800,0x0808,0x0800,0x0800,0x0008,0x0800,0x0303,0x0000,
	0x0800,0x0800,0x0000,0x0800,0x0000,0x0000,0x0000,0x0000,
	0x0000,0x0808,0x0000,0x0000,0x0800,0x0800,0x0800,0x0808,
	0x0000,0x0800,0x0808,0x0008,0x0808,0x0808,0x0800,0x0808,
	0x0008,0x0808,0x0808,0x0800,0x0800,0x0008,0x0808,0x0808,
	0x0800,0x0808,0x0008,0x0808,0x0C0C,0x0200,0x000C,0x0000,
	0x0808,0x0808,0x0000,0x0C00,0x000C,0x0808,0x0808,0x0800,
	0x0800,0x000C,0x0808,0x0808,0x0800,0x0808,0x0000,0x0008,

	0x0008,0x0800,0x0800,0x0000,0x080C,0x000C,0x0000,0x0C08,
	0x0800,0x0808,0x000C,0x0C0C,0x0808,0x0808,0x0C0C,0x0C0C,
	0x0800,0x0008,0x0808,0x0808,0x0800,0x0808,0x0008,0x0C08,
	0x0008,0x0800,0x0808,0x0000,0x0808,0x0808,0x0808,0x0C08,
	0x0800,0x0C08,0x0000,0x0800,0x0808,0x0408,0x0804,0x0808,
	0x0008,0x0008,0x0808,0x0808,0x0800,0x0808,0x0000,0x0000,
	0x0008,0x0008,0x0800,0x0800,0x0808,0x0808,0x0004,0x0000,
	0x0800,0x0800,0x0008,0x0000,0x0008,0x0808,0x0003,0x0808,

	0x0800,0x0800,0x0000,0x0000,0x0000,0x0008,0x0808,0x0808,
	0x0000,0x0800,0x0800,0x0808,0x0800,0x0808,0x0000,0x0808,
	0x0008,0x0800,0x0000,0x0008,0x0808,0x0800,0x0800,0x0808,
	0x0808,0x0808,0x0808,0x0408,0x0808,0x0008,0x0808,0x0804,
	0x0808,0x0808,0x0804,0x0404,0x0808,0x0800,0x000C,0x080C,
	0x0808,0x0800,0x0800,0x0808,0x0008,0x0C0C,0x0C0C,0x0C00,
	0x0C0C,0x0000,0x0808,0x0008,0x0800,0x0000,0x0008,0x0808,
	0x0008,0x0C00,0x0C02,0x0C00,0x0C0C,0x0008,0x0808,0x0808,

	0x0800,0x0808,0x0008,0x0808,0x0008,0x0808,0x0808,0x0800,
	0x0808,0x0008,0x0808,0x0808,0x0800,0x0808,0x0000,0x0008,
	0x0008,0x0C00,0x080C,0x0800,0x0808,0x0808,0x0C08,0x0808,
	0x0800,0x0808,0x0000,0x0404,0x0804,0x0408,0x0808,0x0800,
	0x0008,0x0000,0x0808,0x0808,0x0800,0x0008,0x0008,0x0800,
	0x0008,0x0008,0x0000,0x0404,0x0808,0x0804,0x0008,0x0800,
	0x0000,0x0000,0x0008,0x0000,0x0000,0x0000,0x0000,0x0000,
	0x0000,0x0008,0x0800,0x0800,0x0000,0x0000,0x0000,0x0008,

	0x0808,0x0808,0x0808,0x0008,0x0800,0x0808,0x0808,0x0808,
	0x0808,0x0800,0x0808,0x0808,0x0408,0x0408,0x0808,0x0408,
	0x0808,0x0808,0x0808,0x0808,0x0808,0x0808,0x0804,0x0808,
	0x0800,0x0808,0x0804,0x0404,0x0808,0x0808,0x0808,0x0C08,
	0x0C0C,0x0800,0x0800,0x0C08,0x0000,0x0C0C,0x0808,0x0800,
	0x0808,0x0808,0x0808,0x000C,0x0C0C,0x080C,0x0808,0x0808,
	0x000C,0x0C0C,0x0C0C,0x0C00,0x0C0C,0x000C,0x080C,0x0808,
	0x0508,0x0808,0x0808,0x0C0C,0x080C,0x0C0C,0x0808,0x0C00,

	0x0C0C,0x000C,0x0C0C,0x080C,0x0800,0x0C08,0x0000,0x0C0C,
	0x000C,0x0800,0x0C08,0x0808,0x0002,0x0C0C,0x080C,0x0C08,
	0x0808,0x0808,0x0800,0x0404,0x0804,0x0804,0x0808,0x0800,
	0x0800,0x0008,0x0808,0x0808,0x0000,0x0808,0x0008,0x0800,
	0x0808,0x0008,0x0000,0x0404,0x0808,0x0804,0x0008,0x0008,
	0x0800,0x0000,0x0000,0x0000,0x0008,0x0000,0x0000,0x0000,
	0x0000,0x0000,0x0000,0x0000,0x0000,0x0808,0x0808,0x0000,
	0x0000,0x0000,0x0000,0x0000,0x0000,0x0000,0x0000,0x0000,

	0x0000,0x0000,0x0000,0x0808,0x0008,0x0800,0x0000,0x0008,
	0x0000,0x0800,0x0800,0x0000,0x0000,0x0008,0x0000,0x0000,
	0x0800,0x0000,0x0800,0x0800,0x0000,0x0000,0x0000,0x0000,
	0x0000,0x0000,0x0000,0x0000,0x0000,0x0000,0x0000,0x0000,
	0x0000,0x0008,0x0000,0x0000,0x0000,0x0000,0x0000,0x0000,
	0x0000,0x0000,0x0000,0x0000,0x0000,0x0000,0x0000,0x0000,
	0x0000,0x0000,0x0000,0x0000,0x0000,0x0000,0x0000,0x0000,
	0x0000,0x0000,0x0000,0x0000,0x0000,0x0000,0x0000,0x0000,

	0x0000,0x0000,0x0008,0x0000,0x0000,0x0000,0x0000,0x0000,
	0x0000,0x0000,0x0000,0x0000,0x0000,0x0008,0x0000,0x0000,
	0x0000,0x0000,0x0000,0x0000,0x0000,0x0000,0x0000,0x0000,
	0x0000,0x0000,0x0000,0x0800,0x0000,0x0800,0x0000,0x0000,
	0x0000,0x0000,0x0000,0x0000,0x0000,0x0000,0x0000,0x0000,
	0x0000,0x0000,0x0000,0x0000,0x0000,0x0000,0x0000,0x0000,
	0x0808,0x0000,0x0800,0x0808,0x0000,0x0000,0x0000,0x0800,
	0x0000,0x0000,0x0000,0x0808,0x0808,0x0808,0x0808,0x0808,

	0x0808,0x0808,0x0808,0x0808,0x0808,0x0000,0x0008,0x0800,
	0x0800,0x0808,0x0008,0x0804,0x0808,0x0808,0x0004,0x0008,
	0x0808,0x0808,0x0500,0x0C0C,0x0808,0x080C,0x080C,0x0C00,
	0x0808,0x0808,0x0808,0x0808,0x0808,0x0808,0x0808,0x0808,
	0x0808,0x0C08,0x0C0C,0x0C0C,0x080C,0x0008,0x0808,0x0808,
	0x0808,0x000C,0x080C,0x0808,0x0808,0x0808,0x0808,0x0C0C,
	0x000C,0x0808,0x0808,0x0C08,0x0808,0x0808,0x0008,0x0808,
	0x0808,0x0808,0x0808,0x0808,0x0808,0x0808,0x0808,0x0808,

	0x0808,0x0808,0x0800,0x0008,0x0000,0x0800,0x0008,0x0800,
	0x0800,0x0008,0x0808,0x0008,0x0800,0x0808,0x0000,0x0008,
	0x0008,0x0008,0x0800,0x0000,0x0000,0x0000,0x0000,0x0000,
	0x0000,0x0000,0x0000,0x0000,0x0000,0x0000,0x0000,0x0000,
	0x0000,0x0800,0x0808,0x0008,0x0000,0x0000,0x0000,0x0000,
	0x0808,0x0008,0x0800,0x0008,0x0800,0x0800,0x0000,0x0808,
	0x0000,0x0800,0x0800,0x0008,0x0000,0x0808,0x0800,0x0808,
	0x0008,0x0808,0x0800,0x0800,0x0800,0x0808,0x0808,0x0408,

	0x0808,0x0408,0x0808,0x0804,0x0808,0x0408,0x0808,0x0808,
	0x0008,0x0808,0x0808,0x000C,0x000C,0x0C0C,0x0C0C,0x0800,
	0x0C08,0x0008,0x0808,0x000C,0x0800,0x0008,0x0000,0x000C,
	0x0008,0x0800,0x0C08,0x0800,0x0808,0x0008,0x0808,0x0808,
	0x0800,0x0C0C,0x0C0C,0x0C0C,0x0C0C,0x0C00,0x0C0C,0x0800,
	0x0808,0x000C,0x080C,0x020C,0x0C00,0x0C02,0x0008,0x0808,
	0x0008,0x0808,0x0808,0x0800,0x0808,0x0008,0x0808,0x0C08,
	0x0008,0x0808,0x0C00,0x0C00,0x080C,0x0808,0x0C08,0x0000,

	0x0808,0x0008,0x0808,0x0808,0x0808,0x0808,0x0808,0x0808,
	0x0808,0x0008,0x0800,0x0808,0x0000,0x0808,0x0008,0x0808,
	0x0800,0x0808,0x0808,0x0808,0x0808,0x0008,0x0808,0x0808,
	0x0800,0x0000,0x0000,0x0000,0x0000,0x0008,0x0800,0x0000,
	0x0000,0x0000,0x0800,0x0000,0x0000,0x0000,0x0000,0x0000,
	0x0000,0x0000,0x0008,0x0000,0x0808,0x0808,0x0800,0x0808,
	0x0008,0x0008,0x0808,0x0808,0x0008,0x0008,0x0008,0x0800,
	0x0000,0x0000,0x0008,0x0808,0x0808,0x0800,0x0808,0x0808,

	0x0808,0x0808,0x0800,0x0008,0x0008,0x0008,0x0000,0x0000,
	0x0008,0x0000,0x0C0C,0x000C,0x0C00,0x080C,0x0000,0x080C,
	0x000C,0x0C00,0x0808,0x0800,0x0008,0x0000,0x0808,0x0808,
	0x0800,0x0008,0x0008,0x0008,0x0000,0x0808,0x0800,0x0800,
	0x0808,0x0008,0x0008,0x0808,0x0000,0x0800,0x0000,0x0000,
	0x0000,0x0800,0x0000,0x0C00,0x0808,0x0008,0x0C02,0x0C00,
	0x0C0C,0x0C08,0x0800,0x0808,0x0000,0x0808,0x0808,0x0808,
	0x0808,0x0808,0x0808,0x0808,0x0800,0x0808,0x0808,0x0808,

	0x0808,0x0808,0x0800,0x0808,0x0000,0x0800,0x0000,0x0000,
	0x0000,0x0000,0x0000,0x0800,0x0808,0x0008,0x0000,0x0008,
	0x0000,0x0000,0x0800,0x0000,0x0000,0x0000,0x0800,0x0008,
	0x0808,0x0808,0x0000,0x0008,0x0800,0x0808,0x0808,0x0008,
	0x0808,0x0808,0x0808,0x0008,0x0808,0x0808,0x0808,0x0808,
	0x0008,0x0808,0x0808,0x0808,0x0808,0x0808,0x0808,0x0808,
	0x0808,0x0808,0x0808,0x0808,0x0804,0x0808,0x0808,0x0808,
	0x0804,0x0808,0x0408,0x0404,0x0804,0x0804,0x0C08,0x0800,

	0x0808,0x0808,0x0808,0x0008,0x0800,0x0808,0x0800,0x0C0C,
	0x0C0C,0x0C0C,0x0C0C,0x0C00,0x0C0C,0x0C0C,0x0C0C,0x0C0C,
	0x0C0C,0x080C,0x0C0C,0x0C0C,0x000C,0x0C0C,0x0C0C,0x0C0C,
	0x0C0C,0x020C,0x0C0C,0x0C0C,0x0C00,0x0C02,0x000C,0x0C0C,
	0x000C,0x0C0C,0x0C0C,0x0800,0x0808,0x0808,0x0808,0x0C00,
	0x0808,0x0808,0x0808,0x0808,0x0808,0x0404,0x0404,0x0408,
	0x0808,0x0808,0x0008,0x0808,0x0808,0x0808,0x0008,0x0808,
	0x0808,0x0808,0x0808,0x0808,0x0000,0x0808,0x0804,0x0808,

	0x0808,0x0000,0x0808,0x0800,0x0808,0x0008,0x0808,0x0808,
	0x0800,0x0808,0x0000,0x0008,0x0800,0x0808,0x0000,0x0000,
	0x0000,0x0000,0x0000,0x0000,0x0000,0x0000,0x0000,0x0000,
	0x0000,0x0000,0x0000,0x0008,0x0000,0x0008,0x0000,0x0808,
	0x0008,0x0008,0x0808,0x0808,0x0800,0x0808,0x0808,0x0000,
	0x0808,0x0808,0x0808,0x0808,0x0808,0x0808,0x0808,0x0808,
	0x0808,0x0808,0x0808,0x0808,0x0808,0x0808,0x0808,0x0000,
	0x0800,0x0800,0x0000,0x0808,0x0800,0x0000,0x0800,0x0000,

	0x0800,0x0000,0x0000,0x0000,0x0000,0x0000,0x0800,0x0800,
	0x0800,0x0000,0x0800,0x0000,0x0000,0x0000,0x0000,0x0008,
	0x0000,0x0000,0x0000,0x0800,0x0000,0x0800,0x0000,0x0000,
	0x0000,0x0000,0x0000,0x0800,0x0000,0x0000,0x0000,0x0800,
	0x0000,0x0008,0x0808,0x0808,0x0008,0x0808,0x0808,0x0800,
	0x0008,0x0800,0x0008,0x0000,0x0800,0x0800,0x0808,0x0000,
	0x0808,0x0808,0x0808,0x0808,0x0000,0x0800,0x0808,0x0008,
	0x0000,0x0000,0x0000,0x0000,0x0008,0x0000,0x0000,0x0000,

	0x0000,0x0000,0x0000,0x0000,0x0000,0x0000,0x0000,0x0000,
	0x0000,0x0000,0x0800,0x0000,0x0000,0x0000,0x0000,0x0800,
	0x0008,0x0808,0x0800,0x0000,0x0808,0x0800,0x0800,0x0808,
	0x0808,0x0808,0x0808,0x0000,0x0808,0x0008,0x0800,0x0808,
	0x0800,0x0808,0x0808,0x0804,0x0404,0x0808,0x0808,0x0808,
	0x0804,0x0808,0x0408,0x0808,0x0808,0x0808,0x0808,0x0808,
	0x0808,0x0008,0x0808,0x0808,0x0808,0x0808,0x0808,0x0800,
	0x0808,0x0808,0x0808,0x0808,0x0808,0x0008,0x0808,0x0808,

	0x0808,0x0808,0x0000,0x0008,0x0808,0x0808,0x0808,0x0800,
	0x0808,0x0808,0x0808,0x0808,0x0800,0x0808,0x0008,0x0808,
	0x0808,0x0808,0x0808,0x0808,0x0808,0x0808,0x0808,0x0808,
	0x0808,0x0808,0x0808,0x0808,0x0808,0x0808,0x0808,0x0408,
	0x0804,0x0804,0x0808,0x0008,0x0800,0x0808,0x0000,0x0808,
	0x0008,0x0808,0x0808,0x0808,0x0800,0x0808,0x0008,0x0808,
	0x0808,0x0808,0x0000,0x0800,0x0000,0x0000,0x0000,0x0000,
	0x0800,0x0000,0x0800,0x0000,0x0000,0x0000,0x0000,0x0000,
};

const unsigned short opening3Pal[256] __attribute__((aligned(4)))=
{
	0x0C43,0x49A3,0x1C83,0x1E19,0x088A,0x24A9,0x5A27,0x5AD0,
	0x0C66,0x2CC4,0x28B2,0x08F4,0x1C86,0x566A,0x51E5,0x5F38,
	0x0000,0x0000,0x0000,0x0000,0x0000,0x0000,0x0000,0x0000,
	0x0000,0x0000,0x0000,0x0000,0x0000,0x0000,0x0000,0x0000,
	0x0000,0x0000,0x0000,0x0000,0x0000,0x0000,0x0000,0x0000,
	0x0000,0x0000,0x0000,0x0000,0x0000,0x0000,0x0000,0x0000,
	0x0000,0x0000,0x0000,0x0000,0x0000,0x0000,0x0000,0x0000,
	0x0000,0x0000,0x0000,0x0000,0x0000,0x0000,0x0000,0x0000,

	0x0000,0x0000,0x0000,0x0000,0x0000,0x0000,0x0000,0x0000,
	0x0000,0x0000,0x0000,0x0000,0x0000,0x0000,0x0000,0x0000,
	0x0000,0x0000,0x0000,0x0000,0x0000,0x0000,0x0000,0x0000,
	0x0000,0x0000,0x0000,0x0000,0x0000,0x0000,0x0000,0x0000,
	0x0000,0x0000,0x0000,0x0000,0x0000,0x0000,0x0000,0x0000,
	0x0000,0x0000,0x0000,0x0000,0x0000,0x0000,0x0000,0x0000,
	0x0000,0x0000,0x0000,0x0000,0x0000,0x0000,0x0000,0x0000,
	0x0000,0x0000,0x0000,0x0000,0x0000,0x0000,0x0000,0x0000,

	0x0000,0x0000,0x0000,0x0000,0x0000,0x0000,0x0000,0x0000,
	0x0000,0x0000,0x0000,0x0000,0x0000,0x0000,0x0000,0x0000,
	0x0000,0x0000,0x0000,0x0000,0x0000,0x0000,0x0000,0x0000,
	0x0000,0x0000,0x0000,0x0000,0x0000,0x0000,0x0000,0x0000,
	0x0000,0x0000,0x0000,0x0000,0x0000,0x0000,0x0000,0x0000,
	0x0000,0x0000,0x0000,0x0000,0x0000,0x0000,0x0000,0x0000,
	0x0000,0x0000,0x0000,0x0000,0x0000,0x0000,0x0000,0x0000,
	0x0000,0x0000,0x0000,0x0000,0x0000,0x0000,0x0000,0x0000,

	0x0000,0x0000,0x0000,0x0000,0x0000,0x0000,0x0000,0x0000,
	0x0000,0x0000,0x0000,0x0000,0x0000,0x0000,0x0000,0x0000,
	0x0000,0x0000,0x0000,0x0000,0x0000,0x0000,0x0000,0x0000,
	0x0000,0x0000,0x0000,0x0000,0x0000,0x0000,0x0000,0x0000,
	0x0000,0x0000,0x0000,0x0000,0x0000,0x0000,0x0000,0x0000,
	0x0000,0x0000,0x0000,0x0000,0x0000,0x0000,0x0000,0x0000,
	0x0000,0x0000,0x0000,0x0000,0x0000,0x0000,0x0000,0x0000,
	0x0000,0x0000,0x0000,0x0000,0x0000,0x0000,0x0000,0x0000,
};

//}}BLOCK(opening3)
