
//{{BLOCK(opening2)

//======================================================================
//
//	opening2, 240x160@8, 
//	+ palette 256 entries, not compressed
//	+ bitmap not compressed
//	Total size: 512 + 38400 = 38912
//
//	Time-stamp: 2025-04-17, 13:37:51
//	Exported by Cearn's GBA Image Transmogrifier, v0.8.3
//	( http://www.coranac.com/projects/#grit )
//
//======================================================================

const unsigned short opening2Bitmap[19200] __attribute__((aligned(4)))=
{
	0x000B,0x0B00,0x0B0B,0x0B0B,0x0B0B,0x0B0B,0x0B00,0x0B0B,
	0x0B00,0x0B0B,0x0B0B,0x0000,0x0B0B,0x0B0B,0x000B,0x0000,
	0x0B0B,0x0B00,0x0B0B,0x0000,0x0B0B,0x0B0B,0x0000,0x0B0B,
	0x0B0B,0x0B0B,0x0B0B,0x0B0B,0x0B0B,0x000B,0x0B00,0x0B0B,
	0x0B00,0x000B,0x0000,0x0B0B,0x0B00,0x000B,0x0B0B,0x0B0B,
	0x0B0B,0x0B0B,0x0B0B,0x0B00,0x000B,0x0B00,0x0000,0x0B0B,
	0x0000,0x0B0B,0x000B,0x0B0B,0x0B0B,0x0000,0x0B0B,0x0B00,
	0x0B0B,0x0B0B,0x0B0B,0x0B0B,0x000B,0x0B00,0x000B,0x0B00,

	0x0B0B,0x0B0B,0x0B00,0x0B0B,0x0B00,0x0B0B,0x0B0B,0x0B0B,
	0x000B,0x0B0B,0x000B,0x0B00,0x0B0B,0x000B,0x0B0B,0x000B,
	0x0000,0x0000,0x000B,0x0B0B,0x000B,0x0B0B,0x000B,0x000B,
	0x0B0B,0x0B0B,0x0B0B,0x000B,0x0B0B,0x0B0B,0x0B0B,0x0B0B,
	0x000B,0x0B0B,0x0B0B,0x0B0B,0x0B0B,0x0B0B,0x0B0B,0x0B0B,
	0x0B0B,0x0B0B,0x0B0B,0x000B,0x0B0B,0x0B0B,0x0B00,0x0B0B,
	0x0B0B,0x0B0B,0x0B0B,0x0B0B,0x0B0B,0x0B0B,0x0B0B,0x0B0B,
	0x0000,0x000B,0x0000,0x0B00,0x000B,0x0000,0x0B00,0x0000,

	0x0B00,0x000B,0x0000,0x000B,0x0000,0x0000,0x0000,0x0000,
	0x0B00,0x0000,0x0000,0x0000,0x0000,0x0000,0x0000,0x0000,
	0x0B00,0x0000,0x0B0B,0x0000,0x0000,0x0000,0x0000,0x0000,
	0x0000,0x0000,0x0000,0x0000,0x000B,0x0000,0x0000,0x000B,
	0x0000,0x0000,0x0000,0x0000,0x0000,0x0000,0x0000,0x0000,
	0x0000,0x0000,0x0000,0x0000,0x0000,0x000B,0x0000,0x0B00,
	0x0000,0x0000,0x0000,0x0000,0x0B00,0x0000,0x0000,0x0000,
	0x0000,0x0000,0x0000,0x0000,0x0000,0x0000,0x0000,0x0000,

	0x0000,0x0000,0x0000,0x0000,0x0000,0x0000,0x0000,0x0000,
	0x0000,0x0000,0x0000,0x0000,0x0000,0x000B,0x0000,0x0000,
	0x0000,0x0000,0x0000,0x0000,0x000B,0x0000,0x0B00,0x0000,
	0x0000,0x000B,0x0000,0x0000,0x0000,0x0000,0x0B00,0x0000,
	0x0000,0x0B0B,0x0B00,0x000B,0x0000,0x0B00,0x0000,0x0000,
	0x000B,0x0000,0x0000,0x0000,0x0B00,0x0B00,0x0000,0x0B00,
	0x000B,0x0505,0x050B,0x050B,0x050B,0x000B,0x0500,0x0305,
	0x0B0B,0x0B05,0x0B05,0x0300,0x0505,0x0305,0x0303,0x0B05,

	0x0B0B,0x0B0B,0x0B0B,0x000B,0x0503,0x0B0B,0x0503,0x050B,
	0x000B,0x0B0B,0x0505,0x0B0B,0x050B,0x0505,0x0505,0x0000,
	0x0505,0x0C05,0x0505,0x0B05,0x0505,0x0B05,0x0305,0x0305,
	0x0B05,0x0505,0x0505,0x0505,0x0503,0x0B05,0x0B0B,0x0B0B,
	0x050B,0x0505,0x0505,0x0503,0x0503,0x0303,0x0505,0x050B,
	0x0305,0x0503,0x0B03,0x0505,0x050B,0x0B05,0x0B0B,0x0505,
	0x0505,0x050B,0x0503,0x0B05,0x0505,0x0305,0x0B05,0x0305,
	0x0503,0x0305,0x0505,0x0505,0x0503,0x0505,0x0505,0x0B05,

	0x050B,0x0505,0x0505,0x0505,0x0B0B,0x050B,0x0B05,0x0B0B,
	0x0B05,0x0000,0x0B0B,0x0B00,0x050B,0x0503,0x050B,0x0B05,
	0x0B0B,0x0B0B,0x030B,0x0505,0x0505,0x0505,0x000B,0x030C,
	0x0005,0x0000,0x030B,0x0B00,0x0505,0x0505,0x0305,0x000B,
	0x000B,0x050B,0x010B,0x0606,0x0303,0x0303,0x0505,0x0B05,
	0x0505,0x0505,0x0505,0x0B05,0x0305,0x0305,0x000B,0x0305,
	0x0B05,0x030B,0x0303,0x0B05,0x0305,0x0305,0x0B05,0x0505,
	0x0305,0x0305,0x0505,0x0505,0x0503,0x0305,0x0503,0x0505,

	0x0505,0x0503,0x0305,0x0305,0x0605,0x0303,0x0303,0x0503,
	0x0303,0x0306,0x0303,0x0303,0x0303,0x0303,0x0305,0x050B,
	0x0503,0x0305,0x0303,0x0503,0x0305,0x0303,0x0303,0x0303,
	0x0303,0x0303,0x0303,0x0305,0x0303,0x0303,0x0303,0x0303,
	0x0303,0x0303,0x0505,0x0503,0x0503,0x0303,0x0503,0x0505,
	0x0503,0x0505,0x0305,0x0503,0x0303,0x0503,0x0600,0x0303,
	0x0303,0x0303,0x0503,0x0303,0x0303,0x0505,0x0306,0x0503,
	0x0305,0x0303,0x0305,0x0503,0x0303,0x0303,0x0303,0x0303,

	0x0B03,0x0B0B,0x050B,0x050B,0x0505,0x0505,0x0505,0x0305,
	0x0505,0x050B,0x0305,0x0503,0x0503,0x0505,0x0B0B,0x0B05,
	0x0B05,0x050B,0x030B,0x0305,0x0503,0x0003,0x0305,0x0B0B,
	0x000B,0x0303,0x0B0B,0x0B05,0x0505,0x050B,0x0B0B,0x0B05,
	0x0B05,0x0B00,0x050B,0x000B,0x0B00,0x0505,0x0000,0x0303,
	0x0305,0x0305,0x0305,0x0005,0x0505,0x0505,0x0B05,0x0505,
	0x0505,0x030B,0x0503,0x0500,0x0303,0x050B,0x0B0B,0x0B05,
	0x0503,0x0505,0x0B0B,0x0605,0x0005,0x0505,0x0505,0x0500,

	0x0505,0x0505,0x0505,0x0B05,0x0B0B,0x0B0B,0x000B,0x0B0B,
	0x0B0B,0x0B0B,0x0B0B,0x0B0B,0x0505,0x0505,0x0B0B,0x0B05,
	0x0B0B,0x0B0B,0x0B0B,0x050B,0x0B0B,0x0500,0x0505,0x0B00,
	0x050B,0x0B05,0x0B0B,0x0B05,0x000B,0x050B,0x0B05,0x0B00,
	0x0B05,0x000B,0x0505,0x0B05,0x050B,0x0B05,0x0500,0x0505,
	0x0B0B,0x0B0B,0x0B05,0x0B0B,0x0505,0x0B0B,0x0B05,0x0B0B,
	0x0505,0x0505,0x0B0B,0x0B05,0x0505,0x050B,0x0505,0x0B00,
	0x0506,0x0B05,0x0505,0x050B,0x050B,0x0B0B,0x0B05,0x050B,

	0x0B05,0x0B0B,0x0B05,0x0B05,0x050B,0x0505,0x0B0B,0x0505,
	0x0505,0x0505,0x030B,0x0303,0x0503,0x0B03,0x0305,0x0B05,
	0x0B0B,0x0503,0x0B05,0x0505,0x0505,0x050B,0x0505,0x0B0B,
	0x0505,0x0B0B,0x0505,0x0505,0x0505,0x0505,0x0505,0x0303,
	0x0B05,0x0305,0x0505,0x0B05,0x0505,0x0503,0x050C,0x0505,
	0x0605,0x0303,0x0305,0x0505,0x0303,0x0505,0x0306,0x0503,
	0x0505,0x0305,0x0B0B,0x060B,0x0B05,0x0605,0x0303,0x0303,
	0x0303,0x0B03,0x030B,0x0505,0x030B,0x0505,0x0505,0x0503,

	0x0505,0x0B0B,0x0505,0x0505,0x050B,0x0505,0x030B,0x0305,
	0x0503,0x0505,0x0505,0x0505,0x0503,0x050B,0x0505,0x0506,
	0x0503,0x0303,0x0305,0x030C,0x0503,0x0503,0x0303,0x0505,
	0x0505,0x000B,0x030C,0x050B,0x0505,0x0505,0x0305,0x0503,
	0x0306,0x0505,0x0B05,0x0B05,0x0505,0x0305,0x0505,0x0503,
	0x0303,0x0303,0x050B,0x0305,0x0303,0x0503,0x0303,0x0505,
	0x0503,0x0B05,0x0305,0x0505,0x050B,0x0303,0x0B05,0x0305,
	0x0503,0x050B,0x0303,0x0303,0x0303,0x0303,0x030B,0x0505,

	0x0503,0x0503,0x0305,0x0503,0x0303,0x0B03,0x0303,0x0505,
	0x000B,0x0503,0x0305,0x0505,0x0505,0x0505,0x050B,0x0B05,
	0x0B00,0x0B05,0x0B05,0x0B0B,0x0B0B,0x0303,0x0505,0x0303,
	0x0306,0x0B05,0x0605,0x050B,0x0305,0x0603,0x0306,0x0606,
	0x0306,0x0503,0x0605,0x0306,0x0606,0x0606,0x0B00,0x0500,
	0x0B00,0x0B0B,0x0B00,0x0605,0x0503,0x000B,0x0B0B,0x0000,
	0x0306,0x000B,0x0300,0x0505,0x0300,0x0B05,0x0505,0x050B,
	0x0B06,0x000B,0x0503,0x0505,0x0305,0x0306,0x060B,0x0603,

	0x0B06,0x0503,0x0006,0x0600,0x0B0B,0x0B05,0x0506,0x0503,
	0x0503,0x0B03,0x0B0B,0x0503,0x0506,0x0303,0x0503,0x0003,
	0x0603,0x0B05,0x0306,0x0505,0x0503,0x0B03,0x000B,0x0003,
	0x0B06,0x030B,0x0503,0x0B05,0x0303,0x0B00,0x0B03,0x0303,
	0x0B03,0x0305,0x0B00,0x0303,0x0B00,0x0B00,0x050B,0x0B05,
	0x0B03,0x050B,0x050B,0x0305,0x0B0B,0x0300,0x0306,0x0603,
	0x060B,0x0606,0x0B03,0x0505,0x0305,0x000B,0x0B05,0x0503,
	0x0305,0x030B,0x0306,0x0606,0x0603,0x0606,0x0306,0x0505,

	0x0B0B,0x0503,0x0B05,0x0B00,0x0505,0x0303,0x0303,0x0B05,
	0x0000,0x0B0B,0x0000,0x0B0B,0x0000,0x0B00,0x0005,0x0000,
	0x0B00,0x0B0B,0x050B,0x0B0B,0x0B00,0x0B0B,0x0B00,0x000B,
	0x0B00,0x000B,0x0000,0x0B0B,0x0000,0x0000,0x0B0B,0x0B00,
	0x0500,0x0B0B,0x0B0B,0x050B,0x0B0B,0x0B05,0x0000,0x0B05,
	0x0505,0x050B,0x0500,0x0500,0x0B06,0x0005,0x0505,0x0005,
	0x0B05,0x0B0B,0x0005,0x050B,0x0B05,0x0B0B,0x0B00,0x0B0B,
	0x0B0B,0x0000,0x0003,0x0B05,0x000B,0x0B05,0x000B,0x030B,

	0x0B0B,0x0B00,0x0B03,0x000B,0x0B05,0x0000,0x0B00,0x0005,
	0x0B0B,0x0B03,0x0B0B,0x030B,0x0005,0x000B,0x0B0B,0x0B0B,
	0x0503,0x0505,0x050B,0x0005,0x0B05,0x0B00,0x0B05,0x0B0B,
	0x000B,0x0B05,0x0B0B,0x050B,0x050B,0x000B,0x050B,0x0005,
	0x0003,0x050B,0x0B0B,0x0500,0x000B,0x0B00,0x0B05,0x000B,
	0x0B0B,0x0B0B,0x0000,0x0B00,0x0B05,0x0000,0x0005,0x0000,
	0x0B00,0x0B0B,0x0B0B,0x0B0B,0x0B0B,0x050B,0x050B,0x0B0B,
	0x0005,0x0B0B,0x0B00,0x0B00,0x000B,0x0B0B,0x0B0B,0x0B00,

	0x0B05,0x0B00,0x0B05,0x0005,0x0505,0x050B,0x0B0B,0x0505,
	0x0B05,0x030B,0x0303,0x0B0B,0x050B,0x0505,0x0B0B,0x0505,
	0x0B05,0x0B00,0x0B05,0x0B0B,0x0505,0x0B05,0x0B0B,0x030B,
	0x0B0B,0x0503,0x0B05,0x0603,0x050B,0x060B,0x0306,0x0B03,
	0x0303,0x0305,0x060B,0x0305,0x0303,0x0B03,0x0505,0x0505,
	0x0506,0x050B,0x0505,0x0B03,0x0305,0x050B,0x050B,0x0503,
	0x0505,0x0C05,0x0B03,0x050B,0x0B05,0x050B,0x0503,0x0505,
	0x0B03,0x0505,0x0303,0x0503,0x050B,0x0505,0x0505,0x0B0B,

	0x0303,0x0B05,0x0B05,0x0305,0x0503,0x0B03,0x050B,0x0B03,
	0x0303,0x0603,0x0505,0x0505,0x0503,0x0303,0x0503,0x0005,
	0x0505,0x0303,0x0505,0x0303,0x0B05,0x050B,0x0303,0x0B0B,
	0x0506,0x0B05,0x0305,0x0303,0x030B,0x0505,0x0B05,0x0305,
	0x0505,0x030B,0x0505,0x0B0B,0x0B03,0x0505,0x050B,0x050B,
	0x0505,0x0505,0x0503,0x050B,0x0303,0x0505,0x0305,0x0505,
	0x0B0B,0x0305,0x0505,0x030B,0x0306,0x050B,0x0505,0x0B05,
	0x0505,0x050B,0x0505,0x0505,0x030B,0x0303,0x0303,0x0305,

	0x0303,0x0303,0x0603,0x0303,0x0306,0x0303,0x0306,0x0303,
	0x0306,0x0306,0x0306,0x0305,0x0303,0x0303,0x0B00,0x030B,
	0x0503,0x0303,0x050B,0x0603,0x0003,0x030B,0x0306,0x0005,
	0x0306,0x0B05,0x0305,0x0303,0x0303,0x0505,0x0B05,0x0305,
	0x0305,0x0603,0x0505,0x0B05,0x0303,0x0505,0x050B,0x0303,
	0x0305,0x0303,0x0003,0x0505,0x0303,0x0303,0x0303,0x050B,
	0x0505,0x0305,0x0305,0x0505,0x0503,0x0306,0x0503,0x0506,
	0x0505,0x0503,0x0503,0x0505,0x0305,0x0503,0x0500,0x0505,

	0x0306,0x0503,0x0503,0x0503,0x0303,0x0606,0x0505,0x0503,
	0x0303,0x0303,0x050B,0x0305,0x050C,0x0305,0x0505,0x0B05,
	0x0503,0x0505,0x0505,0x0303,0x0505,0x0305,0x0303,0x0303,
	0x0303,0x0305,0x0303,0x0306,0x0606,0x0606,0x0303,0x0306,
	0x0303,0x0305,0x0606,0x0303,0x0606,0x0503,0x0606,0x0306,
	0x0303,0x0306,0x0B05,0x0505,0x0505,0x0503,0x0303,0x0B05,
	0x050B,0x050B,0x0B0B,0x000B,0x050B,0x0505,0x0505,0x0303,
	0x0503,0x050B,0x0505,0x0B05,0x0505,0x0505,0x0303,0x0505,

	0x0505,0x0305,0x0503,0x050B,0x0505,0x0505,0x0B0B,0x0305,
	0x0B05,0x0503,0x0B0B,0x0603,0x0B03,0x050B,0x030B,0x0B0B,
	0x0505,0x0505,0x050B,0x0503,0x050B,0x0505,0x0B05,0x0505,
	0x0B05,0x0B0B,0x0B05,0x0B0B,0x0505,0x0505,0x050B,0x0305,
	0x0B0B,0x0505,0x0B0B,0x050B,0x0505,0x050B,0x0305,0x0B0B,
	0x0505,0x0B05,0x0500,0x0505,0x0005,0x0505,0x0B05,0x0B0B,
	0x0505,0x0B0B,0x0B05,0x0B05,0x0500,0x0B05,0x0B0B,0x0505,
	0x0B03,0x0303,0x0B05,0x0B03,0x0505,0x0505,0x0503,0x0B05,

	0x050B,0x0505,0x050B,0x0505,0x050B,0x050B,0x0505,0x0303,
	0x0506,0x0B05,0x0303,0x0605,0x0505,0x0505,0x0B03,0x0505,
	0x0505,0x030B,0x0305,0x0B05,0x0305,0x0503,0x0505,0x0503,
	0x0B0C,0x030B,0x0305,0x0505,0x0303,0x0503,0x0303,0x0303,
	0x0305,0x0303,0x0505,0x0505,0x0503,0x050B,0x0303,0x0B03,
	0x050B,0x0B0B,0x0B0B,0x0B0B,0x050B,0x0505,0x0B0B,0x0305,
	0x0003,0x0505,0x0305,0x0B05,0x0303,0x0305,0x0606,0x0503,
	0x0503,0x0305,0x0503,0x0503,0x0305,0x0505,0x0B0B,0x030B,

	0x0503,0x0306,0x0B0B,0x0605,0x0603,0x0603,0x0606,0x0603,
	0x0606,0x0503,0x0603,0x0303,0x0605,0x0503,0x0503,0x0306,
	0x0306,0x0603,0x0303,0x0303,0x0303,0x0303,0x0306,0x0603,
	0x0303,0x0303,0x0306,0x0306,0x0603,0x0303,0x0306,0x0C06,
	0x0303,0x0303,0x0305,0x0303,0x0306,0x0303,0x0303,0x0506,
	0x0303,0x0505,0x0305,0x0303,0x0303,0x0503,0x0305,0x0303,
	0x0305,0x0303,0x0303,0x0C06,0x0606,0x0603,0x0606,0x0306,
	0x0303,0x0603,0x0603,0x0306,0x0606,0x0606,0x0303,0x0605,

	0x0506,0x0B03,0x0303,0x0605,0x0503,0x0B03,0x0505,0x0505,
	0x0505,0x050B,0x030C,0x0505,0x0505,0x0303,0x0303,0x0503,
	0x0B03,0x0305,0x0303,0x0306,0x0306,0x0506,0x0306,0x0303,
	0x0303,0x0303,0x0303,0x0503,0x0505,0x0505,0x0505,0x0503,
	0x0303,0x0B05,0x0305,0x0603,0x0606,0x0605,0x0603,0x0101,
	0x0101,0x030D,0x0101,0x0601,0x0101,0x0301,0x0606,0x0101,
	0x0101,0x0101,0x0501,0x0601,0x0601,0x0601,0x0500,0x060B,
	0x0503,0x0103,0x0103,0x0605,0x0606,0x0606,0x0606,0x0603,

	0x0106,0x0601,0x0606,0x0606,0x0601,0x0B06,0x0606,0x0606,
	0x0606,0x0606,0x0606,0x0303,0x0603,0x0606,0x0606,0x0606,
	0x0606,0x0606,0x0606,0x0106,0x0606,0x0603,0x0606,0x0506,
	0x0606,0x0606,0x0606,0x0606,0x0306,0x0606,0x0606,0x0501,
	0x0606,0x0306,0x0606,0x0606,0x0603,0x0303,0x0603,0x0606,
	0x0303,0x0603,0x0506,0x0306,0x0601,0x0606,0x0101,0x0601,
	0x0601,0x0606,0x0603,0x0106,0x0603,0x0606,0x0601,0x0603,
	0x0306,0x0306,0x0101,0x0606,0x0606,0x050B,0x0B05,0x060B,

	0x0606,0x0606,0x0603,0x0601,0x0606,0x0601,0x0303,0x0606,
	0x0601,0x0106,0x0D03,0x0101,0x0D0D,0x010D,0x0101,0x0601,
	0x0603,0x0101,0x0606,0x0606,0x0506,0x0306,0x0606,0x0B03,
	0x0305,0x0305,0x0303,0x0606,0x0606,0x0105,0x0606,0x0101,
	0x0101,0x030D,0x010D,0x0101,0x0D01,0x060D,0x0101,0x010D,
	0x0D0D,0x0D0D,0x0B01,0x010D,0x0101,0x0101,0x0B0B,0x010B,
	0x0303,0x0606,0x0D06,0x0103,0x0101,0x0106,0x0606,0x0103,
	0x0101,0x0101,0x0101,0x0101,0x0601,0x0501,0x0601,0x0601,

	0x0101,0x0106,0x0101,0x0603,0x0106,0x0101,0x0101,0x0601,
	0x0101,0x0601,0x0601,0x0101,0x0601,0x0106,0x0101,0x0606,
	0x0606,0x0106,0x0106,0x0106,0x0601,0x0106,0x0601,0x0501,
	0x0601,0x0601,0x0601,0x0606,0x0606,0x0606,0x0606,0x0606,
	0x0606,0x0606,0x0601,0x050D,0x0101,0x0101,0x0101,0x0101,
	0x0101,0x0101,0x0101,0x0101,0x0D06,0x0101,0x0101,0x0106,
	0x0B01,0x0303,0x0606,0x0606,0x0103,0x0B0B,0x0B0B,0x0605,
	0x0601,0x0606,0x0606,0x0101,0x0101,0x0101,0x0106,0x0101,

	0x010D,0x0D0D,0x0D06,0x0D0D,0x0D0D,0x0D0D,0x0D0D,0x010D,
	0x0101,0x010D,0x0606,0x0606,0x0506,0x0606,0x0606,0x0B05,
	0x0B0B,0x0B00,0x050B,0x000B,0x0B0B,0x050B,0x0B0B,0x0505,
	0x0003,0x0B05,0x0505,0x0B0B,0x0B0B,0x0B05,0x0B0B,0x050B,
	0x0B0B,0x0B00,0x0B05,0x050B,0x0505,0x0505,0x0B0B,0x0B0B,
	0x0606,0x0606,0x0B05,0x0603,0x0606,0x0603,0x0606,0x0305,
	0x050B,0x0B0B,0x0B0B,0x0B0B,0x0500,0x0B0C,0x0B0B,0x0B05,
	0x0B05,0x0B0B,0x0B0B,0x050B,0x0B0B,0x070B,0x0B0B,0x0B0C,

	0x070B,0x0B07,0x0B00,0x0B00,0x0B0B,0x0B0B,0x0B0B,0x0700,
	0x070B,0x0B07,0x0B07,0x0B07,0x000B,0x0707,0x0B0C,0x0B0B,
	0x0B0B,0x0B0B,0x0B0B,0x0B0B,0x0B00,0x000B,0x0B00,0x0B0B,
	0x0B0B,0x0B00,0x050B,0x0B00,0x0505,0x0C0B,0x0505,0x0B0B,
	0x0B0B,0x0B0B,0x050B,0x0B05,0x0305,0x0305,0x0303,0x0303,
	0x0606,0x0601,0x0606,0x0601,0x0503,0x0B0B,0x000B,0x0B0B,
	0x0B05,0x0B05,0x0B0B,0x0B0B,0x0B0B,0x0505,0x0B0B,0x0505,
	0x0B05,0x0500,0x0505,0x0B05,0x0305,0x0505,0x0505,0x0505,

	0x0B0B,0x0505,0x0B0B,0x050B,0x0B05,0x050B,0x0505,0x0B0B,
	0x0B05,0x0B0B,0x0B0B,0x0B0B,0x0505,0x0505,0x050B,0x0505,
	0x0B05,0x050B,0x0305,0x0B05,0x0305,0x0305,0x0B05,0x0303,
	0x0005,0x050B,0x0B05,0x0B0B,0x0505,0x050B,0x050B,0x030B,
	0x0503,0x0505,0x0B0B,0x0505,0x0B05,0x050B,0x0505,0x0500,
	0x050B,0x0B05,0x0503,0x0303,0x0505,0x0B05,0x0B0B,0x050C,
	0x0505,0x050B,0x0B0C,0x0B0C,0x0B0C,0x0B05,0x0B0B,0x0C0C,
	0x0B07,0x0C07,0x0B0C,0x0B0B,0x0C0C,0x0C0C,0x0C0C,0x070B,

	0x070B,0x0B0B,0x0B0B,0x0C0C,0x070B,0x0505,0x000B,0x0B0B,
	0x070C,0x0B0B,0x0C07,0x0B0B,0x050C,0x070B,0x0B0B,0x0B0B,
	0x0B05,0x0B0B,0x0B0C,0x0500,0x0C0B,0x0B00,0x0C07,0x0B0C,
	0x0C0C,0x0C05,0x050B,0x0B0B,0x0005,0x0B0B,0x0505,0x0005,
	0x0305,0x0B05,0x0505,0x0605,0x0305,0x0505,0x0B0B,0x0505,
	0x0B05,0x050B,0x0305,0x0B0B,0x0505,0x0505,0x0500,0x0303,
	0x0503,0x050B,0x0503,0x0503,0x0303,0x0B03,0x0503,0x0503,
	0x0505,0x0505,0x0B0B,0x0305,0x0505,0x0B0B,0x050B,0x0B05,

	0x0505,0x0B0B,0x050B,0x0B05,0x0505,0x0505,0x0505,0x0305,
	0x0303,0x0305,0x0303,0x0B05,0x0305,0x0305,0x0B0B,0x0303,
	0x0305,0x0305,0x0B05,0x0B05,0x0505,0x050B,0x050B,0x050B,
	0x0505,0x0305,0x0505,0x0505,0x0505,0x0503,0x0505,0x0B0B,
	0x0B0B,0x0B0B,0x0B05,0x0B0B,0x0B0B,0x0B0B,0x0B0B,0x0B0B,
	0x0B0B,0x0B00,0x0B0B,0x0B0B,0x0B0B,0x0B0B,0x0B00,0x0B0B,
	0x0B00,0x0B0B,0x0B0B,0x0B0B,0x0B05,0x0B0B,0x0B0B,0x000B,
	0x0B0B,0x0B0B,0x0B00,0x0B0B,0x000B,0x0B0B,0x0B0B,0x0B0B,

	0x0B0B,0x000B,0x0B05,0x000B,0x0B0B,0x0B0B,0x0B00,0x0B0B,
	0x050B,0x0B0B,0x000B,0x050B,0x0B0B,0x050B,0x0B0B,0x000B,
	0x0B0B,0x0B0B,0x0B00,0x0B0B,0x000B,0x0505,0x0505,0x0503,
	0x0303,0x0503,0x0303,0x0603,0x030C,0x0505,0x0B05,0x0505,
	0x0B05,0x050B,0x0505,0x0B0B,0x0505,0x0503,0x0303,0x0505,
	0x0B03,0x0505,0x0303,0x0B0B,0x0303,0x0503,0x0303,0x0303,
	0x0305,0x0305,0x0B03,0x0305,0x0503,0x0306,0x0503,0x0B05,
	0x0505,0x0305,0x0303,0x0B03,0x0505,0x0503,0x050B,0x0305,

	0x0303,0x0305,0x0306,0x0005,0x0305,0x0505,0x0506,0x0506,
	0x0505,0x050B,0x0B03,0x0B05,0x0505,0x0505,0x050B,0x050B,
	0x0505,0x0303,0x0305,0x0503,0x0B05,0x0600,0x050C,0x0B0B,
	0x050B,0x0B0B,0x0B0B,0x0B0B,0x0B0B,0x0B0B,0x0B0B,0x0B0B,
	0x0B0B,0x0B0B,0x0B0B,0x000B,0x0B0B,0x0B0B,0x0B0B,0x0B0B,
	0x0B0B,0x0B0B,0x0B0B,0x0B0B,0x0B0B,0x0B00,0x0B0B,0x0B0B,
	0x0B0B,0x0B0B,0x050B,0x0505,0x0B0B,0x0B0B,0x000B,0x0B0B,
	0x050B,0x000B,0x050B,0x0B0B,0x0B0B,0x0B05,0x0500,0x0B0B,

	0x0B00,0x0B0B,0x0005,0x0B05,0x050B,0x0500,0x0B0B,0x000B,
	0x0B0B,0x000B,0x0B00,0x0B0B,0x0B0B,0x0505,0x0505,0x0301,
	0x0303,0x0305,0x0303,0x0306,0x030C,0x0505,0x0505,0x0505,
	0x0505,0x0505,0x0505,0x0B05,0x0503,0x0503,0x0306,0x0305,
	0x0603,0x0305,0x0606,0x0305,0x0103,0x060D,0x0303,0x0303,
	0x0505,0x0305,0x0B06,0x0305,0x0505,0x0505,0x0505,0x0B05,
	0x0305,0x0505,0x0305,0x0603,0x0306,0x0605,0x050B,0x0605,
	0x0105,0x0303,0x0305,0x0B03,0x0303,0x0303,0x0303,0x0506,

	0x0606,0x0506,0x0503,0x0B0B,0x0505,0x0B05,0x0505,0x0505,
	0x0B05,0x0605,0x0B05,0x0503,0x0303,0x0306,0x0305,0x0B0B,
	0x0B0B,0x0B0B,0x050B,0x0005,0x0B00,0x0B0B,0x000B,0x0505,
	0x0B05,0x0B00,0x050B,0x0B0B,0x0B0B,0x000B,0x0B0B,0x050B,
	0x0B00,0x050B,0x050B,0x0B0B,0x0505,0x0505,0x0B05,0x0000,
	0x0B05,0x0B0B,0x050B,0x0505,0x0B0B,0x0505,0x0B05,0x0B0B,
	0x0B0B,0x0B0B,0x0B05,0x050B,0x0B05,0x000C,0x0B0B,0x0B0B,
	0x0B00,0x0B0B,0x0B0B,0x0B05,0x0505,0x0B00,0x0B05,0x0B0B,

	0x0B05,0x0B0B,0x0B0B,0x0B0B,0x060B,0x0B05,0x0506,0x0606,
	0x0605,0x0603,0x0303,0x0306,0x0303,0x0506,0x0503,0x0505,
	0x0505,0x0305,0x0303,0x0B03,0x0505,0x0506,0x0601,0x0603,
	0x0603,0x0506,0x0306,0x0505,0x0103,0x0101,0x0303,0x0306,
	0x0B05,0x0605,0x0B06,0x0505,0x0303,0x0505,0x0B05,0x0B0B,
	0x0B0B,0x0B0B,0x0305,0x0303,0x0305,0x0B05,0x030B,0x0105,
	0x0505,0x0506,0x0503,0x0B03,0x0305,0x0303,0x0606,0x0B06,
	0x0306,0x0506,0x0B06,0x0503,0x0C05,0x0505,0x0503,0x0300,

	0x0606,0x0303,0x0003,0x0601,0x0506,0x0300,0x0303,0x0B0B,
	0x0B0B,0x0B05,0x0B00,0x030B,0x0B05,0x0505,0x0503,0x0006,
	0x050B,0x0505,0x0B03,0x0B0B,0x0305,0x0305,0x0305,0x0B03,
	0x0B05,0x050B,0x0B0B,0x050B,0x030B,0x0505,0x0500,0x0503,
	0x0B05,0x0B0B,0x000B,0x0505,0x0005,0x0005,0x0B05,0x000B,
	0x0505,0x0B05,0x0B05,0x0B0B,0x000B,0x0005,0x0B0B,0x0505,
	0x050B,0x0B0B,0x0503,0x0000,0x0303,0x0503,0x030B,0x0503,
	0x0B0B,0x0B00,0x0505,0x0B0B,0x060B,0x0B03,0x0506,0x0301,

	0x0305,0x0306,0x0101,0x0503,0x0101,0x0506,0x0505,0x0B0B,
	0x0300,0x0503,0x0303,0x0303,0x0506,0x0506,0x0306,0x0105,
	0x0105,0x0306,0x0306,0x0506,0x0401,0x060D,0x0605,0x0306,
	0x0B05,0x0601,0x0B06,0x030B,0x0506,0x0305,0x0505,0x0B0B,
	0x000B,0x0B0B,0x0503,0x0303,0x0303,0x0505,0x0B0B,0x0105,
	0x0603,0x0503,0x030B,0x0503,0x0305,0x0303,0x0306,0x0506,
	0x0306,0x0503,0x0505,0x0505,0x050B,0x0B03,0x0503,0x0305,
	0x0606,0x0305,0x0503,0x0306,0x0506,0x0600,0x0305,0x0B05,

	0x0B0B,0x0B0B,0x0B0B,0x0305,0x050C,0x030B,0x0505,0x0B03,
	0x0505,0x0305,0x0503,0x0B0B,0x050B,0x0303,0x0505,0x0005,
	0x0000,0x050B,0x0B0B,0x0503,0x050B,0x0B0B,0x0B05,0x0505,
	0x0B05,0x0B0B,0x0B0B,0x0305,0x0B05,0x050B,0x0005,0x0B0B,
	0x0505,0x0B0B,0x0005,0x0B0B,0x0005,0x0B0B,0x0000,0x0505,
	0x0B0B,0x0B0B,0x0003,0x0B0B,0x0305,0x0503,0x0505,0x0B03,
	0x0B05,0x0B0B,0x050B,0x0B0B,0x030B,0x0B05,0x0503,0x0306,
	0x0306,0x0303,0x0106,0x0306,0x0606,0x0303,0x0505,0x0B0B,

	0x0305,0x0505,0x0503,0x0503,0x0506,0x0503,0x0306,0x0605,
	0x0303,0x0303,0x0606,0x0306,0x0D03,0x030D,0x0603,0x0306,
	0x0B05,0x0606,0x0C06,0x0505,0x0503,0x0503,0x0B05,0x0B0B,
	0x0305,0x0B0B,0x0505,0x0B05,0x0303,0x0303,0x050B,0x0303,
	0x0303,0x0305,0x060D,0x0503,0x0603,0x0303,0x0606,0x0306,
	0x0605,0x0506,0x0B03,0x0505,0x0503,0x0B0B,0x0503,0x0605,
	0x0506,0x0606,0x0506,0x0601,0x0506,0x0603,0x0C03,0x0B0B,
	0x0B0B,0x000B,0x0B0B,0x0B0B,0x0B00,0x0505,0x0B0B,0x0B0B,

	0x0B05,0x0000,0x050B,0x0B0B,0x0B0B,0x0B0B,0x0B00,0x050B,
	0x0305,0x050B,0x0B0B,0x050B,0x0B05,0x0500,0x0B05,0x0B03,
	0x0505,0x0B05,0x0B0B,0x0B0B,0x000B,0x050B,0x0B0B,0x0B00,
	0x0505,0x000B,0x0505,0x0B05,0x0B05,0x0005,0x0500,0x050B,
	0x0B0B,0x050B,0x0B05,0x0B0B,0x050B,0x0000,0x0B0B,0x0B05,
	0x0B05,0x0B05,0x0B00,0x0B0B,0x060B,0x0305,0x0306,0x0603,
	0x0106,0x0506,0x0606,0x0106,0x0106,0x0606,0x0505,0x050B,
	0x0505,0x0505,0x0305,0x0305,0x0305,0x0506,0x0606,0x0603,

	0x0D03,0x0301,0x0606,0x0306,0x0404,0x010D,0x0306,0x0306,
	0x0503,0x0606,0x0B06,0x030B,0x0303,0x0303,0x0303,0x0B05,
	0x0305,0x0B0B,0x0505,0x0B05,0x0603,0x0306,0x0505,0x0303,
	0x0603,0x0606,0x0D0D,0x0503,0x0606,0x0303,0x0B03,0x0606,
	0x0606,0x0506,0x0503,0x030B,0x0303,0x0505,0x0303,0x0605,
	0x0606,0x0103,0x0303,0x0101,0x0306,0x0606,0x0503,0x0B0B,
	0x0B0B,0x0005,0x0B0B,0x0505,0x050B,0x0505,0x0503,0x0505,
	0x050C,0x0305,0x0505,0x0505,0x0505,0x0305,0x0505,0x0B0B,

	0x000B,0x050B,0x0B0B,0x0305,0x0505,0x0305,0x0B0B,0x0503,
	0x0B05,0x0B0B,0x0B00,0x0505,0x0B03,0x0505,0x0B03,0x0B0B,
	0x0505,0x0B0B,0x0505,0x0505,0x0B05,0x0005,0x0B00,0x0505,
	0x0B05,0x0505,0x0505,0x050B,0x050B,0x0505,0x0B05,0x0B05,
	0x0505,0x0505,0x050B,0x0B0B,0x060B,0x0C05,0x0606,0x0603,
	0x0106,0x0606,0x010D,0x0101,0x0106,0x060D,0x0B06,0x0505,
	0x0505,0x0303,0x0303,0x0306,0x0603,0x0303,0x0601,0x0605,
	0x0D03,0x0306,0x0606,0x0306,0x0404,0x0604,0x0306,0x0606,

	0x0503,0x0606,0x0B06,0x060B,0x0603,0x0500,0x0305,0x0505,
	0x0505,0x0505,0x0503,0x0503,0x0303,0x0306,0x0505,0x0303,
	0x0306,0x0D0D,0x0D0D,0x0303,0x0606,0x0306,0x0503,0x0303,
	0x0505,0x0305,0x0503,0x0305,0x0503,0x0B05,0x0306,0x0603,
	0x0601,0x0103,0x0106,0x0101,0x0101,0x0601,0x0606,0x0B00,
	0x050B,0x000B,0x0B00,0x030B,0x0503,0x0505,0x000B,0x050B,
	0x0505,0x0B0B,0x0505,0x000B,0x050B,0x0505,0x0300,0x0B05,
	0x0000,0x030B,0x0500,0x0505,0x0305,0x0505,0x050B,0x0B05,

	0x050B,0x0B05,0x050B,0x0505,0x0303,0x050B,0x0B0B,0x0500,
	0x050B,0x0505,0x0305,0x050B,0x0B05,0x0005,0x0B00,0x0B05,
	0x0B0B,0x0505,0x0B0B,0x050B,0x0505,0x000B,0x0505,0x0B05,
	0x050B,0x0B05,0x0B0B,0x0505,0x060C,0x0503,0x0606,0x0606,
	0x0106,0x0601,0x0D01,0x060D,0x0D0D,0x0601,0x0506,0x0505,
	0x0B05,0x050B,0x0505,0x0503,0x0503,0x0303,0x0606,0x0603,
	0x0106,0x0606,0x0606,0x0601,0x0404,0x030D,0x0606,0x0606,
	0x0B03,0x0101,0x0C06,0x0303,0x0603,0x030B,0x0305,0x0B03,

	0x0305,0x0305,0x0503,0x0503,0x0305,0x0606,0x0505,0x0306,
	0x0306,0x0D0D,0x0D04,0x0C03,0x0106,0x0606,0x0306,0x0606,
	0x0606,0x0506,0x0503,0x0505,0x0505,0x0B05,0x0305,0x0505,
	0x0505,0x0B05,0x050B,0x0B0B,0x0B05,0x030B,0x0303,0x000B,
	0x050B,0x0B05,0x0505,0x0305,0x0505,0x0503,0x0505,0x0505,
	0x0303,0x0505,0x0303,0x0503,0x0303,0x0303,0x0B05,0x0303,
	0x0B00,0x050B,0x050B,0x0303,0x000B,0x0B0B,0x0B0B,0x0B03,
	0x050B,0x0305,0x0B0B,0x0505,0x0505,0x0305,0x0503,0x0505,

	0x0505,0x0000,0x0505,0x050B,0x0505,0x0003,0x0B00,0x0B05,
	0x0000,0x0505,0x0B05,0x050B,0x050B,0x000B,0x0B05,0x0005,
	0x030B,0x0303,0x050B,0x0B05,0x0B0B,0x050B,0x0503,0x0B0B,
	0x0B05,0x0C05,0x0B0C,0x0B05,0x050B,0x0606,0x0506,0x030B,
	0x0B05,0x0B0B,0x0303,0x0606,0x0106,0x0306,0x0503,0x0606,
	0x0103,0x0603,0x0606,0x0601,0x0404,0x0504,0x0603,0x0306,
	0x0303,0x0103,0x0301,0x0501,0x0303,0x0606,0x0506,0x0B06,
	0x0B0B,0x0503,0x0B05,0x0503,0x050B,0x0305,0x0503,0x0505,

	0x0305,0x0D0D,0x0D04,0x0605,0x0606,0x0506,0x0303,0x0306,
	0x0603,0x0B03,0x0B05,0x0B05,0x0B05,0x0005,0x0B05,0x050B,
	0x0505,0x0B0B,0x0B05,0x0B0B,0x030B,0x0B0B,0x0B0B,0x000B,
	0x0000,0x050B,0x0005,0x050B,0x0505,0x0B05,0x050B,0x0B05,
	0x0505,0x0505,0x000B,0x0B0B,0x0505,0x0B05,0x0005,0x0B0B,
	0x0000,0x0500,0x0300,0x0505,0x0B00,0x0000,0x0B00,0x0505,
	0x000B,0x050B,0x0B00,0x0B0B,0x050B,0x0B05,0x0303,0x0005,
	0x0000,0x0000,0x0B0B,0x030B,0x000B,0x0005,0x0B0B,0x000B,

	0x0B0B,0x0B05,0x0B0B,0x000B,0x0B00,0x000B,0x0005,0x0B05,
	0x0500,0x050B,0x0B0B,0x000B,0x0B00,0x0B0B,0x0505,0x0B0B,
	0x0B0B,0x0B0B,0x0B05,0x0B0B,0x0303,0x0101,0x0503,0x0B00,
	0x0B0B,0x0B05,0x0305,0x050B,0x0B05,0x0B03,0x0503,0x0503,
	0x0605,0x0606,0x0303,0x0404,0x040D,0x060D,0x0305,0x0505,
	0x0303,0x0603,0x0603,0x0B01,0x050B,0x050B,0x0B0B,0x0505,
	0x0303,0x0303,0x0303,0x0503,0x0305,0x0606,0x0503,0x0606,
	0x0306,0x0D0D,0x0404,0x0303,0x0606,0x0606,0x0606,0x0306,

	0x0505,0x0505,0x0B03,0x0B0B,0x0303,0x0B05,0x0B0B,0x030B,
	0x0503,0x0503,0x0605,0x0303,0x0506,0x0306,0x0B05,0x0B0B,
	0x050B,0x0505,0x0B0B,0x0B0B,0x0B00,0x0505,0x000B,0x0B0B,
	0x0B05,0x0B0B,0x0B0B,0x0B0B,0x050B,0x0303,0x0505,0x050B,
	0x0305,0x030B,0x030B,0x0B05,0x0305,0x0305,0x0B05,0x0C05,
	0x0505,0x0B0C,0x0B0B,0x0B0C,0x0B05,0x0505,0x0B05,0x0B0B,
	0x0303,0x0B05,0x0305,0x0B0B,0x0505,0x0003,0x0B0B,0x030B,
	0x050B,0x030B,0x0B05,0x0C00,0x0303,0x0000,0x0505,0x0605,

	0x0503,0x0503,0x0B05,0x0305,0x0B05,0x0B0B,0x0305,0x050B,
	0x0305,0x0505,0x0305,0x0303,0x0503,0x0503,0x0B05,0x0305,
	0x0505,0x0B0B,0x0305,0x0503,0x0505,0x0606,0x0306,0x0606,
	0x0106,0x0106,0x0106,0x0404,0x0404,0x010D,0x0601,0x0306,
	0x0306,0x0106,0x0601,0x030D,0x0305,0x0505,0x0303,0x0B03,
	0x0305,0x0B0B,0x0306,0x0B03,0x0305,0x0606,0x050B,0x0603,
	0x0406,0x040D,0x0404,0x0303,0x0101,0x0606,0x0303,0x0303,
	0x0503,0x0505,0x0606,0x0B05,0x0506,0x0503,0x0B00,0x030B,

	0x0B05,0x0303,0x0B0C,0x0601,0x0506,0x0306,0x0B05,0x0B00,
	0x0B0B,0x0503,0x050B,0x0305,0x0506,0x0B05,0x000B,0x0505,
	0x0505,0x0B00,0x0305,0x0505,0x0B0B,0x0505,0x030B,0x0305,
	0x0605,0x060B,0x030B,0x0B03,0x0605,0x0305,0x050B,0x0B03,
	0x0505,0x0005,0x050B,0x0B0C,0x0505,0x050B,0x0B05,0x050B,
	0x0303,0x0B00,0x0305,0x0B05,0x0505,0x0003,0x0500,0x050B,
	0x0603,0x050B,0x0B05,0x0300,0x0503,0x0303,0x050B,0x030B,
	0x0503,0x0B05,0x0505,0x050B,0x0005,0x0B0B,0x0503,0x0305,

	0x0303,0x0505,0x0305,0x0601,0x0506,0x0506,0x050B,0x030B,
	0x0505,0x0505,0x0603,0x0303,0x0606,0x0606,0x0603,0x0306,
	0x0101,0x0606,0x0606,0x0404,0x0404,0x0D04,0x060D,0x0606,
	0x0603,0x0106,0x0106,0x0601,0x0606,0x0306,0x0606,0x0505,
	0x0303,0x030B,0x0303,0x0B03,0x0603,0x0606,0x0503,0x0606,
	0x0406,0x040D,0x0404,0x0303,0x0606,0x0606,0x0603,0x0603,
	0x0603,0x0606,0x0606,0x030B,0x0503,0x0503,0x0B0B,0x0605,
	0x0306,0x0603,0x0606,0x0606,0x0306,0x0305,0x0505,0x0B00,

	0x0B0B,0x0505,0x0305,0x0303,0x0503,0x0505,0x000B,0x0503,
	0x0503,0x0B00,0x0303,0x0303,0x0B0B,0x0303,0x0303,0x0B05,
	0x0505,0x0305,0x060B,0x0303,0x0B0B,0x0300,0x050B,0x0B05,
	0x0B0B,0x0505,0x0C05,0x0C05,0x000B,0x0505,0x0B05,0x0B0B,
	0x0503,0x000B,0x0505,0x0505,0x0505,0x0003,0x0500,0x0305,
	0x0305,0x050B,0x0B05,0x0C0B,0x0503,0x0603,0x0B0B,0x0B0B,
	0x050B,0x0B05,0x0306,0x0505,0x0005,0x0B0B,0x0503,0x0601,
	0x0603,0x0503,0x0303,0x0603,0x0306,0x0B03,0x0B05,0x030B,

	0x0305,0x0505,0x0503,0x0503,0x0303,0x0303,0x0505,0x0603,
	0x0606,0x0603,0x0406,0x0404,0x0404,0x0404,0x060D,0x0101,
	0x0606,0x0606,0x0D03,0x0101,0x0606,0x0603,0x0306,0x0505,
	0x0303,0x0305,0x0303,0x0503,0x0606,0x0106,0x0303,0x0606,
	0x0D0D,0x0D0D,0x0404,0x0306,0x0106,0x0606,0x0303,0x0603,
	0x0603,0x0606,0x0506,0x030B,0x0503,0x030C,0x0B0B,0x060B,
	0x0506,0x0603,0x0106,0x0606,0x0606,0x0506,0x0B0B,0x000B,
	0x0505,0x0B0B,0x030B,0x0303,0x0505,0x0C03,0x0B05,0x030C,

	0x0303,0x0503,0x0303,0x0303,0x0303,0x0006,0x030B,0x0B05,
	0x0503,0x030B,0x030B,0x0505,0x0305,0x0303,0x0B05,0x0503,
	0x0B05,0x0505,0x0B05,0x0B05,0x0B07,0x0C0B,0x0305,0x0B0B,
	0x0603,0x050B,0x0305,0x0505,0x0B05,0x0003,0x0500,0x050B,
	0x0606,0x0505,0x030B,0x0503,0x0503,0x0303,0x0505,0x0503,
	0x0303,0x0505,0x0503,0x0B05,0x0305,0x0B05,0x0503,0x0306,
	0x0605,0x0503,0x0603,0x0603,0x0303,0x0503,0x0B0B,0x0505,
	0x0505,0x0306,0x0303,0x0B03,0x0305,0x0103,0x0505,0x0606,

	0x0306,0x0606,0x0406,0x0D04,0x0404,0x0D04,0x0D0D,0x0601,
	0x0603,0x0606,0x0306,0x0303,0x0303,0x0303,0x0303,0x0505,
	0x0505,0x0306,0x0606,0x0606,0x0106,0x0B06,0x0101,0x0106,
	0x0404,0x0404,0x0404,0x0504,0x0606,0x0306,0x0606,0x0503,
	0x0606,0x0603,0x0B06,0x0305,0x0503,0x0B05,0x0B0B,0x030B,
	0x0305,0x0B0B,0x0C05,0x0303,0x0B05,0x050B,0x0B0B,0x0B0B,
	0x0B05,0x0B0B,0x000B,0x0B0B,0x000B,0x0300,0x0303,0x0306,
	0x0B0B,0x000B,0x0B06,0x000B,0x0B0B,0x000B,0x0300,0x050B,

	0x0505,0x030B,0x0605,0x0305,0x0306,0x0305,0x0B0B,0x0000,
	0x0B00,0x000B,0x0505,0x0505,0x0303,0x0B0B,0x0503,0x0B03,
	0x0603,0x0306,0x0606,0x030B,0x0B03,0x0005,0x0500,0x0303,
	0x0606,0x0B06,0x0305,0x0505,0x0B0B,0x0606,0x0505,0x0500,
	0x050B,0x000B,0x050B,0x0B0B,0x050B,0x0B05,0x0B03,0x0B05,
	0x000B,0x050B,0x0B05,0x0503,0x0503,0x0B05,0x0B05,0x0503,
	0x0605,0x0506,0x050B,0x0606,0x0601,0x0606,0x0306,0x0301,
	0x0D03,0x060D,0x0401,0x0404,0x0404,0x0404,0x0404,0x0606,

	0x0606,0x0606,0x0603,0x0603,0x0303,0x0601,0x0606,0x0303,
	0x0505,0x0303,0x0606,0x0601,0x0101,0x0501,0x0601,0x0603,
	0x0D0D,0x0404,0x0404,0x0B04,0x0606,0x0B05,0x0603,0x0303,
	0x0103,0x0306,0x0006,0x030B,0x0506,0x0B03,0x0B0B,0x060B,
	0x0305,0x0306,0x0B05,0x0B07,0x050B,0x0B05,0x000B,0x0B0B,
	0x0505,0x0B0B,0x0000,0x0000,0x0000,0x0605,0x0603,0x0606,
	0x0B05,0x000B,0x0503,0x0B05,0x0B00,0x000B,0x050B,0x0B0B,
	0x0505,0x0305,0x0100,0x0606,0x0606,0x0606,0x050B,0x0B00,

	0x000B,0x000B,0x050B,0x0503,0x0505,0x0C0B,0x0505,0x0B03,
	0x0603,0x0606,0x0606,0x030B,0x0503,0x0003,0x0300,0x0303,
	0x0303,0x0005,0x0300,0x0503,0x050B,0x0601,0x0B05,0x0B0B,
	0x030B,0x0000,0x0000,0x0B05,0x050B,0x000B,0x0B0C,0x0005,
	0x0000,0x0B00,0x0000,0x0B00,0x0503,0x0003,0x0B0B,0x0503,
	0x050B,0x0606,0x0505,0x0603,0x0601,0x050B,0x0503,0x0601,
	0x0403,0x060D,0x0403,0x0D0D,0x0404,0x0D0D,0x0D0D,0x0303,
	0x0606,0x0603,0x0303,0x0305,0x0503,0x0601,0x0506,0x0305,

	0x0503,0x0505,0x0505,0x0505,0x0305,0x0306,0x0305,0x0606,
	0x0404,0x0404,0x0404,0x0C0D,0x0106,0x0601,0x0606,0x0306,
	0x0503,0x0305,0x0606,0x0603,0x0505,0x0305,0x0B00,0x0605,
	0x0503,0x0303,0x0101,0x010D,0x0301,0x0305,0x0B05,0x0B0B,
	0x0305,0x0B0B,0x0503,0x0303,0x0505,0x0505,0x0B00,0x050B,
	0x0503,0x0005,0x0506,0x000B,0x0303,0x0B03,0x030B,0x050B,
	0x0303,0x030B,0x0005,0x050B,0x0B0B,0x050B,0x0B0B,0x0B05,
	0x0505,0x0B05,0x0503,0x0303,0x0603,0x0C0B,0x000B,0x050B,

	0x0B0B,0x0B0B,0x050B,0x0B03,0x0B0B,0x0003,0x0C00,0x0303,
	0x0303,0x0303,0x0005,0x0B0B,0x0503,0x0B05,0x0303,0x050B,
	0x0505,0x0303,0x0303,0x0505,0x0B05,0x0B0B,0x0C06,0x0606,
	0x0603,0x0606,0x0601,0x0606,0x0306,0x0503,0x0B0B,0x0505,
	0x0306,0x0305,0x0303,0x0506,0x0303,0x0101,0x0606,0x0306,
	0x0306,0x0606,0x040D,0x0404,0x0404,0x0404,0x0404,0x0106,
	0x0101,0x0606,0x0303,0x0303,0x0306,0x0606,0x0303,0x0505,
	0x0505,0x050B,0x0305,0x0503,0x0305,0x0603,0x0505,0x0401,

	0x0404,0x0404,0x0404,0x0D04,0x0104,0x0D06,0x0101,0x0603,
	0x0603,0x0303,0x0505,0x0500,0x0505,0x0503,0x050B,0x0605,
	0x0606,0x0101,0x0503,0x0601,0x0606,0x0301,0x0B0B,0x0B00,
	0x0505,0x050B,0x0B03,0x0505,0x0300,0x0503,0x050B,0x050B,
	0x0303,0x030B,0x050B,0x0306,0x0303,0x0005,0x030B,0x050B,
	0x0505,0x0305,0x0005,0x0B05,0x0B0B,0x0B00,0x0505,0x0B05,
	0x0B0B,0x0505,0x050B,0x0B03,0x0B0B,0x0B0B,0x0005,0x0B05,
	0x0C05,0x0B0B,0x0C0C,0x0505,0x0B05,0x0003,0x0500,0x0305,

	0x0305,0x0505,0x0B0C,0x050B,0x0505,0x0B0B,0x0505,0x0B03,
	0x0305,0x050B,0x0B00,0x0B05,0x0B0B,0x050B,0x0C0C,0x0606,
	0x0305,0x0503,0x0306,0x0303,0x0305,0x0506,0x0B0B,0x0305,
	0x0503,0x0505,0x0303,0x0306,0x0103,0x0606,0x0605,0x0606,
	0x0306,0x0106,0x0404,0x0404,0x0404,0x0404,0x0404,0x0604,
	0x0601,0x0606,0x0606,0x0106,0x0606,0x0303,0x0603,0x0306,
	0x0606,0x0603,0x0605,0x0503,0x0305,0x0303,0x0101,0x0401,
	0x0404,0x0404,0x0404,0x0004,0x0601,0x0606,0x0101,0x0601,

	0x0606,0x0303,0x0603,0x0500,0x0503,0x0503,0x050B,0x0605,
	0x0506,0x0606,0x0305,0x0606,0x0606,0x0301,0x0B0B,0x0500,
	0x0505,0x0B0B,0x0503,0x0303,0x0305,0x0603,0x0C05,0x0305,
	0x0503,0x0305,0x0505,0x0303,0x0505,0x0B05,0x050B,0x0505,
	0x050B,0x030B,0x0B03,0x0505,0x0003,0x050B,0x0505,0x0B0C,
	0x030B,0x0503,0x0300,0x0503,0x0606,0x0505,0x0505,0x030B,
	0x0503,0x0303,0x0305,0x0505,0x0305,0x0003,0x0500,0x0505,
	0x050B,0x030B,0x0B05,0x0B05,0x0303,0x0303,0x0505,0x0006,

	0x030B,0x0306,0x0305,0x0503,0x0B0B,0x0B0B,0x0303,0x0606,
	0x0605,0x0601,0x0106,0x0306,0x0305,0x0506,0x0B03,0x0303,
	0x0503,0x0601,0x0303,0x0303,0x0303,0x0606,0x0306,0x060D,
	0x0D01,0x0401,0x0404,0x0404,0x0804,0x0404,0x0404,0x0104,
	0x0303,0x0601,0x0306,0x0606,0x0606,0x0603,0x0303,0x0B05,
	0x0603,0x0603,0x0303,0x0506,0x0306,0x0603,0x0101,0x0401,
	0x0404,0x0404,0x0404,0x0B04,0x0106,0x0604,0x0303,0x0606,
	0x0106,0x0C01,0x0303,0x030B,0x0603,0x0503,0x0500,0x060B,

	0x0303,0x0101,0x0106,0x0101,0x0103,0x0301,0x0B0B,0x0B00,
	0x0505,0x0B05,0x0B05,0x0303,0x0305,0x0303,0x0005,0x0305,
	0x0503,0x030B,0x0303,0x0606,0x030B,0x0B03,0x0500,0x0505,
	0x0B00,0x0305,0x060B,0x0505,0x0605,0x0306,0x0505,0x0503,
	0x0505,0x0B0B,0x0C00,0x0503,0x0506,0x0505,0x0303,0x0303,
	0x0303,0x0000,0x0505,0x0503,0x0505,0x0003,0x0500,0x0503,
	0x000B,0x0303,0x0503,0x0303,0x0503,0x0005,0x0503,0x0303,
	0x0303,0x0503,0x050B,0x0505,0x0B05,0x0505,0x0303,0x0606,

	0x0103,0x0503,0x0D05,0x0601,0x0603,0x0506,0x0505,0x0503,
	0x0303,0x0303,0x0606,0x0B06,0x060B,0x0606,0x0606,0x0106,
	0x0D01,0x0401,0x0404,0x0404,0x0808,0x0404,0x0404,0x0404,
	0x060B,0x0606,0x0606,0x0606,0x0106,0x0305,0x0603,0x0503,
	0x0B0B,0x0B03,0x0505,0x0606,0x0B06,0x0305,0x0606,0x0406,
	0x0404,0x0404,0x0404,0x0104,0x030D,0x030D,0x0305,0x0305,
	0x0306,0x0506,0x0B03,0x0503,0x0B05,0x0B05,0x0B0B,0x0300,
	0x0505,0x0506,0x0C06,0x0603,0x0105,0x0506,0x0000,0x0B00,

	0x0B05,0x0500,0x0B05,0x0B05,0x0500,0x0505,0x0B0B,0x0500,
	0x0B05,0x0B00,0x0005,0x050B,0x050B,0x0B05,0x0B0B,0x0B00,
	0x0B05,0x0500,0x030B,0x0B05,0x0505,0x0305,0x0B0B,0x0305,
	0x0505,0x050B,0x0B05,0x0B0B,0x050B,0x0B0B,0x050B,0x0503,
	0x0B0B,0x0306,0x0B05,0x050B,0x000B,0x0B05,0x0B00,0x050B,
	0x0005,0x0505,0x0503,0x0B0B,0x030B,0x0505,0x0B0B,0x0500,
	0x0B05,0x0B0B,0x0B03,0x000B,0x0500,0x0B00,0x0B05,0x0301,
	0x060B,0x0503,0x0506,0x060B,0x0606,0x0B03,0x050B,0x050B,

	0x030B,0x0503,0x0503,0x0305,0x0505,0x0103,0x0603,0x0606,
	0x0D06,0x0401,0x0404,0x0404,0x0408,0x0404,0x0D04,0x0D0D,
	0x060C,0x0603,0x0603,0x0501,0x0605,0x0605,0x0503,0x0305,
	0x0605,0x0303,0x0603,0x0306,0x0B06,0x0305,0x0606,0x0406,
	0x0404,0x0404,0x0404,0x0404,0x0C04,0x050D,0x0303,0x0303,
	0x0306,0x0B06,0x0B05,0x0B03,0x0503,0x0B05,0x0000,0x030B,
	0x0505,0x0603,0x050C,0x0305,0x0105,0x0306,0x0000,0x050B,
	0x0B03,0x0B00,0x0006,0x0003,0x0B0B,0x0305,0x000B,0x0600,

	0x000B,0x000B,0x0000,0x0B05,0x0300,0x0005,0x050B,0x0B05,
	0x0305,0x030B,0x0B0B,0x0305,0x0603,0x0606,0x0B0B,0x030B,
	0x0506,0x0B00,0x0005,0x0007,0x0500,0x0C05,0x0B00,0x060B,
	0x0303,0x0606,0x0303,0x0303,0x0B05,0x0005,0x0B00,0x0505,
	0x0000,0x0505,0x0005,0x0000,0x030B,0x0B05,0x0B0B,0x0300,
	0x0B0B,0x0605,0x0303,0x0005,0x0B0B,0x0B0B,0x0C0B,0x0306,
	0x060B,0x0605,0x0706,0x060B,0x0601,0x0B03,0x050B,0x000B,
	0x0505,0x0B06,0x0303,0x060B,0x0B0B,0x0606,0x0306,0x0103,

	0x0D01,0x0D06,0x0404,0x0404,0x0408,0x0404,0x0D04,0x040D,
	0x060C,0x0606,0x0603,0x0501,0x060C,0x0603,0x0B06,0x050B,
	0x0603,0x050B,0x0303,0x0306,0x0601,0x0606,0x0606,0x0401,
	0x0404,0x0404,0x0408,0x0404,0x0404,0x0604,0x0303,0x0103,
	0x0106,0x0606,0x0606,0x050B,0x0303,0x0305,0x0B0B,0x060B,
	0x0B03,0x0606,0x0101,0x0106,0x0103,0x030D,0x0B05,0x0B00,
	0x0305,0x0B0B,0x0503,0x0B05,0x0B0B,0x0503,0x0B0B,0x0505,
	0x0303,0x0605,0x0C06,0x000B,0x0503,0x0B05,0x0B0B,0x0505,

	0x030B,0x030B,0x0B0B,0x0505,0x0503,0x0C0B,0x0303,0x0B0B,
	0x0305,0x060B,0x0305,0x0303,0x0B05,0x0B05,0x0B03,0x0B05,
	0x0305,0x0B0B,0x0503,0x0B03,0x0505,0x0703,0x0500,0x0505,
	0x0B05,0x0303,0x0605,0x0306,0x0503,0x0303,0x0303,0x0605,
	0x0503,0x0B03,0x0B0B,0x030C,0x0B0B,0x0B0B,0x0303,0x0606,
	0x0603,0x0301,0x0606,0x0106,0x0306,0x0506,0x0B05,0x0303,
	0x0305,0x0606,0x0603,0x0103,0x0106,0x010D,0x0101,0x010D,
	0x0401,0x0404,0x0404,0x0808,0x0808,0x0404,0x0404,0x0104,

	0x0606,0x0106,0x0D06,0x0101,0x0601,0x0606,0x0606,0x0306,
	0x0303,0x0505,0x0303,0x0303,0x0601,0x0106,0x0401,0x0404,
	0x0404,0x0404,0x0408,0x0D04,0x0404,0x0604,0x0303,0x0103,
	0x0606,0x0306,0x0306,0x0500,0x0303,0x0503,0x0B0B,0x060B,
	0x0B03,0x0306,0x0101,0x0606,0x0103,0x0301,0x0B0B,0x0B0B,
	0x0505,0x0B0B,0x0303,0x0303,0x0B06,0x0503,0x0303,0x0505,
	0x0606,0x0603,0x0606,0x0505,0x0503,0x0605,0x0305,0x0503,
	0x0B05,0x030B,0x060B,0x0306,0x0606,0x0305,0x0603,0x0B0B,

	0x0C05,0x0505,0x0500,0x0303,0x050C,0x0C0B,0x0503,0x0C05,
	0x0503,0x0503,0x0603,0x0505,0x0B03,0x0003,0x0500,0x0505,
	0x000B,0x0305,0x0605,0x0503,0x0503,0x0303,0x0303,0x0605,
	0x0306,0x0303,0x0505,0x0303,0x0B0B,0x0B0B,0x0303,0x0306,
	0x0305,0x0601,0x0601,0x0101,0x0303,0x0506,0x0505,0x0503,
	0x0505,0x0303,0x0303,0x0106,0x0106,0x0D0D,0x0D04,0x0101,
	0x0401,0x0404,0x0404,0x0808,0x0808,0x0408,0x0404,0x0404,
	0x0605,0x0106,0x0606,0x0601,0x0606,0x0605,0x0306,0x0503,

	0x0606,0x0603,0x0606,0x0B03,0x0303,0x0106,0x0D0D,0x0404,
	0x0404,0x0404,0x0808,0x0404,0x0404,0x0604,0x0306,0x0603,
	0x0606,0x0606,0x0306,0x030B,0x0303,0x0305,0x0500,0x060B,
	0x0B03,0x0306,0x0D01,0x0606,0x0103,0x0501,0x0B05,0x0B00,
	0x0505,0x0505,0x0505,0x0503,0x030B,0x0503,0x0603,0x0505,
	0x0306,0x0303,0x0603,0x0505,0x0305,0x0303,0x0503,0x0305,
	0x0505,0x030B,0x060B,0x0503,0x0505,0x0500,0x0505,0x0503,
	0x0B03,0x0B0B,0x0B0B,0x030C,0x0B0B,0x050C,0x050C,0x0505,

	0x0505,0x0B05,0x030C,0x0505,0x0503,0x0003,0x0500,0x0505,
	0x0306,0x0303,0x0503,0x0306,0x0506,0x0503,0x0503,0x0303,
	0x0503,0x0303,0x0B05,0x0303,0x0B05,0x0B0B,0x030E,0x0606,
	0x0603,0x0301,0x0301,0x0101,0x0303,0x0506,0x0B05,0x0303,
	0x0605,0x0303,0x0306,0x0503,0x0606,0x0D0D,0x0103,0x0101,
	0x0401,0x0404,0x0804,0x0808,0x0808,0x0408,0x0404,0x0404,
	0x060B,0x0106,0x0106,0x0106,0x0101,0x0606,0x0606,0x0303,
	0x0603,0x0506,0x0D01,0x050D,0x0605,0x0106,0x0D04,0x0408,

	0x0404,0x0804,0x0408,0x0408,0x0404,0x0404,0x0306,0x0603,
	0x0D06,0x0301,0x0606,0x0303,0x0503,0x0503,0x0505,0x060B,
	0x0306,0x0601,0x070B,0x0D0D,0x0D06,0x0301,0x0B05,0x0B0B,
	0x0B0B,0x0B05,0x0303,0x0303,0x060B,0x0303,0x0505,0x030B,
	0x0606,0x0605,0x0606,0x0506,0x0606,0x0606,0x0603,0x0305,
	0x030B,0x0605,0x0605,0x0506,0x0503,0x0603,0x0503,0x0B05,
	0x0505,0x0B03,0x030C,0x0606,0x0C03,0x0B0B,0x0303,0x0605,
	0x0C0C,0x0B0B,0x060C,0x0C03,0x0B06,0x0006,0x0B0B,0x0606,

	0x0603,0x0300,0x0303,0x0B06,0x060B,0x0506,0x0503,0x0B06,
	0x0605,0x0505,0x0603,0x0B0B,0x0B05,0x0B0B,0x0506,0x0601,
	0x0D03,0x0501,0x0606,0x010D,0x0601,0x0501,0x0303,0x050B,
	0x0605,0x0506,0x0D01,0x0301,0x0606,0x010D,0x0601,0x060D,
	0x0404,0x0404,0x0804,0x0808,0x0808,0x0408,0x0808,0x0404,
	0x0306,0x0606,0x0406,0x010D,0x0603,0x0503,0x0303,0x0506,
	0x0B05,0x0505,0x0305,0x0603,0x0506,0x0D05,0x0404,0x0404,
	0x0404,0x0808,0x0808,0x0808,0x0408,0x0D04,0x0303,0x0505,

	0x060B,0x0506,0x0305,0x0306,0x0506,0x0B0B,0x000B,0x030B,
	0x0305,0x0105,0x0B03,0x0B05,0x0103,0x0501,0x0B0B,0x0B0B,
	0x000B,0x0500,0x0306,0x0B0B,0x050B,0x050B,0x0B00,0x0605,
	0x0000,0x000B,0x0000,0x0000,0x000B,0x0000,0x050B,0x0505,
	0x0B00,0x050B,0x0105,0x0B03,0x0500,0x0306,0x0005,0x050B,
	0x050B,0x0B0B,0x050C,0x000B,0x0603,0x0B0B,0x0B0B,0x0505,
	0x0303,0x030B,0x050B,0x0B0B,0x0B03,0x0003,0x0B0B,0x0503,
	0x050B,0x000B,0x0500,0x050B,0x0500,0x0603,0x0B00,0x0B03,

	0x0300,0x0500,0x0503,0x0B00,0x0505,0x000B,0x0505,0x060D,
	0x0005,0x050B,0x0D05,0x0B00,0x0503,0x0B03,0x0505,0x000B,
	0x030B,0x0606,0x0503,0x0506,0x0105,0x0506,0x0101,0x0606,
	0x0404,0x0404,0x0804,0x0808,0x0808,0x0808,0x0404,0x0404,
	0x0305,0x0303,0x060D,0x0B01,0x0505,0x0104,0x0B01,0x0505,
	0x0306,0x0505,0x0603,0x0101,0x0306,0x0D06,0x040D,0x0404,
	0x0404,0x0804,0x0808,0x0408,0x0408,0x0404,0x0306,0x0603,
	0x0106,0x0606,0x0306,0x0603,0x0301,0x0505,0x0B00,0x060B,

	0x0306,0x0101,0x0C06,0x0301,0x0106,0x0501,0x0B0B,0x0B00,
	0x0503,0x0505,0x0603,0x0503,0x0300,0x0603,0x0503,0x0603,
	0x0503,0x0B05,0x0303,0x000B,0x0B03,0x0B0B,0x060B,0x0303,
	0x0500,0x030B,0x010B,0x0306,0x0303,0x0605,0x0303,0x0B0B,
	0x0305,0x0B0C,0x0C05,0x0505,0x0306,0x0C05,0x0505,0x050B,
	0x0603,0x0B0B,0x030B,0x050C,0x0503,0x0B03,0x0B00,0x0303,
	0x0303,0x0303,0x0305,0x0303,0x0305,0x0605,0x0505,0x0B06,
	0x060B,0x0303,0x0303,0x0505,0x0B05,0x0B05,0x0503,0x0601,

	0x0603,0x0503,0x0D03,0x0106,0x0606,0x0506,0x0B05,0x0303,
	0x0605,0x0606,0x0606,0x0301,0x0106,0x010D,0x0101,0x0D0D,
	0x0404,0x0404,0x0804,0x0808,0x0808,0x0408,0x0408,0x0404,
	0x0605,0x0106,0x010D,0x0601,0x0606,0x010D,0x0301,0x0306,
	0x0306,0x050B,0x0106,0x0606,0x0601,0x0D06,0x0404,0x0404,
	0x0804,0x0804,0x0808,0x0808,0x0408,0x0D04,0x0306,0x0606,
	0x0306,0x0305,0x0503,0x0606,0x0306,0x0505,0x0B0B,0x0605,
	0x0306,0x0606,0x0D01,0x060D,0x0106,0x0301,0x0B0B,0x0500,

	0x0505,0x0303,0x0603,0x0303,0x060B,0x0606,0x0B05,0x0603,
	0x0B03,0x0500,0x0505,0x0B0B,0x0B05,0x0003,0x0B0B,0x0B03,
	0x0B0B,0x030B,0x060B,0x0C03,0x0503,0x0B05,0x0506,0x0B00,
	0x0505,0x0505,0x0505,0x0505,0x0B05,0x050B,0x0B05,0x0300,
	0x0C03,0x0B0B,0x0305,0x050B,0x0C03,0x0006,0x0500,0x0303,
	0x0303,0x0503,0x0B05,0x050B,0x0305,0x0303,0x0505,0x0006,
	0x0605,0x0503,0x050B,0x0505,0x0B05,0x0B0B,0x0303,0x0101,
	0x0101,0x0101,0x0D01,0x0D0D,0x0306,0x0501,0x0B03,0x0303,

	0x0505,0x0601,0x0606,0x0C01,0x0D03,0x060D,0x0601,0x0D01,
	0x0D01,0x0401,0x0808,0x0808,0x0808,0x0408,0x0408,0x0404,
	0x0603,0x0101,0x0501,0x0606,0x0106,0x0606,0x0306,0x0503,
	0x0303,0x0503,0x0603,0x0306,0x0601,0x0606,0x0D0D,0x0404,
	0x0808,0x0808,0x0808,0x0408,0x0404,0x0104,0x0506,0x0106,
	0x0106,0x0601,0x0603,0x0606,0x0303,0x0505,0x050B,0x0605,
	0x0306,0x0101,0x0D01,0x0D0D,0x0101,0x0301,0x0B0B,0x050B,
	0x0505,0x0503,0x0606,0x0506,0x050B,0x0606,0x000B,0x0306,

	0x0305,0x0300,0x0306,0x0303,0x0306,0x0B03,0x0505,0x0B03,
	0x0B0B,0x0305,0x010B,0x0306,0x0606,0x0506,0x0503,0x0306,
	0x0603,0x0303,0x030B,0x0603,0x0306,0x0603,0x0B03,0x0300,
	0x0605,0x0505,0x0305,0x0505,0x0503,0x0B03,0x0505,0x0C05,
	0x0B0B,0x0505,0x0503,0x0503,0x0303,0x0505,0x0B05,0x0B03,
	0x0503,0x0B06,0x050B,0x0505,0x0B05,0x0B0B,0x0303,0x0101,
	0x0101,0x0106,0x0101,0x0D01,0x0601,0x0506,0x0505,0x0303,
	0x0503,0x0305,0x0303,0x0C01,0x0106,0x0601,0x0106,0x0101,

	0x0401,0x0404,0x0808,0x0808,0x0808,0x0408,0x0408,0x0D04,
	0x0603,0x0D06,0x0501,0x0105,0x0101,0x0603,0x0306,0x0503,
	0x0603,0x0603,0x0106,0x0501,0x0306,0x0606,0x0506,0x0804,
	0x0804,0x0808,0x0808,0x0408,0x0404,0x060D,0x0503,0x0106,
	0x0606,0x0606,0x0503,0x0303,0x0303,0x0303,0x050B,0x0605,
	0x0503,0x0101,0x0D01,0x0D0D,0x0101,0x030D,0x0B05,0x0B00,
	0x030B,0x0303,0x0506,0x0505,0x0000,0x0606,0x000B,0x0606,
	0x0303,0x0503,0x0606,0x0B06,0x030B,0x0306,0x0603,0x0305,

	0x0505,0x0605,0x060B,0x0503,0x0606,0x0506,0x0B06,0x0B03,
	0x050C,0x0C0C,0x030C,0x0306,0x0303,0x0603,0x0B0C,0x0300,
	0x0305,0x0505,0x0606,0x030B,0x0C03,0x0003,0x050B,0x0505,
	0x0503,0x0306,0x0306,0x0603,0x0C0C,0x000B,0x0503,0x0603,
	0x0503,0x0B03,0x0303,0x050B,0x0B0B,0x0B0B,0x0303,0x0106,
	0x0101,0x0301,0x0D06,0x0D01,0x0606,0x0506,0x0505,0x0603,
	0x0503,0x060B,0x0606,0x0106,0x0D01,0x0601,0x0601,0x0D0D,
	0x0101,0x0401,0x0804,0x0808,0x0808,0x0808,0x0404,0x010D,

	0x0601,0x0D06,0x0501,0x0105,0x0101,0x0305,0x0306,0x0503,
	0x0601,0x0606,0x030B,0x0D01,0x0601,0x0306,0x0C03,0x040B,
	0x0404,0x0404,0x0404,0x0104,0x0301,0x0305,0x0B03,0x010D,
	0x0106,0x0106,0x0B03,0x0303,0x0606,0x0B05,0x0B0B,0x0B0B,
	0x0B0B,0x000B,0x0000,0x000B,0x0B0B,0x0B00,0x0B0B,0x0B05,
	0x030B,0x0305,0x0300,0x0305,0x0B03,0x0606,0x0B06,0x0000,
	0x060B,0x0606,0x0303,0x0606,0x0606,0x0606,0x0606,0x030B,
	0x0500,0x030B,0x0305,0x0305,0x0007,0x0B00,0x000B,0x0B00,

	0x0000,0x000B,0x0000,0x0000,0x0B0B,0x0000,0x0B00,0x050B,
	0x0505,0x0305,0x0005,0x0505,0x0B05,0x0003,0x0B00,0x0B0B,
	0x000B,0x0000,0x0000,0x0000,0x0B0B,0x0B0B,0x050B,0x0605,
	0x0B03,0x0B0B,0x0000,0x0B0B,0x050B,0x0B0B,0x0B03,0x000B,
	0x0000,0x0B00,0x0B0B,0x000B,0x0B05,0x0B0B,0x050B,0x0305,
	0x0305,0x010D,0x0106,0x0105,0x0601,0x0606,0x0301,0x0306,
	0x0606,0x0405,0x040D,0x0404,0x0804,0x0404,0x0D04,0x0D0D,
	0x0101,0x0106,0x0B0D,0x0105,0x0505,0x0306,0x0306,0x0306,

	0x0606,0x0606,0x0103,0x0106,0x0501,0x0305,0x0506,0x0401,
	0x0804,0x0808,0x0808,0x0D08,0x0D0D,0x0306,0x0305,0x0D06,
	0x0601,0x0606,0x0B05,0x0B03,0x0303,0x0503,0x050B,0x0B0B,
	0x0500,0x0505,0x0B05,0x0B05,0x0505,0x0B0B,0x0B0B,0x000B,
	0x0300,0x0603,0x0B0B,0x0B05,0x0505,0x0106,0x0B0B,0x030B,
	0x030B,0x0606,0x0606,0x0101,0x0101,0x0101,0x0106,0x050B,
	0x050B,0x030B,0x030B,0x0B05,0x000B,0x000B,0x0B05,0x0C0B,
	0x0B0B,0x000B,0x0000,0x0B0B,0x0B0C,0x0B00,0x000B,0x0300,

	0x0B00,0x0303,0x0505,0x0505,0x0B05,0x0003,0x0B0B,0x0B0B,
	0x0C05,0x050B,0x0B05,0x0B0B,0x0503,0x0300,0x0505,0x0305,
	0x0B05,0x0B03,0x000B,0x0B00,0x0B00,0x0B0B,0x050B,0x0B05,
	0x050B,0x0B0B,0x0C00,0x000B,0x0505,0x0B05,0x0B05,0x0505,
	0x0B05,0x0101,0x010D,0x0606,0x0601,0x0303,0x0606,0x030D,
	0x0606,0x0403,0x0404,0x0808,0x0808,0x0408,0x0404,0x0D0D,
	0x0D0D,0x0D06,0x0501,0x0D05,0x0306,0x0306,0x0303,0x0306,
	0x0506,0x0601,0x0306,0x0306,0x0101,0x0601,0x0605,0x0106,

	0x0601,0x0601,0x0101,0x0101,0x0601,0x0306,0x0306,0x0601,
	0x0306,0x0105,0x0306,0x0306,0x0606,0x0505,0x050B,0x060B,
	0x0306,0x0101,0x0503,0x010D,0x0306,0x0503,0x0B0B,0x050B,
	0x0305,0x0306,0x0503,0x0506,0x0B06,0x0306,0x0506,0x050B,
	0x0606,0x0303,0x0303,0x0B0C,0x050B,0x0B05,0x050B,0x0305,
	0x0505,0x030B,0x0505,0x030B,0x0303,0x0303,0x0B05,0x0C0B,
	0x0707,0x0C0C,0x0C0B,0x0C0C,0x050B,0x0B0C,0x0B05,0x050B,
	0x0303,0x0505,0x0303,0x0505,0x0503,0x0006,0x050B,0x0303,

	0x0B0B,0x0505,0x0B05,0x0B0B,0x0505,0x0606,0x0505,0x0303,
	0x0503,0x0B03,0x0305,0x0503,0x0B05,0x000B,0x0306,0x0306,
	0x0106,0x0101,0x0601,0x010D,0x0306,0x0506,0x0B05,0x0303,
	0x0605,0x0606,0x0303,0x0103,0x0101,0x060D,0x0D0D,0x0101,
	0x0501,0x0606,0x0101,0x0606,0x0101,0x0601,0x0101,0x0606,
	0x0303,0x0D06,0x0C01,0x0303,0x0105,0x0505,0x0303,0x0506,
	0x0606,0x030B,0x0303,0x0501,0x0105,0x0601,0x0B05,0x0101,
	0x0D0D,0x0D01,0x0D0D,0x0604,0x0D0D,0x0306,0x060D,0x0601,

	0x0106,0x0606,0x0306,0x0306,0x0503,0x0505,0x0B0B,0x0605,
	0x0306,0x0106,0x0306,0x0101,0x0106,0x0301,0x0B05,0x0000,
	0x0603,0x0B05,0x0303,0x0303,0x0503,0x0603,0x0606,0x0505,
	0x0B03,0x0B0B,0x0505,0x0303,0x0303,0x0503,0x050B,0x0603,
	0x0303,0x030B,0x0305,0x0303,0x0305,0x0C05,0x0C0C,0x0B0B,
	0x0C0C,0x070C,0x0C0C,0x0C0C,0x0007,0x0507,0x0B05,0x0C0C,
	0x0505,0x0B05,0x050C,0x0303,0x0506,0x0003,0x030B,0x0305,
	0x0B05,0x0305,0x0B05,0x0300,0x0303,0x0505,0x0303,0x0B03,

	0x0505,0x0305,0x0505,0x0505,0x0B05,0x0B05,0x0506,0x0601,
	0x0106,0x0101,0x0101,0x0606,0x0606,0x0506,0x0B05,0x0503,
	0x0603,0x0601,0x0101,0x0306,0x0101,0x060D,0x0606,0x0106,
	0x0501,0x0D05,0x0404,0x0404,0x0404,0x0D04,0x0D04,0x0601,
	0x0306,0x0101,0x060D,0x0601,0x0106,0x0603,0x0503,0x0503,
	0x0603,0x0B0B,0x0606,0x0306,0x0106,0x0301,0x0B05,0x0101,
	0x010D,0x0101,0x0D01,0x0D01,0x010D,0x0306,0x060D,0x0306,
	0x0D06,0x0601,0x0306,0x0305,0x0503,0x0505,0x050B,0x060B,

	0x0506,0x0106,0x0101,0x0106,0x0D03,0x030D,0x0B0B,0x0000,
	0x0606,0x0305,0x0603,0x0603,0x0506,0x0B05,0x0B05,0x0303,
	0x0303,0x0C05,0x0505,0x0503,0x0603,0x0B03,0x0505,0x0305,
	0x0B05,0x0605,0x0B06,0x0306,0x0C0C,0x050B,0x0C0C,0x0707,
	0x0C0C,0x0707,0x0B0B,0x0707,0x0707,0x0C0C,0x0B0C,0x0700,
	0x0C05,0x050B,0x0305,0x0B03,0x0506,0x0003,0x030B,0x0503,
	0x0506,0x0306,0x0003,0x0500,0x0503,0x0505,0x0503,0x0506,
	0x0B03,0x0505,0x0B0B,0x050B,0x0305,0x0B05,0x0306,0x0601,

	0x0103,0x0101,0x0301,0x0106,0x0606,0x0506,0x0B05,0x0303,
	0x0105,0x0101,0x0601,0x0106,0x0101,0x060D,0x0606,0x0606,
	0x0506,0x0403,0x0D0D,0x0404,0x0D04,0x060D,0x0D01,0x060D,
	0x0303,0x0606,0x060D,0x0606,0x0601,0x0303,0x0505,0x0B03,
	0x0303,0x0301,0x0606,0x0601,0x0101,0x0501,0x0605,0x0606,
	0x0101,0x0101,0x0101,0x0D01,0x0101,0x0306,0x0306,0x0606,
	0x0103,0x0606,0x0506,0x0306,0x0505,0x0305,0x0B00,0x0605,
	0x0303,0x0606,0x0601,0x0106,0x0103,0x0501,0x0B05,0x0000,

	0x0303,0x0503,0x0606,0x0306,0x0306,0x0305,0x0B05,0x0603,
	0x0306,0x0603,0x0B05,0x0B0B,0x0603,0x0305,0x030B,0x0305,
	0x0303,0x0505,0x0B0B,0x0B0B,0x070C,0x0C0B,0x0505,0x0705,
	0x0C0C,0x070B,0x0C0B,0x0707,0x0B07,0x0C05,0x0705,0x070C,
	0x0C0C,0x0B0B,0x0C05,0x0505,0x0505,0x0B03,0x050B,0x0605,
	0x0606,0x0606,0x0006,0x0B00,0x0505,0x0601,0x0306,0x0B06,
	0x0305,0x0306,0x0603,0x0303,0x0005,0x0B05,0x0306,0x010D,
	0x0603,0x0301,0x0306,0x0101,0x0101,0x0501,0x0505,0x0503,

	0x0305,0x0101,0x0101,0x0301,0x0103,0x060D,0x0606,0x0601,
	0x0506,0x0103,0x0101,0x0101,0x010D,0x0101,0x0101,0x0601,
	0x0306,0x0101,0x0606,0x0603,0x0606,0x0303,0x0303,0x0505,
	0x050B,0x0606,0x0505,0x0305,0x0505,0x0506,0x0306,0x0503,
	0x0303,0x0303,0x0303,0x0306,0x0303,0x0505,0x0305,0x0505,
	0x0103,0x0601,0x0505,0x0505,0x0B00,0x0B0B,0x0B05,0x030B,
	0x0303,0x0505,0x0303,0x0506,0x0605,0x0B01,0x0000,0x000B,
	0x0B03,0x0505,0x0303,0x0303,0x0B06,0x050B,0x0505,0x0B03,

	0x0303,0x0506,0x0B0B,0x0500,0x0505,0x030B,0x0503,0x0B00,
	0x0505,0x0B0B,0x0B0B,0x0B0B,0x050B,0x0B0C,0x0B0B,0x0C05,
	0x0B05,0x070B,0x070C,0x000B,0x0707,0x0B0B,0x0700,0x0B0B,
	0x0B0B,0x050B,0x0B05,0x030B,0x0B03,0x0B05,0x0B0B,0x030B,
	0x0303,0x0B03,0x0003,0x0B0B,0x050B,0x0606,0x0B05,0x0505,
	0x0505,0x0503,0x0305,0x0B05,0x050B,0x0B0B,0x0505,0x060D,
	0x0305,0x0303,0x0505,0x0303,0x0606,0x0B06,0x0B0B,0x050B,
	0x050B,0x0606,0x0503,0x030C,0x0606,0x0303,0x0606,0x0606,

	0x0303,0x0603,0x0306,0x0606,0x0303,0x0606,0x0305,0x0503,
	0x0306,0x0303,0x0305,0x0303,0x050B,0x0603,0x0B03,0x0505,
	0x0605,0x0606,0x000B,0x000B,0x030B,0x050D,0x0505,0x0503,
	0x050B,0x0B03,0x0B0B,0x0500,0x030B,0x0503,0x0506,0x0003,
	0x0103,0x0306,0x0005,0x0B00,0x0B00,0x0005,0x000B,0x030B,
	0x030C,0x0303,0x0003,0x0B06,0x0105,0x0501,0x000B,0x000B,
	0x0603,0x0305,0x0100,0x0303,0x0303,0x0B00,0x0B05,0x0303,
	0x0606,0x0003,0x0000,0x0B00,0x0506,0x0603,0x0606,0x0506,

	0x0505,0x0505,0x0507,0x0B0B,0x0307,0x0B05,0x0B05,0x0505,
	0x0B0C,0x0B0B,0x070B,0x0707,0x0707,0x0B00,0x0B07,0x0B0B,
	0x0B07,0x050B,0x0507,0x0605,0x0C03,0x0003,0x0500,0x060B,
	0x0306,0x0306,0x0003,0x0B0B,0x060B,0x0303,0x0B06,0x050B,
	0x0103,0x0506,0x0B05,0x0B03,0x0B0B,0x0B00,0x0505,0x0601,
	0x0105,0x0506,0x0B0B,0x0603,0x0503,0x0B03,0x0505,0x0305,
	0x0B05,0x0303,0x0306,0x0100,0x0601,0x0B03,0x0606,0x0105,
	0x060B,0x0605,0x0B05,0x050B,0x0B05,0x050B,0x0305,0x0503,

	0x0603,0x0306,0x0601,0x0606,0x0005,0x0303,0x0506,0x0B05,
	0x0303,0x0505,0x0606,0x0601,0x030D,0x0303,0x0505,0x0303,
	0x0D06,0x0D0D,0x0D0D,0x060D,0x0601,0x0303,0x0503,0x0103,
	0x0606,0x0606,0x0606,0x0603,0x0306,0x0303,0x0B00,0x0605,
	0x0306,0x0601,0x0506,0x0D0D,0x0106,0x030D,0x0B0B,0x0000,
	0x0303,0x0B03,0x0505,0x0503,0x0B05,0x0305,0x0303,0x0301,
	0x0606,0x0606,0x0305,0x0506,0x0603,0x0506,0x0505,0x0503,
	0x0B05,0x0505,0x0B0B,0x0500,0x0503,0x0703,0x0307,0x0707,

	0x0C0B,0x0B0C,0x0707,0x0707,0x0007,0x0707,0x0B07,0x0700,
	0x0B07,0x0707,0x0C07,0x0B05,0x0B00,0x030B,0x0303,0x050C,
	0x000B,0x0306,0x0B06,0x0C03,0x0305,0x0606,0x0605,0x0606,
	0x0306,0x0303,0x0601,0x0503,0x0B05,0x0B05,0x0306,0x0101,
	0x0603,0x0503,0x0101,0x0601,0x0605,0x0506,0x0B05,0x0503,
	0x0603,0x0303,0x0303,0x0101,0x0101,0x0101,0x0601,0x0101,
	0x0601,0x0306,0x0D01,0x0D04,0x0D0D,0x010D,0x0301,0x0603,
	0x0603,0x0103,0x0306,0x0303,0x0103,0x0603,0x0306,0x0505,

	0x0303,0x030B,0x0106,0x0601,0x0101,0x0303,0x0505,0x0505,
	0x0306,0x0605,0x0606,0x0306,0x0606,0x0303,0x0506,0x0106,
	0x0301,0x0105,0x0306,0x0605,0x0606,0x0503,0x0B0B,0x0605,
	0x0303,0x0606,0x0106,0x0101,0x0D06,0x0301,0x0B0B,0x0500,
	0x0303,0x0506,0x0503,0x0B03,0x030B,0x0305,0x0B05,0x060B,
	0x0606,0x050B,0x030C,0x0606,0x0306,0x0303,0x0603,0x0503,
	0x0B0C,0x0C05,0x0B0C,0x0707,0x0707,0x0C07,0x070C,0x0707,
	0x0707,0x0707,0x0707,0x0707,0x0707,0x0707,0x0B07,0x0707,

	0x0C07,0x0B05,0x0C07,0x050C,0x030B,0x0305,0x0303,0x050B,
	0x0303,0x0603,0x0606,0x0506,0x0303,0x0106,0x0605,0x0606,
	0x0306,0x0303,0x0505,0x0503,0x0B05,0x050B,0x0E06,0x0601,
	0x0603,0x010D,0x0601,0x0601,0x0603,0x0506,0x0B05,0x0305,
	0x0305,0x0505,0x0303,0x0301,0x0103,0x0601,0x0101,0x0106,
	0x0506,0x0303,0x0101,0x0606,0x0101,0x0601,0x0301,0x0303,
	0x0603,0x0603,0x0306,0x0606,0x0106,0x0606,0x0506,0x0B05,
	0x0306,0x030B,0x0306,0x0506,0x0105,0x0306,0x0505,0x0505,

	0x0605,0x0605,0x0606,0x0505,0x0303,0x0303,0x0601,0x0606,
	0x0601,0x0606,0x0306,0x0603,0x0606,0x0B05,0x0B0B,0x0605,
	0x0506,0x0106,0x0D01,0x0106,0x0D06,0x060D,0x050B,0x050B,
	0x030C,0x0305,0x050B,0x0B03,0x050B,0x0606,0x0606,0x0306,
	0x0605,0x0305,0x0603,0x0306,0x0603,0x0006,0x0605,0x0503,
	0x0C0C,0x0305,0x000C,0x0707,0x070C,0x0C0B,0x0707,0x0700,
	0x0707,0x0202,0x0909,0x0902,0x0202,0x0707,0x0707,0x0707,
	0x0707,0x0B0B,0x0C05,0x0507,0x0505,0x0305,0x0305,0x0605,

	0x030B,0x030B,0x0306,0x0601,0x0306,0x0106,0x0605,0x0105,
	0x0C03,0x0503,0x050B,0x0506,0x0B05,0x0505,0x0E06,0x010D,
	0x0606,0x050D,0x0606,0x0601,0x0103,0x0506,0x0B05,0x0303,
	0x060C,0x0303,0x0603,0x0301,0x0103,0x0101,0x0106,0x0606,
	0x0501,0x0303,0x0303,0x0606,0x0606,0x0506,0x0303,0x0306,
	0x0603,0x0D06,0x010D,0x0101,0x0101,0x0606,0x0303,0x0B03,
	0x0600,0x0505,0x060B,0x0306,0x0B06,0x0500,0x0606,0x0B05,
	0x0605,0x0303,0x0606,0x0503,0x0B05,0x0305,0x010D,0x0B05,

	0x0B05,0x0605,0x0306,0x000B,0x030B,0x0B03,0x0B0B,0x030B,
	0x0506,0x010B,0x0D0D,0x0506,0x0D06,0x050D,0x0500,0x050B,
	0x030B,0x0603,0x050B,0x0505,0x010B,0x0303,0x0303,0x0103,
	0x0300,0x0005,0x0B03,0x0606,0x0000,0x0600,0x0001,0x0500,
	0x0003,0x0B0C,0x050B,0x050B,0x0707,0x0707,0x0C05,0x0707,
	0x0907,0x0909,0x0209,0x0707,0x0707,0x0709,0x0007,0x0700,
	0x070B,0x0707,0x0B07,0x0507,0x0B0B,0x0B03,0x0B03,0x030B,
	0x0B00,0x0B0B,0x0100,0x0503,0x0606,0x0106,0x060B,0x0D0B,

	0x0B03,0x060B,0x0506,0x0505,0x0B00,0x0B05,0x0503,0x030D,
	0x050B,0x0D0D,0x060D,0x030D,0x0106,0x0B06,0x0B05,0x0505,
	0x0B03,0x0503,0x0105,0x0306,0x0105,0x0101,0x0601,0x060D,
	0x0601,0x0303,0x0503,0x0104,0x060D,0x0501,0x0505,0x0605,
	0x0606,0x0105,0x0501,0x0B03,0x0606,0x0606,0x0005,0x0B05,
	0x050B,0x0506,0x050B,0x0605,0x0505,0x0B0B,0x0606,0x0B0B,
	0x0B0B,0x0505,0x0B05,0x0305,0x0505,0x0B0B,0x0103,0x0B05,
	0x050B,0x0305,0x0306,0x0B0B,0x050B,0x0B03,0x0B0B,0x0300,

	0x0303,0x0605,0x0601,0x0503,0x0103,0x0501,0x0000,0x0B0B,
	0x050B,0x0505,0x0B00,0x0B05,0x0300,0x0505,0x0603,0x0303,
	0x050B,0x0B03,0x0B05,0x0305,0x000B,0x050B,0x0B03,0x0B00,
	0x0B0B,0x0B0C,0x070B,0x000B,0x0007,0x0707,0x070B,0x0707,
	0x0902,0x0909,0x0202,0x0702,0x0707,0x0702,0x0700,0x0007,
	0x0700,0x0707,0x0B0B,0x050B,0x0B05,0x050B,0x0B05,0x0500,
	0x0B0B,0x050B,0x050B,0x0303,0x0503,0x030C,0x0305,0x010B,
	0x0003,0x050B,0x0B03,0x0B05,0x0500,0x0B0B,0x0505,0x0601,

	0x0305,0x0603,0x0505,0x0501,0x0306,0x0003,0x050B,0x0B0B,
	0x050B,0x0503,0x0305,0x0505,0x0303,0x0303,0x0606,0x0306,
	0x0303,0x0303,0x0505,0x0601,0x0506,0x0506,0x0505,0x050B,
	0x0106,0x0105,0x0B06,0x0505,0x0303,0x0506,0x0B05,0x050B,
	0x0603,0x0603,0x0606,0x0606,0x0606,0x0306,0x0603,0x0505,
	0x0305,0x0305,0x0606,0x0505,0x0303,0x0603,0x0506,0x0603,
	0x0301,0x0305,0x0B06,0x0305,0x0303,0x0006,0x0B0B,0x0605,
	0x0506,0x0103,0x010D,0x0101,0x0103,0x0301,0x050B,0x0B0B,

	0x0505,0x0303,0x0306,0x0305,0x0603,0x0606,0x050B,0x0C03,
	0x0503,0x0B0B,0x0303,0x0B05,0x050B,0x0B05,0x050B,0x0503,
	0x0505,0x050C,0x0705,0x0707,0x070C,0x070B,0x0707,0x0907,
	0x0909,0x0909,0x0909,0x0909,0x0702,0x0202,0x0707,0x0700,
	0x0C07,0x0B0B,0x0507,0x0B0B,0x0505,0x0705,0x0C07,0x0505,
	0x050C,0x0503,0x0503,0x060B,0x0606,0x0B0B,0x0605,0x0103,
	0x0606,0x0B05,0x050B,0x0305,0x0503,0x050B,0x0E06,0x0106,
	0x0106,0x0306,0x0106,0x0601,0x0603,0x0C06,0x0B05,0x0303,

	0x0303,0x0305,0x0103,0x0606,0x0603,0x0106,0x0101,0x0106,
	0x0606,0x0306,0x0303,0x0601,0x010D,0x0506,0x0503,0x0603,
	0x0D0D,0x0306,0x0301,0x0105,0x0601,0x0606,0x0303,0x0B05,
	0x0603,0x0305,0x0303,0x0503,0x0303,0x0603,0x0303,0x0505,
	0x0605,0x0603,0x0601,0x0505,0x0305,0x0601,0x0306,0x0303,
	0x0506,0x050B,0x0506,0x0303,0x0505,0x0505,0x0B00,0x060B,
	0x0306,0x0603,0x0603,0x0606,0x0106,0x0301,0x0B0B,0x050B,
	0x050B,0x0B05,0x0303,0x0603,0x0306,0x0606,0x0606,0x0506,

	0x0303,0x0B05,0x0B05,0x0005,0x0503,0x0505,0x0505,0x0503,
	0x0B05,0x050B,0x0B05,0x0C07,0x070C,0x0707,0x0707,0x0909,
	0x0A09,0x0909,0x0902,0x0909,0x0909,0x0202,0x0002,0x0707,
	0x0707,0x0B07,0x050C,0x0B05,0x0C0B,0x070C,0x0C07,0x030C,
	0x0C0C,0x0C05,0x0B03,0x0505,0x0303,0x050B,0x0605,0x0305,
	0x0306,0x0505,0x0303,0x0303,0x0B05,0x0B05,0x0606,0x0101,
	0x0106,0x0101,0x0101,0x0601,0x0303,0x0306,0x050B,0x0306,
	0x0303,0x050B,0x0606,0x0506,0x0605,0x0106,0x0106,0x0106,

	0x0306,0x0603,0x0303,0x060D,0x010D,0x0506,0x0303,0x0606,
	0x0D0D,0x0601,0x0306,0x0606,0x0606,0x0305,0x0303,0x0B05,
	0x0603,0x0606,0x0106,0x0301,0x0606,0x0306,0x050B,0x0503,
	0x030C,0x0603,0x0601,0x0505,0x0303,0x0606,0x0601,0x0606,
	0x0506,0x050B,0x0506,0x030B,0x0C03,0x0505,0x030B,0x060B,
	0x0503,0x0606,0x0106,0x010D,0x0606,0x0301,0x0B0B,0x050B,
	0x0505,0x0B0B,0x030B,0x0303,0x0506,0x0506,0x0606,0x0C01,
	0x050C,0x0B05,0x0505,0x0B05,0x0503,0x0C05,0x0C03,0x070B,

	0x070C,0x0505,0x0507,0x0705,0x0707,0x0707,0x0907,0x0909,
	0x0A09,0x0909,0x0902,0x0909,0x0909,0x0202,0x0202,0x0709,
	0x0707,0x070B,0x070C,0x0503,0x070B,0x030C,0x0505,0x0305,
	0x0C0B,0x030C,0x0C05,0x060B,0x0303,0x0505,0x0603,0x0B06,
	0x0505,0x0306,0x0500,0x0306,0x0B05,0x0505,0x060E,0x0101,
	0x0106,0x0301,0x0606,0x0606,0x0603,0x0506,0x0B05,0x0303,
	0x0303,0x050B,0x0606,0x0306,0x0605,0x0603,0x0503,0x0306,
	0x0606,0x0105,0x0303,0x060D,0x0D0D,0x0503,0x0303,0x0606,

	0x0D0D,0x0101,0x0101,0x0101,0x0306,0x0505,0x0303,0x0B05,
	0x0606,0x0B05,0x0603,0x0603,0x0106,0x0603,0x0603,0x0503,
	0x030B,0x0305,0x0601,0x0303,0x0105,0x0306,0x0306,0x0606,
	0x0506,0x0505,0x0B06,0x0505,0x0603,0x0303,0x0B0B,0x030B,
	0x0503,0x0106,0x0D01,0x0601,0x0603,0x0306,0x0B0B,0x0B0B,
	0x050B,0x0B05,0x0B05,0x060B,0x0303,0x0305,0x0606,0x0C01,
	0x050C,0x0B0B,0x0505,0x0B05,0x050B,0x0B05,0x0C05,0x0305,
	0x0B0B,0x0305,0x0C05,0x0707,0x0707,0x0707,0x0909,0x0909,

	0x0A09,0x0909,0x0902,0x0909,0x0909,0x0202,0x0202,0x0202,
	0x0707,0x0007,0x0707,0x0B0B,0x0C0B,0x0C0C,0x0505,0x0305,
	0x050B,0x0B05,0x0003,0x0600,0x0305,0x0603,0x0B05,0x0603,
	0x0506,0x0506,0x0505,0x0503,0x0503,0x0505,0x0506,0x0601,
	0x0103,0x0101,0x010D,0x0101,0x0306,0x0306,0x050B,0x0503,
	0x0606,0x0606,0x0605,0x0103,0x0606,0x0306,0x0305,0x0303,
	0x0D03,0x0306,0x0305,0x0301,0x0D0D,0x0503,0x0305,0x0603,
	0x0505,0x0306,0x0603,0x0603,0x0506,0x0506,0x0505,0x0B05,

	0x0500,0x0306,0x0503,0x0505,0x0506,0x0001,0x0B05,0x0503,
	0x060B,0x0106,0x0B06,0x050B,0x030B,0x030B,0x050B,0x0605,
	0x0503,0x0505,0x0303,0x0B0B,0x000B,0x0000,0x0B05,0x0000,
	0x0505,0x0B0B,0x0B0B,0x0500,0x0305,0x0B00,0x0B0B,0x050B,
	0x030B,0x0303,0x0503,0x050B,0x0503,0x0106,0x0B00,0x0C05,
	0x000C,0x0B0B,0x0B0B,0x0606,0x0B06,0x0606,0x0B06,0x0503,
	0x0C05,0x070B,0x0707,0x070B,0x0700,0x0907,0x0909,0x0A09,
	0x0908,0x0909,0x0909,0x0902,0x0909,0x0202,0x0707,0x0707,

	0x0702,0x0707,0x000B,0x000B,0x0C07,0x0505,0x060B,0x0306,
	0x0B05,0x0B0B,0x0B03,0x060B,0x0B03,0x0606,0x0B0B,0x0600,
	0x0603,0x0505,0x0306,0x030B,0x000B,0x0B0B,0x0B0B,0x0506,
	0x0B05,0x0B0B,0x0B0B,0x0005,0x0B00,0x0B03,0x030B,0x0B05,
	0x0503,0x0301,0x060B,0x0605,0x0B03,0x0605,0x0606,0x0506,
	0x0D05,0x0B06,0x0505,0x0B00,0x0006,0x030B,0x0505,0x0B03,
	0x050B,0x030B,0x0601,0x0B01,0x0B0B,0x0B05,0x000B,0x0B05,
	0x060B,0x0306,0x0606,0x0606,0x0301,0x0B06,0x050B,0x0503,

	0x060B,0x0606,0x0506,0x0505,0x0605,0x0603,0x0503,0x0603,
	0x0B06,0x0500,0x0506,0x0500,0x0B03,0x0B0B,0x0505,0x050B,
	0x0B00,0x050B,0x0B05,0x0503,0x0B0B,0x0B0B,0x000B,0x0B0B,
	0x030B,0x0603,0x0503,0x060B,0x0506,0x0106,0x0B05,0x0C0E,
	0x050C,0x0C0B,0x0005,0x0606,0x0506,0x0303,0x0C05,0x0303,
	0x0B00,0x070B,0x0707,0x0B07,0x0B07,0x0900,0x0909,0x0902,
	0x0808,0x0909,0x0909,0x0902,0x0209,0x0202,0x0207,0x0207,
	0x0007,0x0700,0x0707,0x0705,0x0C07,0x0B03,0x0300,0x0606,

	0x0303,0x0305,0x0303,0x0600,0x0B06,0x0606,0x0505,0x0605,
	0x0606,0x0503,0x0603,0x030B,0x0505,0x0B00,0x0B03,0x0601,
	0x0B0B,0x0C06,0x0005,0x0B05,0x050B,0x0506,0x0B05,0x0505,
	0x0306,0x0606,0x030B,0x0303,0x0603,0x0605,0x0606,0x0606,
	0x0D06,0x0306,0x0303,0x050B,0x030D,0x0505,0x0303,0x0306,
	0x030B,0x0103,0x0101,0x0501,0x0B05,0x0B00,0x0B05,0x0505,
	0x0306,0x0505,0x0305,0x0B03,0x060B,0x0106,0x0B05,0x0306,
	0x0305,0x0605,0x0506,0x0B03,0x0605,0x0303,0x0606,0x0603,

	0x0605,0x0603,0x0606,0x0603,0x0603,0x050C,0x050B,0x060B,
	0x0306,0x0106,0x0D01,0x0101,0x0306,0x0601,0x0B05,0x0000,
	0x0503,0x0005,0x030B,0x050B,0x0605,0x0303,0x0B05,0x0C05,
	0x0B05,0x000B,0x0303,0x0B0B,0x050B,0x0605,0x0506,0x0305,
	0x0603,0x050C,0x0707,0x0707,0x0907,0x0909,0x0909,0x0A08,
	0x090A,0x0909,0x0909,0x0909,0x0909,0x0209,0x0707,0x0207,
	0x0702,0x0007,0x0C07,0x0B0C,0x0C0B,0x0305,0x060B,0x0303,
	0x0305,0x0505,0x0503,0x0503,0x0303,0x0101,0x0305,0x0B03,

	0x0305,0x0303,0x050B,0x0503,0x0B05,0x0B05,0x0603,0x0606,
	0x0D01,0x0D06,0x010D,0x0101,0x0306,0x0506,0x0B03,0x0503,
	0x0305,0x0306,0x0603,0x0303,0x0306,0x0606,0x0603,0x0606,
	0x0D06,0x0301,0x0303,0x0505,0x0306,0x0B05,0x0605,0x0303,
	0x0B03,0x0101,0x0606,0x0603,0x0306,0x0606,0x0605,0x0B05,
	0x0603,0x000B,0x0606,0x0C06,0x0303,0x0606,0x0B0B,0x0303,
	0x030B,0x0605,0x0306,0x0B06,0x0603,0x0606,0x0505,0x0603,
	0x0305,0x0605,0x0603,0x0605,0x0505,0x0505,0x0B0B,0x0605,

	0x0506,0x0603,0x0106,0x0101,0x0306,0x0306,0x0B0B,0x000B,
	0x0B05,0x0B05,0x0505,0x0503,0x030B,0x0503,0x050B,0x050C,
	0x0505,0x0005,0x0606,0x0506,0x0606,0x0C06,0x0C03,0x030C,
	0x0303,0x0C03,0x070C,0x070B,0x0907,0x0909,0x0A09,0x0A08,
	0x0A0A,0x090A,0x0A09,0x0909,0x0909,0x0909,0x0202,0x0202,
	0x0902,0x0700,0x0707,0x0B05,0x0305,0x0606,0x0506,0x0305,
	0x0503,0x0505,0x0B03,0x0600,0x0303,0x0606,0x0305,0x0B05,
	0x0505,0x0503,0x050B,0x0503,0x0B05,0x0B05,0x0306,0x0601,

	0x0101,0x0D06,0x0101,0x0101,0x0606,0x0506,0x0B05,0x0503,
	0x0505,0x0606,0x0603,0x0606,0x0306,0x0601,0x0B05,0x0603,
	0x0603,0x0603,0x0303,0x0B03,0x0306,0x0503,0x0603,0x0306,
	0x0106,0x0603,0x0306,0x0306,0x0503,0x0601,0x0603,0x0505,
	0x0603,0x000B,0x0606,0x0606,0x0506,0x0603,0x0B0B,0x0303,
	0x0B05,0x0B0B,0x0505,0x0B03,0x060C,0x0303,0x0505,0x0605,
	0x0306,0x0303,0x0306,0x0606,0x0506,0x0305,0x0B00,0x0605,
	0x0503,0x0603,0x0303,0x0306,0x0106,0x0306,0x0B0B,0x0B0B,

	0x0505,0x0B05,0x0506,0x0B06,0x0B00,0x0603,0x0505,0x0505,
	0x0B05,0x0B0B,0x0606,0x0503,0x0306,0x0C06,0x0C0B,0x060C,
	0x0503,0x0303,0x0B07,0x070B,0x0907,0x0909,0x0909,0x0908,
	0x0909,0x0909,0x0909,0x0909,0x0909,0x0909,0x0707,0x0207,
	0x0202,0x0000,0x0707,0x0B0C,0x0707,0x0605,0x0305,0x0306,
	0x0606,0x0505,0x0006,0x050B,0x0306,0x0606,0x0305,0x0B03,
	0x0505,0x0606,0x050B,0x0503,0x0B0B,0x0B0B,0x0306,0x0606,
	0x0606,0x0303,0x0606,0x0606,0x0603,0x0506,0x0B05,0x0505,

	0x0505,0x0503,0x0303,0x0503,0x0505,0x0306,0x0601,0x0303,
	0x0606,0x0303,0x0303,0x050B,0x0505,0x0505,0x0605,0x0305,
	0x0101,0x0303,0x0103,0x0506,0x0506,0x0601,0x0303,0x0B05,
	0x0306,0x0B05,0x0306,0x0303,0x0306,0x0603,0x000B,0x0603,
	0x0B05,0x050B,0x0505,0x0306,0x0506,0x0103,0x0601,0x0101,
	0x0B05,0x030B,0x0B05,0x0301,0x0306,0x0B03,0x0B00,0x060B,
	0x0606,0x030D,0x0B03,0x060D,0x0103,0x0301,0x0B05,0x050B,
	0x0305,0x0B05,0x0600,0x0B03,0x000B,0x0303,0x070B,0x0600,

	0x0B06,0x0B0B,0x0605,0x0005,0x0106,0x0706,0x0B0B,0x0C0B,
	0x0B0B,0x070B,0x0B0B,0x0700,0x0907,0x0209,0x0909,0x0908,
	0x0909,0x0909,0x0909,0x0909,0x0902,0x0209,0x0707,0x0707,
	0x0207,0x0700,0x0B00,0x0B0B,0x060B,0x050C,0x0505,0x0506,
	0x0303,0x0B0B,0x0C06,0x0305,0x0103,0x030B,0x0506,0x0505,
	0x0505,0x0606,0x0303,0x0503,0x0B05,0x0B0B,0x0C06,0x0606,
	0x0501,0x0103,0x0501,0x0101,0x0306,0x0503,0x0505,0x0B0B,
	0x0603,0x0306,0x0601,0x0301,0x0306,0x0503,0x0301,0x0306,

	0x0503,0x010B,0x0101,0x0605,0x0505,0x0505,0x0305,0x0505,
	0x0601,0x050B,0x0103,0x0B05,0x0503,0x0306,0x0305,0x050B,
	0x0303,0x050B,0x0B03,0x060B,0x0506,0x030B,0x0B0B,0x0505,
	0x0B0B,0x050B,0x0B05,0x0303,0x0506,0x010B,0x0601,0x0606,
	0x0B05,0x030B,0x0505,0x0306,0x0301,0x0505,0x000B,0x030B,
	0x0601,0x0B06,0x0D06,0x0B0D,0x0105,0x0506,0x0B0B,0x0B0B,
	0x0B05,0x0B0B,0x0505,0x0003,0x0B00,0x0506,0x0000,0x0305,
	0x0B06,0x0B0B,0x0305,0x050B,0x0606,0x0703,0x0C0B,0x0B0C,

	0x0B0B,0x0705,0x0B0B,0x0707,0x0907,0x0209,0x0909,0x0908,
	0x0909,0x0909,0x0902,0x0202,0x0909,0x0909,0x0707,0x0707,
	0x0207,0x0700,0x0B00,0x0C05,0x050B,0x0B0C,0x0505,0x0B06,
	0x0B05,0x0505,0x0306,0x050B,0x060B,0x0505,0x0306,0x0503,
	0x0505,0x0103,0x0303,0x0B03,0x0B00,0x000B,0x0306,0x0601,
	0x0301,0x0105,0x0306,0x0101,0x0606,0x050B,0x0500,0x0505,
	0x0305,0x0306,0x0606,0x0606,0x0506,0x0B06,0x0301,0x0303,
	0x0306,0x0603,0x0301,0x0506,0x0305,0x050B,0x030B,0x0305,

	0x010D,0x000B,0x0600,0x0B03,0x0503,0x0303,0x0505,0x0B05,
	0x0303,0x050B,0x0303,0x0503,0x0503,0x0603,0x0B05,0x0303,
	0x0B05,0x030B,0x0303,0x0303,0x0506,0x0306,0x0306,0x0606,
	0x0303,0x0505,0x0503,0x050B,0x0303,0x0505,0x050B,0x060B,
	0x0B03,0x0101,0x0306,0x0606,0x0103,0x0301,0x050B,0x0B00,
	0x0505,0x0B05,0x0600,0x0B06,0x030B,0x0603,0x0503,0x0506,
	0x0505,0x0B0B,0x0605,0x0503,0x0306,0x0703,0x050B,0x0C05,
	0x0C03,0x0B0C,0x000C,0x0C0B,0x0907,0x0909,0x0909,0x0908,

	0x0909,0x0909,0x0902,0x0909,0x0202,0x0209,0x0707,0x0707,
	0x0207,0x0000,0x0707,0x0B0C,0x0505,0x030C,0x0603,0x0603,
	0x0606,0x0505,0x0503,0x030C,0x0606,0x0106,0x0303,0x0505,
	0x0305,0x0306,0x0305,0x050B,0x0005,0x050B,0x0505,0x0505,
	0x0303,0x0601,0x0306,0x0506,0x0505,0x0503,0x0505,0x0505,
	0x0505,0x0606,0x0503,0x0506,0x0305,0x0606,0x0B0B,0x0303,
	0x0503,0x0303,0x0303,0x0603,0x0505,0x0B03,0x0605,0x0503,
	0x0B05,0x0606,0x0606,0x0506,0x0503,0x0606,0x0305,0x0B05,

	0x0305,0x050B,0x0306,0x0B03,0x0605,0x0306,0x0B00,0x0503,
	0x0B03,0x0305,0x0505,0x0003,0x0C05,0x0306,0x0606,0x0603,
	0x0306,0x030B,0x0605,0x0606,0x0305,0x0505,0x0500,0x060B,
	0x0503,0x0306,0x0601,0x0101,0x0106,0x0301,0x0B0B,0x000B,
	0x0303,0x000B,0x030B,0x0B05,0x0300,0x0603,0x0606,0x0303,
	0x0306,0x0B05,0x0505,0x0005,0x0603,0x0503,0x0305,0x0305,
	0x050C,0x070C,0x0707,0x0707,0x0907,0x0909,0x0909,0x0908,
	0x0909,0x0209,0x0902,0x0909,0x0209,0x0709,0x0707,0x0707,

	0x0909,0x000B,0x0707,0x0B0B,0x0C0B,0x0C0C,0x0C0B,0x0303,
	0x0106,0x0505,0x0503,0x0303,0x0603,0x0303,0x0606,0x0B03,
	0x030B,0x0503,0x050B,0x0505,0x0B0B,0x0D00,0x0D0D,0x0D0D,
	0x0D0D,0x0B03,0x0305,0x0506,0x0B0B,0x0505,0x0505,0x0503,
	0x0503,0x0601,0x0303,0x0306,0x0303,0x0603,0x0B07,0x0306,
	0x0B03,0x0305,0x0603,0x0305,0x0305,0x0303,0x0605,0x0506,
	0x050B,0x030B,0x0303,0x0505,0x0506,0x0601,0x0505,0x0B05,
	0x0305,0x0305,0x0505,0x0303,0x0606,0x0506,0x0500,0x0503,

	0x0006,0x0505,0x0505,0x0006,0x0505,0x0606,0x0B0B,0x0605,
	0x0306,0x050B,0x0606,0x030B,0x030C,0x0503,0x0B05,0x060B,
	0x0503,0x0306,0x0106,0x0101,0x0606,0x0606,0x0B05,0x000B,
	0x0303,0x0303,0x0303,0x0505,0x0B0B,0x0505,0x0005,0x0606,
	0x0503,0x0305,0x0306,0x0B05,0x0503,0x0B03,0x0C0B,0x0B05,
	0x0505,0x0C0B,0x0707,0x0700,0x0707,0x0900,0x0909,0x0909,
	0x0909,0x0909,0x0902,0x0909,0x0909,0x0209,0x0707,0x0207,
	0x0709,0x0000,0x0C07,0x0C0B,0x050B,0x0303,0x0C05,0x0306,

	0x0603,0x0505,0x0006,0x050B,0x0603,0x0B05,0x0503,0x0003,
	0x050B,0x0505,0x0B0B,0x0B05,0x0B05,0x0D00,0x0D0D,0x0101,
	0x0D0D,0x010D,0x0501,0x0B0C,0x050B,0x0501,0x0B05,0x0305,
	0x0505,0x0606,0x0503,0x0B03,0x0305,0x0305,0x0606,0x0603,
	0x0106,0x0606,0x0303,0x0601,0x0303,0x0B03,0x0305,0x0306,
	0x0601,0x0506,0x0303,0x0603,0x0505,0x0306,0x0305,0x0B05,
	0x0506,0x0303,0x050B,0x0B05,0x0505,0x0303,0x0303,0x0505,
	0x0606,0x0303,0x0605,0x0006,0x0505,0x0503,0x0303,0x0B03,

	0x060B,0x0B06,0x0306,0x0500,0x0B03,0x0B0B,0x0B0B,0x0605,
	0x0303,0x0303,0x0106,0x0103,0x0606,0x0606,0x0B05,0x0B00,
	0x0B05,0x050B,0x050B,0x0505,0x0B0B,0x0505,0x0B05,0x0505,
	0x060B,0x0103,0x0606,0x050B,0x0603,0x0B03,0x0B0C,0x0505,
	0x0B05,0x0C0B,0x000B,0x0700,0x0700,0x090B,0x0909,0x0909,
	0x0909,0x0909,0x0209,0x0909,0x0909,0x0702,0x0707,0x0207,
	0x0709,0x000B,0x0B07,0x0B07,0x050B,0x0B05,0x0300,0x0303,
	0x0606,0x0303,0x0006,0x0300,0x0B06,0x0306,0x0306,0x0006,

	0x030B,0x0503,0x0505,0x0B0B,0x0B0B,0x060B,0x0D0D,0x010D,
	0x0D0D,0x0D0D,0x0D01,0x0501,0x0B0B,0x0601,0x0B0B,0x050B,
	0x0505,0x050B,0x0606,0x0603,0x0603,0x0505,0x0503,0x0303,
	0x0D06,0x0601,0x0501,0x0601,0x0506,0x0506,0x0503,0x0603,
	0x050B,0x030B,0x0605,0x0303,0x0303,0x0505,0x0606,0x0B05,
	0x0B03,0x0505,0x0B0B,0x050B,0x0B05,0x030B,0x0305,0x0505,
	0x0606,0x0B06,0x030B,0x0003,0x0B0B,0x050B,0x0603,0x0505,
	0x030B,0x0B05,0x0303,0x0B0B,0x0005,0x0B00,0x0B0B,0x0500,

	0x0303,0x0B0B,0x0101,0x0305,0x0106,0x0601,0x0000,0x0B0B,
	0x000B,0x0B00,0x0B0B,0x0000,0x0503,0x0B0B,0x030B,0x0B0B,
	0x0300,0x0603,0x0505,0x0C05,0x0505,0x0B00,0x0B00,0x0B0B,
	0x050B,0x0B0B,0x0B0B,0x0700,0x0700,0x0907,0x0909,0x0909,
	0x0909,0x0909,0x0902,0x0202,0x0202,0x0702,0x0707,0x0707,
	0x0709,0x0707,0x0B00,0x0B0B,0x0B0B,0x0B0B,0x030B,0x0603,
	0x0505,0x0B03,0x0005,0x0300,0x0B03,0x0303,0x0506,0x0003,
	0x050B,0x0506,0x0B00,0x0000,0x0B0B,0x0B00,0x010D,0x010D,

	0x0D01,0x0101,0x0101,0x0006,0x0500,0x0301,0x0000,0x000B,
	0x0B0B,0x0B05,0x0306,0x0305,0x0306,0x050B,0x0305,0x030B,
	0x0603,0x0606,0x0B03,0x0305,0x0005,0x0303,0x000B,0x0506,
	0x0505,0x000B,0x0300,0x0B03,0x0505,0x0B05,0x0503,0x0B05,
	0x0503,0x0305,0x0305,0x0505,0x0505,0x0305,0x0603,0x0503,
	0x0605,0x0606,0x0603,0x0006,0x0505,0x0606,0x0505,0x0505,
	0x0605,0x0503,0x0503,0x050B,0x0305,0x0505,0x0B0B,0x030B,
	0x0505,0x0306,0x0101,0x0106,0x0506,0x0301,0x0B0B,0x0B00,

	0x050B,0x0B0B,0x0B0B,0x0305,0x0503,0x0303,0x0B05,0x0503,
	0x0303,0x0606,0x0603,0x0005,0x0303,0x0B03,0x050B,0x0C03,
	0x0B0C,0x070C,0x0707,0x0707,0x0707,0x0707,0x0909,0x0902,
	0x0909,0x0209,0x0202,0x0909,0x0202,0x0702,0x0207,0x0907,
	0x0707,0x0B00,0x0707,0x070C,0x0507,0x0305,0x030B,0x0503,
	0x0306,0x0303,0x0006,0x0307,0x0505,0x0306,0x0303,0x0006,
	0x050B,0x0B05,0x0B0B,0x030C,0x0505,0x0B05,0x0D05,0x0D01,
	0x0D0D,0x010D,0x0101,0x0101,0x0306,0x0101,0x0301,0x0305,

	0x0505,0x0500,0x0305,0x0B03,0x0305,0x0305,0x0B05,0x0303,
	0x0B06,0x0605,0x0306,0x0303,0x0605,0x0306,0x0603,0x0603,
	0x0B0B,0x0603,0x0503,0x030B,0x0303,0x0B0B,0x0303,0x0B05,
	0x0303,0x0300,0x0503,0x0503,0x0503,0x0505,0x050B,0x0503,
	0x0603,0x0303,0x0306,0x0505,0x0505,0x0503,0x0B05,0x0506,
	0x0505,0x0505,0x0303,0x0B00,0x0303,0x0505,0x050B,0x030B,
	0x0606,0x0306,0x0603,0x0601,0x0306,0x0506,0x0B0B,0x0500,
	0x0505,0x0505,0x0303,0x0606,0x0306,0x0305,0x0B05,0x0505,

	0x0305,0x0605,0x0303,0x0B05,0x0305,0x0B03,0x050B,0x050C,
	0x0303,0x0B0C,0x0707,0x0707,0x0007,0x0700,0x0909,0x0202,
	0x0909,0x0209,0x0202,0x0909,0x0902,0x0707,0x0207,0x0907,
	0x0707,0x000B,0x0C07,0x0C07,0x0C0C,0x030C,0x0305,0x0C03,
	0x0B0B,0x0303,0x0306,0x0303,0x050B,0x0603,0x0303,0x0006,
	0x0B0B,0x0B05,0x0B00,0x0D0D,0x060D,0x010D,0x0605,0x010D,
	0x0D0D,0x010D,0x0101,0x0601,0x0106,0x0106,0x0306,0x0506,
	0x050B,0x0B0B,0x0305,0x0606,0x0303,0x0505,0x050B,0x0503,

	0x0603,0x0603,0x0603,0x0606,0x0306,0x0503,0x0603,0x0303,
	0x0B00,0x0303,0x0605,0x0306,0x0503,0x0503,0x0503,0x0B05,
	0x0305,0x0306,0x0505,0x0B05,0x030B,0x0305,0x000B,0x0303,
	0x0603,0x0605,0x0306,0x0005,0x050B,0x0505,0x0601,0x0506,
	0x0B05,0x050B,0x0505,0x0303,0x0306,0x0505,0x0B00,0x030B,
	0x0503,0x0306,0x050B,0x0606,0x0606,0x0306,0x0B0B,0x0B0B,
	0x0505,0x0B03,0x0603,0x0603,0x0603,0x0606,0x0B05,0x0505,
	0x0305,0x0303,0x0506,0x000B,0x0506,0x0303,0x0503,0x0C0C,

	0x000B,0x050B,0x070B,0x0707,0x0707,0x0707,0x0907,0x0209,
	0x0902,0x0209,0x0902,0x0902,0x0202,0x0707,0x0902,0x0709,
	0x0707,0x0B0B,0x070C,0x0B05,0x0C0B,0x0B0C,0x030B,0x0606,
	0x0B05,0x0305,0x0606,0x0306,0x0605,0x0306,0x0303,0x0003,
	0x050B,0x0B05,0x0D04,0x0D0D,0x010D,0x0D0D,0x0306,0x0601,
	0x0D0D,0x010D,0x0101,0x0101,0x0606,0x0606,0x0606,0x0B03,
	0x0605,0x0606,0x0305,0x0605,0x0306,0x0305,0x0305,0x0303,
	0x0306,0x0506,0x0303,0x0303,0x0603,0x0B03,0x0305,0x0305,

	0x0606,0x0303,0x0303,0x0305,0x0503,0x000B,0x0303,0x0B0B,
	0x0303,0x0603,0x0305,0x0503,0x030B,0x0606,0x0603,0x0305,
	0x0606,0x0603,0x0606,0x0006,0x050B,0x0505,0x0306,0x0601,
	0x0605,0x0B06,0x0503,0x0500,0x0503,0x0503,0x050B,0x050B,
	0x0B05,0x0303,0x0303,0x0606,0x0606,0x0306,0x0505,0x030B,
	0x0503,0x0B0B,0x0306,0x0503,0x0503,0x0606,0x0B0B,0x050B,
	0x0603,0x0303,0x0306,0x0005,0x0303,0x0303,0x0303,0x0C05,
	0x070C,0x0C07,0x0B0C,0x0B0B,0x0707,0x0707,0x0207,0x0209,

	0x0902,0x0209,0x0202,0x0202,0x0707,0x0207,0x0209,0x0709,
	0x0707,0x0700,0x0507,0x0B03,0x0C0C,0x0B0C,0x0500,0x0305,
	0x0305,0x050B,0x0505,0x050B,0x0505,0x0B05,0x0B05,0x0B05,
	0x050B,0x0B0B,0x0B00,0x0105,0x0D0D,0x0D0D,0x0D01,0x0D04,
	0x0D0D,0x010D,0x010D,0x0101,0x0106,0x0101,0x0306,0x0606,
	0x0606,0x0505,0x0505,0x0503,0x0305,0x0305,0x0303,0x0305,
	0x0303,0x060B,0x0503,0x0306,0x0303,0x0305,0x0503,0x0603,
	0x0505,0x0303,0x0306,0x0306,0x0505,0x0306,0x0303,0x0B05,

	0x050B,0x0303,0x050B,0x0305,0x0505,0x0B0B,0x0B05,0x0B00,
	0x030B,0x0B05,0x050B,0x0B00,0x0B0B,0x060B,0x0505,0x050B,
	0x0303,0x0B06,0x050B,0x0B05,0x030B,0x000B,0x000B,0x0B0B,
	0x050B,0x0305,0x0503,0x0303,0x0303,0x0506,0x000B,0x0505,
	0x0B0B,0x000B,0x0005,0x0B05,0x0305,0x0000,0x0B05,0x0005,
	0x0000,0x0B05,0x000B,0x0B0B,0x0000,0x0000,0x0B0B,0x0B0B,
	0x030B,0x0B0B,0x050B,0x000B,0x0707,0x0B07,0x000B,0x0909,
	0x0209,0x0709,0x0707,0x0202,0x0707,0x0907,0x0009,0x0B07,

	0x0B0B,0x070B,0x0B0B,0x0500,0x0B05,0x000B,0x0505,0x0B0B,
	0x0B05,0x0B0B,0x050B,0x050B,0x0B00,0x0505,0x0B0B,0x050B,
	0x0B0B,0x0B0B,0x000B,0x030B,0x0601,0x0601,0x0306,0x0601,
	0x0606,0x0D06,0x0306,0x0603,0x0301,0x0306,0x0306,0x0503,
	0x0B05,0x000B,0x0B00,0x050B,0x0B05,0x050B,0x0506,0x0503,
	0x030B,0x0B03,0x000B,0x050B,0x0B0B,0x0605,0x0B0B,0x0B0B,
	0x0505,0x0B0B,0x050B,0x0B05,0x0B0B,0x0301,0x0B0B,0x0B0B,
	0x0305,0x0305,0x0303,0x0B03,0x0603,0x0303,0x0B0B,0x0505,

	0x0605,0x0505,0x0303,0x0B00,0x0505,0x0605,0x0606,0x0303,
	0x0606,0x0B01,0x0303,0x050B,0x0303,0x0505,0x0B0B,0x0305,
	0x0505,0x0605,0x0305,0x0606,0x0506,0x0306,0x0B0B,0x050B,
	0x0503,0x0B0B,0x0506,0x0303,0x0305,0x0303,0x0B0B,0x0503,
	0x0503,0x050B,0x0B05,0x000B,0x050B,0x0B03,0x030B,0x0505,
	0x0505,0x050B,0x0B0C,0x0B0B,0x0B07,0x0C0B,0x0707,0x0909,
	0x0209,0x0209,0x0707,0x0902,0x0707,0x0207,0x0009,0x0707,
	0x0707,0x0B0B,0x0C05,0x0505,0x030B,0x0B0C,0x050B,0x0503,

	0x0505,0x050B,0x0505,0x0503,0x0505,0x050B,0x0C03,0x0B05,
	0x0505,0x0B05,0x0B0B,0x010B,0x010D,0x0101,0x010D,0x0606,
	0x0D0D,0x0D01,0x0601,0x0106,0x0601,0x0601,0x0606,0x0606,
	0x0303,0x0B05,0x0505,0x0505,0x0505,0x0303,0x0303,0x0303,
	0x0303,0x0305,0x0505,0x0505,0x0605,0x0306,0x0503,0x0505,
	0x0503,0x0505,0x0B03,0x0505,0x0505,0x0601,0x0503,0x0B05,
	0x0605,0x0505,0x0505,0x0305,0x0303,0x0303,0x0B0B,0x050B,
	0x0605,0x0305,0x0303,0x0503,0x0503,0x0305,0x000B,0x0303,

	0x0303,0x0B06,0x0503,0x0303,0x0306,0x0505,0x0B0B,0x050B,
	0x0B05,0x0503,0x0B0B,0x0303,0x0B05,0x050B,0x0B0B,0x0500,
	0x0305,0x0305,0x030B,0x0303,0x0306,0x0505,0x0B05,0x0505,
	0x0305,0x0B05,0x0505,0x0505,0x0505,0x0305,0x0505,0x0305,
	0x0503,0x050C,0x0B05,0x050C,0x0705,0x0C07,0x0707,0x0207,
	0x0209,0x0209,0x0702,0x0202,0x0707,0x0207,0x0007,0x070B,
	0x0C07,0x0505,0x0C0C,0x0B0B,0x0505,0x0505,0x030B,0x0505,
	0x000B,0x0505,0x0B05,0x0B0B,0x0B05,0x0B0B,0x0505,0x000B,

	0x0505,0x0505,0x0505,0x0D0B,0x0D0D,0x0D0D,0x0D0D,0x0101,
	0x0D0D,0x0601,0x010D,0x0606,0x0101,0x0606,0x0606,0x0306,
	0x0503,0x0B00,0x0B05,0x0505,0x0503,0x0605,0x050B,0x0303,
	0x0303,0x0506,0x0505,0x0305,0x0303,0x0B03,0x0305,0x0306,
	0x0505,0x0505,0x0305,0x0305,0x0503,0x0601,0x0503,0x0B05,
	0x0303,0x0303,0x0305,0x0B06,0x0305,0x0303,0x0B00,0x0505,
	0x0B05,0x030B,0x0603,0x0B05,0x0505,0x0505,0x0503,0x0505,
	0x0303,0x0B06,0x0303,0x0500,0x0305,0x0B05,0x0B00,0x030B,

	0x0303,0x0606,0x0603,0x0606,0x0506,0x050B,0x0505,0x0500,
	0x0503,0x0B05,0x0300,0x0303,0x030B,0x0305,0x0B05,0x0303,
	0x0503,0x0B0B,0x050B,0x0B0B,0x0505,0x0303,0x0305,0x0305,
	0x0B05,0x0505,0x0505,0x0B05,0x050C,0x0B05,0x0707,0x0707,
	0x0907,0x0202,0x0207,0x0202,0x0702,0x0702,0x070B,0x0700,
	0x070C,0x0B05,0x050C,0x0B05,0x050B,0x0505,0x050B,0x0305,
	0x0503,0x0303,0x0505,0x0500,0x0503,0x0005,0x0503,0x0003,
	0x0505,0x050B,0x0B0B,0x0D0D,0x0D01,0x060D,0x0D0D,0x0D0D,

	0x010D,0x0106,0x0D0D,0x010D,0x0606,0x0606,0x0606,0x0305,
	0x0606,0x0603,0x0505,0x0505,0x0505,0x0505,0x0601,0x0506,
	0x0505,0x0305,0x0505,0x0305,0x0505,0x0605,0x0606,0x0503,
	0x0B05,0x0605,0x0006,0x0305,0x0505,0x0606,0x0505,0x0B05,
	0x0303,0x0B05,0x0505,0x0503,0x0503,0x0305,0x0B0B,0x0505,
	0x0605,0x0303,0x0303,0x0005,0x0505,0x0505,0x000B,0x0503,
	0x0503,0x0505,0x0303,0x050B,0x0305,0x050B,0x0B0B,0x050B,
	0x0505,0x0303,0x0606,0x0306,0x0303,0x0306,0x0B05,0x050B,

	0x0505,0x0B05,0x0303,0x0303,0x0605,0x0303,0x0B05,0x0305,
	0x0605,0x0603,0x0505,0x0503,0x0305,0x0503,0x0503,0x0505,
	0x0B05,0x0305,0x0B05,0x0B0B,0x0B0B,0x070B,0x0707,0x0007,
	0x0707,0x0202,0x0202,0x0202,0x0202,0x0B07,0x0B0C,0x0C0B,
	0x070B,0x0B05,0x0305,0x050C,0x050B,0x0505,0x050B,0x0505,
	0x0B05,0x0305,0x030B,0x0C05,0x0303,0x0000,0x0505,0x0003,
	0x050B,0x0B0B,0x0D04,0x0D0D,0x0301,0x0301,0x0D0D,0x0D01,
	0x0606,0x0406,0x0D0D,0x0D0D,0x0101,0x0606,0x0B05,0x0606,

	0x0606,0x0505,0x0503,0x030B,0x0303,0x0503,0x0303,0x0305,
	0x0505,0x050B,0x0606,0x0305,0x0305,0x0606,0x0506,0x0505,
	0x0B05,0x0606,0x0505,0x050B,0x0505,0x0B05,0x050B,0x0B0B,
	0x0B05,0x050B,0x0005,0x050B,0x0B05,0x030B,0x0B0B,0x000B,
	0x010B,0x0B06,0x0305,0x0005,0x000B,0x0505,0x0B00,0x000B,
	0x0B06,0x0605,0x0B05,0x0505,0x0005,0x0B0B,0x0B0B,0x0500,
	0x0B0B,0x050B,0x0606,0x050B,0x0606,0x0506,0x0B0B,0x0505,
	0x0B0B,0x0303,0x0303,0x060B,0x0B03,0x0B03,0x0005,0x030B,

	0x030B,0x0605,0x0B03,0x0000,0x0505,0x0B0B,0x050B,0x0B0B,
	0x0B0B,0x0B0C,0x0B0E,0x000B,0x0B0B,0x0B0B,0x0700,0x0707,
	0x0007,0x0000,0x0707,0x0007,0x0700,0x000B,0x0C0B,0x0B0C,
	0x0B00,0x0C05,0x0B0B,0x0505,0x0B05,0x0505,0x0005,0x0B0B,
	0x0505,0x0B05,0x0303,0x0B05,0x050B,0x0503,0x0B0B,0x0B00,
	0x0B0B,0x0B0B,0x0D0D,0x0B06,0x0603,0x0305,0x0601,0x0306,
	0x0305,0x000B,0x0600,0x0601,0x060D,0x050B,0x0605,0x0506,
	0x0306,0x0503,0x0303,0x0600,0x0B05,0x0303,0x050B,0x0B0B,

	0x0505,0x0600,0x0505,0x0306,0x0101,0x0505,0x0305,0x0106,
	0x0606,0x0003,0x0305,0x0505,0x0306,0x0503,0x0B0B,0x0B0B,
	0x0503,0x0B05,0x0B03,0x0B03,0x0505,0x0303,0x0B00,0x0505,
	0x010B,0x0503,0x0603,0x0005,0x0505,0x0303,0x0000,0x0505,
	0x0003,0x0600,0x0B03,0x0505,0x0505,0x0B0B,0x0B00,0x030B,
	0x0B0B,0x0305,0x0606,0x0603,0x0306,0x0306,0x0B0B,0x050B,
	0x0503,0x0306,0x0306,0x0303,0x0503,0x0303,0x0B00,0x0305,
	0x0303,0x0605,0x0B06,0x0B0B,0x030B,0x0503,0x0005,0x0000,

	0x0707,0x0000,0x0707,0x0707,0x0707,0x0700,0x0707,0x0707,
	0x0707,0x0707,0x0707,0x0707,0x0707,0x0707,0x0707,0x0007,
	0x0007,0x0007,0x0000,0x0000,0x0000,0x0700,0x0B00,0x0503,
	0x0B05,0x0305,0x0303,0x0C05,0x0305,0x0B05,0x0305,0x0005,
	0x050B,0x0505,0x0D04,0x060D,0x0606,0x0603,0x0D0D,0x0106,
	0x0506,0x0503,0x0103,0x010D,0x0101,0x0603,0x060B,0x0606,
	0x0306,0x0306,0x0306,0x0305,0x0C05,0x0606,0x0B0B,0x0505,
	0x0003,0x030B,0x0606,0x0306,0x0106,0x0306,0x0603,0x0606,

	0x0603,0x0306,0x0B03,0x0305,0x0303,0x0503,0x0505,0x0B05,
	0x0305,0x0505,0x0505,0x0B03,0x030B,0x0305,0x0500,0x050B,
	0x0005,0x0603,0x0303,0x0B05,0x0503,0x0505,0x0306,0x0303,
	0x0503,0x030B,0x0505,0x050B,0x0503,0x0B0B,0x0B00,0x0505,
	0x0B05,0x0303,0x0305,0x0306,0x0603,0x0301,0x0505,0x000B,
	0x0305,0x0505,0x030B,0x0606,0x0305,0x0305,0x0305,0x0503,
	0x0503,0x050B,0x0305,0x0503,0x0505,0x0505,0x0D05,0x0404,
	0x0404,0x0404,0x0404,0x0404,0x0808,0x0804,0x0404,0x0404,

	0x0404,0x0404,0x040D,0x0404,0x0D04,0x0D04,0x0D04,0x0D0D,
	0x0D0D,0x0D01,0x0D0D,0x010D,0x0D0D,0x010D,0x0B0D,0x050B,
	0x0000,0x0505,0x0B05,0x0505,0x0303,0x0505,0x0503,0x0B05,
	0x0505,0x0B0B,0x010D,0x0606,0x0B06,0x0306,0x060D,0x0306,
	0x0D03,0x050B,0x0105,0x0101,0x0101,0x0305,0x0306,0x0606,
	0x0606,0x0305,0x0B05,0x0505,0x0B05,0x0505,0x0B05,0x050C,
	0x0503,0x0600,0x0606,0x0303,0x0606,0x0606,0x0303,0x0306,
	0x030B,0x0503,0x0505,0x0505,0x0505,0x0503,0x050B,0x0B0B,

	0x0505,0x050B,0x0B05,0x0B03,0x0505,0x0303,0x0500,0x0505,
	0x0003,0x0303,0x0303,0x0305,0x0503,0x0B05,0x0503,0x0503,
	0x0503,0x0300,0x0506,0x0B0B,0x0B03,0x0B0B,0x0B0B,0x030B,
	0x0B0B,0x0303,0x0B03,0x0603,0x0605,0x0306,0x0B05,0x0B0B,
	0x0505,0x0503,0x0503,0x0303,0x0303,0x0305,0x0506,0x0503,
	0x0303,0x0303,0x0603,0x0B05,0x030B,0x0305,0x0D05,0x0D0D,
	0x0D0D,0x040D,0x0D04,0x0404,0x0404,0x0404,0x0D0D,0x060D,
	0x0D01,0x0601,0x0106,0x0601,0x0606,0x0D01,0x0306,0x0605,

	0x0601,0x0303,0x0606,0x0306,0x0606,0x0606,0x0B0D,0x0B05,
	0x0005,0x0305,0x0B05,0x030B,0x0306,0x050B,0x0505,0x0505,
	0x0B05,0x0B0B,0x050B,0x0301,0x0503,0x0400,0x0305,0x010D,
	0x0404,0x0305,0x0503,0x0101,0x0101,0x0505,0x0505,0x0606,
	0x0606,0x0305,0x0B03,0x0505,0x0505,0x0503,0x030B,0x0505,
	0x0605,0x0303,0x0505,0x0606,0x0606,0x0B05,0x0605,0x0303,
	0x0B0B,0x0303,0x0B03,0x050B,0x0503,0x0B05,0x0B05,0x0B05,
	0x0503,0x0B0B,0x0B0B,0x0B03,0x0505,0x0303,0x0B0B,0x0505,

	0x0003,0x0303,0x0305,0x000B,0x0503,0x0505,0x0303,0x030B,
	0x0503,0x0300,0x0303,0x0B00,0x0503,0x0505,0x0B0B,0x030B,
	0x0B03,0x0603,0x0603,0x0603,0x0603,0x0C01,0x0B05,0x0B00,
	0x0505,0x0B03,0x050B,0x0303,0x0305,0x0305,0x000B,0x0505,
	0x0303,0x0605,0x0503,0x0B05,0x0305,0x0505,0x0D05,0x0D0D,
	0x0D0D,0x0D0D,0x040D,0x0404,0x0D0D,0x040D,0x0D0D,0x060D,
	0x0101,0x0601,0x0103,0x0601,0x0606,0x0106,0x0506,0x0603,
	0x0606,0x0303,0x0606,0x0603,0x0603,0x0B06,0x0B03,0x050B,

	0x0B05,0x0505,0x0505,0x050B,0x0505,0x0B05,0x0505,0x0505,
	0x0505,0x0505,0x050B,0x0105,0x0B05,0x0400,0x0C03,0x0404,
	0x0C03,0x0B05,0x0B05,0x0605,0x0101,0x0305,0x0306,0x0603,
	0x0606,0x0605,0x0506,0x0B05,0x0305,0x0503,0x0303,0x0503,
	0x0305,0x0303,0x0603,0x0B0B,0x0506,0x0503,0x030B,0x0305,
	0x0505,0x0605,0x0B03,0x0300,0x0505,0x0505,0x050B,0x0505,
	0x0B0B,0x0606,0x0B0B,0x0303,0x0B03,0x0500,0x0603,0x0B0B,
	0x050B,0x0505,0x0303,0x0003,0x0B00,0x0603,0x0603,0x050B,

	0x0505,0x050B,0x0306,0x0603,0x0B00,0x0B00,0x0000,0x030B,
	0x0503,0x0B03,0x0B05,0x0606,0x060B,0x0501,0x0B0B,0x0B0B,
	0x0305,0x0B0B,0x0303,0x030B,0x0B05,0x0B03,0x0B00,0x050B,
	0x0305,0x0503,0x0305,0x0B0B,0x050B,0x0B05,0x0D0B,0x0D01,
	0x0D0D,0x0D04,0x040D,0x0404,0x0104,0x0404,0x0101,0x0101,
	0x0301,0x0D06,0x0506,0x0605,0x0106,0x0503,0x0D06,0x0606,
	0x0603,0x0606,0x0306,0x0505,0x0306,0x0006,0x0005,0x000B,
	0x000B,0x0B05,0x0B0B,0x0B0B,0x0505,0x0B0C,0x030B,0x0B05,

	0x0B05,0x0B05,0x0505,0x0B0B,0x0B0B,0x0400,0x0604,0x0404,
	0x0404,0x0404,0x0004,0x0505,0x0005,0x0305,0x0303,0x0505,
	0x0603,0x0306,0x0B03,0x050B,0x050B,0x0505,0x0301,0x0303,
	0x0B03,0x030B,0x0506,0x0606,0x0B05,0x0B0B,0x050B,0x0101,
	0x0606,0x0505,0x060C,0x0B06,0x060B,0x0303,0x030B,0x0B0B,
	0x0B03,0x0503,0x0B0B,0x0306,0x0B06,0x0605,0x0603,0x0505,
	0x0B05,0x0603,0x0606,0x0005,0x050B,0x0603,0x0103,0x060B,
	0x0B06,0x0605,0x0601,0x0606,0x050B,0x0B05,0x0B00,0x060B,

	0x0505,0x0B06,0x000B,0x0601,0x0105,0x0501,0x0B05,0x0B0B,
	0x0305,0x0505,0x0606,0x0305,0x0305,0x0306,0x0B0B,0x030B,
	0x0503,0x0303,0x0603,0x0B0B,0x0305,0x0B05,0x0D05,0x0D0D,
	0x0D0D,0x0404,0x0D0D,0x040D,0x0104,0x0401,0x0101,0x0106,
	0x0101,0x0101,0x0303,0x0101,0x0606,0x0606,0x0606,0x0606,
	0x0606,0x0606,0x0606,0x0303,0x0603,0x0B06,0x000B,0x0B05,
	0x0B0B,0x0305,0x0B05,0x0B0B,0x0003,0x0000,0x030B,0x0000,
	0x0B0B,0x0505,0x0505,0x0B00,0x0005,0x0400,0x0F0D,0x0408,

	0x0D01,0x0D0D,0x0B0D,0x0600,0x0305,0x0503,0x0305,0x0603,
	0x0506,0x0605,0x0506,0x0B05,0x060B,0x0506,0x0601,0x0606,
	0x0B06,0x030B,0x0606,0x0601,0x0506,0x0B05,0x030B,0x0601,
	0x0106,0x0503,0x0603,0x0303,0x0603,0x0305,0x030B,0x0B05,
	0x0503,0x0305,0x0505,0x0B05,0x0505,0x0505,0x0B0B,0x0505,
	0x0505,0x050B,0x0505,0x000B,0x050B,0x0B0B,0x0B05,0x0505,
	0x0505,0x050B,0x0B05,0x0B0B,0x0505,0x050B,0x050B,0x0305,
	0x0505,0x0303,0x0303,0x0306,0x0B05,0x0305,0x0B0B,0x0B0B,

	0x0505,0x050B,0x050B,0x0B0B,0x0B0B,0x0B05,0x0B0B,0x0505,
	0x0305,0x0505,0x0505,0x0B05,0x0505,0x0C05,0x0D0B,0x0D0D,
	0x0404,0x0D01,0x0401,0x040D,0x0D0D,0x040D,0x0101,0x060D,
	0x0606,0x0301,0x0603,0x0101,0x0106,0x0606,0x0B06,0x0105,
	0x0606,0x0B05,0x0603,0x0305,0x0306,0x0303,0x0B06,0x050B,
	0x0B0B,0x0B05,0x050B,0x0B0B,0x0805,0x0808,0x0B05,0x0004,
	0x0B05,0x0B0B,0x0B0B,0x0B03,0x000B,0x0400,0x0704,0x000B,
	0x0408,0x0D04,0x0C0D,0x050D,0x0B00,0x0303,0x0C03,0x0303,

	0x0606,0x0503,0x0505,0x050B,0x0505,0x0B05,0x0B05,0x0505,
	0x0505,0x0B0B,0x0505,0x0B03,0x0505,0x0B0B,0x050B,0x0505,
	0x0B05,0x0505,0x0B05,0x050B,0x0505,0x050B,0x050B,0x0B05,
	0x0505,0x0B0B,0x0B05,0x000B,0x0B0B,0x0B05,0x050B,0x050B,
	0x000B,0x050B,0x0505,0x0B05,0x0505,0x0B05,0x0B0B,0x0505,
	0x0B05,0x050B,0x0505,0x0B0B,0x0505,0x0B0B,0x0B0B,0x0505,
	0x0B05,0x0505,0x050B,0x0303,0x0505,0x0C0B,0x0505,0x0B0B,
	0x0505,0x0B05,0x0B05,0x0B05,0x0B0B,0x0B0B,0x0B0B,0x0B05,

	0x0505,0x050B,0x0B05,0x0B0B,0x050B,0x0B05,0x0105,0x0D0D,
	0x040D,0x0D01,0x0D0D,0x0D0D,0x0D0D,0x0D0D,0x0101,0x0306,
	0x0601,0x0601,0x0606,0x0606,0x0B05,0x0606,0x0606,0x0603,
	0x0306,0x0306,0x0606,0x0505,0x0303,0x0303,0x0B06,0x0B0B,
	0x000B,0x0B0B,0x0B0B,0x0B0B,0x0B0B,0x0808,0x0B04,0x0405,
	0x050D,0x050B,0x050B,0x0B05,0x000B,0x0400,0x0504,0x000C,
	0x0808,0x0D0D,0x0B04,0x0505,0x0106,0x0408,0x0B03,0x0603,
	0x0606,0x0B0B,0x0B05,0x0B05,0x0505,0x0505,0x0B05,0x0505,

	0x0B05,0x0B05,0x0505,0x050B,0x0503,0x0B05,0x0505,0x0505,
	0x0505,0x050B,0x0B05,0x0505,0x0505,0x050B,0x0505,0x0B05,
	0x0503,0x050B,0x0503,0x0503,0x0303,0x0603,0x0605,0x0306,
	0x0305,0x0605,0x0606,0x0303,0x0606,0x0606,0x0503,0x0603,
	0x0506,0x060B,0x0606,0x0606,0x0606,0x0505,0x030B,0x0603,
	0x0306,0x0106,0x0606,0x0601,0x0301,0x0606,0x0503,0x0B00,
	0x0303,0x0306,0x0606,0x0606,0x0603,0x0305,0x0306,0x0606,
	0x0303,0x0303,0x0B03,0x0503,0x0305,0x0503,0x0103,0x0101,

	0x0601,0x0101,0x0601,0x0106,0x0106,0x0603,0x0606,0x0306,
	0x0603,0x0306,0x030B,0x0306,0x0503,0x0306,0x0303,0x030B,
	0x0303,0x0B05,0x030C,0x0B03,0x0305,0x0505,0x0B05,0x0505,
	0x0505,0x0B0B,0x0B05,0x0B0B,0x0B0B,0x0000,0x0808,0x0D04,
	0x0B04,0x0305,0x0B0B,0x0B0B,0x0B0B,0x0400,0x0C04,0x000B,
	0x0808,0x0D04,0x0504,0x0305,0x0404,0x0D0D,0x0404,0x060C,
	0x0606,0x0B0B,0x060B,0x0306,0x0606,0x0605,0x0606,0x0606,
	0x0306,0x0606,0x0606,0x0603,0x0606,0x0306,0x0606,0x0606,

	0x0B05,0x0606,0x0306,0x0606,0x0306,0x0603,0x0305,0x0303,
	0x0303,0x0505,0x0505,0x0503,0x0305,0x0505,0x0505,0x0303,
	0x0503,0x0305,0x0303,0x0505,0x0503,0x0503,0x0505,0x0605,
	0x0606,0x0303,0x0303,0x0603,0x0606,0x0505,0x0305,0x0603,
	0x0306,0x0606,0x0606,0x0601,0x0306,0x0606,0x0306,0x050B,
	0x0305,0x0503,0x0303,0x0603,0x0306,0x0603,0x0503,0x0503,
	0x0503,0x0505,0x0B05,0x0606,0x0D01,0x040D,0x040D,0x0404,
	0x0506,0x0404,0x0404,0x0404,0x0404,0x0404,0x0404,0x0D04,

	0x0D06,0x0D0D,0x0D0D,0x0D04,0x0D04,0x0104,0x0D0D,0x0D01,
	0x0D0D,0x000B,0x0D0D,0x0101,0x0D01,0x0B0D,0x010B,0x0101,
	0x0D01,0x0B0B,0x0B0B,0x0B0B,0x0404,0x0404,0x080D,0x0404,
	0x0504,0x0B0B,0x0B00,0x000B,0x080B,0x0404,0x0C04,0x000B,
	0x0808,0x0404,0x0504,0x0405,0x0D04,0x0404,0x0404,0x0603,
	0x0006,0x0B0B,0x0606,0x0303,0x0303,0x0306,0x0303,0x0603,
	0x0506,0x0305,0x0303,0x0503,0x0303,0x0503,0x0505,0x0506,
	0x0306,0x0603,0x0603,0x0606,0x0303,0x0505,0x0503,0x0503,

	0x0503,0x0503,0x0303,0x0303,0x0306,0x0303,0x0603,0x0606,
	0x0306,0x0603,0x0606,0x0303,0x0303,0x0303,0x0303,0x0606,
	0x0606,0x0606,0x0606,0x0606,0x0606,0x0505,0x0606,0x0606,
	0x0306,0x0101,0x0101,0x0101,0x0101,0x0101,0x0606,0x0003,
	0x0305,0x0606,0x0306,0x0306,0x0606,0x0606,0x0603,0x0306,
	0x0303,0x0505,0x0B05,0x0606,0x0D01,0x0D0D,0x0404,0x0404,
	0x050B,0x0404,0x0404,0x0404,0x0404,0x0404,0x0404,0x0404,
	0x0403,0x0404,0x0404,0x0404,0x0404,0x0D04,0x0D04,0x0D04,

	0x0D0D,0x000B,0x0D0D,0x0D0D,0x0D04,0x060D,0x0D00,0x0D0D,
	0x0101,0x0B00,0x0B00,0x050B,0x0804,0x0404,0x0806,0x040D,
	0x0004,0x0B05,0x0B0B,0x0B0B,0x0400,0x040D,0x000D,0x0707,
	0x0808,0x0404,0x0B0D,0x0400,0x0104,0x040D,0x0404,0x050B,
	0x000D,0x000B,0x0606,0x0606,0x0606,0x0606,0x0606,0x0606,
	0x0306,0x0103,0x0301,0x0606,0x0606,0x0506,0x0303,0x0306,
	0x0606,0x0606,0x0606,0x0601,0x0606,0x0306,0x0306,0x0306,
	0x0505,0x0B0B,0x0505,0x0B0B,0x0B0B,0x0B0B,0x0B0B,0x050B,

	0x0B0B,0x0B00,0x0B05,0x0B00,0x0B0B,0x0B05,0x0B0B,0x0505,
	0x0505,0x0305,0x0B05,0x0B0B,0x0505,0x0B05,0x0B0B,0x0505,
	0x0B0B,0x0505,0x050B,0x0503,0x0B05,0x030B,0x0B05,0x0B00,
	0x0305,0x0B05,0x0505,0x0B0B,0x0B0B,0x0303,0x0B0B,0x050B,
	0x000B,0x0B0B,0x0B0B,0x0601,0x0106,0x0D03,0x0601,0x0601,
	0x0101,0x0101,0x040D,0x0D0D,0x0301,0x0603,0x0303,0x0505,
	0x0603,0x0306,0x0605,0x0603,0x0503,0x0305,0x0506,0x0303,
	0x0306,0x000B,0x0606,0x0503,0x0505,0x0503,0x0B05,0x0505,

	0x0603,0x0B0B,0x050B,0x0B0B,0x0B00,0x030D,0x0808,0x0404,
	0x0404,0x050B,0x0505,0x0B0B,0x080B,0x0408,0x0804,0x0404,
	0x0408,0x0404,0x0504,0x0404,0x0104,0x0404,0x0D04,0x0605,
	0x0B0B,0x0503,0x0303,0x0B03,0x0505,0x0505,0x0B0B,0x0505,
	0x0505,0x0505,0x0505,0x050B,0x050B,0x0505,0x0503,0x0B05,
	0x0B00,0x0505,0x0B05,0x050B,0x0505,0x0B0B,0x0B0B,0x0B0B,
	0x0505,0x0B05,0x0B05,0x0B0B,0x0505,0x050B,0x0306,0x0505,
	0x0003,0x0500,0x0305,0x0B05,0x0503,0x0505,0x0505,0x0605,

	0x0503,0x060B,0x0303,0x0505,0x0B05,0x0505,0x0505,0x0303,
	0x0503,0x0606,0x0603,0x0303,0x0503,0x0303,0x0303,0x0B0B,
	0x0503,0x0B05,0x030B,0x0303,0x0305,0x0503,0x0B03,0x0503,
	0x0505,0x0B0B,0x0B05,0x0601,0x0101,0x0101,0x0101,0x0D06,
	0x0C03,0x0D0D,0x010D,0x0D01,0x0606,0x0603,0x0606,0x0301,
	0x0603,0x0601,0x0505,0x0606,0x0606,0x0306,0x0506,0x030B,
	0x0306,0x000B,0x0303,0x0303,0x0603,0x0303,0x0306,0x0303,
	0x0603,0x0B0B,0x0B0B,0x0500,0x0B0B,0x000D,0x0408,0x0D04,

	0x0404,0x0B0B,0x0B00,0x0B05,0x080B,0x0808,0x0808,0x0808,
	0x0808,0x0404,0x0404,0x0404,0x0404,0x0404,0x0503,0x0306,
	0x030B,0x0305,0x0305,0x0303,0x0303,0x0603,0x0305,0x0603,
	0x0303,0x0506,0x0303,0x0303,0x0503,0x0503,0x0305,0x0305,
	0x0601,0x0606,0x0505,0x0500,0x0303,0x0305,0x0505,0x0505,
	0x0303,0x0305,0x0B0B,0x0B05,0x050B,0x0505,0x0306,0x0505,
	0x0B05,0x0505,0x0505,0x0505,0x0505,0x0505,0x0505,0x0605,
	0x0305,0x0605,0x0505,0x050B,0x0505,0x0B05,0x0303,0x0303,

	0x0B05,0x0306,0x0505,0x0605,0x0B03,0x0305,0x0603,0x0B0B,
	0x0505,0x0B05,0x0305,0x0303,0x0303,0x050B,0x0005,0x0305,
	0x0B05,0x0B0B,0x0B0B,0x0506,0x0606,0x0101,0x0101,0x0D06,
	0x0B05,0x0D0D,0x0D0D,0x0D0D,0x0606,0x0305,0x0606,0x0306,
	0x0605,0x0C06,0x060C,0x0606,0x0506,0x0305,0x0B03,0x030B,
	0x0303,0x0005,0x0503,0x0B03,0x0305,0x0603,0x0303,0x0303,
	0x0603,0x0B0B,0x0B0B,0x0B0B,0x0B0B,0x000B,0x0404,0x0404,
	0x0404,0x050D,0x0B0B,0x000B,0x0B0B,0x0400,0x0808,0x0804,

	0x0804,0x0404,0x0404,0x0404,0x0404,0x0B04,0x0505,0x0606,
	0x0B03,0x0303,0x0505,0x0506,0x0503,0x0503,0x0505,0x0505,
	0x0B05,0x060B,0x0303,0x0305,0x0505,0x0506,0x0306,0x0505,
	0x0606,0x0505,0x0B05,0x0505,0x0503,0x0303,0x0505,0x0B05,
	0x0505,0x0605,0x0505,0x0306,0x0B06,0x0B0B,0x0005,0x0606,
	0x060B,0x0506,0x050B,0x050B,0x0505,0x0505,0x000B,0x0B05,
	0x0603,0x0506,0x0B03,0x0503,0x0B0B,0x050B,0x0303,0x060B,
	0x0B03,0x0603,0x0603,0x0303,0x0506,0x0505,0x0B05,0x0B0B,

	0x0505,0x030B,0x0303,0x0505,0x0600,0x0B05,0x0505,0x0305,
	0x0B05,0x0B05,0x0B0B,0x0101,0x0606,0x0501,0x0D0B,0x0D01,
	0x0703,0x010D,0x0D06,0x0D01,0x0506,0x0603,0x0606,0x0C06,
	0x0603,0x0606,0x0603,0x0606,0x0306,0x0303,0x0B03,0x0605,
	0x0506,0x0B05,0x0303,0x0503,0x0303,0x0603,0x0303,0x0603,
	0x0106,0x0B0B,0x0B0B,0x0B00,0x0404,0x0404,0x0404,0x0404,
	0x0104,0x0D01,0x0D0D,0x050B,0x000B,0x0D00,0x0D04,0x0E03,
	0x0803,0x0404,0x0404,0x0D04,0x0304,0x0507,0x0303,0x0306,

	0x0006,0x0B0B,0x0606,0x0305,0x0505,0x0606,0x0606,0x0606,
	0x0B06,0x0303,0x0306,0x0B05,0x0605,0x0603,0x0506,0x0505,
	0x0606,0x0606,0x0606,0x0301,0x0505,0x0505,0x0505,0x0B05,
	0x000B,0x0605,0x0500,0x0306,0x0005,0x0000,0x0005,0x0503,
	0x0300,0x0B05,0x050B,0x0305,0x000B,0x0500,0x0505,0x0700,
	0x060B,0x0001,0x050B,0x0506,0x0B00,0x0000,0x0503,0x0B0B,
	0x0505,0x0300,0x0106,0x030B,0x0505,0x0B05,0x000B,0x0B05,
	0x0B0B,0x060B,0x0B05,0x0B00,0x0303,0x0B00,0x050B,0x0B05,

	0x0B0B,0x0B05,0x0000,0x0606,0x0506,0x0B03,0x060B,0x0606,
	0x0506,0x0601,0x010C,0x0D0D,0x0303,0x0603,0x0306,0x0503,
	0x0305,0x0505,0x0306,0x050B,0x0603,0x060B,0x0305,0x0603,
	0x0006,0x0B05,0x0B0B,0x030B,0x0B05,0x0B05,0x0B05,0x050B,
	0x0605,0x0000,0x0B00,0x0B00,0x0804,0x0404,0x0404,0x0404,
	0x0404,0x040D,0x0101,0x0000,0x0B00,0x0400,0x0D04,0x0703,
	0x040E,0x0404,0x0404,0x0404,0x0104,0x0B0B,0x0306,0x0601,
	0x0006,0x0B00,0x0306,0x060B,0x0B05,0x0605,0x0606,0x0601,

	0x0B03,0x030B,0x0606,0x0B00,0x0600,0x0303,0x0005,0x0B0B,
	0x0101,0x0606,0x0606,0x0306,0x0000,0x050B,0x0B0B,0x050B,
	0x050B,0x0505,0x050B,0x030B,0x0B06,0x050B,0x0305,0x0603,
	0x0303,0x0B05,0x0B0B,0x0B0B,0x030B,0x0B06,0x0B0B,0x060B,
	0x0506,0x0605,0x0506,0x0306,0x0B0B,0x0B0B,0x0305,0x030B,
	0x0505,0x0603,0x0B03,0x0505,0x0503,0x0B03,0x0B03,0x0505,
	0x050B,0x0505,0x0603,0x0B0B,0x000B,0x050B,0x0B05,0x0B05,
	0x0B0B,0x0B0B,0x0B0B,0x0606,0x0106,0x0103,0x0106,0x0101,

	0x0B05,0x0101,0x0601,0x0D06,0x0306,0x0305,0x0306,0x0505,
	0x060B,0x0606,0x0606,0x0306,0x0305,0x0505,0x0506,0x0505,
	0x0305,0x0000,0x0306,0x0505,0x0305,0x0303,0x0305,0x0303,
	0x0606,0x0B00,0x0B0B,0x0B0B,0x0B00,0x0408,0x0404,0x0404,
	0x0C04,0x0101,0x0101,0x060D,0x0000,0x0B00,0x0104,0x0101,
	0x0407,0x0404,0x0D04,0x010D,0x0706,0x0202,0x0B00,0x0000,
	0x0B0B,0x0B03,0x0505,0x0503,0x0505,0x0503,0x0500,0x0305,
	0x0306,0x0506,0x0B05,0x0B0B,0x0306,0x0303,0x0303,0x0B03,

	0x0B05,0x0505,0x0505,0x050B,0x0605,0x0B00,0x050B,0x0B05,
	0x0305,0x000B,0x0503,0x0505,0x0506,0x0303,0x050B,0x0505,
	0x0303,0x0305,0x0303,0x050B,0x0505,0x0305,0x0505,0x0505,
	0x0603,0x0603,0x0506,0x0306,0x0505,0x050B,0x0303,0x0605,
	0x0003,0x0306,0x050B,0x0303,0x0605,0x0506,0x0303,0x0B0B,
	0x0505,0x0B0B,0x050B,0x0505,0x0303,0x0505,0x050B,0x050B,
	0x0B05,0x0B00,0x0305,0x0306,0x0606,0x0101,0x0D01,0x0101,
	0x0501,0x0D0D,0x010D,0x0D06,0x0603,0x0305,0x0606,0x0B0B,

	0x0303,0x0303,0x0605,0x0306,0x0506,0x0303,0x0303,0x030B,
	0x0603,0x0000,0x0303,0x0B03,0x0503,0x0503,0x0505,0x0505,
	0x0603,0x0B0B,0x0000,0x0B00,0x0B0B,0x0B0B,0x0B0B,0x0D04,
	0x0E0D,0x010D,0x0101,0x020D,0x0202,0x0B02,0x0407,0x0404,
	0x0404,0x0404,0x030D,0x0707,0x0707,0x0202,0x0707,0x0B07,
	0x050B,0x0B0B,0x0505,0x0503,0x0C05,0x0303,0x0601,0x0606,
	0x0103,0x0503,0x0605,0x0303,0x0303,0x0305,0x0306,0x0603,
	0x0603,0x0303,0x0603,0x0606,0x0303,0x0000,0x0305,0x0B05,

	0x0506,0x0000,0x0503,0x0B05,0x030B,0x0503,0x0503,0x0303,
	0x0B05,0x050B,0x0305,0x0B0B,0x0505,0x0305,0x0B05,0x0303,
	0x0605,0x0603,0x0303,0x0603,0x0505,0x0B05,0x0505,0x0605,
	0x0005,0x0506,0x0503,0x0306,0x0605,0x0506,0x0303,0x0B0B,
	0x0505,0x0B05,0x0500,0x0303,0x0505,0x0503,0x000B,0x0505,
	0x0B0B,0x050B,0x0303,0x0503,0x0603,0x0306,0x0603,0x0606,
	0x0306,0x0606,0x0301,0x0603,0x0603,0x0C0B,0x0303,0x0505,
	0x0303,0x0303,0x030B,0x0503,0x0B05,0x0303,0x0503,0x050B,

	0x0503,0x0505,0x0305,0x0B05,0x0305,0x0503,0x050B,0x0305,
	0x0505,0x0505,0x0005,0x0B0B,0x0B0B,0x0B0B,0x0B05,0x0B05,
	0x0705,0x0D0D,0x0101,0x0205,0x0202,0x0202,0x0B02,0x0B0B,
	0x0C0B,0x0707,0x0707,0x0202,0x0207,0x0702,0x0707,0x030B,
	0x0606,0x0B0B,0x0B05,0x0505,0x0303,0x0505,0x0306,0x0603,
	0x0603,0x0506,0x0605,0x030B,0x0303,0x0503,0x0303,0x0606,
	0x0B05,0x0303,0x0303,0x0303,0x0303,0x0B0B,0x0503,0x0B05,
	0x0303,0x0B0B,0x0503,0x000B,0x030B,0x0603,0x0503,0x0505,

	0x0505,0x0303,0x0503,0x0505,0x0505,0x0603,0x0000,0x0305,
	0x0605,0x0506,0x0B03,0x0303,0x0503,0x0505,0x0505,0x0605,
	0x0005,0x0306,0x0B05,0x0506,0x0505,0x0505,0x0303,0x050B,
	0x0505,0x0500,0x0503,0x030B,0x0503,0x0505,0x0000,0x0B0B,
	0x0105,0x0106,0x010D,0x010D,0x010D,0x0D01,0x040D,0x040D,
	0x0D0D,0x0D04,0x0404,0x0404,0x0D0D,0x0D01,0x0D0D,0x0D0D,
	0x0D0D,0x010D,0x0D01,0x010D,0x0101,0x010D,0x010D,0x0D01,
	0x0101,0x0601,0x0D01,0x0101,0x0101,0x0601,0x0101,0x0103,

	0x0101,0x010D,0x0601,0x050D,0x0B0B,0x0305,0x0B05,0x0505,
	0x0B0B,0x0101,0x0606,0x0207,0x0202,0x0202,0x0702,0x0702,
	0x0202,0x0202,0x0202,0x0202,0x0707,0x0B07,0x0B00,0x0600,
	0x0606,0x0606,0x0B03,0x030B,0x0503,0x0503,0x0301,0x0603,
	0x0006,0x0505,0x0303,0x0601,0x0303,0x0306,0x0306,0x0303,
	0x0305,0x0503,0x0503,0x0505,0x0603,0x0B00,0x050B,0x0B05,
	0x0505,0x0306,0x0B0B,0x060B,0x0503,0x0B05,0x0303,0x0505,
	0x0503,0x0000,0x0000,0x0505,0x050B,0x0B05,0x0B0B,0x050B,

	0x030B,0x0B06,0x0B05,0x0606,0x0B03,0x0000,0x0505,0x050B,
	0x0005,0x0303,0x0305,0x0B00,0x0505,0x0B0B,0x030B,0x0000,
	0x0B05,0x0505,0x0005,0x0300,0x0B06,0x0B0B,0x0B0B,0x0005,
	0x0300,0x0606,0x0603,0x0105,0x0505,0x0306,0x0303,0x0305,
	0x0101,0x0601,0x000D,0x0B0B,0x0B0B,0x0005,0x0B0B,0x0505,
	0x000B,0x0B00,0x0B0B,0x0000,0x050B,0x0B00,0x0B00,0x0B0B,
	0x0B0B,0x0000,0x000B,0x0B00,0x0000,0x0000,0x0B0B,0x0B00,
	0x0B0B,0x0000,0x0B0B,0x050B,0x0B00,0x050B,0x0B0B,0x0B05,

	0x000B,0x0605,0x0101,0x0707,0x0202,0x0202,0x0702,0x0202,
	0x0202,0x0202,0x0202,0x0707,0x0B07,0x0B0B,0x0202,0x0707,
	0x0507,0x0306,0x0305,0x0B0B,0x0B0B,0x050B,0x0B05,0x0B0B,
	0x050B,0x0505,0x0B05,0x0B05,0x0B00,0x0500,0x0B0B,0x0B05,
	0x0606,0x0B03,0x0303,0x0503,0x0503,0x0505,0x0B0B,0x0B0B,
	0x0B05,0x0605,0x0B0B,0x030B,0x0303,0x0B05,0x0303,0x0603,
	0x0503,0x0B05,0x0B0B,0x050B,0x0305,0x0005,0x0B00,0x0500,
	0x030B,0x0B03,0x0003,0x0303,0x0006,0x0B0B,0x0505,0x050B,

	0x0B0B,0x0503,0x0503,0x0B0B,0x0B0B,0x0B0B,0x0505,0x0005,
	0x0B0B,0x0B0B,0x0005,0x050B,0x0006,0x0505,0x0B00,0x0B0B,
	0x030B,0x0106,0x0503,0x0505,0x0306,0x0606,0x0106,0x0606,
	0x0606,0x060D,0x000D,0x0303,0x0303,0x0503,0x0505,0x030B,
	0x050B,0x0505,0x0B03,0x0505,0x0300,0x050B,0x050B,0x0505,
	0x0505,0x050B,0x0B05,0x050B,0x050B,0x0B05,0x0505,0x050B,
	0x050B,0x0505,0x0503,0x0305,0x0B00,0x0B0B,0x050B,0x050B,
	0x0B0B,0x0103,0x0503,0x0207,0x0202,0x0207,0x0707,0x0202,

	0x0202,0x0202,0x0202,0x0702,0x0007,0x0B00,0x0207,0x0007,
	0x0300,0x0601,0x0B03,0x0B0B,0x0B05,0x0305,0x0B05,0x0B0B,
	0x030B,0x0B05,0x0B0B,0x050B,0x050B,0x060B,0x0505,0x0305,
	0x030B,0x0B05,0x0303,0x0505,0x0303,0x000B,0x0B00,0x0B0B,
	0x0505,0x050B,0x0305,0x0B05,0x0305,0x0505,0x0B0B,0x0B05,
	0x0B05,0x050B,0x050B,0x0B05,0x0305,0x0303,0x0303,0x0303,
	0x0305,0x0506,0x0B03,0x050B,0x0505,0x0505,0x0505,0x0305,
	0x0005,0x0306,0x030B,0x0306,0x0B05,0x050B,0x0303,0x0B00,

	0x0505,0x000B,0x0303,0x0303,0x0303,0x0505,0x000B,0x0505,
	0x060B,0x0306,0x0106,0x0301,0x0601,0x0601,0x0106,0x010D,
	0x0101,0x0D0D,0x000D,0x0603,0x0606,0x060B,0x0606,0x0503,
	0x0603,0x0306,0x0305,0x0303,0x0503,0x0303,0x0B03,0x0505,
	0x0603,0x030B,0x0303,0x0506,0x0303,0x0503,0x0505,0x0605,
	0x0306,0x0303,0x0503,0x0303,0x0B0B,0x0505,0x0505,0x0B05,
	0x0B05,0x0B0B,0x0106,0x0701,0x0202,0x0202,0x0202,0x0202,
	0x0202,0x0202,0x0702,0x0707,0x0600,0x0B06,0x0202,0x0202,

	0x0702,0x0507,0x0306,0x0B05,0x050B,0x0505,0x030B,0x0303,
	0x0505,0x0305,0x0503,0x0303,0x0503,0x0506,0x0303,0x0503,
	0x0303,0x0503,0x0605,0x0303,0x0505,0x0606,0x0505,0x0B0B,
	0x0505,0x0305,0x0505,0x0005,0x0300,0x0303,0x0305,0x0503,
	0x0005,0x0500,0x0505,0x0003,0x0505,0x0305,0x0303,0x0605,
	0x0503,0x030B,0x0B05,0x0B00,0x0505,0x0505,0x0305,0x0303,
	0x0005,0x0603,0x0305,0x0303,0x0303,0x0503,0x0503,0x0B0B,
	0x0505,0x0B03,0x0305,0x0305,0x0505,0x0505,0x0B0B,0x0B05,

	0x010B,0x0106,0x0106,0x0101,0x0601,0x0101,0x0101,0x0106,
	0x0101,0x0D0D,0x070D,0x0603,0x0306,0x030B,0x0603,0x0503,
	0x0303,0x0306,0x0305,0x0303,0x0303,0x0303,0x0503,0x0305,
	0x0303,0x0B05,0x0303,0x0503,0x0303,0x0B03,0x0305,0x0605,
	0x0303,0x0303,0x0B03,0x0303,0x0B0B,0x0B0B,0x0B0B,0x0B05,
	0x0505,0x0B0B,0x0B00,0x0B0B,0x0B0B,0x020B,0x0702,0x0B00,
	0x0202,0x0702,0x0B07,0x0B0B,0x0605,0x0B06,0x0202,0x0202,
	0x0202,0x0707,0x0505,0x0B05,0x0B0B,0x0505,0x0505,0x0505,

	0x0305,0x0505,0x0503,0x0303,0x0303,0x0503,0x0305,0x0503,
	0x050B,0x050B,0x0105,0x0606,0x0503,0x0606,0x050B,0x0B05,
	0x0505,0x0505,0x0505,0x0B05,0x0300,0x0B03,0x0000,0x0505,
	0x0505,0x050B,0x0505,0x050B,0x0303,0x0303,0x0B0B,0x0505,
	0x0305,0x0605,0x0503,0x0505,0x0505,0x050B,0x050B,0x0303,
	0x0005,0x0505,0x050B,0x0505,0x0503,0x050B,0x0305,0x0B0B,
	0x050B,0x0503,0x0503,0x0B05,0x0505,0x0505,0x0B0B,0x0B0B,
	0x0105,0x0601,0x0106,0x0506,0x0606,0x0D0D,0x0101,0x0101,

	0x0101,0x0101,0x0B0D,0x0605,0x0506,0x030B,0x0306,0x0503,
	0x0305,0x0303,0x0305,0x0503,0x0B06,0x0503,0x0B06,0x0505,
	0x0303,0x0305,0x0303,0x0303,0x0503,0x0305,0x050B,0x0305,
	0x0503,0x0603,0x0505,0x030B,0x050B,0x0505,0x0B05,0x0505,
	0x0505,0x0B0B,0x0B00,0x0B0B,0x0B05,0x0B0B,0x050B,0x0B0B,
	0x0B0B,0x000B,0x070B,0x0707,0x060B,0x0306,0x0202,0x0202,
	0x0707,0x0707,0x0605,0x0101,0x0501,0x050B,0x050B,0x0505,
	0x0B05,0x050B,0x0603,0x0606,0x0303,0x0505,0x0303,0x0505,

	0x050B,0x0605,0x0603,0x0306,0x0606,0x0B00,0x030B,0x0B05,
	0x0B0B,0x000B,0x0005,0x0305,0x0006,0x0500,0x0B05,0x0303,
	0x030B,0x0B05,0x0B0B,0x0000,0x0000,0x0B00,0x0B05,0x0B05,
	0x0500,0x000B,0x0B05,0x0B0B,0x0B05,0x0B0B,0x0B05,0x0B0B,
	0x0B05,0x0303,0x0505,0x0605,0x0306,0x0503,0x0C03,0x0B0B,
	0x0B0B,0x0B0B,0x050B,0x050B,0x0B05,0x0B05,0x0000,0x0B00,
	0x0100,0x0106,0x0103,0x0101,0x0601,0x0D0D,0x0D0D,0x0D03,
	0x0D0D,0x0106,0x0B0D,0x0B03,0x0B03,0x0505,0x0B01,0x0505,

	0x0503,0x0505,0x0306,0x0005,0x050C,0x0C0B,0x0C0B,0x0B0C,
	0x0505,0x0303,0x030B,0x0000,0x0B0B,0x0303,0x0B03,0x030B,
	0x0306,0x0303,0x050B,0x0303,0x0B0B,0x0B0B,0x000B,0x0B0B,
	0x0B0B,0x000B,0x0B0B,0x0B00,0x050B,0x000B,0x0305,0x0B0B,
	0x070B,0x0202,0x0702,0x0207,0x0007,0x0106,0x020B,0x0707,
	0x0807,0x0404,0x0008,0x0305,0x0D01,0x0000,0x0005,0x050B,
	0x0500,0x000B,0x000B,0x0B00,0x0B0B,0x0605,0x0306,0x0B05,
	0x0505,0x0300,0x0000,0x0300,0x0006,0x0B00,0x000B,0x0000,

	0x0B0B,0x050B,0x000B,0x050B,0x0B03,0x0B00,0x0B0B,0x050B,
	0x050B,0x0B0B,0x0000,0x0B0B,0x0B0B,0x000B,0x0505,0x0B00,
	0x0B00,0x000B,0x0B0B,0x050B,0x0B0B,0x0000,0x0505,0x0B0B,
	0x050B,0x0505,0x0305,0x0503,0x0305,0x0503,0x0B05,0x0005,
	0x0B00,0x0B0B,0x0005,0x0B0B,0x0B0B,0x0000,0x0B0B,0x0000,
	0x0600,0x0601,0x0603,0x0106,0x0306,0x0606,0x0601,0x0605,
	0x0D06,0x0603,0x0B01,0x0503,0x0B05,0x0B05,0x0B06,0x0305,
	0x0505,0x0505,0x0503,0x0B0B,0x050B,0x070C,0x0C0B,0x0B0C,

	0x0B0B,0x0503,0x0B05,0x0500,0x0B0B,0x0505,0x0B05,0x0500,
	0x0303,0x0B03,0x030B,0x0503,0x000B,0x0B0B,0x000B,0x0B0B,
	0x0B0B,0x0B0B,0x0B0B,0x0B00,0x0B00,0x0000,0x0B0B,0x0B0B,
	0x0700,0x0207,0x0707,0x0707,0x0007,0x0306,0x0700,0x0707,
	0x0406,0x0404,0x0B04,0x0103,0x0606,0x000B,0x0B0B,0x0B00,
	0x0B00,0x0B05,0x0B0B,0x0B05,0x0B0B,0x030B,0x0505,0x000B,
	0x050B,0x060B,0x0B0B,0x0500,0x0B03,0x0000,0x0B00,0x0B00,
	0x050B,0x0B0B,0x0B05,0x0B05,0x0505,0x0B05,0x0B0B,0x0303,

	0x0B03,0x050B,0x0B05,0x0B05,0x0505,0x0B05,0x0B05,0x0503,
	0x0B03,0x030B,0x0505,0x0B0B,0x050B,0x050B,0x0B0B,0x0505,
	0x0B05,0x0305,0x0B0B,0x0505,0x0B05,0x0505,0x0B05,0x0B0B,
	0x0505,0x000B,0x050B,0x0B0B,0x0B0B,0x0B05,0x0B0B,0x0B0B,
	0x0105,0x0606,0x0606,0x0606,0x0601,0x0101,0x0101,0x0101,
	0x0101,0x0D0D,0x000D,0x0603,0x0306,0x0303,0x0306,0x0B05,
	0x0303,0x0B05,0x0505,0x0C05,0x050E,0x0603,0x0303,0x0C0B,
	0x0306,0x050B,0x0303,0x0503,0x0305,0x0B03,0x030B,0x0305,

	0x0305,0x0505,0x0305,0x0503,0x050B,0x0B0B,0x0B05,0x000B,
	0x050B,0x0B0B,0x0500,0x050B,0x0B0B,0x0505,0x0505,0x0B0B,
	0x0B0B,0x0207,0x0202,0x0702,0x0707,0x0605,0x0603,0x0705,
	0x0404,0x0404,0x0104,0x0103,0x0101,0x0B01,0x0B0B,0x0505,
	0x0B05,0x050B,0x0505,0x0B0B,0x0505,0x0505,0x0305,0x0503,
	0x0B0B,0x0505,0x0503,0x050B,0x0303,0x0B0B,0x0505,0x0B0B,
	0x0305,0x0505,0x0303,0x0503,0x0305,0x0303,0x0505,0x0303,
	0x0306,0x0305,0x0306,0x0503,0x0603,0x0606,0x0306,0x0306,

	0x0506,0x030B,0x0303,0x0603,0x0505,0x030B,0x0303,0x0303,
	0x0303,0x0503,0x0303,0x0303,0x0303,0x0603,0x0303,0x0603,
	0x0505,0x0503,0x0503,0x0505,0x0505,0x0505,0x0B05,0x0505,
	0x060B,0x0303,0x0606,0x0503,0x0606,0x0101,0x0101,0x0101,
	0x0301,0x0101,0x000D,0x0305,0x0603,0x0306,0x0303,0x0506,
	0x0303,0x0303,0x0505,0x050C,0x0505,0x0306,0x0505,0x0305,
	0x0505,0x0B0B,0x0303,0x0B03,0x0303,0x0505,0x050B,0x0305,
	0x0303,0x0303,0x0505,0x0B03,0x0B0B,0x050B,0x030B,0x0505,

	0x0505,0x0505,0x0B0B,0x0B0B,0x0503,0x0603,0x0603,0x0303,
	0x0B03,0x0202,0x0202,0x0202,0x0202,0x0B07,0x0603,0x0506,
	0x0D06,0x040D,0x0104,0x0605,0x0106,0x0B01,0x0B0B,0x0306,
	0x0303,0x0303,0x0603,0x0306,0x0303,0x0306,0x0503,0x0303,
	0x0305,0x0303,0x0503,0x0603,0x0303,0x050B,0x0303,0x0503,
	0x0505,0x050B,0x0305,0x0B05,0x0505,0x0305,0x050B,0x0305,
	0x0505,0x0505,0x0503,0x0505,0x0303,0x0306,0x0B05,0x0503,
	0x0303,0x030B,0x0305,0x0305,0x0505,0x0505,0x0305,0x0305,

	0x0503,0x0303,0x0605,0x0505,0x0B05,0x0505,0x0305,0x050B,
	0x0505,0x0B03,0x0303,0x0505,0x0B0B,0x050B,0x000B,0x0B05,
	0x0D05,0x0D0D,0x010D,0x0006,0x0106,0x0606,0x0606,0x0606,
	0x0601,0x0106,0x0506,0x0305,0x0505,0x050B,0x0505,0x0B05,
	0x0303,0x0505,0x050B,0x0303,0x0B05,0x0303,0x0303,0x0305,
	0x050C,0x0B05,0x0505,0x0B03,0x050B,0x0B05,0x050B,0x0505,
	0x0B0B,0x0505,0x0B05,0x0505,0x0B0B,0x0B05,0x0505,0x0005,
	0x050B,0x0B05,0x050B,0x0B05,0x0B05,0x050B,0x0505,0x0303,

	0x0B05,0x0202,0x0202,0x0202,0x0202,0x0707,0x000B,0x0B03,
	0x0404,0x0404,0x0D04,0x0605,0x0106,0x0606,0x0B00,0x0303,
	0x0505,0x0305,0x0303,0x0505,0x0505,0x0503,0x0505,0x0303,
	0x050B,0x0505,0x0303,0x0305,0x0503,0x0305,0x0305,0x0B05,
	0x0503,0x0005,0x0505,0x050B,0x0503,0x0503,0x0B0B,0x0003,
	0x0303,0x0503,0x050B,0x0B05,0x0300,0x0303,0x0603,0x0303,
	0x0303,0x0505,0x0306,0x0305,0x0B03,0x0305,0x0505,0x0305,
	0x0B0B,0x0303,0x0305,0x0305,0x0505,0x0503,0x0505,0x0305,

	0x0305,0x0505,0x0505,0x0303,0x0505,0x0505,0x0B0B,0x050B,
	0x0605,0x0103,0x0101,0x0006,0x010D,0x0101,0x0D01,0x0D06,
	0x010D,0x0D0D,0x0004,0x0603,0x0603,0x0503,0x0306,0x0601,
	0x0106,0x0606,0x0603,0x0606,0x0503,0x0605,0x0606,0x0306,
	0x0306,0x0503,0x0303,0x0606,0x0303,0x0306,0x0605,0x0606,
	0x0606,0x0605,0x0306,0x0306,0x0B0B,0x050B,0x0B0B,0x000B,
	0x030B,0x0503,0x0503,0x0000,0x0B05,0x0505,0x030B,0x0303,
	0x0B0B,0x0207,0x0202,0x0202,0x0202,0x0707,0x0707,0x080B,

	0x0404,0x0404,0x0D04,0x060B,0x0605,0x0606,0x0000,0x0303,
	0x0605,0x0503,0x0B03,0x050B,0x0B03,0x0505,0x0503,0x0303,
	0x0303,0x0303,0x0503,0x0600,0x0505,0x0305,0x0503,0x0B05,
	0x0000,0x0B00,0x0B00,0x0B00,0x0000,0x0000,0x000B,0x0000,
	0x0000,0x0000,0x0000,0x0B00,0x0000,0x0000,0x0000,0x0000,
	0x0000,0x000B,0x0000,0x0005,0x0B00,0x000B,0x0B05,0x0B0B,
	0x0303,0x0B05,0x0B05,0x0B05,0x0B0B,0x0005,0x000B,0x0B05,
	0x0000,0x0B00,0x0000,0x0000,0x0000,0x0000,0x0B0B,0x000B,

	0x0600,0x0601,0x030B,0x0005,0x0501,0x0606,0x0606,0x0105,
	0x0601,0x0101,0x0001,0x0505,0x0005,0x0B03,0x0003,0x0601,
	0x0500,0x0B0B,0x0B05,0x0B05,0x0305,0x030B,0x0C0B,0x0C03,
	0x060B,0x0306,0x030B,0x0B0B,0x0B05,0x0305,0x0505,0x000B,
	0x0B00,0x0B0B,0x0300,0x0B05,0x0000,0x000B,0x000B,0x0B0B,
	0x000B,0x000B,0x0005,0x0B00,0x0B0B,0x0000,0x0000,0x000B,
	0x0B05,0x010D,0x0B00,0x0000,0x0007,0x000B,0x0D00,0x0404,
	0x0400,0x0D0D,0x0404,0x0B04,0x0500,0x0303,0x0B00,0x0000,

	0x0B00,0x0B00,0x0000,0x000B,0x0B00,0x0500,0x0B00,0x0000,
	0x0000,0x0000,0x0B00,0x0B00,0x0000,0x000B,0x0000,0x0500,
	0x0B05,0x000B,0x0305,0x000B,0x050B,0x0B0B,0x000B,0x0B0B,
	0x0B0B,0x0B0B,0x0B05,0x0B0B,0x0505,0x0B05,0x0B00,0x0305,
	0x0B05,0x050B,0x0B05,0x050B,0x0505,0x0505,0x030B,0x0305,
	0x0505,0x0603,0x0505,0x0503,0x0B05,0x050B,0x0505,0x0B0B,
	0x0505,0x0B0B,0x0B0B,0x0B0B,0x0B0B,0x0B05,0x0B0B,0x0B0B,
	0x060B,0x0606,0x0606,0x0003,0x060D,0x0606,0x0106,0x0106,

	0x0101,0x0D0D,0x000D,0x0305,0x0506,0x0503,0x0506,0x0501,
	0x0605,0x0B06,0x0505,0x0303,0x0B0B,0x0605,0x0303,0x0303,
	0x0603,0x0303,0x0303,0x0B03,0x0505,0x0506,0x0503,0x0503,
	0x0503,0x0503,0x0B03,0x0303,0x0B0B,0x0000,0x0505,0x0B0B,
	0x0500,0x0B0B,0x0B0B,0x050B,0x0B05,0x0B0B,0x050B,0x050B,
	0x050B,0x0601,0x0B05,0x0707,0x0707,0x0707,0x0100,0x0404,
	0x0401,0x040D,0x0404,0x000D,0x060B,0x0606,0x0000,0x0B0B,
	0x0B0B,0x050B,0x0503,0x0B0B,0x0305,0x0B05,0x0505,0x0505,

	0x050B,0x0505,0x0505,0x0B0B,0x0505,0x0B00,0x0B0B,0x0505,
	0x0305,0x0B05,0x0503,0x0B03,0x0303,0x0503,0x050B,0x0505,
	0x0B0B,0x050B,0x0505,0x050B,0x0303,0x0303,0x0B05,0x0503,
	0x0303,0x0305,0x0303,0x0505,0x0303,0x0505,0x050B,0x0303,
	0x0B05,0x0505,0x0B0B,0x0505,0x0B05,0x050B,0x0505,0x050B,
	0x0503,0x0B03,0x0505,0x0505,0x030B,0x0505,0x0B05,0x0503,
	0x0605,0x0606,0x0106,0x0003,0x0101,0x0301,0x0601,0x0101,
	0x0601,0x010D,0x000D,0x030B,0x0303,0x0505,0x0503,0x0306,

	0x0306,0x0503,0x030B,0x050C,0x0B05,0x0303,0x0B0C,0x0B0B,
	0x0306,0x050B,0x0505,0x0503,0x0505,0x0306,0x0303,0x0506,
	0x050B,0x0505,0x0505,0x0303,0x050B,0x0505,0x0505,0x0503,
	0x0505,0x0503,0x0305,0x0503,0x0B05,0x0505,0x0303,0x0503,
	0x0005,0x0606,0x0D0D,0x010D,0x0106,0x0606,0x030B,0x0404,
	0x0403,0x0D0D,0x0404,0x000D,0x060B,0x0B06,0x0B03,0x0503,
	0x0505,0x0305,0x0303,0x0505,0x0303,0x0505,0x0503,0x0303,
	0x030B,0x0303,0x0503,0x0305,0x0303,0x0305,0x0303,0x0505,

	0x0505,0x050B,0x0305,0x0505,0x0303,0x0303,0x0505,0x0505,
	0x0005,0x0300,0x0503,0x000B,0x0305,0x0303,0x0306,0x0503,
	0x0305,0x0503,0x0303,0x0305,0x0303,0x0306,0x0605,0x0306,
	0x0B03,0x0303,0x0305,0x0303,0x0506,0x0306,0x0603,0x0305,
	0x0305,0x0B03,0x0303,0x0303,0x0C03,0x0505,0x0505,0x0503,
	0x0605,0x0606,0x0606,0x0003,0x0606,0x0106,0x0606,0x0101,
	0x0506,0x0101,0x0001,0x0505,0x0305,0x030B,0x0503,0x0506,
	0x0303,0x0303,0x0305,0x0303,0x0503,0x0C06,0x0303,0x0306,

	0x0303,0x0505,0x0505,0x0505,0x0503,0x0506,0x0305,0x0503,
	0x050B,0x0305,0x0B03,0x0305,0x050B,0x030B,0x0505,0x0B05,
	0x0505,0x0305,0x0505,0x0305,0x0B03,0x050B,0x0505,0x050B,
	0x0705,0x0702,0x0202,0x0202,0x0707,0x0707,0x0702,0x0C0C,
	0x0407,0x0603,0x040D,0x0001,0x0500,0x050B,0x0303,0x0305,
	0x0505,0x0305,0x0305,0x0505,0x0305,0x0503,0x0305,0x0503,
	0x0505,0x0505,0x0505,0x0305,0x0503,0x0305,0x0503,0x0503,
	0x0505,0x050B,0x0305,0x0305,0x0303,0x0303,0x0B05,0x0505,

	0x0305,0x0303,0x0503,0x0306,0x0306,0x0306,0x0306,0x0503,
	0x0503,0x060B,0x0306,0x060B,0x0603,0x0603,0x0606,0x0606,
	0x0506,0x0306,0x0303,0x0303,0x0305,0x0603,0x0303,0x0605,
	0x0303,0x0B03,0x0303,0x0C03,0x0B0C,0x030C,0x0B0B,0x0C0C,
	0x060B,0x0603,0x0601,0x0003,0x0106,0x0606,0x0103,0x0101,
	0x0601,0x0101,0x0001,0x0305,0x0305,0x050B,0x0503,0x0306,
	0x0505,0x0303,0x050B,0x0303,0x0B0B,0x0305,0x0505,0x050B,
	0x0505,0x000B,0x0305,0x0B05,0x0505,0x0306,0x0B0B,0x0503,

	0x0B0B,0x0303,0x0303,0x0503,0x0E0B,0x0B0B,0x0505,0x0B05,
	0x0505,0x0B05,0x050B,0x0C05,0x0505,0x050B,0x0505,0x0B0B,
	0x0207,0x0702,0x0202,0x0202,0x0202,0x0202,0x0702,0x0202,
	0x0D07,0x030B,0x060D,0x0B01,0x0B0B,0x0305,0x0306,0x0505,
	0x0305,0x050B,0x0303,0x0603,0x0303,0x0505,0x0303,0x0303,
	0x030B,0x0303,0x0503,0x050B,0x0505,0x0B05,0x0305,0x0503,
	0x0B0B,0x0B05,0x0505,0x0505,0x0B00,0x0B0B,0x0505,0x0505,
	0x0505,0x0B0B,0x0505,0x0B00,0x0B05,0x0505,0x0B0B,0x0505,

	0x0305,0x0506,0x0B05,0x0505,0x0505,0x050B,0x0305,0x0303,
	0x0303,0x0303,0x0606,0x0506,0x0305,0x0506,0x0603,0x0603,
	0x0503,0x050B,0x0B03,0x0C0B,0x0C0B,0x0C0B,0x070B,0x030B,
	0x030B,0x0306,0x0606,0x000B,0x0606,0x0B01,0x0603,0x0106,
	0x0301,0x030D,0x0001,0x030B,0x0603,0x050B,0x0505,0x0506,
	0x0503,0x0505,0x0303,0x0505,0x0303,0x0603,0x0506,0x0B05,
	0x0503,0x0505,0x0505,0x0505,0x0B0C,0x030B,0x0505,0x0505,
	0x0305,0x030B,0x0505,0x050B,0x070B,0x0C0C,0x070C,0x0C0C,

	0x030E,0x050E,0x0505,0x0C05,0x0B0B,0x0B05,0x0B0B,0x0707,
	0x0702,0x0702,0x0202,0x0202,0x0202,0x0702,0x0707,0x0707,
	0x0707,0x0707,0x0007,0x0000,0x0C0B,0x0305,0x0305,0x0303,
	0x0B0B,0x0B0B,0x0505,0x0B0B,0x0B0B,0x0305,0x0303,0x0B05,
	0x0503,0x030B,0x0303,0x0505,0x0503,0x0505,0x0B0B,0x050B,
	0x0B0B,0x0B0B,0x0B00,0x0B05,0x000B,0x0B0B,0x0B05,0x050B,
	0x0505,0x0005,0x0B00,0x000B,0x0B00,0x0500,0x0B0B,0x0B0B,
	0x0B00,0x0505,0x0B0B,0x0B0B,0x0B00,0x050B,0x0B05,0x0B05,

	0x0505,0x0303,0x0506,0x0B05,0x0305,0x0505,0x0603,0x0606,
	0x0B03,0x0500,0x000B,0x0B0B,0x0B0C,0x0C0B,0x070B,0x0C0B,
	0x0300,0x0501,0x0601,0x000B,0x0106,0x0306,0x060B,0x0603,
	0x0606,0x0601,0x0001,0x0B0B,0x0305,0x0B03,0x0B05,0x0306,
	0x0B05,0x050B,0x0B05,0x0505,0x0305,0x0305,0x0505,0x0505,
	0x0B05,0x0505,0x050B,0x0505,0x050B,0x0505,0x0B03,0x050B,
	0x0503,0x0B0B,0x050B,0x0B05,0x0C0B,0x0B0B,0x070B,0x0C0C,
	0x030C,0x050C,0x0B0C,0x0B03,0x0C0B,0x050B,0x0B0B,0x0707,

	0x0202,0x0202,0x0207,0x0207,0x0702,0x0702,0x0707,0x0707,
	0x0707,0x0000,0x0B07,0x0000,0x0B00,0x0B05,0x0B05,0x0505,
	0x0300,0x0B0B,0x0B0B,0x0B05,0x000B,0x0505,0x0305,0x0B05,
	0x050C,0x050B,0x050B,0x030B,0x0505,0x000B,0x050B,0x0B05,
	0x0503,0x0B0B,0x0503,0x0305,0x0305,0x0303,0x0303,0x0303,
	0x0306,0x0606,0x0306,0x0305,0x0606,0x0306,0x0B05,0x0306,
	0x0503,0x0303,0x0606,0x0605,0x0606,0x0606,0x0603,0x0606,
	0x0606,0x0606,0x0606,0x0606,0x0B03,0x0E0E,0x0B0C,0x0B0B,

	0x0C0C,0x0C0F,0x0C0E,0x0B0E,0x030C,0x0C0C,0x0B0C,0x0C0B,
	0x0605,0x0606,0x0306,0x0B03,0x0101,0x0306,0x010B,0x0106,
	0x0101,0x0601,0x000D,0x0505,0x0503,0x050B,0x0503,0x0506,
	0x0503,0x0603,0x0305,0x0503,0x0503,0x0303,0x0503,0x0505,
	0x0503,0x050B,0x0503,0x0505,0x0505,0x0B03,0x0505,0x0303,
	0x0305,0x0505,0x0503,0x0503,0x0C0B,0x0B0B,0x0B0B,0x0B05,
	0x0505,0x0505,0x0B0B,0x070C,0x0C0C,0x030C,0x0B05,0x0B0B,
	0x050B,0x0202,0x0202,0x0202,0x0207,0x0202,0x0707,0x0202,

	0x0707,0x0707,0x0B07,0x0505,0x0605,0x0503,0x0305,0x0305,
	0x0B03,0x0505,0x0505,0x0505,0x0303,0x0303,0x0303,0x0303,
	0x0B03,0x0303,0x0B06,0x0505,0x0303,0x0503,0x0305,0x0B05,
	0x0305,0x050B,0x0303,0x0B05,0x0305,0x0505,0x050B,0x0303,
	0x0B03,0x0305,0x0606,0x0503,0x0606,0x0606,0x0606,0x0306,
	0x0303,0x0306,0x0306,0x0303,0x0606,0x0606,0x0603,0x0601,
	0x0B0C,0x0303,0x0505,0x0305,0x0B0E,0x0C0C,0x0C0C,0x0C0C,
	0x0C0E,0x0E0E,0x0C0B,0x0C05,0x0E05,0x0303,0x0C0C,0x0C0C,

	0x060B,0x0505,0x0306,0x0B03,0x0101,0x0606,0x0306,0x0606,
	0x0606,0x0106,0x0001,0x0303,0x0303,0x030B,0x0305,0x0503,
	0x0303,0x0503,0x050B,0x0505,0x0503,0x0303,0x0303,0x0305,
	0x0303,0x0B0B,0x0505,0x0505,0x0B03,0x0303,0x0305,0x0305,
	0x0303,0x0503,0x0B03,0x0505,0x0C0B,0x0303,0x0303,0x0C03,
	0x030C,0x0505,0x050B,0x0505,0x0B0C,0x070C,0x0B0B,0x0B0B,
	0x0C0C,0x000B,0x0B0B,0x070B,0x0207,0x0702,0x0707,0x0702,
	0x0707,0x0B0B,0x050B,0x0503,0x0303,0x0305,0x0303,0x0303,

	0x0303,0x0303,0x0606,0x0606,0x0503,0x0B05,0x0505,0x0303,
	0x0603,0x0303,0x0503,0x0305,0x0303,0x0603,0x0503,0x0B05,
	0x0505,0x0503,0x0303,0x0503,0x0303,0x0303,0x0B05,0x0606,
	0x0606,0x0603,0x0606,0x0303,0x0606,0x0601,0x0606,0x0606,
	0x0606,0x0306,0x0606,0x0603,0x0606,0x0606,0x0606,0x0E03,
	0x0B0E,0x0B0C,0x070C,0x0E03,0x0B0C,0x0C0C,0x0B0C,0x0B0B,
	0x0E03,0x050C,0x0303,0x0C0C,0x0E07,0x0303,0x0303,0x0B0C,
	0x0606,0x0101,0x0306,0x0503,0x0303,0x0503,0x0305,0x0603,

	0x0306,0x0101,0x0001,0x0305,0x0303,0x0305,0x0503,0x0B03,
	0x0305,0x0503,0x0505,0x0C05,0x0B03,0x0305,0x0505,0x0505,
	0x0306,0x0B05,0x0505,0x0B05,0x0505,0x0303,0x0303,0x0305,
	0x0503,0x0305,0x0505,0x050B,0x050B,0x0B0B,0x0C0C,0x0B0B,
	0x0C0B,0x0505,0x0C05,0x0505,0x0B05,0x0C0B,0x0B0B,0x0C05,
	0x0C0E,0x0B0C,0x0B0C,0x0B0B,0x0B00,0x0B0B,0x0000,0x0B00,
	0x000B,0x0000,0x0300,0x0B03,0x0503,0x0305,0x0B05,0x0303,
	0x0603,0x0305,0x0306,0x0506,0x0503,0x0305,0x0303,0x0503,

	0x0B0B,0x0505,0x0303,0x0303,0x0303,0x0503,0x0503,0x0B05,
	0x0305,0x0505,0x0506,0x0B05,0x0303,0x0303,0x0B0B,0x0505,
	0x0606,0x0603,0x0606,0x0605,0x0106,0x0606,0x0606,0x0606,
	0x0606,0x0103,0x0606,0x0606,0x0606,0x0306,0x0C0C,0x070C,
	0x070C,0x0E0E,0x0E0E,0x0B0C,0x000C,0x0C0B,0x030C,0x0C06,
	0x0E0C,0x0C0E,0x0C07,0x0C0C,0x0B0B,0x0E0C,0x0303,0x0505,
	0x0506,0x0606,0x0106,0x060D,0x0D0D,0x010D,0x0301,0x0503,
	0x0303,0x0603,0x0B03,0x0C05,0x0505,0x0B0B,0x0505,0x050B,

	0x0505,0x0B05,0x0505,0x0505,0x0B05,0x0505,0x0B05,0x050B,
	0x0B05,0x0B0B,0x0505,0x0B0B,0x0505,0x0505,0x050B,0x0503,
	0x0B0B,0x050B,0x0B0B,0x030B,0x0505,0x0B0B,0x070B,0x0B0C,
	0x0C0B,0x0E0C,0x0C0B,0x0C0C,0x0B0E,0x0C0E,0x0E00,0x030E,
	0x0E03,0x0B0C,0x0B0C,0x0C05,0x0C07,0x0C0E,0x0500,0x0C03,
	0x030E,0x0E03,0x0B05,0x0503,0x0303,0x0606,0x0C0B,0x0505,
	0x0603,0x0606,0x0606,0x0303,0x0606,0x0606,0x0606,0x0503,
	0x0505,0x0505,0x0305,0x0505,0x0603,0x0603,0x0305,0x0505,

	0x050B,0x0505,0x0B03,0x0505,0x0303,0x0B05,0x0B0B,0x000B,
	0x0606,0x0306,0x0306,0x010B,0x0606,0x0306,0x0601,0x0606,
	0x0606,0x0606,0x0606,0x0606,0x0505,0x0C03,0x070B,0x070B,
	0x070C,0x0C0B,0x0C0C,0x050B,0x0B0B,0x0B0C,0x0B0B,0x000E,
	0x070B,0x0C0B,0x0B0C,0x0007,0x000C,0x0B0B,0x0305,0x0003,
	0x0603,0x0303,0x0603,0x010D,0x010D,0x0306,0x0B05,0x0B0B,
	0x030B,0x0B0B,0x0300,0x0B0B,0x0B0B,0x0B05,0x0B00,0x0305,
	0x000B,0x0500,0x000B,0x0B00,0x050B,0x000B,0x0B0B,0x000B,

	0x0B00,0x0505,0x0B0B,0x050B,0x0005,0x050B,0x0B05,0x0000,
	0x0005,0x0000,0x0000,0x0B05,0x0000,0x0B05,0x000B,0x0C0B,
	0x0B00,0x070B,0x0B07,0x0C0B,0x0C0C,0x0005,0x0C00,0x0503,
	0x0B0B,0x0C0C,0x000E,0x0C0B,0x0B0E,0x0B0B,0x0300,0x0505,
	0x0C05,0x0503,0x0B0B,0x0303,0x0303,0x0303,0x0500,0x0500,
	0x060B,0x0606,0x0306,0x0503,0x0306,0x0603,0x0306,0x0B03,
	0x0B05,0x000B,0x0500,0x0305,0x0303,0x0303,0x0305,0x0B05,
	0x0B05,0x0B0B,0x0505,0x0B0B,0x050B,0x0505,0x0B0B,0x0B05,

	0x0005,0x050B,0x0503,0x050B,0x030B,0x0503,0x050B,0x0505,
	0x0B03,0x030B,0x0503,0x0503,0x0606,0x0E03,0x0306,0x0C0C,
	0x0F0F,0x070F,0x070B,0x0503,0x050C,0x0C0E,0x0C0C,0x0C0C,
	0x0F0E,0x0E0E,0x0E0C,0x0F0F,0x0C0F,0x0C0C,0x0306,0x0506,
	0x0606,0x0606,0x0606,0x0606,0x0603,0x0106,0x0D01,0x040D,
	0x0404,0x0D0D,0x0601,0x0101,0x0101,0x0606,0x0606,0x0606,
	0x0605,0x0306,0x0603,0x0606,0x0606,0x0606,0x0606,0x0606,
	0x0603,0x0303,0x0303,0x0306,0x0606,0x0603,0x0303,0x0506,

	0x0606,0x060B,0x0606,0x0606,0x0303,0x0000,0x0C05,0x070C,
	0x0C07,0x0C07,0x0C07,0x0C0C,0x0C0B,0x0B05,0x0E0B,0x0505,
	0x0C03,0x000E,0x0C0B,0x070C,0x0C0B,0x0707,0x0B0B,0x0E03,
	0x0E0E,0x0303,0x0B0B,0x0500,0x0305,0x0505,0x050B,0x0305,
	0x0503,0x050B,0x0503,0x030B,0x0505,0x0503,0x0305,0x0305,
	0x0B0B,0x0505,0x0505,0x0B0B,0x0B05,0x0B0B,0x050B,0x0B05,
	0x0305,0x0B05,0x0303,0x0303,0x0303,0x0303,0x0505,0x0303,
	0x0503,0x0505,0x0606,0x0306,0x0606,0x0606,0x0506,0x0106,

	0x0606,0x0103,0x0606,0x0605,0x0303,0x030E,0x0C0C,0x0E0E,
	0x0505,0x030C,0x030C,0x0C03,0x070C,0x0C0C,0x0C0C,0x0C0C,
	0x0C0C,0x0B0C,0x0C0C,0x0C0C,0x0C0B,0x0E0C,0x0B0C,0x0503,
	0x0606,0x0305,0x0606,0x0003,0x0606,0x0306,0x060C,0x0303,
	0x0006,0x0301,0x0B03,0x030B,0x0503,0x050B,0x0303,0x0505,
	0x0C05,0x0503,0x0505,0x0505,0x0B03,0x0505,0x0505,0x030B,
	0x0503,0x0505,0x0505,0x0505,0x0505,0x0503,0x030B,0x0303,
	0x0505,0x0305,0x0503,0x050C,0x0503,0x000B,0x0305,0x0B05,

	0x0503,0x050C,0x070B,0x0C0B,0x0505,0x0B0C,0x0C0B,0x0303,
	0x0303,0x0005,0x0C0B,0x070C,0x0C0B,0x0C0C,0x0707,0x030B,
	0x0C0E,0x0C0C,0x0B03,0x0B06,0x050B,0x0503,0x050B,0x0503,
	0x0606,0x0306,0x0606,0x0303,0x0606,0x0B06,0x0303,0x0303,
	0x0305,0x0303,0x0503,0x0505,0x0503,0x0500,0x0505,0x0B05,
	0x0303,0x050B,0x0303,0x0B03,0x0505,0x0303,0x050B,0x0303,
	0x0503,0x0605,0x0303,0x0306,0x0606,0x0606,0x0606,0x0606,
	0x0101,0x0106,0x0606,0x0303,0x0C0C,0x0306,0x0E0C,0x0E0E,

	0x0303,0x0E03,0x070C,0x0E0E,0x0E0F,0x0E0F,0x0F0F,0x0E0E,
	0x0E03,0x0C0C,0x0E0E,0x0C03,0x0C0B,0x0E03,0x0C0C,0x0303,
	0x0305,0x060B,0x0603,0x0005,0x0606,0x0606,0x0606,0x0606,
	0x0506,0x0306,0x0503,0x0505,0x0505,0x0505,0x0305,0x0503,
	0x050B,0x0303,0x0505,0x0503,0x0B05,0x0303,0x0505,0x050B,
	0x0303,0x0500,0x0503,0x0503,0x0305,0x0505,0x0305,0x0505,
	0x0503,0x0303,0x0503,0x0305,0x0503,0x0000,0x0505,0x0505,
	0x0505,0x0505,0x0500,0x030C,0x0305,0x0B03,0x0301,0x050B,

	0x0303,0x0105,0x0501,0x0505,0x030B,0x0B05,0x0B07,0x0B0B,
	0x0C05,0x0505,0x0503,0x0506,0x0B05,0x0603,0x0305,0x0606,
	0x0306,0x0603,0x0303,0x0505,0x0606,0x0306,0x0306,0x0306,
	0x0606,0x0305,0x0303,0x0305,0x0505,0x0503,0x0505,0x0B05,
	0x0303,0x0505,0x0303,0x0303,0x0305,0x0303,0x050B,0x0303,
	0x0106,0x0603,0x0603,0x0B05,0x0303,0x0601,0x0606,0x0101,
	0x0106,0x0606,0x0601,0x030B,0x030E,0x0C03,0x0E0E,0x0E0F,
	0x0303,0x0C06,0x0C0C,0x0F0F,0x0C01,0x0E0C,0x0E0C,0x0F0C,

	0x0E0E,0x0E0C,0x0E0E,0x0303,0x0E05,0x0C03,0x0B0C,0x0603,
	0x0303,0x0305,0x0303,0x0B05,0x0606,0x0606,0x0603,0x0606,
	0x0506,0x0306,0x0303,0x0305,0x0303,0x0506,0x0305,0x0505,
	0x050B,0x0503,0x0500,0x0303,0x0B05,0x0305,0x0503,0x0505,
	0x0303,0x0B05,0x0503,0x0B05,0x0503,0x0503,0x0505,0x0503,
	0x0B05,0x0505,0x0305,0x0303,0x0503,0x0B0B,0x0305,0x0505,
	0x0303,0x0503,0x0505,0x0303,0x0B0C,0x0B0C,0x0D04,0x0D0D,
	0x0D0D,0x0601,0x0501,0x0C03,0x0305,0x0505,0x0503,0x030C,

	0x0B01,0x0000,0x060B,0x0306,0x0B06,0x0505,0x050B,0x0305,
	0x0606,0x0603,0x0603,0x0606,0x0606,0x0306,0x0306,0x0606,
	0x0303,0x0306,0x0303,0x0303,0x0303,0x0B0B,0x0503,0x0503,
	0x0B00,0x0506,0x050B,0x0B0B,0x0B05,0x050B,0x0305,0x0B0B,
	0x030B,0x0506,0x0303,0x0606,0x0503,0x050B,0x0603,0x0B05,
	0x0103,0x0306,0x0B03,0x0B0C,0x050C,0x0C05,0x0E07,0x0707,
	0x0303,0x0E05,0x0F0F,0x010F,0x0F01,0x0E0C,0x0F0F,0x0F0F,
	0x0C0F,0x0707,0x070C,0x0303,0x0306,0x0B05,0x0C0C,0x050C,

	0x0B05,0x0505,0x0B0B,0x0303,0x0000,0x0B00,0x0503,0x0305,
	0x0503,0x0B03,0x0B05,0x0B0B,0x0305,0x0B05,0x0B00,0x0505,
	0x0B0B,0x0505,0x0B05,0x0B00,0x0505,0x0B0B,0x050B,0x0503,
	0x0B05,0x0305,0x0005,0x0500,0x0B0B,0x050B,0x0505,0x0B0B,
	0x050B,0x0B0B,0x050B,0x000B,0x0000,0x050B,0x0B0B,0x030B,
	0x0B0B,0x0B0B,0x0B0C,0x0B0B,0x070B,0x000B,0x0D03,0x010D,
	0x0101,0x0106,0x0B06,0x0B0B,0x0B0B,0x000B,0x0505,0x0B0B,
	0x0606,0x0606,0x0306,0x0603,0x0003,0x000B,0x0B05,0x000B,

	0x0B00,0x0B0B,0x0B0B,0x0506,0x0B03,0x060B,0x0503,0x0B0B,
	0x0303,0x050B,0x050B,0x0B05,0x0B0B,0x0B05,0x0B03,0x050B,
	0x030B,0x0505,0x0503,0x0503,0x0305,0x030B,0x0503,0x030B,
	0x0503,0x0303,0x0606,0x0606,0x0301,0x0305,0x0101,0x0606,
	0x0606,0x0106,0x0C05,0x0707,0x030C,0x0C03,0x0C0E,0x070C,
	0x0306,0x0105,0x0F0F,0x0D01,0x010D,0x0F01,0x010F,0x0D0D,
	0x0C0D,0x0707,0x0707,0x0106,0x0106,0x0C06,0x0705,0x060C,
	0x0605,0x0603,0x0B06,0x0B05,0x0B0B,0x0B00,0x0100,0x0601,

	0x0B06,0x0C06,0x0B05,0x0C0C,0x0603,0x0306,0x0303,0x0B05,
	0x030B,0x0303,0x0500,0x0303,0x0503,0x0303,0x0503,0x0603,
	0x0606,0x0606,0x0506,0x0505,0x0303,0x0303,0x0303,0x0503,
	0x0303,0x0303,0x0B05,0x000B,0x0B0B,0x0B0B,0x0505,0x050B,
	0x060C,0x0C03,0x0C0C,0x0B0C,0x0C0B,0x000E,0x0405,0x0404,
	0x0404,0x030D,0x0001,0x0C07,0x0E0C,0x0B0B,0x0303,0x0B05,
	0x0D04,0x010D,0x010D,0x0306,0x0501,0x0B0B,0x0B05,0x0B03,
	0x0B05,0x000B,0x0C03,0x0606,0x0606,0x050B,0x0303,0x0303,

	0x0606,0x0303,0x0B03,0x0B05,0x0503,0x030B,0x0506,0x0503,
	0x0305,0x050B,0x0303,0x0505,0x0305,0x0303,0x0605,0x0306,
	0x0306,0x0605,0x0606,0x0606,0x0601,0x0601,0x0503,0x0603,
	0x0106,0x0101,0x0706,0x0C0E,0x030E,0x0E0E,0x0E0C,0x0E0E,
	0x070B,0x0C0C,0x0C0B,0x0C0C,0x0B0C,0x0C0C,0x070C,0x0C07,
	0x0C0E,0x0E0C,0x0F0E,0x0B0F,0x0B0B,0x0C0C,0x0707,0x0707,
	0x050C,0x0B07,0x0303,0x0B05,0x0603,0x0B03,0x0305,0x0503,
	0x0506,0x0306,0x0B03,0x030C,0x0B05,0x0C0B,0x0B05,0x0B0B,

	0x0B05,0x0505,0x050B,0x0505,0x0B05,0x0505,0x0B05,0x0B0B,
	0x0505,0x0B05,0x0B05,0x0B0B,0x0C05,0x0503,0x050B,0x0505,
	0x0B0B,0x050B,0x0B05,0x0503,0x0503,0x0505,0x0305,0x0B03,
	0x0C03,0x0503,0x0305,0x0C0C,0x0B0C,0x050C,0x0605,0x0305,
	0x0303,0x0005,0x0C0B,0x0C0C,0x0B0B,0x0C07,0x0B0C,0x0B0C,
	0x010B,0x0106,0x0601,0x0506,0x0503,0x050B,0x0305,0x0303,
	0x0603,0x0305,0x0503,0x030B,0x0303,0x0303,0x0303,0x0303,
	0x0305,0x0303,0x0303,0x0503,0x0503,0x0305,0x0505,0x0B05,

	0x0303,0x0505,0x0303,0x0B0C,0x0303,0x0603,0x0303,0x0306,
	0x0606,0x0606,0x0606,0x0606,0x0106,0x0101,0x0101,0x0303,
	0x0D06,0x0101,0x070D,0x0B03,0x0306,0x0E0E,0x0E0C,0x0C0E,
	0x070C,0x0E03,0x0603,0x0C0E,0x070C,0x0E07,0x0F0F,0x0F0F,
	0x0F0F,0x0C0F,0x0C0E,0x070C,0x0C0B,0x0C0C,0x070C,0x0F0F,
	0x0E0F,0x0C01,0x0303,0x0303,0x0303,0x0303,0x0603,0x0306,
	0x0505,0x0C05,0x0505,0x0B05,0x0605,0x050B,0x0503,0x0B05,
	0x0C0C,0x0306,0x0305,0x0606,0x0B05,0x0305,0x070C,0x0C0C,

	0x0C05,0x0B03,0x0B0C,0x0B07,0x0505,0x030C,0x0C05,0x0C0C,
	0x0303,0x0505,0x0503,0x0C0B,0x0303,0x0505,0x0603,0x0B03,
	0x030C,0x0303,0x030C,0x0C0E,0x050C,0x0505,0x010D,0x0106,
	0x0101,0x0003,0x0C0B,0x0C0C,0x0C0C,0x0C0C,0x0C0C,0x0C0C,
	0x0505,0x0B0B,0x0305,0x0103,0x0106,0x0501,0x0C0B,0x0505,
	0x0503,0x0305,0x0306,0x050B,0x0503,0x0B05,0x0305,0x0305,
	0x0603,0x0303,0x0303,0x0303,0x0505,0x0505,0x0505,0x0B05,
	0x0505,0x0B0B,0x0505,0x0B05,0x0505,0x0505,0x0B0B,0x0505,

	0x0505,0x030B,0x0505,0x0505,0x0503,0x0303,0x0B03,0x0303,
	0x0303,0x0305,0x0303,0x0C0B,0x0603,0x0303,0x0C0B,0x0F0E,
	0x0C0C,0x0C0C,0x0305,0x0E03,0x0B0C,0x0303,0x0C0C,0x0B0C,
	0x0C0C,0x070C,0x0C0C,0x010E,0x0F0F,0x0F0F,0x0F0F,0x0E01,
	0x0F0E,0x0E0E,0x0E0E,0x0C0B,0x0603,0x0506,0x0305,0x0603,
	0x0606,0x0606,0x0B03,0x050C,0x0503,0x030B,0x0303,0x0B06,
	0x0C07,0x0B0C,0x0505,0x0303,0x0B0C,0x0C0C,0x070C,0x0C0B,
	0x0E0C,0x0C05,0x0C0C,0x0707,0x0C0C,0x050C,0x030B,0x0C0C,

	0x000B,0x0707,0x0B05,0x0C0C,0x0C0C,0x0303,0x070C,0x0B0C,
	0x0507,0x0C03,0x0C0B,0x0C0C,0x040B,0x0D0D,0x010D,0x0101,
	0x0101,0x0006,0x0C0B,0x0505,0x0505,0x030C,0x0B05,0x0B0B,
	0x0503,0x0B0B,0x0603,0x0101,0x010D,0x0306,0x0B00,0x0505,
	0x0B05,0x050B,0x0505,0x050B,0x0505,0x0B05,0x0505,0x0503,
	0x050B,0x0505,0x0B05,0x050B,0x0B05,0x050B,0x0505,0x0B05,
	0x0B05,0x030B,0x0303,0x0303,0x0603,0x0606,0x0306,0x0603,
	0x0606,0x0106,0x0101,0x0601,0x0101,0x0D06,0x0D0D,0x0D0D,

	0x0D0D,0x0D0D,0x0D0D,0x010E,0x030E,0x0303,0x0603,0x0E07,
	0x0F0F,0x0C0F,0x0707,0x0606,0x0306,0x0606,0x0101,0x0506,
	0x0E0C,0x0101,0x0D01,0x070D,0x0707,0x0707,0x0007,0x0E07,
	0x0707,0x0707,0x0F0F,0x0F0F,0x0700,0x0B07,0x0105,0x0506,
	0x0C00,0x0B00,0x0B0C,0x0C07,0x0C07,0x000C,0x030B,0x0503,
	0x0303,0x0503,0x0C0C,0x000B,0x0C0B,0x0B07,0x0707,0x070B,
	0x0E0B,0x0E0E,0x0F0F,0x000C,0x0700,0x070B,0x0B0C,0x0705,
	0x0C0C,0x0B06,0x0606,0x0603,0x0B0B,0x0707,0x0E0F,0x0B0E,

	0x070B,0x0707,0x0C0B,0x0B0B,0x0404,0x010D,0x010D,0x060D,
	0x0101,0x0B06,0x050B,0x0303,0x0503,0x0B03,0x0B05,0x050B,
	0x0505,0x0B00,0x040B,0x010D,0x010D,0x0101,0x0B00,0x0000,
	0x030B,0x0B0B,0x030B,0x0505,0x0303,0x0303,0x0506,0x0505,
	0x0B0B,0x0B05,0x0B0B,0x0B0B,0x0305,0x0503,0x0503,0x0503,
	0x0B00,0x0B0B,0x050B,0x0503,0x0505,0x0505,0x0603,0x050B,
	0x0303,0x0B05,0x0503,0x0305,0x0B05,0x0505,0x0603,0x0603,
	0x0605,0x0603,0x0103,0x0601,0x0503,0x0C05,0x0306,0x070B,

	0x0707,0x0E0E,0x0C0E,0x0B0B,0x030B,0x0303,0x0503,0x0C06,
	0x0705,0x0F0E,0x0F0F,0x0D0E,0x0E01,0x070B,0x0B07,0x0B07,
	0x070B,0x070C,0x0E0C,0x0E0E,0x0B07,0x0B0B,0x050C,0x050B,
	0x0C03,0x0B0B,0x0E0E,0x000C,0x0E0C,0x0C0E,0x0B0C,0x0305,
	0x0505,0x0505,0x050C,0x0B0B,0x0605,0x0B05,0x0C0B,0x0C0C,
	0x0C0B,0x0E0E,0x070B,0x0C0C,0x0C0E,0x0E0E,0x0B0C,0x0C07,
	0x050C,0x0B05,0x0C07,0x030B,0x0C03,0x0707,0x0707,0x0C0C,
	0x0707,0x0B07,0x070C,0x0B0B,0x0106,0x0606,0x0606,0x0606,

	0x0B03,0x0B0B,0x0B0B,0x0B0B,0x0B05,0x0B05,0x050B,0x0B0B,
	0x0B0B,0x0B05,0x0603,0x0106,0x0606,0x0303,0x0B00,0x0B00,
	0x0B0B,0x0B0B,0x000B,0x0B0B,0x0B0B,0x080B,0x0B0B,0x000B,
	0x0B05,0x0B0B,0x0B00,0x0B0B,0x000B,0x0505,0x0B0B,0x0B0B,
	0x0505,0x0B0B,0x0503,0x0503,0x0303,0x0303,0x0305,0x0303,
	0x0303,0x0303,0x0606,0x0506,0x0303,0x0303,0x0306,0x0606,
	0x0601,0x0106,0x0601,0x0103,0x0601,0x060C,0x0305,0x0C0C,
	0x0B0C,0x0E0E,0x0F0F,0x070E,0x0B0C,0x0601,0x0303,0x0603,

	0x0506,0x0E0E,0x010F,0x0601,0x0F01,0x0703,0x070C,0x070C,
	0x0C0C,0x0C0B,0x0F0F,0x0F0E,0x070E,0x030C,0x030B,0x0306,
	0x0505,0x0C0C,0x0E0E,0x0F0F,0x0E0F,0x0E0E,0x0E0E,0x0B0C,
	0x0603,0x0506,0x0505,0x0503,0x0C03,0x0303,0x0C0C,0x0E0C,
	0x0C0E,0x0F0E,0x0C0C,0x0C0E,0x0E0E,0x0E0E,0x070F,0x0E0C,
	0x0C07,0x0C0B,0x0B0B,0x0607,0x0C06,0x0B0C,0x0C0C,0x0B0C,
	0x0C0C,0x0C0C,0x0C0C,0x0507,0x0606,0x0101,0x0101,0x0601,
	0x0506,0x0B0B,0x0305,0x0505,0x050B,0x0503,0x0B05,0x0303,

	0x0B05,0x0B0B,0x0D01,0x0101,0x0101,0x0601,0x0B0B,0x050B,
	0x0B05,0x0B0B,0x050B,0x000B,0x0505,0x0805,0x0B08,0x0505,
	0x0305,0x0505,0x0B05,0x0B0B,0x050B,0x0503,0x0505,0x0B05,
	0x0305,0x0B0B,0x0505,0x0505,0x0305,0x0303,0x0305,0x0303,
	0x0303,0x0305,0x0303,0x050C,0x0303,0x0603,0x0606,0x0601,
	0x0606,0x0106,0x0101,0x0101,0x0101,0x0306,0x0505,0x0C03,
	0x0B0C,0x0C0C,0x0E0E,0x0E0E,0x070C,0x0C07,0x0C0C,0x030B,
	0x0606,0x050C,0x0C0C,0x0C0C,0x0C0B,0x0C03,0x0C0E,0x0E0E,

	0x0C0E,0x0F0C,0x0C0F,0x0F0F,0x0F0F,0x0C0C,0x0C0C,0x0603,
	0x0505,0x0E0C,0x0F0E,0x0E0F,0x070E,0x070B,0x0E0C,0x0C0E,
	0x030C,0x0303,0x0603,0x0306,0x0B03,0x0C03,0x070C,0x0C07,
	0x0C0E,0x0700,0x0E0E,0x0E0E,0x0C0C,0x0C0C,0x0C00,0x0C0E,
	0x0B0C,0x0C03,0x0C03,0x030C,0x0303,0x0606,0x0C03,0x0B0C,
	0x030C,0x0C03,0x0C05,0x0C0E,0x0505,0x0505,0x0305,0x050B,
	0x050C,0x0C0C,0x0305,0x0505,0x0503,0x0505,0x0503,0x0C05,
	0x0C0B,0x0B00,0x0106,0x0601,0x0601,0x0506,0x0B0B,0x050B,

	0x0005,0x0B0B,0x0B0B,0x050B,0x0505,0x0805,0x0808,0x0505,
	0x050B,0x050B,0x0B05,0x0505,0x050B,0x0505,0x0505,0x0B05,
	0x0503,0x0B00,0x0505,0x0B05,0x030B,0x0603,0x0305,0x0303,
	0x0305,0x0303,0x0303,0x0303,0x0606,0x0303,0x0B03,0x0606,
	0x0606,0x0606,0x0606,0x0306,0x0106,0x0101,0x0E03,0x0E0E,
	0x070C,0x050C,0x0C0B,0x0F0E,0x0C0F,0x0F0E,0x0C0C,0x0B07,
	0x0C0C,0x0B0E,0x0C0B,0x0306,0x0306,0x0C0C,0x0F0E,0x0F0E,
	0x0F0E,0x0E0E,0x0E0F,0x0E0E,0x0E0E,0x070C,0x0C0B,0x0303,

	0x0C0E,0x0C0C,0x0C03,0x0C0C,0x0E0E,0x0C07,0x0C0C,0x070B,
	0x0707,0x0307,0x070B,0x0C0C,0x0B0C,0x030C,0x0B03,0x0C0B,
	0x0E07,0x0C0B,0x0C0C,0x0E0E,0x070C,0x0E0F,0x0E0E,0x0E0C,
	0x0F0E,0x0C0C,0x0303,0x0C06,0x0C0C,0x0C0C,0x0C0C,0x000C,
	0x0C0C,0x0303,0x0303,0x030C,0x0B06,0x0305,0x070C,0x0C05,
	0x0C0C,0x0B0B,0x0C0B,0x0C0C,0x050B,0x0C03,0x0B0B,0x0C0C,
	0x0C0C,0x0C0B,0x0503,0x0B05,0x050B,0x0505,0x0305,0x0B05,
	0x0B05,0x050B,0x0505,0x0B05,0x0505,0x0805,0x0808,0x0508,

	0x0505,0x0505,0x0505,0x0503,0x0305,0x0305,0x0505,0x0B0B,
	0x0505,0x0B0B,0x0505,0x0B05,0x050B,0x0505,0x0306,0x0603,
	0x0303,0x0603,0x0303,0x0605,0x0506,0x0306,0x0303,0x0605,
	0x0606,0x0606,0x0101,0x0106,0x0101,0x0603,0x0606,0x0601,
	0x0D06,0x0C06,0x0505,0x0303,0x0C0C,0x0F07,0x0F0F,0x0F0F,
	0x0C0E,0x0B0C,0x030C,0x0306,0x0C01,0x0606,0x070B,0x0C0C,
	0x0C0C,0x070C,0x030C,0x0B07,0x0307,0x0606,0x0C06,0x0E0C,
	0x0E0E,0x0C0E,0x0C03,0x0C06,0x0C0C,0x0F0C,0x070F,0x070C,

	0x0307,0x0303,0x0C03,0x0C05,0x0B05,0x0C0C,0x0306,0x0503,
	0x0C0C,0x070E,0x0E0E,0x0B0C,0x0C0B,0x0C0C,0x070B,0x0F0F,
	0x0C07,0x0B07,0x0B0C,0x070B,0x0C07,0x050C,0x0306,0x0707,
	0x0C00,0x0606,0x0505,0x0C0C,0x0303,0x0503,0x0C0C,0x0306,
	0x0303,0x0506,0x050C,0x0B03,0x0C0B,0x0C0C,0x0C0C,0x0E0C,
	0x030C,0x0306,0x0305,0x0503,0x0303,0x0603,0x0305,0x0306,
	0x0303,0x0505,0x0505,0x0B0B,0x0B0B,0x0803,0x0808,0x0808,
	0x050B,0x0303,0x0B03,0x050B,0x0505,0x0503,0x0505,0x0505,

	0x0B00,0x050B,0x0000,0x0305,0x0005,0x0B00,0x0305,0x0B05,
	0x0305,0x0B05,0x050B,0x0605,0x0B03,0x0B0B,0x0505,0x0B0B,
	0x0B0B,0x000B,0x0503,0x0003,0x000B,0x0505,0x0503,0x0306,
	0x030B,0x0601,0x0B01,0x0B00,0x0C0B,0x0707,0x0707,0x0B0E,
	0x010F,0x010F,0x070F,0x0007,0x0C0B,0x0707,0x0C0C,0x000B,
	0x0303,0x0606,0x0303,0x0606,0x0B06,0x0B0B,0x0B0B,0x0C0C,
	0x0C0E,0x070E,0x0700,0x0B00,0x0E00,0x0B0C,0x0707,0x0C0C,
	0x000B,0x0300,0x0606,0x0B05,0x030B,0x0B00,0x0500,0x0B03,

	0x0B0C,0x0707,0x0700,0x070B,0x0F00,0x0F0F,0x0C0F,0x0E00,
	0x070E,0x0E0E,0x0B0C,0x0B00,0x0C0E,0x0B0B,0x0007,0x0305,
	0x0B03,0x0000,0x000C,0x0B0B,0x060B,0x0503,0x000B,0x0B07,
	0x0B00,0x050B,0x0B0B,0x0C05,0x070C,0x0B0B,0x0E0C,0x000B,
	0x0B0B,0x0B03,0x0005,0x0605,0x0505,0x0B05,0x0503,0x0305,
	0x0300,0x0503,0x050B,0x0503,0x0505,0x0800,0x0808,0x0808,
	0x0508,0x000B,0x050B,0x0B0B,0x0B0B,0x0005,0x0B0B,0x0500,
	0x0505,0x0B05,0x0B0B,0x030B,0x0505,0x050B,0x0503,0x0306,

	0x0303,0x0505,0x0303,0x0305,0x0503,0x0305,0x0303,0x0603,
	0x0503,0x030B,0x0606,0x0506,0x0303,0x0305,0x0606,0x0601,
	0x0303,0x0106,0x0006,0x050C,0x0B07,0x0C0B,0x070C,0x0E0C,
	0x0E0E,0x0F0F,0x0C0F,0x070C,0x0B07,0x0E0B,0x0C07,0x0C00,
	0x0105,0x0606,0x0306,0x0606,0x0C03,0x0C0C,0x0C05,0x0E0E,
	0x0E0F,0x0C0F,0x0707,0x0C07,0x0C0E,0x0F0C,0x0B0C,0x0B0C,
	0x0C07,0x0C05,0x0606,0x0C03,0x0B05,0x0C0B,0x050C,0x0B0B,
	0x050C,0x0C07,0x0C07,0x0707,0x0E0B,0x0E0E,0x0E0F,0x0E0B,

	0x0E0E,0x0E0E,0x0707,0x0B07,0x0C0C,0x0B05,0x0C0C,0x0303,
	0x0C03,0x0C03,0x0C07,0x0305,0x0303,0x0606,0x0C03,0x0B0B,
	0x0B05,0x0B00,0x0C05,0x0C0C,0x0C0E,0x0C0C,0x0C0C,0x0C0C,
	0x0303,0x0305,0x0505,0x0303,0x0306,0x0305,0x0303,0x0603,
	0x0303,0x0505,0x050B,0x0505,0x0503,0x0805,0x0808,0x0808,
	0x0808,0x050B,0x0B05,0x0505,0x0505,0x0B0B,0x0505,0x050B,
	0x0503,0x0B00,0x0305,0x0B03,0x0303,0x0505,0x0B0B,0x0305,
	0x0306,0x0605,0x0306,0x0305,0x0606,0x0506,0x0505,0x0603,

	0x0606,0x0603,0x0306,0x0603,0x0606,0x0601,0x0C05,0x0606,
	0x0606,0x0606,0x0606,0x0606,0x030C,0x0C03,0x0603,0x060C,
	0x0C03,0x0C0C,0x0F0E,0x0F0E,0x0E0F,0x0C0C,0x0B0C,0x0C0B,
	0x0C06,0x0C05,0x0E03,0x0506,0x0606,0x0306,0x0603,0x0C03,
	0x0C07,0x0E0C,0x0E0E,0x0F0E,0x0E0E,0x0C0F,0x0C0C,0x030C,
	0x0603,0x0606,0x050B,0x0303,0x0503,0x050C,0x0303,0x0603,
	0x0C03,0x0707,0x0C0E,0x0B0C,0x0C07,0x0C0C,0x070B,0x0E0F,
	0x070C,0x0F0B,0x0E0E,0x0E0F,0x030E,0x0303,0x0C0C,0x0303,

	0x0303,0x050C,0x0303,0x0506,0x0B0C,0x0C05,0x0C0C,0x0C07,
	0x0C0E,0x0C0C,0x0C0C,0x0E0C,0x0505,0x0C03,0x0B0C,0x0303,
	0x0C05,0x0305,0x0306,0x0303,0x0306,0x0306,0x0603,0x0303,
	0x0303,0x0303,0x0303,0x0505,0x0505,0x0803,0x0808,0x0808,
	0x0508,0x030B,0x0B05,0x0305,0x0305,0x0505,0x0505,0x0B05,
	0x0B0B,0x000B,0x050B,0x000B,0x050B,0x0505,0x0000,0x0B0B,
	0x0505,0x050B,0x0503,0x0B0B,0x0505,0x0505,0x0B0B,0x0505,
	0x0505,0x0305,0x0503,0x050C,0x0C05,0x0303,0x050B,0x0303,

	0x0B05,0x0303,0x0505,0x0C03,0x0B0C,0x0C03,0x0305,0x050B,
	0x0C0C,0x070C,0x0C0C,0x070C,0x0F07,0x0F0E,0x0C0E,0x0C0C,
	0x0C0E,0x0C0B,0x0C0C,0x070B,0x0C0C,0x0C0E,0x0C05,0x0303,
	0x0305,0x0C0C,0x070C,0x0C0C,0x0B0C,0x070B,0x060C,0x0603,
	0x0306,0x0C03,0x0303,0x0606,0x0B07,0x0505,0x030C,0x0C05,
	0x0303,0x0B00,0x0C0C,0x0C0E,0x0E0E,0x0E0E,0x0E0E,0x070C,
	0x0B0B,0x0C0C,0x0B0C,0x0C07,0x0603,0x0B0B,0x0C05,0x0C0C,
	0x0C0C,0x0B0C,0x0B0B,0x0C0C,0x0C0C,0x0E0C,0x0C0E,0x0E0E,

	0x0C0E,0x070C,0x030C,0x050C,0x0C0B,0x0C0B,0x0B0B,0x0C0C,
	0x0C05,0x050B,0x0505,0x0B05,0x0505,0x0505,0x0B00,0x050B,
	0x0505,0x050B,0x0505,0x0B0B,0x0B0B,0x0805,0x0808,0x0808,
	0x0B0B,0x0B0B,0x0B0B,0x0500,0x0505,0x0B00,0x050B,0x0B0B,
	0x0505,0x050B,0x0505,0x0B05,0x0305,0x0303,0x0305,0x0503,
	0x0505,0x050B,0x0303,0x0503,0x0503,0x0505,0x0505,0x0303,
	0x0606,0x0603,0x0606,0x0603,0x0603,0x0603,0x0605,0x0606,
	0x0306,0x0606,0x0603,0x0606,0x0301,0x0106,0x0606,0x0506,

	0x030E,0x0503,0x0E03,0x0C03,0x0C07,0x0C0C,0x070B,0x0E05,
	0x0F0E,0x0C0C,0x0E0E,0x0E0E,0x0E0E,0x0C0F,0x070F,0x0B0C,
	0x0B0C,0x0C0C,0x0B0C,0x0C0C,0x0C0C,0x0C0B,0x0C0C,0x0505,
	0x0605,0x070E,0x0C0B,0x0C0C,0x0506,0x0306,0x0B0C,0x0505,
	0x0306,0x0007,0x0303,0x070C,0x0C0B,0x0C0C,0x0B0B,0x070C,
	0x0C0C,0x0C07,0x0C0C,0x0C07,0x0C03,0x0C0C,0x0C03,0x070C,
	0x0E0C,0x0E0E,0x0E0B,0x0C0E,0x0C0E,0x0C0E,0x0C0E,0x0305,
	0x0305,0x0503,0x0303,0x0503,0x0C05,0x0303,0x0306,0x0303,

	0x0305,0x0303,0x0303,0x0B05,0x0505,0x0305,0x050B,0x0505,
	0x0305,0x0303,0x0503,0x0505,0x0505,0x080B,0x0808,0x0508,
	0x0305,0x0505,0x0503,0x0505,0x0505,0x050B,0x050B,0x0B0B,
	0x0505,0x0B0B,0x0503,0x0505,0x0503,0x0505,0x0303,0x0603,
	0x0503,0x0B03,0x0305,0x0305,0x0303,0x0B05,0x0B05,0x0503,
	0x060B,0x0303,0x0306,0x0303,0x0606,0x0506,0x0505,0x0603,
	0x0503,0x0606,0x0606,0x0305,0x0601,0x0101,0x0606,0x0106,
	0x0C01,0x0B0C,0x0606,0x0606,0x0506,0x0B03,0x030C,0x0B0B,

	0x0C0B,0x0B07,0x0C07,0x070C,0x0E07,0x0F0F,0x0F0E,0x0F0F,
	0x0F0F,0x0F0F,0x0E0F,0x0F0F,0x0C0E,0x0707,0x070C,0x0B0B,
	0x0B07,0x0B0B,0x070B,0x0C0B,0x0C0B,0x070B,0x0C0B,0x070B,
	0x0B07,0x050B,0x0B0B,0x0707,0x0C0C,0x0C0C,0x0C07,0x0E0B,
	0x0C0C,0x0F0E,0x0F0F,0x0E0F,0x0F0F,0x0E0E,0x0F0E,0x0C0C,
	0x0C0C,0x0B0B,0x0700,0x0B0B,0x0B07,0x070C,0x070B,0x0305,
	0x0C0C,0x0305,0x0505,0x0505,0x0E03,0x0606,0x0306,0x0606,
	0x0303,0x0B03,0x0305,0x0305,0x0603,0x0306,0x0303,0x0306,

	0x0B0B,0x0B0B,0x0603,0x0303,0x0506,0x0805,0x0808,0x000B,
	0x0505,0x0505,0x0505,0x0503,0x0503,0x0505,0x0305,0x0503,
	0x0B05,0x0505,0x0005,0x0300,0x0505,0x0B0B,0x0303,0x0505,
	0x0505,0x0303,0x0305,0x0303,0x0503,0x0B0B,0x050B,0x0505,
	0x050B,0x0305,0x0606,0x0606,0x0305,0x0B06,0x050B,0x0605,
	0x0303,0x0606,0x0606,0x0B0B,0x0601,0x0106,0x0306,0x0603,
	0x0B03,0x0000,0x0606,0x0301,0x0005,0x0C00,0x0305,0x0B0B,
	0x0B07,0x0B0C,0x0C0B,0x0B0B,0x0F07,0x0F0F,0x0F0E,0x0E0F,

	0x0F0F,0x0E0E,0x0E0C,0x0C0C,0x0B07,0x070C,0x0707,0x0707,
	0x0007,0x0B00,0x070C,0x0700,0x0B0B,0x0007,0x0707,0x0707,
	0x0000,0x0007,0x0B00,0x0C07,0x0707,0x0707,0x0707,0x0C00,
	0x0C0C,0x0E0E,0x0F0F,0x0E0F,0x0F0E,0x0F0F,0x0F0F,0x0E0E,
	0x0C0E,0x0C0B,0x000B,0x0707,0x0C07,0x000C,0x0C07,0x0B07,
	0x0C0C,0x0B07,0x0B0B,0x0B07,0x0305,0x0603,0x0606,0x0306,
	0x0B05,0x0B03,0x050B,0x030B,0x050B,0x0606,0x0503,0x0B05,
	0x0000,0x0000,0x0306,0x0505,0x0003,0x080B,0x0308,0x0505,

	0x0505,0x0B00,0x0505,0x0B03,0x0B0B,0x0B05,0x060B,0x0505,
	0x0B05,0x050B,0x0305,0x0B03,0x0305,0x0303,0x0B0B,0x0603,
	0x0503,0x0505,0x0B05,0x0505,0x0505,0x0505,0x0B0B,0x0303,
	0x0303,0x0303,0x0305,0x0305,0x0303,0x0303,0x0603,0x0606,
	0x0303,0x0306,0x0303,0x0106,0x0306,0x0306,0x0606,0x0106,
	0x0606,0x0606,0x0305,0x0603,0x0106,0x0606,0x0306,0x0606,
	0x0306,0x0C0B,0x0C03,0x0B0C,0x0C03,0x0B0C,0x0C0C,0x0C0C,
	0x0707,0x0E0C,0x0E0C,0x0E0C,0x0E0E,0x0C0C,0x0E0E,0x0C0C,

	0x0E0E,0x0E0E,0x0E0E,0x0E0E,0x0B0E,0x0E0E,0x0C0E,0x0E0E,
	0x0C0C,0x0C0E,0x0E0E,0x0C0E,0x0E0E,0x0E0E,0x0E0E,0x0C0E,
	0x0C0E,0x0C0C,0x0C0C,0x070B,0x0B0C,0x0C0B,0x0C0B,0x0007,
	0x0C0B,0x0C0C,0x030B,0x0303,0x0B03,0x0605,0x0303,0x030B,
	0x0C0C,0x0303,0x0303,0x0603,0x0303,0x0503,0x0505,0x0305,
	0x0306,0x0303,0x0303,0x0306,0x0603,0x0303,0x0503,0x0303,
	0x0503,0x0505,0x0505,0x0503,0x0305,0x0806,0x0503,0x0B05,
	0x050B,0x0503,0x0305,0x0305,0x0505,0x0505,0x0505,0x0B03,

	0x0505,0x0505,0x0505,0x0505,0x0303,0x0305,0x0B0B,0x0505,
	0x0505,0x030B,0x0505,0x0B0B,0x030B,0x0303,0x0506,0x0303,
	0x0603,0x0506,0x0303,0x0505,0x0303,0x0303,0x0305,0x0603,
	0x0503,0x0606,0x0603,0x0606,0x0603,0x0606,0x0606,0x0605,
	0x0606,0x0306,0x0101,0x0506,0x030B,0x0106,0x0606,0x0606,
	0x0606,0x0106,0x0606,0x0306,0x0606,0x0306,0x0306,0x0306,
	0x0C07,0x0C0C,0x0C0C,0x0C07,0x0C0C,0x0C0B,0x0C0C,0x070C,
	0x0C0C,0x050C,0x0500,0x0C0C,0x0B07,0x0C0C,0x0B0C,0x0C0B,

	0x0C0C,0x000B,0x0C0B,0x0B03,0x0C05,0x0C0C,0x0C0B,0x0C0C,
	0x0B0B,0x030C,0x0C05,0x0C0C,0x0B0B,0x0303,0x030C,0x0503,
	0x0603,0x0606,0x0603,0x0306,0x0306,0x0303,0x0306,0x0605,
	0x0606,0x0503,0x0606,0x0606,0x0305,0x0606,0x0306,0x0303,
	0x0305,0x0303,0x0303,0x0306,0x0303,0x0303,0x0505,0x0306,
	0x0303,0x0505,0x0B05,0x0505,0x0B05,0x0B0B,0x050B,0x0303,
	0x0305,0x0B05,0x0503,0x0503,0x0505,0x0505,0x0505,0x0B05,
	0x0505,0x050B,0x0505,0x0B05,0x0505,0x0505,0x050B,0x0503,

	0x0505,0x050B,0x0505,0x0B05,0x0B05,0x0505,0x0303,0x0303,
	0x0505,0x030B,0x0503,0x050B,0x0305,0x0306,0x0305,0x0303,
	0x0505,0x0303,0x0605,0x0603,0x0603,0x0606,0x0606,0x0606,
	0x0606,0x0306,0x0606,0x0606,0x0301,0x0303,0x0B03,0x0603,
	0x0106,0x0106,0x0606,0x0306,0x0106,0x0106,0x0606,0x0606,
	0x0306,0x0306,0x0503,0x0303,0x0606,0x0303,0x0306,0x0C05,
	0x0603,0x0506,0x050B,0x0303,0x0503,0x050C,0x0505,0x0505,
	0x0303,0x0B0B,0x030C,0x0503,0x0305,0x0603,0x0303,0x0306,

	0x0303,0x0303,0x0306,0x0C03,0x0603,0x0606,0x0303,0x0506,
	0x0606,0x0606,0x0603,0x0606,0x0B05,0x0503,0x0605,0x0606,
	0x0606,0x0503,0x0603,0x0503,0x0303,0x0303,0x0505,0x0305,
	0x0303,0x0503,0x0506,0x0505,0x0505,0x0305,0x050B,0x0503,
	0x0303,0x0503,0x0505,0x0B05,0x050B,0x0B05,0x0505,0x0505,
	0x0B05,0x0503,0x0505,0x050B,0x0505,0x0B0B,0x050B,0x0505,
	0x0505,0x0505,0x0505,0x0B05,0x050B,0x0505,0x0B05,0x0305,
	0x0505,0x030B,0x0503,0x0505,0x0305,0x0B05,0x0B0B,0x0305,

	0x0303,0x0305,0x0303,0x0303,0x0306,0x0303,0x0303,0x0303,
	0x0503,0x0306,0x0505,0x0603,0x0503,0x0605,0x0506,0x0605,
	0x0303,0x0303,0x0103,0x0606,0x0103,0x0301,0x0506,0x0305,
	0x0603,0x0103,0x0606,0x0306,0x0603,0x0106,0x0606,0x0601,
	0x0606,0x0603,0x0306,0x0603,0x0606,0x0603,0x0606,0x0306,
	0x0303,0x0306,0x0606,0x0306,0x0303,0x0603,0x0B05,0x050B,
	0x0306,0x0306,0x0303,0x0303,0x0603,0x0606,0x0303,0x0306,
	0x0B03,0x0603,0x0B06,0x030B,0x0606,0x0606,0x0606,0x0506,

	0x0603,0x0506,0x0606,0x0306,0x0306,0x0505,0x0503,0x0505,
	0x0603,0x0506,0x0506,0x0503,0x0505,0x0303,0x0503,0x0306,
	0x0003,0x0505,0x0303,0x0B05,0x050B,0x0505,0x0503,0x0B05,
	0x0505,0x0B0B,0x0505,0x0503,0x0505,0x0505,0x0505,0x0505,
	0x0B0B,0x0305,0x0305,0x0505,0x0B05,0x0503,0x0505,0x0B0B,
	0x0B0B,0x0505,0x050B,0x050B,0x0B05,0x0B0B,0x0B05,0x0505,
	0x050B,0x0505,0x0B05,0x0505,0x0505,0x0005,0x0B0B,0x050B,
	0x0B05,0x0503,0x0305,0x0303,0x0303,0x0303,0x0305,0x0505,

	0x0505,0x0303,0x0303,0x0303,0x0B05,0x0305,0x0503,0x0306,
	0x0B03,0x0303,0x0606,0x0303,0x0306,0x0503,0x0305,0x0B05,
	0x0305,0x0603,0x0603,0x0606,0x0305,0x0303,0x0606,0x0B06,
	0x0606,0x0303,0x0603,0x0303,0x0603,0x0606,0x0305,0x0303,
	0x0305,0x0306,0x0603,0x0603,0x0303,0x0503,0x050B,0x0B0B,
	0x0303,0x0303,0x0305,0x0305,0x0303,0x0303,0x0303,0x0503,
	0x0505,0x0303,0x0306,0x0305,0x0306,0x0603,0x0606,0x0303,
	0x0305,0x0B03,0x0303,0x0605,0x0303,0x0B05,0x0B0B,0x0005,

	0x0605,0x0506,0x0505,0x0503,0x0B05,0x0505,0x0503,0x0303,
	0x0505,0x0505,0x0503,0x0505,0x0B0B,0x0503,0x0505,0x0505,
	0x0B0B,0x0B05,0x050B,0x0505,0x0B05,0x050B,0x050B,0x050B,
	0x0505,0x0B0B,0x0505,0x0B0B,0x0B0B,0x0B05,0x050B,0x0B0B,
	0x050B,0x0B0B,0x0505,0x0B05,0x050B,0x0505,0x050B,0x0B0B,
	0x0B0B,0x050B,0x0505,0x050B,0x0505,0x0503,0x0B0B,0x050B,
	0x0505,0x0505,0x0505,0x0305,0x0505,0x0303,0x0505,0x0605,
	0x0505,0x0505,0x0505,0x0303,0x0305,0x0603,0x0303,0x030B,

	0x0606,0x0306,0x0603,0x0306,0x0603,0x0606,0x0303,0x0503,
	0x0505,0x0300,0x0606,0x0B05,0x0603,0x0303,0x0603,0x0606,
	0x0503,0x0606,0x0306,0x0303,0x0B06,0x030B,0x0606,0x0506,
	0x0606,0x0306,0x0303,0x0306,0x0505,0x0606,0x0603,0x0503,
	0x0305,0x000B,0x0306,0x0503,0x0505,0x0303,0x0305,0x0303,
	0x0503,0x0303,0x0B03,0x030B,0x0606,0x0303,0x0305,0x0303,
	0x0306,0x0603,0x0305,0x0303,0x0303,0x0306,0x0306,0x0503,
	0x0505,0x0505,0x0305,0x0505,0x0305,0x0303,0x0505,0x0505,

	0x0505,0x0505,0x0505,0x0505,0x0505,0x050B,0x0B0B,0x0505,
	0x0505,0x0505,0x0505,0x050B,0x050B,0x0505,0x0B05,0x0505,
	0x0B0B,0x050B,0x0B0B,0x0B0B,0x050B,0x050B,0x0505,0x0B05,
	0x050B,0x0505,0x050B,0x0B05,0x0505,0x0B05,0x050B,0x0B05,
	0x0505,0x0505,0x0B05,0x0B05,0x050B,0x0303,0x0303,0x0B0B,
	0x0B0B,0x050B,0x0505,0x0505,0x0305,0x0505,0x0505,0x0303,
	0x0B06,0x0303,0x0303,0x0303,0x0306,0x0606,0x0606,0x0603,
	0x0606,0x0503,0x0603,0x0606,0x0606,0x0606,0x0306,0x0306,

	0x0505,0x0505,0x0603,0x0306,0x0603,0x0606,0x0603,0x0606,
	0x0606,0x0305,0x0603,0x0306,0x0603,0x0303,0x0606,0x0303,
	0x0306,0x0503,0x0603,0x0606,0x0B03,0x0303,0x0306,0x0303,
	0x0503,0x0B0B,0x0505,0x0503,0x0305,0x0303,0x0303,0x0305,
	0x0506,0x0303,0x0B05,0x030B,0x0603,0x0606,0x0606,0x0503,
	0x0303,0x0303,0x0305,0x0305,0x0606,0x0603,0x0306,0x0606,
	0x0503,0x0B0B,0x050B,0x0303,0x0503,0x0506,0x0505,0x0503,
	0x0505,0x0505,0x0505,0x0505,0x0505,0x0505,0x0503,0x0505,

	0x0505,0x050B,0x0505,0x0B0B,0x050B,0x0B05,0x0B05,0x0505,
	0x050B,0x0B05,0x0B0B,0x0B0B,0x0B0B,0x0B0B,0x050B,0x0B05,
	0x0B0B,0x0B00,0x0B0B,0x000B,0x0B0B,0x0B0B,0x0000,0x0B0B,
	0x000B,0x0B00,0x050B,0x000B,0x0B0B,0x0B0B,0x000B,0x0B0B,
	0x0B0B,0x0B0B,0x0B0B,0x0B00,0x0B0B,0x0B0B,0x0B00,0x050B,
	0x0005,0x050B,0x0B00,0x0505,0x0B0B,0x050B,0x0505,0x0B0B,
	0x0505,0x0005,0x050B,0x0B05,0x050B,0x0505,0x0B05,0x0505,
	0x0505,0x050B,0x0505,0x0B05,0x0505,0x0505,0x050B,0x0505,

	0x0B0B,0x050B,0x0505,0x050B,0x0B05,0x0500,0x0505,0x0B0B,
	0x050B,0x0B05,0x050B,0x0B05,0x000B,0x0B0B,0x0B0B,0x0B0B,
	0x0505,0x0B00,0x0505,0x0B0B,0x0B0B,0x0B0B,0x0B00,0x0505,
	0x000B,0x0505,0x0B05,0x0B0B,0x0B0B,0x0B0B,0x0505,0x0B05,
	0x050B,0x0505,0x0B0B,0x0B05,0x0005,0x050B,0x0B0B,0x0B0B,
	0x0B05,0x0B0B,0x0B05,0x0B0B,0x0B00,0x0B0B,0x0B0B,0x0B0B,
	0x0B0B,0x0B00,0x0B0B,0x0B0B,0x0B0B,0x0B0B,0x0B0B,0x0B05,
	0x000B,0x0B0B,0x050B,0x0B00,0x0B0B,0x0B00,0x0B0B,0x0B0B,

	0x0B00,0x0B0B,0x0B0B,0x0B00,0x0B0B,0x0B0B,0x0B0B,0x000B,
	0x0B0B,0x0B0B,0x0505,0x0B0B,0x050B,0x050B,0x0B00,0x0B0B,
	0x0B05,0x050B,0x0505,0x0B05,0x0503,0x0505,0x0B05,0x0505,
	0x0B0B,0x0B0B,0x050B,0x050B,0x0505,0x0305,0x050B,0x0305,
	0x0B05,0x0505,0x000B,0x0505,0x0B03,0x0505,0x0305,0x0305,
	0x0303,0x0B05,0x0305,0x0505,0x0305,0x0303,0x0503,0x0303,
	0x0305,0x0305,0x0505,0x0503,0x0303,0x0503,0x0305,0x0305,
	0x0505,0x0303,0x0303,0x0503,0x0303,0x0505,0x0505,0x0B0B,

	0x0505,0x0505,0x030B,0x0505,0x0503,0x0505,0x0B05,0x050B,
	0x0505,0x0B05,0x0505,0x0B05,0x050B,0x0B0B,0x050B,0x0505,
	0x0505,0x0505,0x0503,0x0303,0x0305,0x0505,0x0503,0x0B05,
	0x0303,0x0503,0x050B,0x0B05,0x0305,0x0505,0x0505,0x0505,
	0x0505,0x0B05,0x050B,0x0B0B,0x0B00,0x050B,0x0B0B,0x0505,
	0x000B,0x0505,0x0B0B,0x0B0B,0x0505,0x0B05,0x0B0B,0x0B0B,
	0x0B0B,0x050B,0x0B0B,0x0505,0x0B0B,0x0B05,0x0B05,0x0505,
	0x050B,0x0B0B,0x0B0B,0x0B0B,0x0B0B,0x0B0B,0x0505,0x0B0B,
};

const unsigned short opening2Pal[256] __attribute__((aligned(4)))=
{
	0x0C42,0x088D,0x3521,0x0C67,0x0937,0x0C45,0x086A,0x18A3,
	0x1E5C,0x5261,0x636F,0x0C43,0x1085,0x08B0,0x10C7,0x1109,
	0x0000,0x0000,0x0000,0x0000,0x0000,0x0000,0x0000,0x0000,
	0x0000,0x0000,0x0000,0x0000,0x0000,0x0000,0x0000,0x0000,
	0x0000,0x0000,0x0000,0x0000,0x0000,0x0000,0x0000,0x0000,
	0x0000,0x0000,0x0000,0x0000,0x0000,0x0000,0x0000,0x0000,
	0x0000,0x0000,0x0000,0x0000,0x0000,0x0000,0x0000,0x0000,
	0x0000,0x0000,0x0000,0x0000,0x0000,0x0000,0x0000,0x0000,

	0x0000,0x0000,0x0000,0x0000,0x0000,0x0000,0x0000,0x0000,
	0x0000,0x0000,0x0000,0x0000,0x0000,0x0000,0x0000,0x0000,
	0x0000,0x0000,0x0000,0x0000,0x0000,0x0000,0x0000,0x0000,
	0x0000,0x0000,0x0000,0x0000,0x0000,0x0000,0x0000,0x0000,
	0x0000,0x0000,0x0000,0x0000,0x0000,0x0000,0x0000,0x0000,
	0x0000,0x0000,0x0000,0x0000,0x0000,0x0000,0x0000,0x0000,
	0x0000,0x0000,0x0000,0x0000,0x0000,0x0000,0x0000,0x0000,
	0x0000,0x0000,0x0000,0x0000,0x0000,0x0000,0x0000,0x0000,

	0x0000,0x0000,0x0000,0x0000,0x0000,0x0000,0x0000,0x0000,
	0x0000,0x0000,0x0000,0x0000,0x0000,0x0000,0x0000,0x0000,
	0x0000,0x0000,0x0000,0x0000,0x0000,0x0000,0x0000,0x0000,
	0x0000,0x0000,0x0000,0x0000,0x0000,0x0000,0x0000,0x0000,
	0x0000,0x0000,0x0000,0x0000,0x0000,0x0000,0x0000,0x0000,
	0x0000,0x0000,0x0000,0x0000,0x0000,0x0000,0x0000,0x0000,
	0x0000,0x0000,0x0000,0x0000,0x0000,0x0000,0x0000,0x0000,
	0x0000,0x0000,0x0000,0x0000,0x0000,0x0000,0x0000,0x0000,

	0x0000,0x0000,0x0000,0x0000,0x0000,0x0000,0x0000,0x0000,
	0x0000,0x0000,0x0000,0x0000,0x0000,0x0000,0x0000,0x0000,
	0x0000,0x0000,0x0000,0x0000,0x0000,0x0000,0x0000,0x0000,
	0x0000,0x0000,0x0000,0x0000,0x0000,0x0000,0x0000,0x0000,
	0x0000,0x0000,0x0000,0x0000,0x0000,0x0000,0x0000,0x0000,
	0x0000,0x0000,0x0000,0x0000,0x0000,0x0000,0x0000,0x0000,
	0x0000,0x0000,0x0000,0x0000,0x0000,0x0000,0x0000,0x0000,
	0x0000,0x0000,0x0000,0x0000,0x0000,0x0000,0x0000,0x0000,
};

//}}BLOCK(opening2)
