
//{{BLOCK(pause)

//======================================================================
//
//	pause, 240x160@8, 
//	+ palette 256 entries, not compressed
//	+ bitmap not compressed
//	Total size: 512 + 38400 = 38912
//
//	Time-stamp: 2025-03-22, 15:25:06
//	Exported by Cearn's GBA Image Transmogrifier, v0.8.3
//	( http://www.coranac.com/projects/#grit )
//
//======================================================================

const unsigned short pauseBitmap[19200] __attribute__((aligned(4)))=
{
	0x0D0D,0x0D0D,0x0D0D,0x0D0D,0x0808,0x0808,0x0808,0x0808,
	0x0808,0x0808,0x0D08,0x0D0D,0x0D0D,0x0D0D,0x0D0D,0x0D0D,
	0x0D0D,0x0D0D,0x0D0D,0x0808,0x080D,0x0808,0x0808,0x0808,
	0x0808,0x0808,0x0808,0x0808,0x0808,0x0808,0x0808,0x0808,
	0x0808,0x0508,0x0805,0x0508,0x0505,0x0505,0x0505,0x0505,
	0x0505,0x0505,0x0505,0x0505,0x0505,0x0505,0x0505,0x0505,
	0x0505,0x0505,0x0505,0x0505,0x0505,0x0505,0x0505,0x0505,
	0x0505,0x0505,0x0505,0x0505,0x0505,0x0D05,0x0C08,0x0707,

	0x0707,0x0707,0x0707,0x0C02,0x0C0E,0x0E0E,0x0C0E,0x0606,
	0x0906,0x0E0E,0x0E0E,0x0E06,0x0906,0x0E0E,0x0E0E,0x0E0E,
	0x0E0E,0x0E0E,0x0E0E,0x0E06,0x0E0E,0x0E0E,0x0E0E,0x0609,
	0x0609,0x0909,0x0E0E,0x0E0E,0x0E0E,0x0E0E,0x090E,0x0909,
	0x0909,0x0000,0x0909,0x0000,0x0000,0x0000,0x0000,0x0000,
	0x0900,0x0909,0x0909,0x0909,0x0909,0x0909,0x0909,0x0E09,
	0x0E0E,0x0E0E,0x0E0E,0x0E0E,0x0E0E,0x0E0E,0x0E0E,0x0E0E,
	0x0D0D,0x0D0D,0x0D0D,0x080D,0x0808,0x0808,0x0808,0x0808,

	0x0808,0x0808,0x0D0D,0x0D0D,0x0D0D,0x0D0D,0x0D0D,0x0D0D,
	0x0D0D,0x0D0D,0x0D0D,0x0808,0x0808,0x0808,0x0808,0x0808,
	0x0808,0x0808,0x0808,0x0808,0x0808,0x0808,0x0808,0x0808,
	0x0808,0x0808,0x0805,0x0808,0x0505,0x0505,0x0505,0x0505,
	0x0505,0x0505,0x0505,0x0505,0x0505,0x0505,0x0505,0x0505,
	0x0505,0x0505,0x0505,0x0505,0x0505,0x0505,0x0505,0x0505,
	0x0505,0x0505,0x0505,0x0505,0x0505,0x0D05,0x0708,0x0707,
	0x0707,0x0707,0x0202,0x0C0C,0x0C0C,0x0E0C,0x0E0C,0x0606,

	0x0606,0x0E0E,0x0E0E,0x0E0E,0x090E,0x0E0E,0x0E0E,0x0E0E,
	0x0E0E,0x0E0E,0x0E0E,0x0E06,0x0E0E,0x0E0E,0x0E0E,0x0609,
	0x0E09,0x090E,0x0E0E,0x0E0E,0x0E0E,0x0E0E,0x090E,0x0909,
	0x0909,0x0909,0x0909,0x0000,0x0000,0x0000,0x0000,0x0000,
	0x0000,0x0909,0x0909,0x0909,0x0909,0x0909,0x0609,0x0E0E,
	0x0E0E,0x0E0E,0x0E0E,0x0E06,0x0E0E,0x0E0E,0x0E0E,0x0E0E,
	0x0D0D,0x0D0D,0x0D0D,0x080D,0x0808,0x0808,0x0808,0x0808,
	0x0808,0x0D08,0x0D0D,0x0D0D,0x0D0D,0x0D0D,0x0D0D,0x0D0D,

	0x0D0D,0x0D0D,0x080D,0x0808,0x0808,0x0808,0x0808,0x0808,
	0x0808,0x0808,0x0808,0x0808,0x0808,0x0808,0x0808,0x0808,
	0x0808,0x0808,0x0508,0x0805,0x0808,0x0505,0x0505,0x0505,
	0x0505,0x0505,0x0505,0x0505,0x0505,0x0505,0x0505,0x0505,
	0x0505,0x0505,0x0505,0x0505,0x0505,0x0505,0x0505,0x0505,
	0x0505,0x0505,0x0505,0x0505,0x0505,0x0805,0x0707,0x0707,
	0x0707,0x0202,0x0E02,0x0E0E,0x0C0C,0x0C0C,0x0E0C,0x0906,
	0x0606,0x0606,0x060E,0x0E0E,0x0E0E,0x0E0E,0x0E0E,0x0E0E,

	0x0E0E,0x0E0E,0x0E0E,0x0E0E,0x0E0E,0x0E0E,0x0E0E,0x0E06,
	0x0E0E,0x090E,0x0E0E,0x0E0E,0x0E0E,0x0E0E,0x090E,0x0009,
	0x0909,0x0909,0x0909,0x0000,0x0000,0x0000,0x0000,0x0000,
	0x0000,0x0900,0x0909,0x0909,0x0909,0x0909,0x0E09,0x0E0E,
	0x0E0E,0x0E0E,0x0E06,0x0E06,0x0E0E,0x0E0E,0x0E0E,0x0E0E,
	0x0D0D,0x0D0D,0x0D0D,0x080D,0x0808,0x0808,0x0808,0x0808,
	0x0808,0x0D08,0x0D0D,0x0D0D,0x0D0D,0x0D0D,0x0D0D,0x0D0D,
	0x0D0D,0x0D0D,0x080D,0x0808,0x0808,0x0808,0x0808,0x0808,

	0x0808,0x0808,0x0808,0x080D,0x0808,0x0808,0x0808,0x0808,
	0x0808,0x0808,0x0508,0x0805,0x0808,0x0505,0x0505,0x0505,
	0x0505,0x0505,0x0505,0x0505,0x0505,0x0505,0x0505,0x0505,
	0x0505,0x0505,0x0505,0x0505,0x0505,0x0505,0x0505,0x0505,
	0x0505,0x0505,0x0505,0x0505,0x0505,0x0805,0x0707,0x0707,
	0x0707,0x0E02,0x0E0E,0x0E0E,0x0C0C,0x0C0C,0x0C0C,0x090E,
	0x0609,0x0606,0x060E,0x0E0E,0x0E0E,0x0E0E,0x0E0E,0x0E0E,
	0x0E0E,0x0E0E,0x0E0E,0x0E06,0x0E0E,0x0E0E,0x0E0E,0x0E06,

	0x0E0E,0x090E,0x0E0E,0x0E0E,0x0E0E,0x0E0E,0x090E,0x0009,
	0x0909,0x0909,0x0909,0x0000,0x0000,0x0000,0x0000,0x0000,
	0x0000,0x0900,0x0909,0x0909,0x0909,0x0909,0x0E00,0x0E0E,
	0x0E0E,0x0E0E,0x0E0E,0x0E09,0x0E0E,0x0E0E,0x0E0E,0x0E0E,
	0x0D0D,0x0D08,0x0D0D,0x080D,0x0808,0x0D0D,0x0D0D,0x0D08,
	0x0808,0x030D,0x0303,0x0D0D,0x0D0D,0x0D0D,0x0D0D,0x0D0D,
	0x0D0D,0x0D0D,0x0808,0x0808,0x0808,0x0808,0x0808,0x0808,
	0x0808,0x0808,0x0808,0x080D,0x0808,0x0808,0x0D0D,0x080D,

	0x0808,0x0808,0x0808,0x0505,0x0808,0x0505,0x0505,0x0505,
	0x0505,0x0505,0x0505,0x0505,0x0505,0x0505,0x0505,0x0505,
	0x0505,0x0505,0x0505,0x0505,0x0505,0x0505,0x0505,0x0505,
	0x0505,0x0505,0x0505,0x0505,0x0505,0x0805,0x0707,0x0707,
	0x0207,0x060C,0x0E06,0x0E0E,0x0E0E,0x0E0C,0x0E0C,0x090E,
	0x0609,0x0606,0x0E06,0x0E0E,0x0E0E,0x0C0E,0x0E0E,0x0E0E,
	0x0E0E,0x0E0E,0x0E0E,0x0E06,0x0E0E,0x0E0E,0x0E0E,0x0E0E,
	0x060E,0x060E,0x0E0E,0x0E0E,0x0E0E,0x0E0E,0x090E,0x0909,

	0x0906,0x0909,0x0909,0x0000,0x0000,0x0000,0x0000,0x0000,
	0x0000,0x0900,0x0909,0x0909,0x0909,0x0909,0x0E00,0x0E0E,
	0x0E0E,0x0E0E,0x090E,0x0E09,0x0E0E,0x0E0E,0x0E0E,0x0E0E,
	0x080D,0x0808,0x0D0D,0x080D,0x0808,0x0F0F,0x030F,0x0D0D,
	0x0D0D,0x0F03,0x0F0F,0x0808,0x0D08,0x0D0D,0x0D0D,0x0D0D,
	0x0D0D,0x080D,0x0808,0x0808,0x0808,0x0808,0x0808,0x0808,
	0x0808,0x0808,0x0D08,0x080D,0x0808,0x0D08,0x0F0F,0x0D0F,
	0x0808,0x0808,0x0808,0x0808,0x0808,0x0505,0x0505,0x0505,

	0x0505,0x0505,0x0505,0x0505,0x0505,0x0505,0x0505,0x0505,
	0x0505,0x0505,0x0505,0x0505,0x0505,0x0505,0x0505,0x0505,
	0x0505,0x0505,0x0505,0x0505,0x0505,0x0B05,0x0707,0x0707,
	0x0C0C,0x0707,0x0C07,0x0E0E,0x0E0E,0x0E0E,0x0E0E,0x090C,
	0x0609,0x0606,0x0606,0x0E0E,0x0E0E,0x0E0E,0x0E0C,0x0C0E,
	0x0E0E,0x0E0E,0x0E0C,0x0E06,0x0E0E,0x0E0E,0x0E0E,0x0E0E,
	0x0E0E,0x0909,0x0E09,0x0E0E,0x0E0E,0x0E0E,0x090E,0x0606,
	0x090E,0x0900,0x0606,0x0000,0x0000,0x0000,0x0000,0x0000,

	0x0000,0x0000,0x0909,0x0909,0x0909,0x0909,0x0E00,0x0E0E,
	0x0E0E,0x0E0E,0x090E,0x0E09,0x0E0E,0x0E0E,0x0E0E,0x0E0E,
	0x080D,0x0D08,0x0808,0x080D,0x0808,0x0F0F,0x030F,0x0D03,
	0x0D0D,0x0F03,0x0F0F,0x0808,0x0808,0x0D0D,0x0D0D,0x0D0D,
	0x0D0D,0x0808,0x0808,0x0808,0x0D08,0x0D0D,0x080D,0x080D,
	0x0808,0x0D0D,0x0D0D,0x0808,0x0808,0x0D08,0x0F0F,0x0D0F,
	0x0808,0x0808,0x0808,0x0808,0x0808,0x0805,0x0508,0x0505,
	0x0505,0x0505,0x0505,0x0505,0x0505,0x0505,0x0505,0x0505,

	0x0505,0x0505,0x0505,0x0505,0x0505,0x0505,0x0505,0x0505,
	0x0505,0x0505,0x0505,0x0505,0x0505,0x0805,0x070B,0x0707,
	0x0C02,0x070C,0x0C07,0x0C0C,0x0E0C,0x0E0E,0x0E0E,0x0E0E,
	0x0E0E,0x0E0E,0x0E0E,0x0606,0x0E09,0x0E0E,0x0E0C,0x0E0E,
	0x0E0C,0x0E0E,0x060C,0x0E06,0x0E0E,0x0E0E,0x0E0E,0x0E0E,
	0x0E0E,0x0906,0x0609,0x0E0E,0x0E0E,0x0E0E,0x090E,0x0E06,
	0x060E,0x0609,0x0606,0x0009,0x0000,0x0000,0x0000,0x0000,
	0x0000,0x0000,0x0909,0x0909,0x0906,0x0909,0x0E00,0x0E0E,

	0x0E0E,0x0E0E,0x0906,0x0E09,0x0E0E,0x0E0E,0x0E0E,0x0E0E,
	0x0808,0x0808,0x0808,0x0808,0x0808,0x0F0F,0x0F0F,0x0D0F,
	0x0D0D,0x0F03,0x0F0F,0x0D08,0x0D0D,0x0D0D,0x0D0D,0x0D0D,
	0x0D0D,0x0808,0x0808,0x0808,0x0D08,0x0D0D,0x080D,0x0808,
	0x0D0D,0x0D0D,0x080D,0x0808,0x0808,0x0D08,0x0F0F,0x0D0F,
	0x0808,0x0808,0x0808,0x0808,0x0808,0x0805,0x0808,0x0505,
	0x0505,0x0505,0x0505,0x0505,0x0505,0x0505,0x0505,0x0505,
	0x0505,0x0505,0x0505,0x0505,0x0505,0x0505,0x0505,0x0505,

	0x0505,0x0505,0x0505,0x0505,0x0505,0x0805,0x0B0B,0x0707,
	0x0C02,0x0C0C,0x0702,0x0E0C,0x0C0E,0x0C0C,0x0E0C,0x0C0E,
	0x060C,0x090E,0x0606,0x0909,0x0E09,0x0E0E,0x0C0E,0x0E0E,
	0x0E0C,0x0E0C,0x060C,0x0E06,0x0E0E,0x0E0E,0x0E0E,0x0E0E,
	0x0E0E,0x0906,0x0909,0x0E0E,0x0E0E,0x0E0E,0x090E,0x0E0E,
	0x0E0E,0x0909,0x0909,0x0900,0x0000,0x0000,0x0000,0x0000,
	0x0000,0x0000,0x0900,0x0609,0x0606,0x0009,0x0E00,0x0E0E,
	0x0E0E,0x0E0E,0x090E,0x0909,0x0E0E,0x0E0E,0x0E0E,0x0E0E,

	0x0808,0x0D08,0x0808,0x080D,0x0808,0x0F0F,0x0F0F,0x0F0F,
	0x0D0F,0x0F03,0x0F0F,0x0D0D,0x030D,0x0F0F,0x0F0F,0x0F0F,
	0x0F0F,0x0808,0x0808,0x0308,0x0F0F,0x0F0F,0x0F0F,0x030F,
	0x0D0D,0x0D0D,0x0F0D,0x0F0F,0x0F0F,0x0F0F,0x0F0F,0x0D0F,
	0x0808,0x0808,0x0808,0x0808,0x0808,0x0808,0x0808,0x0508,
	0x0F0D,0x0F0F,0x0F0F,0x0F0F,0x050F,0x0505,0x0505,0x0505,
	0x0505,0x0505,0x0505,0x0505,0x0505,0x0505,0x0505,0x0505,
	0x0505,0x0505,0x0505,0x0505,0x0505,0x0805,0x0B0B,0x0707,

	0x0C07,0x0C0C,0x020C,0x0E06,0x0E0E,0x0E0E,0x0E0C,0x0C0C,
	0x0E0E,0x090E,0x0909,0x0909,0x0E09,0x0E0E,0x0C0E,0x0E0E,
	0x0E0C,0x0E0C,0x060E,0x0E06,0x0E0E,0x0E0E,0x0E0E,0x0E0E,
	0x0E0E,0x0906,0x0909,0x0E0E,0x0E0E,0x0E0E,0x090E,0x0E0E,
	0x0E0E,0x0900,0x0606,0x0000,0x0000,0x0000,0x0000,0x0000,
	0x0000,0x0000,0x0900,0x0609,0x0606,0x0009,0x0E00,0x0E0E,
	0x0E0E,0x0E0E,0x090E,0x0909,0x0E0E,0x0E0E,0x0E0E,0x0E0E,
	0x0808,0x0808,0x0808,0x0808,0x0808,0x0F0F,0x0F0F,0x0F0F,

	0x0D0F,0x0F03,0x0F0F,0x0D08,0x030D,0x0F0F,0x0F0F,0x0F0F,
	0x0F0F,0x080D,0x0808,0x0F0D,0x0F0F,0x0F0F,0x0F0F,0x0F0F,
	0x0D0D,0x0D0D,0x0F0D,0x0F0F,0x0F0F,0x0F0F,0x0F0F,0x0D0F,
	0x0808,0x0808,0x0808,0x0808,0x0808,0x0508,0x0805,0x0505,
	0x0F03,0x0F0F,0x0F0F,0x0F0F,0x080F,0x0505,0x0505,0x0505,
	0x0505,0x0505,0x0505,0x0505,0x0505,0x0505,0x0505,0x0505,
	0x0505,0x0505,0x0505,0x0505,0x0505,0x0805,0x0B08,0x070B,
	0x0C07,0x0C0C,0x060C,0x0906,0x0E09,0x0C0C,0x0C0C,0x0E0E,

	0x0E0E,0x0E0C,0x0909,0x0909,0x0E09,0x0C0C,0x0C0C,0x0E0E,
	0x0E0C,0x0E0E,0x060C,0x0E09,0x0E0E,0x0E0E,0x0E0E,0x0E0E,
	0x0E0E,0x090E,0x0909,0x0E0E,0x0E0E,0x0E0E,0x0906,0x0E06,
	0x0E0E,0x0900,0x0909,0x0009,0x0000,0x0000,0x0000,0x0000,
	0x0000,0x0000,0x0900,0x0609,0x0906,0x0009,0x0E00,0x0E0E,
	0x0E0E,0x0E0E,0x090E,0x0909,0x0E0E,0x0E0E,0x0E0E,0x0E0E,
	0x0808,0x0808,0x0808,0x0808,0x0808,0x0F0F,0x030F,0x0F08,
	0x0F0F,0x0F0F,0x0F0F,0x0D08,0x0F0F,0x0D0F,0x0D0D,0x080D,

	0x0F03,0x0F0F,0x0308,0x0F0F,0x080F,0x0D08,0x0D0D,0x0F0F,
	0x030F,0x0F0D,0x0F0F,0x0D0F,0x0D08,0x0D08,0x0F0F,0x0D0F,
	0x0808,0x0808,0x0808,0x0808,0x0808,0x0808,0x0808,0x0808,
	0x0808,0x0505,0x0808,0x0305,0x0F0F,0x050F,0x0505,0x0505,
	0x0505,0x0505,0x0505,0x0505,0x0505,0x0505,0x0505,0x0505,
	0x0505,0x0505,0x0505,0x0505,0x0505,0x0505,0x0B08,0x0B0B,
	0x0C0B,0x0C0C,0x0909,0x0909,0x0E09,0x0E0E,0x0E0C,0x0E0E,
	0x0E0E,0x0C0E,0x090E,0x0909,0x0E09,0x0C0C,0x0C0C,0x0E0E,

	0x0C0C,0x0C0E,0x060C,0x0E09,0x0E0E,0x0E0E,0x0E0E,0x0E0E,
	0x0E0E,0x090E,0x0900,0x0E0E,0x0E0E,0x0E0E,0x0906,0x0E09,
	0x0E0E,0x0900,0x0909,0x0909,0x0009,0x0000,0x0000,0x0000,
	0x0000,0x0000,0x0900,0x0609,0x0906,0x0009,0x0000,0x0E0E,
	0x0E0E,0x0E0E,0x090E,0x0909,0x0E0E,0x0E0E,0x0E0E,0x0E0E,
	0x0808,0x0808,0x0808,0x0808,0x0808,0x0F0F,0x030F,0x030D,
	0x0F03,0x0F0F,0x0F0F,0x0D08,0x0F0F,0x030F,0x0303,0x0303,
	0x0F0F,0x0F0F,0x030D,0x0F0F,0x030F,0x0303,0x0303,0x0F0F,

	0x030F,0x0F0D,0x0F0F,0x0D0F,0x0D0D,0x0D0D,0x0F0F,0x0D0F,
	0x0808,0x0808,0x0808,0x0808,0x0808,0x0808,0x0808,0x0808,
	0x0D0D,0x0D0D,0x0D0D,0x0F0D,0x0F0F,0x050F,0x0505,0x0505,
	0x0505,0x0505,0x0505,0x0505,0x0505,0x0505,0x0505,0x0505,
	0x0505,0x0505,0x0505,0x0505,0x0505,0x0505,0x0805,0x0B08,
	0x0B07,0x0C0C,0x0E0E,0x090E,0x0E0E,0x0E0E,0x0E0C,0x0E0E,
	0x0E0E,0x0E0E,0x0E0E,0x0909,0x0E0E,0x0C0C,0x0E0C,0x0E0E,
	0x0C0C,0x0E0E,0x060C,0x0E06,0x0E0E,0x0C0C,0x0E0E,0x0E0E,

	0x0E0E,0x060E,0x0000,0x0E0E,0x0E0E,0x0E0E,0x0909,0x0E09,
	0x0E0E,0x0900,0x0609,0x0009,0x0000,0x0000,0x0000,0x0000,
	0x0000,0x0000,0x0900,0x0609,0x0906,0x0009,0x0000,0x0E0E,
	0x0E0E,0x0E0E,0x090E,0x0909,0x0E0E,0x0E0E,0x0E0E,0x0E0E,
	0x0808,0x0808,0x0808,0x0808,0x0808,0x0F0F,0x030F,0x0D0D,
	0x0F0D,0x0F0F,0x0F0F,0x0D08,0x0F0F,0x0F0F,0x0F0F,0x0F0F,
	0x0F0F,0x0F0F,0x030D,0x0F0F,0x0F0F,0x0F0F,0x0F0F,0x0F0F,
	0x030F,0x0F0D,0x0F0F,0x0D0F,0x0D0D,0x0D0D,0x0F0F,0x0D0F,

	0x0808,0x0808,0x0D08,0x0808,0x0808,0x0808,0x0808,0x0808,
	0x0F03,0x0F0F,0x0F0F,0x0F0F,0x0F0F,0x050F,0x0505,0x0505,
	0x0505,0x0505,0x0505,0x0505,0x0505,0x0505,0x0505,0x0505,
	0x0505,0x0505,0x0505,0x0505,0x0505,0x0505,0x0501,0x0805,
	0x0B08,0x080B,0x0808,0x0C08,0x0C0E,0x0E0E,0x0E0E,0x0E0E,
	0x0E0E,0x060C,0x0E09,0x0909,0x0E0E,0x0C0C,0x0C0C,0x0E0E,
	0x060E,0x0E0E,0x090E,0x0E0E,0x0C0E,0x0E0E,0x0E0C,0x0E0E,
	0x0E0E,0x0E0E,0x0000,0x0E0E,0x0E0E,0x090E,0x0909,0x0E06,

	0x0E0E,0x0900,0x0609,0x0009,0x0900,0x0000,0x0000,0x0000,
	0x0000,0x0000,0x0900,0x0609,0x0906,0x0009,0x0000,0x0E09,
	0x0E0E,0x0E0E,0x090E,0x0609,0x0E0E,0x0E0E,0x0E0E,0x0E0E,
	0x0808,0x0808,0x0808,0x0808,0x0808,0x0F0F,0x030F,0x0D0D,
	0x0D08,0x0F03,0x0F0F,0x0D08,0x0F0F,0x030F,0x030D,0x0303,
	0x0303,0x0D03,0x030D,0x0F0F,0x030F,0x0303,0x0303,0x0303,
	0x0D03,0x0F0D,0x0F0F,0x0D0F,0x0D0D,0x0D0D,0x0F0F,0x0D0F,
	0x0808,0x0808,0x0D08,0x0808,0x0808,0x0808,0x0808,0x030D,

	0x0F0F,0x0D03,0x0D0D,0x0F0D,0x0F0F,0x050F,0x0505,0x0505,
	0x0505,0x0505,0x0505,0x0505,0x0505,0x0505,0x0505,0x0505,
	0x0505,0x0505,0x0505,0x0505,0x0505,0x0505,0x0505,0x0D05,
	0x0B08,0x0D01,0x0D0D,0x0B08,0x0C0C,0x0E0E,0x0E0E,0x0E0E,
	0x0E0E,0x060E,0x0909,0x0909,0x0C0E,0x0C0C,0x0E0C,0x0E0C,
	0x060E,0x0E0E,0x090E,0x0E06,0x0C0E,0x0E0C,0x0E0C,0x0E0E,
	0x0E0E,0x0E0E,0x0000,0x0E06,0x0E0E,0x090E,0x0909,0x0E09,
	0x0E0E,0x0909,0x0909,0x0000,0x0900,0x0000,0x0000,0x0000,

	0x0000,0x0000,0x0900,0x0609,0x0906,0x0009,0x0000,0x0E06,
	0x0E06,0x0E0E,0x090E,0x0609,0x0E0E,0x0E0E,0x0E0E,0x0E0E,
	0x0808,0x0808,0x0808,0x0808,0x0D08,0x0F0F,0x030F,0x0808,
	0x0808,0x0F03,0x0F0F,0x0D08,0x0F0F,0x0D0F,0x0D08,0x0D0D,
	0x0D0D,0x0D0D,0x030D,0x0F0F,0x0D0F,0x0D0D,0x0D0D,0x0D0D,
	0x0D0D,0x0F0D,0x0F0F,0x0D0F,0x0D0D,0x0D08,0x0F0F,0x0D0F,
	0x0808,0x0D0D,0x080D,0x0808,0x0808,0x0808,0x0808,0x0F0D,
	0x0F0F,0x080D,0x0808,0x0308,0x0F0F,0x050F,0x0505,0x0505,

	0x0505,0x0505,0x0505,0x0505,0x0505,0x0505,0x0505,0x0505,
	0x0505,0x0505,0x0505,0x0505,0x0505,0x0505,0x0505,0x0505,
	0x0805,0x0D08,0x0D0D,0x080D,0x0508,0x0C0C,0x0E0C,0x0E0E,
	0x0E0E,0x0E0E,0x060E,0x0E09,0x0E0E,0x0E0E,0x0E0C,0x0C0E,
	0x0E0E,0x0E0E,0x090E,0x0E0E,0x0C0E,0x0C0C,0x0E0E,0x0E09,
	0x0E0E,0x0E0E,0x0000,0x0606,0x0E06,0x0006,0x0909,0x0E09,
	0x0E0E,0x0009,0x0900,0x0000,0x0000,0x0606,0x0000,0x0000,
	0x0000,0x0000,0x0900,0x0909,0x0909,0x0009,0x0000,0x0909,

	0x0E0E,0x0E0E,0x090E,0x0E09,0x0E0E,0x0E0E,0x0E0E,0x0E0E,
	0x0808,0x0808,0x0808,0x0808,0x0D0D,0x0F0F,0x030F,0x0808,
	0x0D08,0x0F03,0x0F0F,0x0D08,0x030D,0x0F0F,0x0F0F,0x0F0F,
	0x0F0F,0x0D0D,0x0D0D,0x0F0D,0x0F0F,0x0F0F,0x0F0F,0x0F0F,
	0x0D0D,0x0D0D,0x0F0D,0x0F0F,0x0F0F,0x0F0F,0x0F0F,0x030F,
	0x0D0D,0x0D0D,0x080D,0x0808,0x0808,0x0808,0x0808,0x0808,
	0x0F03,0x0F0F,0x0F0F,0x0F0F,0x0F0F,0x050F,0x0505,0x0505,
	0x0505,0x0505,0x0505,0x0505,0x0505,0x0505,0x0505,0x0505,

	0x0505,0x0505,0x0505,0x0505,0x0505,0x0505,0x0505,0x0505,
	0x0505,0x0505,0x0D08,0x0D0D,0x080D,0x0C0B,0x0C0C,0x0E0E,
	0x0E0E,0x060E,0x0606,0x0E09,0x0E0E,0x0E0E,0x0E0C,0x0C0C,
	0x0E0E,0x0E0E,0x090E,0x0E06,0x0E0E,0x0E0C,0x0E0E,0x0909,
	0x0E0E,0x060E,0x0900,0x0609,0x0606,0x0009,0x0909,0x0E09,
	0x0E0E,0x0006,0x0900,0x0000,0x0000,0x0600,0x0006,0x0000,
	0x0000,0x0000,0x0900,0x0909,0x090E,0x0909,0x0009,0x0909,
	0x0E06,0x0E0E,0x090E,0x0E09,0x0E0E,0x0E0E,0x0E0E,0x0E0E,

	0x0808,0x0808,0x0808,0x0D08,0x0D08,0x0F0F,0x030F,0x080D,
	0x0D08,0x0F03,0x0F0F,0x0D0D,0x030D,0x0F0F,0x0F0F,0x0F0F,
	0x0F0F,0x0D0D,0x0D0D,0x030D,0x0F0F,0x0F0F,0x0F0F,0x030F,
	0x0D08,0x0D0D,0x0F0D,0x0F0F,0x0F0F,0x0F0F,0x0F0F,0x030F,
	0x0D0D,0x0D0D,0x080D,0x0808,0x0808,0x0808,0x0808,0x0808,
	0x0F03,0x0F0F,0x0F0F,0x0F0F,0x0F0F,0x0503,0x0505,0x0505,
	0x0505,0x0505,0x0505,0x0505,0x0505,0x0505,0x0505,0x0505,
	0x0505,0x0505,0x0505,0x0505,0x0505,0x0505,0x0505,0x0505,

	0x0505,0x0505,0x0505,0x0505,0x0805,0x0C0B,0x0C0C,0x0E0E,
	0x0E0E,0x0E0E,0x0909,0x0E0E,0x0E0E,0x0E0C,0x0E0E,0x0E0E,
	0x0E0E,0x0E0E,0x090E,0x0E06,0x0E0C,0x0E0C,0x090E,0x0909,
	0x0E0E,0x090E,0x0909,0x0609,0x0906,0x0909,0x0909,0x0609,
	0x0E0E,0x000E,0x0900,0x0000,0x0000,0x0900,0x060E,0x0000,
	0x0000,0x0000,0x0900,0x0609,0x090E,0x0909,0x0009,0x0909,
	0x0E06,0x0E0E,0x0909,0x0E09,0x0E0E,0x0E0E,0x0E0E,0x0E0E,
	0x0808,0x0808,0x0D08,0x0D0D,0x0808,0x0D0D,0x0D0D,0x0808,

	0x0808,0x0808,0x0808,0x0D0D,0x0D08,0x080D,0x0D08,0x0D0D,
	0x0D0D,0x0D0D,0x0D0D,0x0D0D,0x0D0D,0x0D0D,0x0D0D,0x0D0D,
	0x0808,0x0D0D,0x0D0D,0x0D0D,0x0D0D,0x0808,0x080D,0x0D08,
	0x0D0D,0x0D0D,0x0D0D,0x0D0D,0x0808,0x0808,0x0808,0x0808,
	0x0808,0x0808,0x0808,0x0808,0x0808,0x0808,0x0505,0x0505,
	0x0505,0x0505,0x0505,0x0505,0x0505,0x0505,0x0505,0x0505,
	0x0505,0x0505,0x0505,0x0505,0x0505,0x0505,0x0505,0x0505,
	0x0505,0x0505,0x0505,0x0505,0x0505,0x0C0B,0x0C0C,0x0E0E,

	0x0E0E,0x0E0E,0x0E06,0x0E0E,0x0C0C,0x0C0E,0x0C0C,0x0E0E,
	0x0E06,0x0E0E,0x060E,0x0E0E,0x0C0C,0x0E0C,0x090E,0x0909,
	0x0E09,0x090E,0x0909,0x0609,0x0006,0x0909,0x0909,0x0909,
	0x0E0E,0x000E,0x0900,0x0000,0x0000,0x0900,0x0000,0x0909,
	0x0000,0x0000,0x0900,0x0609,0x0906,0x0909,0x0009,0x0909,
	0x0609,0x0E0E,0x0909,0x0E09,0x0E0E,0x0E0E,0x0E0E,0x0E0E,
	0x0808,0x0808,0x0D0D,0x080D,0x0808,0x0D08,0x080D,0x0808,
	0x0D08,0x080D,0x0D08,0x0808,0x0808,0x0808,0x0D0D,0x0D0D,

	0x0D0D,0x0D0D,0x0D0D,0x0D0D,0x0D0D,0x0D0D,0x0D0D,0x0D0D,
	0x0808,0x0808,0x0808,0x0808,0x0808,0x0D0D,0x0D0D,0x0508,
	0x0D0D,0x080D,0x0D08,0x0D0D,0x0D0D,0x0808,0x0808,0x0D08,
	0x0808,0x0808,0x0808,0x0808,0x0808,0x0508,0x0505,0x0505,
	0x0505,0x0505,0x0505,0x0505,0x0505,0x0505,0x0505,0x0505,
	0x0505,0x0505,0x0505,0x0505,0x0505,0x0505,0x0505,0x0505,
	0x0505,0x0505,0x0505,0x0505,0x0505,0x0C0B,0x0C0C,0x0E0E,
	0x0E0E,0x0E0E,0x0E0E,0x0E0E,0x0909,0x0E0E,0x060E,0x0606,

	0x0606,0x0E0E,0x0E0E,0x0E06,0x0C0C,0x0E0C,0x090E,0x0909,
	0x0E09,0x0906,0x0909,0x0909,0x0009,0x0909,0x0909,0x0609,
	0x0906,0x0006,0x0900,0x0000,0x0000,0x0000,0x0000,0x0909,
	0x0909,0x0000,0x0909,0x0909,0x0909,0x0909,0x0009,0x0909,
	0x0609,0x0E06,0x0009,0x0E09,0x0E0E,0x0E0E,0x0E0E,0x0E0E,
	0x0808,0x0D0D,0x0D0D,0x0808,0x0808,0x0808,0x0808,0x0808,
	0x0D08,0x0D0D,0x0D08,0x0808,0x0808,0x0D08,0x0D0D,0x0D0D,
	0x0D0D,0x0D0D,0x0D0D,0x0D0D,0x0D0D,0x0D0D,0x0D0D,0x0D0D,

	0x0808,0x0808,0x0808,0x0D08,0x0D0D,0x0D0D,0x0D0D,0x050D,
	0x0508,0x0505,0x0808,0x0D0D,0x080D,0x0808,0x0808,0x0D08,
	0x0808,0x0808,0x0808,0x0808,0x0808,0x0508,0x0505,0x0505,
	0x0505,0x0505,0x0505,0x0505,0x0505,0x0505,0x0505,0x0505,
	0x0505,0x0505,0x0505,0x0505,0x0505,0x0505,0x0505,0x0505,
	0x0505,0x0505,0x0505,0x0505,0x0505,0x0B0B,0x0B0C,0x0E0E,
	0x0E0E,0x0E0E,0x0E0E,0x0609,0x0909,0x0609,0x020E,0x0606,
	0x0606,0x0E06,0x020E,0x0E0E,0x0C0C,0x0E0C,0x090E,0x0909,

	0x0E09,0x0909,0x0909,0x0609,0x0909,0x0909,0x0909,0x0609,
	0x0906,0x0006,0x0900,0x0000,0x0000,0x0000,0x0000,0x0000,
	0x0909,0x0909,0x0909,0x0909,0x0909,0x0909,0x0009,0x0909,
	0x0606,0x0E06,0x0909,0x0E09,0x0E0E,0x0E0E,0x0E0E,0x0E0E,
	0x0D0D,0x0D0D,0x080D,0x0808,0x0808,0x0808,0x0808,0x0808,
	0x0808,0x0D08,0x0D0D,0x0808,0x0D08,0x0D0D,0x0D0D,0x0D0D,
	0x0D0D,0x0D0D,0x0D0D,0x0D0D,0x0D0D,0x0D0D,0x0D0D,0x0D0D,
	0x0808,0x0808,0x080D,0x0D0D,0x0D0D,0x0D0D,0x0D0D,0x050D,

	0x0505,0x0505,0x0505,0x0505,0x0505,0x0808,0x0808,0x0808,
	0x080D,0x0808,0x0808,0x0808,0x0808,0x0508,0x0505,0x0505,
	0x0505,0x0505,0x0505,0x0505,0x0505,0x0505,0x0505,0x0505,
	0x0505,0x0505,0x0505,0x0505,0x0505,0x0505,0x0505,0x0505,
	0x0505,0x0505,0x0505,0x0505,0x0505,0x0808,0x0C0B,0x0E0E,
	0x0C0C,0x0E0C,0x0E0E,0x0909,0x0909,0x0C06,0x0602,0x0606,
	0x0606,0x0606,0x0E0E,0x0C0E,0x0C0C,0x0E0C,0x090E,0x0609,
	0x0E0E,0x0909,0x0909,0x0909,0x0909,0x0909,0x0909,0x0909,

	0x0606,0x0009,0x0000,0x0000,0x0000,0x0000,0x0000,0x0000,
	0x0900,0x0909,0x0909,0x0909,0x0909,0x0909,0x0000,0x0909,
	0x0609,0x0E0E,0x0909,0x0900,0x0E0E,0x0E0E,0x0E0E,0x0E0E,
	0x0D0D,0x0D0D,0x080D,0x080D,0x0808,0x0808,0x0808,0x0808,
	0x0808,0x0D0D,0x0D0D,0x0808,0x0D08,0x0D0D,0x0D0D,0x0D0D,
	0x0D0D,0x0D0D,0x0D0D,0x0D0D,0x0D0D,0x0D0D,0x0D0D,0x0D0D,
	0x0D08,0x080D,0x0D08,0x0D0D,0x0D0D,0x0D0D,0x0D0D,0x080D,
	0x0505,0x0505,0x0505,0x0505,0x0505,0x0805,0x0808,0x0808,

	0x0D0D,0x0808,0x0808,0x0808,0x0808,0x0808,0x0508,0x0505,
	0x0505,0x0505,0x0505,0x0505,0x0505,0x0505,0x0505,0x0505,
	0x0505,0x0505,0x0505,0x0505,0x0505,0x0505,0x0505,0x0505,
	0x0505,0x0505,0x0505,0x0505,0x0505,0x0D0D,0x080D,0x0C0C,
	0x0C0C,0x0C0C,0x0E0E,0x090E,0x0209,0x0606,0x0606,0x0606,
	0x0606,0x0606,0x0E06,0x060E,0x0C0C,0x0E0E,0x0E0E,0x0609,
	0x0606,0x0909,0x0909,0x0909,0x0909,0x0909,0x0909,0x0909,
	0x0909,0x0000,0x0900,0x0009,0x0000,0x0000,0x0000,0x0000,

	0x0000,0x0900,0x0909,0x0909,0x0909,0x0909,0x0000,0x0909,
	0x0909,0x0E09,0x0909,0x0909,0x0E0E,0x0E0E,0x0E0E,0x0E0E,
	0x0D0D,0x0D0D,0x080D,0x0808,0x0808,0x0808,0x0808,0x0D0D,
	0x080D,0x0D08,0x0D0D,0x0808,0x0D08,0x0D0D,0x0D0D,0x0D0D,
	0x0D0D,0x0D0D,0x0D0D,0x0D0D,0x0D0D,0x0D0D,0x0D0D,0x0D0D,
	0x0D0D,0x080D,0x0508,0x0505,0x0D0D,0x0D0D,0x0D0D,0x050D,
	0x0505,0x0505,0x0505,0x0505,0x0505,0x0505,0x0505,0x0808,
	0x0D0D,0x080D,0x0808,0x0808,0x0808,0x0808,0x0808,0x0505,

	0x0505,0x0505,0x0505,0x0505,0x0505,0x0505,0x0505,0x0505,
	0x0505,0x0505,0x0505,0x0505,0x0505,0x0505,0x0505,0x0505,
	0x0505,0x0505,0x0505,0x0505,0x0505,0x0D05,0x0B0D,0x070B,
	0x0C0C,0x0C0C,0x0E0C,0x0606,0x0206,0x0606,0x0606,0x0606,
	0x0606,0x0606,0x0E0E,0x0609,0x0E0C,0x0E0E,0x0E0E,0x0909,
	0x0906,0x0906,0x0909,0x0606,0x0909,0x0909,0x0909,0x0909,
	0x0006,0x0000,0x0900,0x0900,0x0009,0x0000,0x0000,0x0000,
	0x0000,0x0000,0x0900,0x0909,0x0909,0x0609,0x0000,0x0606,

	0x0606,0x0606,0x0909,0x0909,0x0E09,0x0E0E,0x0E0E,0x0E0E,
	0x0D0D,0x0D0D,0x080D,0x0808,0x0808,0x0F0F,0x0D0F,0x0D0D,
	0x080D,0x0D08,0x0D0D,0x0808,0x0D08,0x0D0D,0x0D0D,0x0D0D,
	0x0D0D,0x0D0D,0x0D0D,0x0D0D,0x0D0D,0x0D0D,0x0D0D,0x0D0D,
	0x0D0D,0x080D,0x0508,0x0505,0x0D0D,0x0D0D,0x0D0D,0x050D,
	0x0305,0x0303,0x050D,0x0505,0x0505,0x0505,0x0505,0x0808,
	0x0F03,0x0F0F,0x0F0F,0x0F0F,0x080F,0x0808,0x0808,0x0505,
	0x0505,0x0505,0x0505,0x0505,0x0505,0x0505,0x0505,0x0505,

	0x0505,0x0505,0x0505,0x0505,0x0505,0x0505,0x0505,0x0505,
	0x0505,0x0505,0x0505,0x0505,0x0505,0x0805,0x0108,0x0C0B,
	0x0C0C,0x0C0B,0x0E0C,0x0606,0x0202,0x0606,0x0606,0x0606,
	0x0606,0x0606,0x0E06,0x0909,0x0E0E,0x0E0E,0x090E,0x0909,
	0x0909,0x0906,0x0909,0x0606,0x0909,0x0909,0x0909,0x0909,
	0x0009,0x0000,0x0900,0x0900,0x0009,0x0000,0x0009,0x0000,
	0x0000,0x0000,0x0900,0x0909,0x0909,0x0609,0x0000,0x0606,
	0x0906,0x0609,0x0909,0x0909,0x0E06,0x0E0E,0x0E0E,0x0E0E,

	0x0D0D,0x080D,0x0808,0x0808,0x0808,0x0F0F,0x030F,0x0D08,
	0x0D0D,0x0D0D,0x0D0D,0x0808,0x0D0D,0x0D0D,0x0D0D,0x0D0D,
	0x0D0D,0x0D0D,0x0D0D,0x0D0D,0x0D0D,0x0D0D,0x0D0D,0x0D0D,
	0x0D0D,0x050D,0x0505,0x0505,0x0505,0x0505,0x0505,0x0505,
	0x0F05,0x0F0F,0x050D,0x0505,0x0505,0x0505,0x0505,0x0808,
	0x0F03,0x0F0F,0x0F0F,0x0F0F,0x0D0F,0x0808,0x0508,0x0505,
	0x0505,0x0505,0x0505,0x0505,0x0505,0x0505,0x0505,0x0505,
	0x0505,0x0505,0x0505,0x0505,0x0505,0x0505,0x0505,0x0505,

	0x0505,0x0505,0x0505,0x0505,0x0505,0x0505,0x0B08,0x0B0B,
	0x0C0B,0x0C0C,0x0C0B,0x0702,0x0707,0x0602,0x0606,0x0606,
	0x0606,0x0606,0x0E06,0x0906,0x0E0C,0x0E0E,0x0E0E,0x0906,
	0x0909,0x0909,0x0909,0x0009,0x0000,0x0000,0x0900,0x0909,
	0x0909,0x0009,0x0000,0x0000,0x0900,0x0000,0x0900,0x0000,
	0x0000,0x0000,0x0900,0x0909,0x0909,0x0609,0x0000,0x0606,
	0x0906,0x0606,0x0909,0x0909,0x0E09,0x060E,0x0E0E,0x0E0E,
	0x0808,0x0808,0x0808,0x0808,0x0808,0x0F0F,0x030F,0x0808,

	0x0D0D,0x0D0D,0x0D0D,0x0D08,0x0D0D,0x0D0D,0x0D0D,0x0D0D,
	0x0D0D,0x0D0D,0x0D0D,0x0D0D,0x0D0D,0x0D0D,0x0D0D,0x0D0D,
	0x0D0D,0x080D,0x0508,0x0505,0x0505,0x0505,0x0505,0x0505,
	0x0F05,0x0F0F,0x050D,0x0505,0x0505,0x0505,0x0505,0x0F0D,
	0x0F0F,0x0F0F,0x0F0F,0x0F0F,0x0F0F,0x050F,0x0505,0x0505,
	0x0505,0x0505,0x0505,0x0505,0x0505,0x0505,0x0505,0x0505,
	0x0505,0x0505,0x0505,0x0505,0x0505,0x0505,0x0505,0x0505,
	0x0505,0x0505,0x0505,0x0505,0x0505,0x0805,0x0B08,0x0B0B,

	0x0B0B,0x0C0C,0x020C,0x0707,0x0707,0x0602,0x0606,0x0606,
	0x0606,0x0E06,0x090E,0x0906,0x0C0C,0x0E0E,0x090C,0x0909,
	0x0909,0x0909,0x0909,0x0000,0x0000,0x0000,0x0000,0x0900,
	0x0909,0x0909,0x0000,0x0000,0x0900,0x0009,0x0000,0x0000,
	0x0000,0x0000,0x0000,0x0909,0x0909,0x0609,0x0000,0x0606,
	0x0606,0x0606,0x060E,0x0909,0x0909,0x0609,0x0E06,0x0E0E,
	0x0808,0x0808,0x0808,0x0808,0x0808,0x0F0F,0x030F,0x030D,
	0x0303,0x0303,0x0D0D,0x0D0D,0x0D0D,0x0303,0x0D03,0x030D,

	0x0303,0x0303,0x0D0D,0x030D,0x0303,0x0303,0x0303,0x0303,
	0x0D0D,0x050D,0x0D05,0x0D0D,0x0D0D,0x0D0D,0x080D,0x0505,
	0x0F05,0x0F0F,0x050D,0x0505,0x0805,0x0D0D,0x050D,0x0F0D,
	0x0F0F,0x0303,0x0303,0x0F03,0x0F0F,0x050F,0x0505,0x0505,
	0x0505,0x0505,0x0505,0x0505,0x0505,0x0505,0x0505,0x0505,
	0x0505,0x0505,0x0505,0x0505,0x0505,0x0505,0x0505,0x0505,
	0x0505,0x0505,0x0505,0x0505,0x0505,0x0505,0x0805,0x0B08,
	0x0B0B,0x080B,0x0C0C,0x0707,0x0207,0x0202,0x0606,0x0606,

	0x0606,0x0E06,0x090C,0x0906,0x0C0E,0x0C0E,0x0909,0x0609,
	0x060E,0x0909,0x0909,0x0009,0x0000,0x0000,0x0000,0x0909,
	0x0909,0x0909,0x0009,0x0009,0x0000,0x0E09,0x000E,0x0000,
	0x0000,0x0000,0x0000,0x0909,0x0909,0x0609,0x0000,0x0606,
	0x0606,0x0606,0x0E0E,0x0909,0x0909,0x0609,0x0E06,0x060E,
	0x0808,0x0808,0x0808,0x0808,0x0D08,0x0F0F,0x0F0F,0x0F0F,
	0x0F0F,0x0F0F,0x0D03,0x0D0D,0x030D,0x0F0F,0x0D0F,0x0F03,
	0x0F0F,0x0F0F,0x0D0D,0x0F0D,0x0F0F,0x0F0F,0x0F0F,0x0F0F,

	0x0D0D,0x0505,0x0F08,0x0F0F,0x0F0F,0x0F0F,0x030F,0x0505,
	0x0F05,0x0F0F,0x050D,0x0505,0x0D05,0x0F0F,0x050F,0x0F0D,
	0x0F0F,0x0508,0x0505,0x0308,0x0F0F,0x080F,0x0808,0x0505,
	0x0505,0x0505,0x0505,0x0505,0x0505,0x0505,0x0505,0x0505,
	0x0505,0x0505,0x0505,0x0505,0x0505,0x0505,0x0505,0x0505,
	0x0505,0x0505,0x0505,0x0505,0x0505,0x0505,0x0505,0x080D,
	0x0808,0x080D,0x070C,0x0707,0x0207,0x0906,0x0906,0x0609,
	0x0606,0x0906,0x0909,0x0E09,0x0C0C,0x090E,0x0909,0x0606,

	0x0909,0x0909,0x0909,0x0000,0x0900,0x0909,0x0909,0x0909,
	0x0909,0x0909,0x0909,0x0009,0x0000,0x0600,0x060E,0x0000,
	0x0000,0x0000,0x0900,0x0909,0x0909,0x0606,0x0000,0x0606,
	0x0906,0x0606,0x0E0E,0x0909,0x0909,0x0909,0x0609,0x0606,
	0x0808,0x0808,0x0808,0x0808,0x0808,0x0F0F,0x030F,0x0303,
	0x0303,0x0F03,0x030F,0x0D0D,0x030D,0x0F0F,0x030F,0x0303,
	0x0303,0x0303,0x030D,0x0F03,0x030F,0x0303,0x0303,0x0F0F,
	0x0D03,0x0505,0x0D05,0x0D0D,0x0D0D,0x030D,0x0F0F,0x0803,

	0x0F05,0x0F0F,0x050D,0x0505,0x0303,0x030F,0x050D,0x0D08,
	0x0D0D,0x0505,0x0D05,0x0F03,0x030F,0x050D,0x0808,0x0808,
	0x0505,0x0505,0x0505,0x0505,0x0505,0x0505,0x0505,0x0505,
	0x0505,0x0505,0x0505,0x0505,0x0505,0x0505,0x0505,0x0505,
	0x0505,0x0505,0x0505,0x0505,0x0505,0x0505,0x0505,0x0D05,
	0x0D0D,0x0D0D,0x0707,0x0707,0x0207,0x0909,0x090E,0x0909,
	0x0909,0x0906,0x090C,0x0C09,0x0C0C,0x090E,0x060E,0x0009,
	0x0000,0x0900,0x0909,0x0909,0x0909,0x0900,0x0909,0x0909,

	0x0909,0x0909,0x0909,0x0909,0x0909,0x0609,0x0E0E,0x060E,
	0x0909,0x0909,0x0909,0x0909,0x0909,0x0909,0x0000,0x0606,
	0x0906,0x0E06,0x0E0E,0x0906,0x0909,0x0909,0x0909,0x0606,
	0x0808,0x0808,0x0808,0x0808,0x0D08,0x0F0F,0x030F,0x0D0D,
	0x0D0D,0x0F03,0x0F0F,0x0D0D,0x030D,0x0F0F,0x0F0F,0x0D03,
	0x0D0D,0x0D0D,0x030D,0x0F0F,0x0D0F,0x0D0D,0x0D0D,0x0F0F,
	0x030F,0x0505,0x0505,0x0505,0x0505,0x0805,0x0F0F,0x0D0F,
	0x0F05,0x0F0F,0x050D,0x0805,0x0F0F,0x0D0F,0x0505,0x0505,

	0x0505,0x0505,0x0D05,0x0F0F,0x080F,0x0505,0x0808,0x0505,
	0x0505,0x0505,0x0505,0x0505,0x0505,0x0505,0x0505,0x0505,
	0x0505,0x0505,0x0505,0x0505,0x0505,0x0505,0x0505,0x0505,
	0x0505,0x0505,0x0505,0x0505,0x0505,0x0505,0x0505,0x0808,
	0x0D0D,0x0D0D,0x0707,0x0707,0x0207,0x0C02,0x060E,0x0909,
	0x0909,0x0E09,0x090E,0x0E0E,0x0E0C,0x0E0E,0x0009,0x0000,
	0x0000,0x0900,0x0909,0x0909,0x0909,0x0909,0x0909,0x0909,
	0x0909,0x0000,0x0000,0x0000,0x0000,0x0000,0x0000,0x0000,

	0x0000,0x0000,0x0909,0x0909,0x0909,0x0909,0x0000,0x0606,
	0x0606,0x0E06,0x0E0E,0x090E,0x0909,0x0909,0x0909,0x0606,
	0x0808,0x0808,0x0808,0x0808,0x0808,0x0F0F,0x030F,0x0D08,
	0x0D0D,0x0F03,0x0F0F,0x0D0D,0x030D,0x0F0F,0x0D0F,0x0D0D,
	0x0D0D,0x0D0D,0x030D,0x0F0F,0x0F0F,0x0F0F,0x0F0F,0x0F0F,
	0x030F,0x0505,0x0F05,0x0F0F,0x0F0F,0x0F0F,0x0F0F,0x0D0F,
	0x0F05,0x0F0F,0x0F0F,0x0F0F,0x030F,0x0508,0x0505,0x0505,
	0x0505,0x0F03,0x0F0F,0x0D0F,0x0808,0x0505,0x0508,0x0505,

	0x0505,0x0505,0x0505,0x0505,0x0505,0x0505,0x0505,0x0505,
	0x0505,0x0505,0x0505,0x0505,0x0505,0x0505,0x0505,0x0505,
	0x0505,0x0505,0x0505,0x0505,0x0505,0x0505,0x0505,0x0505,
	0x0D08,0x0D0D,0x070A,0x0707,0x0207,0x0606,0x0606,0x0606,
	0x0606,0x0906,0x0906,0x0E0E,0x0E0E,0x090E,0x0000,0x0009,
	0x0000,0x0909,0x0606,0x0909,0x0E09,0x090E,0x0909,0x0009,
	0x0000,0x0000,0x0000,0x0000,0x0000,0x0000,0x0000,0x0000,
	0x0000,0x0900,0x0909,0x0909,0x0609,0x060E,0x0000,0x0606,

	0x0606,0x0E0E,0x0E0E,0x090E,0x0909,0x0909,0x0909,0x0909,
	0x0808,0x0808,0x0808,0x0808,0x0D08,0x0F0F,0x030F,0x0D08,
	0x0D0D,0x0F03,0x0F0F,0x0D0D,0x030D,0x0F0F,0x0D0F,0x0D0D,
	0x0D0D,0x0D0D,0x030D,0x0F0F,0x0F0F,0x0F0F,0x0F0F,0x0F0F,
	0x0D0F,0x0805,0x0F08,0x0F0F,0x0F0F,0x0F0F,0x0F0F,0x0D0F,
	0x0F05,0x0F0F,0x0F0F,0x0F0F,0x030F,0x0508,0x0505,0x0505,
	0x0505,0x0F03,0x0F0F,0x0D0F,0x0505,0x0505,0x0508,0x0505,
	0x0505,0x0505,0x0505,0x0505,0x0505,0x0505,0x0505,0x0505,

	0x0505,0x0505,0x0505,0x0505,0x0505,0x0505,0x0505,0x0505,
	0x0505,0x0505,0x0505,0x0505,0x0505,0x0505,0x0505,0x0505,
	0x0505,0x0708,0x0A0A,0x0207,0x0202,0x0606,0x0609,0x0906,
	0x0909,0x0909,0x0909,0x0E0E,0x0609,0x0606,0x0000,0x0000,
	0x0000,0x0609,0x0606,0x0909,0x0E0E,0x0E06,0x0906,0x0000,
	0x0900,0x0000,0x0000,0x0000,0x0000,0x0000,0x0000,0x0000,
	0x0000,0x0909,0x0909,0x0E09,0x0E0E,0x060E,0x0909,0x0609,
	0x0E06,0x0E0E,0x0E0E,0x0E0E,0x0909,0x0909,0x0909,0x0606,

	0x0808,0x0808,0x0808,0x080D,0x0D08,0x0F0F,0x030F,0x0D08,
	0x0D0D,0x0F03,0x0F0F,0x0D0D,0x030D,0x0F0F,0x0D0F,0x0D0D,
	0x0D0D,0x0D0D,0x030D,0x0F0F,0x0D0F,0x0D0D,0x0505,0x0505,
	0x0505,0x0305,0x0F0F,0x0503,0x0505,0x0805,0x0F0F,0x0D0F,
	0x0F05,0x0F0F,0x050D,0x0805,0x0F0F,0x0D0F,0x0505,0x0505,
	0x0505,0x0505,0x0505,0x0505,0x0505,0x0805,0x0505,0x0505,
	0x0505,0x0505,0x0505,0x0505,0x0505,0x0505,0x0505,0x0505,
	0x0505,0x0505,0x0505,0x0505,0x0505,0x0505,0x0505,0x0505,

	0x0505,0x0505,0x0505,0x0505,0x0505,0x0505,0x0505,0x0505,
	0x0505,0x0708,0x0A0A,0x0602,0x0C06,0x0E06,0x0E0E,0x0E0E,
	0x090E,0x0909,0x0909,0x0E0E,0x0609,0x060E,0x0009,0x0000,
	0x0909,0x0609,0x0909,0x0E06,0x0E0E,0x0E0E,0x0000,0x0600,
	0x0006,0x0000,0x0000,0x0000,0x0000,0x0000,0x0000,0x0000,
	0x0000,0x0000,0x0000,0x0E09,0x0E0E,0x0E0E,0x0E0E,0x0606,
	0x0E0E,0x0E0E,0x0E0E,0x0E0E,0x0909,0x0909,0x0909,0x0609,
	0x0808,0x0808,0x0808,0x080D,0x0808,0x0303,0x030F,0x0303,

	0x0303,0x0F03,0x030F,0x0D0D,0x030D,0x0F0F,0x0D0F,0x0D0D,
	0x0D0D,0x0D0D,0x030D,0x0F03,0x030F,0x0303,0x0D0D,0x0D0D,
	0x0505,0x0D05,0x0F03,0x0D0F,0x0D0D,0x030D,0x0F0F,0x0D0F,
	0x0F05,0x0F0F,0x050D,0x0505,0x0303,0x030F,0x050D,0x0505,
	0x0505,0x0D0D,0x0D0D,0x080D,0x0505,0x0805,0x0505,0x0505,
	0x0505,0x0505,0x0505,0x0505,0x0505,0x0505,0x0505,0x0505,
	0x0505,0x0505,0x0505,0x0505,0x0505,0x0505,0x0505,0x0505,
	0x0505,0x0505,0x0505,0x0505,0x0505,0x0505,0x0505,0x0505,

	0x0505,0x0708,0x0A0A,0x0607,0x0C06,0x0E06,0x0E0E,0x0E0E,
	0x060E,0x0606,0x0909,0x0E0E,0x0609,0x0606,0x0006,0x0000,
	0x0909,0x0609,0x0909,0x0E06,0x0E0E,0x060E,0x0900,0x0609,
	0x0006,0x0000,0x0000,0x0000,0x0000,0x0000,0x0000,0x0000,
	0x0000,0x0000,0x0000,0x0E09,0x0E0E,0x0E0E,0x0E0E,0x0E0E,
	0x0E0E,0x0E0E,0x0E0E,0x0E0E,0x0909,0x0909,0x0909,0x0609,
	0x0808,0x0808,0x0808,0x0D0D,0x0808,0x0D08,0x0F0F,0x0F0F,
	0x0F0F,0x0F0F,0x0D03,0x0D0D,0x030D,0x0F0F,0x0D0F,0x0D0D,

	0x0D0D,0x0D0D,0x0D0D,0x0F0D,0x0F0F,0x0F0F,0x0F0F,0x0F0F,
	0x0505,0x0505,0x0F05,0x0F0F,0x0F0F,0x0F0F,0x0F0F,0x0D0F,
	0x0F05,0x0F0F,0x050D,0x0505,0x0D05,0x0F0F,0x050F,0x0505,
	0x0505,0x0F0F,0x0F0F,0x0D0F,0x0505,0x0505,0x0805,0x0505,
	0x0505,0x0805,0x0505,0x0505,0x0505,0x0505,0x0505,0x0505,
	0x0505,0x0505,0x0505,0x0505,0x0505,0x0505,0x0505,0x0505,
	0x0505,0x0505,0x0505,0x0505,0x0505,0x0505,0x0505,0x0505,
	0x0505,0x0B08,0x0707,0x0602,0x0609,0x0E0E,0x0E0E,0x0E0E,

	0x0906,0x090E,0x0609,0x0E0E,0x090E,0x0606,0x0006,0x0900,
	0x0909,0x0909,0x0606,0x0E09,0x0E0E,0x000E,0x0900,0x0909,
	0x0000,0x0000,0x0000,0x0000,0x0000,0x0000,0x0000,0x0909,
	0x0909,0x0009,0x0000,0x0000,0x0E09,0x0E0E,0x0E0E,0x060E,
	0x0E0E,0x0E0E,0x0E0E,0x0E0E,0x060E,0x0909,0x0909,0x0909,
	0x0808,0x0808,0x0D08,0x0D0D,0x080D,0x0D08,0x030D,0x0303,
	0x0303,0x0303,0x0D0D,0x0D0D,0x0D0D,0x0303,0x0D03,0x0D0D,
	0x0D0D,0x0D0D,0x0D0D,0x0D0D,0x030D,0x0D0D,0x0D0D,0x0D0D,

	0x0505,0x0505,0x0D05,0x0D0D,0x0D0D,0x0D0D,0x0D0D,0x050D,
	0x0D05,0x0D0D,0x0508,0x0505,0x0805,0x0D0D,0x050D,0x0505,
	0x0505,0x0D0D,0x0D0D,0x080D,0x0505,0x0505,0x0805,0x0508,
	0x0505,0x0805,0x0508,0x0505,0x0505,0x0505,0x0505,0x0505,
	0x0505,0x0505,0x0505,0x0505,0x0505,0x0505,0x0505,0x0505,
	0x0505,0x0505,0x0505,0x0505,0x0505,0x0505,0x0505,0x0505,
	0x0505,0x080D,0x0207,0x0909,0x0E09,0x0E0E,0x0E0E,0x0E0E,
	0x0E0C,0x090C,0x0609,0x060E,0x0009,0x0609,0x0009,0x0909,

	0x0E09,0x0909,0x0609,0x0E0E,0x0E0E,0x0009,0x0909,0x0000,
	0x0000,0x0000,0x0000,0x0000,0x0000,0x0909,0x0909,0x0909,
	0x0909,0x0909,0x0909,0x0609,0x060E,0x0E06,0x0E0E,0x090E,
	0x0E09,0x0E0E,0x0E0E,0x0E0E,0x090E,0x0909,0x0909,0x090E,
	0x0808,0x0808,0x0D08,0x0D0D,0x0D0D,0x0D0D,0x0D0D,0x0D0D,
	0x0D0D,0x0D0D,0x0D0D,0x0D0D,0x0D0D,0x0D0D,0x0D0D,0x0D0D,
	0x0D0D,0x0D0D,0x0D0D,0x0D0D,0x0D0D,0x0505,0x0505,0x0505,
	0x0505,0x0505,0x0505,0x0505,0x0505,0x0505,0x0505,0x0505,

	0x0505,0x0505,0x0505,0x0505,0x0505,0x0805,0x0808,0x0505,
	0x0505,0x0505,0x0505,0x0505,0x0505,0x0505,0x0505,0x0808,
	0x0505,0x0805,0x0505,0x0505,0x0505,0x0505,0x0505,0x0505,
	0x0505,0x0505,0x0505,0x0505,0x0505,0x0505,0x0505,0x0505,
	0x0505,0x0505,0x0505,0x0505,0x0505,0x0505,0x0505,0x0505,
	0x0505,0x0D08,0x0707,0x0909,0x0E09,0x0E0E,0x0E0E,0x0E0E,
	0x0E0C,0x0E0C,0x060E,0x0E0E,0x0909,0x0909,0x0909,0x0609,
	0x0E09,0x090E,0x0E06,0x0606,0x090E,0x0900,0x0009,0x0000,

	0x0000,0x0000,0x0000,0x0000,0x0000,0x0000,0x0000,0x0909,
	0x0909,0x0909,0x0909,0x0909,0x0609,0x0E06,0x0E0E,0x0E0E,
	0x0609,0x0E0E,0x0E0E,0x0E0E,0x0E0E,0x0909,0x0609,0x0E0E,
	0x0808,0x0808,0x0D0D,0x0D0D,0x0D0D,0x0D0D,0x0D0D,0x0D0D,
	0x0D0D,0x0D0D,0x0D0D,0x0D0D,0x0D0D,0x0D0D,0x0D0D,0x0D0D,
	0x0D0D,0x0808,0x0D0D,0x0D0D,0x050D,0x0505,0x0505,0x0505,
	0x0505,0x0505,0x0505,0x0505,0x0505,0x0505,0x0505,0x0505,
	0x0505,0x0505,0x0505,0x0505,0x0505,0x0808,0x0508,0x0505,

	0x0505,0x0505,0x0505,0x0505,0x0505,0x0505,0x0805,0x0808,
	0x0505,0x0505,0x0505,0x0505,0x0505,0x0505,0x0505,0x0505,
	0x0505,0x0505,0x0505,0x0505,0x0505,0x0505,0x0505,0x0505,
	0x0505,0x0505,0x0505,0x0505,0x0505,0x0505,0x0505,0x0505,
	0x0505,0x0805,0x0707,0x090E,0x0E06,0x0E0E,0x0E0E,0x0C0E,
	0x0C0C,0x0E0C,0x0C0E,0x090E,0x0909,0x0909,0x0909,0x0606,
	0x0E06,0x0606,0x0E06,0x060E,0x0009,0x0909,0x0000,0x0000,
	0x0000,0x0000,0x0000,0x0000,0x0000,0x0000,0x0000,0x0000,

	0x0000,0x0900,0x0909,0x0909,0x0609,0x0606,0x0E0E,0x0E0E,
	0x0E0E,0x0E0E,0x0E0E,0x0E0E,0x0E0E,0x0909,0x0606,0x0E0E,
	0x0808,0x0808,0x0D0D,0x0D08,0x0D0D,0x0D0D,0x0D0D,0x0D0D,
	0x0D0D,0x0D0D,0x0D0D,0x0D0D,0x0D0D,0x0D0D,0x0D0D,0x0D0D,
	0x0808,0x0D0D,0x0D0D,0x050D,0x0505,0x0505,0x0505,0x0505,
	0x0505,0x0505,0x0505,0x0505,0x0505,0x0505,0x0505,0x0505,
	0x0505,0x0505,0x0505,0x0505,0x0808,0x0505,0x0505,0x0505,
	0x0505,0x0505,0x0505,0x0505,0x0505,0x0505,0x0805,0x0808,

	0x0505,0x0505,0x0505,0x0505,0x0505,0x0505,0x0505,0x0505,
	0x0505,0x0505,0x0505,0x0505,0x0505,0x0505,0x0505,0x0505,
	0x0505,0x0505,0x0505,0x0505,0x0505,0x0505,0x0505,0x0505,
	0x0505,0x0808,0x080B,0x0B08,0x060E,0x0E06,0x0E0C,0x0C0E,
	0x0C0C,0x0C0C,0x0E0C,0x0906,0x0909,0x0909,0x0609,0x0606,
	0x0609,0x060E,0x0606,0x0909,0x0009,0x0000,0x0000,0x0000,
	0x0000,0x0000,0x0000,0x0000,0x0000,0x0000,0x0000,0x0000,
	0x0000,0x0000,0x0009,0x0000,0x0000,0x0609,0x0606,0x0E06,

	0x0E0E,0x0E0E,0x0E0E,0x0E0E,0x0E0E,0x0909,0x0E06,0x0E0E,
	0x0808,0x0D08,0x0808,0x0808,0x0D0D,0x0D0D,0x0808,0x0D0D,
	0x0D0D,0x0D0D,0x0D0D,0x0D0D,0x0D0D,0x0D0D,0x0D0D,0x080D,
	0x0D08,0x0D0D,0x0D0D,0x050D,0x0505,0x0505,0x0505,0x0505,
	0x0505,0x0505,0x0505,0x0505,0x0505,0x0505,0x0505,0x0505,
	0x0505,0x0505,0x0505,0x0505,0x0505,0x0505,0x0505,0x0505,
	0x0505,0x0505,0x0505,0x0505,0x0505,0x0505,0x0505,0x0505,
	0x0805,0x0508,0x0505,0x0505,0x0505,0x0505,0x0505,0x0505,

	0x0505,0x0505,0x0505,0x0505,0x0505,0x0505,0x0505,0x0505,
	0x0505,0x0505,0x0505,0x0505,0x0505,0x0505,0x0505,0x0505,
	0x0505,0x0805,0x0808,0x080D,0x070B,0x0E07,0x0C0E,0x0C0C,
	0x0C0C,0x0C0C,0x0009,0x0000,0x0909,0x0909,0x0E0E,0x0906,
	0x0E09,0x060E,0x0000,0x0900,0x0000,0x0000,0x0000,0x0000,
	0x0000,0x0000,0x0000,0x0000,0x0000,0x0000,0x0000,0x0000,
	0x0000,0x0000,0x0009,0x0000,0x0000,0x0909,0x0606,0x0906,
	0x0E09,0x0E0E,0x0E0E,0x0E0E,0x060E,0x0906,0x0E06,0x0E0E,

	0x0808,0x0808,0x0808,0x0808,0x0D0D,0x080D,0x0D08,0x0D0D,
	0x0D0D,0x0D0D,0x0D0D,0x0D0D,0x0D0D,0x0D0D,0x0D0D,0x080D,
	0x0D08,0x0D0D,0x0D0D,0x0505,0x0505,0x0505,0x0505,0x0505,
	0x0505,0x0505,0x0505,0x0505,0x0505,0x0505,0x0505,0x0505,
	0x0505,0x0505,0x0505,0x0505,0x0505,0x0505,0x0805,0x0D0D,
	0x080D,0x0805,0x0805,0x0505,0x0505,0x0505,0x0505,0x0505,
	0x0505,0x0508,0x0505,0x0505,0x0505,0x0505,0x0505,0x0505,
	0x0505,0x0505,0x0505,0x0505,0x0505,0x0505,0x0505,0x0505,

	0x0505,0x0505,0x0505,0x0505,0x0505,0x0505,0x0505,0x0505,
	0x0505,0x0805,0x0508,0x0D0D,0x0708,0x0207,0x0C0C,0x0E0C,
	0x0C06,0x090C,0x0000,0x0000,0x0909,0x0909,0x0E0E,0x0909,
	0x060E,0x0006,0x0000,0x0000,0x0000,0x0000,0x0000,0x0000,
	0x0000,0x0900,0x0000,0x0909,0x0009,0x0000,0x0000,0x0000,
	0x0000,0x0000,0x0000,0x0900,0x0009,0x0000,0x0000,0x0909,
	0x0909,0x0E0E,0x0E0E,0x0E0E,0x060E,0x0E0E,0x0E09,0x0E0E,
	0x0808,0x0808,0x0808,0x0808,0x0D0D,0x080D,0x0D0D,0x0D0D,

	0x0D0D,0x0D0D,0x0D0D,0x0D0D,0x080D,0x0D0D,0x0D0D,0x0808,
	0x0808,0x0D0D,0x050D,0x0505,0x0505,0x0505,0x0505,0x0505,
	0x0505,0x0505,0x0505,0x0505,0x0505,0x0505,0x0505,0x0505,
	0x0505,0x0505,0x0505,0x0505,0x0805,0x0808,0x0F0D,0x0F0F,
	0x0F0F,0x0D0D,0x0D08,0x0508,0x0505,0x0505,0x0505,0x0505,
	0x0508,0x0508,0x0505,0x0505,0x0505,0x0505,0x0505,0x0505,
	0x0505,0x0505,0x0505,0x0505,0x0505,0x0505,0x0505,0x0505,
	0x0505,0x0505,0x0505,0x0505,0x0505,0x0505,0x0505,0x0505,

	0x0505,0x0505,0x0508,0x0D05,0x070D,0x0207,0x0E0C,0x0E0C,
	0x0609,0x090C,0x0000,0x0000,0x0909,0x0909,0x090E,0x0E09,
	0x0E06,0x0009,0x0000,0x0000,0x0000,0x0000,0x0000,0x0009,
	0x0000,0x0000,0x0900,0x0909,0x0000,0x0000,0x0000,0x0000,
	0x0000,0x0000,0x0000,0x0000,0x0000,0x0000,0x0000,0x0900,
	0x0909,0x0E09,0x0E0E,0x0E0E,0x060E,0x0E0E,0x0E09,0x0E0E,
	0x0808,0x0808,0x0D08,0x0D0D,0x0D0D,0x0D0D,0x0D0D,0x0D0D,
	0x0D0D,0x0D0D,0x0D0D,0x0D0D,0x0D0D,0x0D0D,0x0D0D,0x0808,

	0x0808,0x0508,0x0508,0x0505,0x0505,0x0505,0x0505,0x0505,
	0x0505,0x0505,0x0505,0x0505,0x0505,0x0505,0x0505,0x0505,
	0x0505,0x0505,0x0808,0x0808,0x0808,0x0D08,0x0F0F,0x0F0F,
	0x0F0F,0x0F0F,0x080D,0x0808,0x0505,0x0505,0x0505,0x0805,
	0x0808,0x0508,0x0505,0x0505,0x0505,0x0505,0x0505,0x0505,
	0x0505,0x0505,0x0505,0x0505,0x0505,0x0505,0x0505,0x0505,
	0x0505,0x0505,0x0505,0x0505,0x0505,0x0505,0x0505,0x0505,
	0x0505,0x0505,0x0505,0x0805,0x070D,0x0207,0x0E0E,0x0909,

	0x0609,0x0E0E,0x0000,0x0000,0x0909,0x0909,0x090E,0x0E0E,
	0x0E0E,0x0006,0x0000,0x0000,0x0000,0x0000,0x0009,0x0000,
	0x0000,0x0000,0x0000,0x0909,0x0009,0x0000,0x0000,0x0000,
	0x0909,0x0009,0x0000,0x0000,0x0000,0x0000,0x0000,0x0000,
	0x0000,0x0609,0x0000,0x0000,0x0606,0x0909,0x0E09,0x0E0E,
	0x0808,0x0808,0x0D08,0x0D0D,0x0D0D,0x0D0D,0x0D0D,0x0D0D,
	0x0D0D,0x0D0D,0x0D0D,0x0D0D,0x0D0D,0x0D0D,0x0D0D,0x0808,
	0x0808,0x0505,0x0505,0x0505,0x0505,0x0505,0x0505,0x0505,

	0x0505,0x0505,0x0505,0x0505,0x0505,0x0505,0x0505,0x0505,
	0x0505,0x0505,0x0808,0x0808,0x0808,0x0D0D,0x0F0F,0x0F0F,
	0x0F0F,0x0F0F,0x0D0F,0x0808,0x0505,0x0505,0x0505,0x0805,
	0x080D,0x0508,0x0505,0x0505,0x0505,0x0505,0x0505,0x0505,
	0x0505,0x0505,0x0505,0x0505,0x0505,0x0505,0x0505,0x0505,
	0x0505,0x0505,0x0505,0x0505,0x0505,0x0505,0x0505,0x0505,
	0x0505,0x0505,0x0505,0x0505,0x0708,0x0207,0x0E0E,0x0909,
	0x0606,0x0606,0x0000,0x0000,0x0909,0x0909,0x090E,0x0E0E,

	0x0E0E,0x0006,0x0000,0x0000,0x0000,0x0000,0x0009,0x0000,
	0x0000,0x0000,0x0000,0x0909,0x0909,0x0000,0x0000,0x0000,
	0x0909,0x0009,0x0000,0x0000,0x0000,0x0000,0x0000,0x0000,
	0x0000,0x0909,0x0000,0x0000,0x0609,0x0909,0x0609,0x0E0E,
	0x0808,0x0808,0x0D0D,0x0D0D,0x0D0D,0x0D0D,0x0D0D,0x0D0D,
	0x0D0D,0x0D0D,0x0D0D,0x0D0D,0x0D0D,0x080D,0x0808,0x0808,
	0x0808,0x0505,0x0505,0x0505,0x0505,0x0505,0x0505,0x0505,
	0x0505,0x0505,0x0505,0x0505,0x0505,0x0505,0x0505,0x0505,

	0x0505,0x0805,0x0808,0x0808,0x0D08,0x0F0F,0x0F0F,0x0F0F,
	0x0F0F,0x0F0F,0x0F0F,0x080D,0x0508,0x0505,0x0D05,0x0808,
	0x0808,0x0808,0x0505,0x0505,0x0505,0x0505,0x0505,0x0505,
	0x0505,0x0505,0x0505,0x0505,0x0505,0x0505,0x0505,0x0505,
	0x0505,0x0505,0x0505,0x0505,0x0505,0x0505,0x0505,0x0505,
	0x0505,0x0505,0x0505,0x0505,0x0B08,0x0C02,0x0C0C,0x0609,
	0x0906,0x0006,0x0000,0x0000,0x0909,0x0909,0x0E0E,0x0E0E,
	0x0E0E,0x0006,0x0000,0x0000,0x0900,0x0909,0x0000,0x0000,

	0x0000,0x0000,0x0909,0x0000,0x0000,0x0000,0x0000,0x0909,
	0x0909,0x0900,0x0000,0x0909,0x0000,0x0000,0x0909,0x0009,
	0x0000,0x0000,0x0000,0x0000,0x0900,0x0909,0x0909,0x0E0E,
	0x0808,0x0808,0x0808,0x0D0D,0x080D,0x0808,0x0D0D,0x0D08,
	0x0D0D,0x0D0D,0x0D0D,0x0D0D,0x0D0D,0x0808,0x0D0D,0x0D0D,
	0x0808,0x0505,0x0505,0x0505,0x0505,0x0505,0x0505,0x0505,
	0x0505,0x0505,0x0505,0x0505,0x0505,0x0505,0x0505,0x0505,
	0x0505,0x0808,0x0808,0x0808,0x0F0D,0x0F0F,0x0F0F,0x0F0F,

	0x0F0F,0x0F0F,0x0F0F,0x0D0F,0x050D,0x0505,0x0D05,0x080D,
	0x0808,0x0808,0x0508,0x0505,0x0505,0x0505,0x0505,0x0505,
	0x0505,0x0505,0x0505,0x0505,0x0505,0x0505,0x0505,0x0505,
	0x0505,0x0505,0x0505,0x0505,0x0505,0x0505,0x0505,0x0505,
	0x0505,0x0505,0x0505,0x0505,0x0B05,0x0C0C,0x060C,0x0909,
	0x0909,0x0009,0x0000,0x0900,0x0606,0x0909,0x0909,0x0E06,
	0x0606,0x0000,0x0000,0x0900,0x0909,0x0000,0x0000,0x0000,
	0x0000,0x0909,0x0009,0x0009,0x0000,0x0000,0x0000,0x0009,

	0x0909,0x0000,0x0009,0x0909,0x0000,0x0000,0x0000,0x0909,
	0x0000,0x0000,0x0000,0x0000,0x0000,0x0000,0x0900,0x0E06,
	0x0808,0x0808,0x0808,0x0808,0x0808,0x0808,0x0808,0x0D0D,
	0x0D0D,0x0D0D,0x0D0D,0x0D0D,0x0D0D,0x0808,0x0D0D,0x0D0D,
	0x0D0D,0x0508,0x0505,0x0505,0x0505,0x0505,0x0505,0x0505,
	0x0505,0x0505,0x0505,0x0505,0x0505,0x0505,0x0505,0x0505,
	0x0505,0x0808,0x0808,0x0D08,0x0F0F,0x0F0F,0x0F0F,0x0F0F,
	0x0F0F,0x0F0F,0x0F0F,0x0F0F,0x080D,0x0505,0x0D05,0x0808,

	0x0808,0x0808,0x0508,0x0505,0x0505,0x0505,0x0505,0x0505,
	0x0505,0x0505,0x0505,0x0505,0x0505,0x0505,0x0505,0x0505,
	0x0505,0x0505,0x0505,0x0505,0x0505,0x0505,0x0505,0x0505,
	0x0505,0x0505,0x0505,0x0505,0x0805,0x0C0B,0x090C,0x0909,
	0x0909,0x0009,0x0000,0x0900,0x0606,0x0009,0x0000,0x0000,
	0x0000,0x0000,0x0900,0x0909,0x0000,0x0000,0x0000,0x0000,
	0x0900,0x0909,0x0000,0x0909,0x0000,0x0000,0x0000,0x0009,
	0x0909,0x0909,0x0009,0x0909,0x0909,0x0000,0x0909,0x0000,

	0x0000,0x0909,0x0000,0x0000,0x0000,0x0000,0x0009,0x0E09,
	0x0808,0x0808,0x0D08,0x0808,0x0808,0x0D08,0x0D08,0x0D0D,
	0x0D0D,0x0D0D,0x0D0D,0x0D0D,0x0D0D,0x0D08,0x0D0D,0x0D0D,
	0x0D0D,0x0505,0x0505,0x0505,0x0505,0x0505,0x0505,0x0505,
	0x0505,0x0505,0x0505,0x0505,0x0505,0x0505,0x0505,0x0505,
	0x0505,0x0808,0x0808,0x0D08,0x0F0F,0x0F0F,0x0F0F,0x0F0F,
	0x0F0F,0x0F0F,0x0F0F,0x0F0F,0x080D,0x0505,0x0505,0x0805,
	0x0808,0x0808,0x0508,0x0505,0x0505,0x0505,0x0505,0x0505,

	0x0505,0x0505,0x0505,0x0505,0x0505,0x0505,0x0505,0x0505,
	0x0505,0x0505,0x0505,0x0505,0x0505,0x0505,0x0505,0x0505,
	0x0505,0x0505,0x0505,0x0505,0x0805,0x0C0B,0x0E0C,0x0E0E,
	0x090E,0x0000,0x0000,0x0600,0x0606,0x0006,0x0000,0x0000,
	0x0000,0x0000,0x0900,0x0009,0x0000,0x0000,0x0000,0x0900,
	0x0909,0x0009,0x0909,0x0909,0x0009,0x0000,0x0000,0x0609,
	0x0009,0x0909,0x0009,0x0000,0x0909,0x0909,0x0009,0x0909,
	0x0000,0x0900,0x0000,0x0000,0x0000,0x0000,0x0000,0x0E06,

	0x0808,0x0808,0x0D08,0x080D,0x0808,0x0D08,0x0D0D,0x0D0D,
	0x0D0D,0x0D0D,0x0D0D,0x0D0D,0x0D0D,0x0808,0x0D0D,0x0D0D,
	0x0D0D,0x080D,0x0505,0x0505,0x0505,0x0505,0x0505,0x0505,
	0x0505,0x0505,0x0505,0x0505,0x0505,0x0505,0x0505,0x0505,
	0x0505,0x0808,0x0808,0x0F0D,0x0F0F,0x0F0F,0x0F0F,0x0F0F,
	0x0F0F,0x0F0F,0x0F0F,0x0F0F,0x0D0F,0x0505,0x0505,0x0805,
	0x0808,0x0808,0x0508,0x0505,0x0505,0x0505,0x0505,0x0505,
	0x0505,0x0505,0x0505,0x0505,0x0505,0x0505,0x0505,0x0505,

	0x0505,0x0505,0x0505,0x0505,0x0505,0x0505,0x0505,0x0505,
	0x0505,0x0505,0x0505,0x0505,0x0B05,0x0C0B,0x0C0C,0x0C0C,
	0x0E0E,0x0009,0x0000,0x0600,0x0606,0x0009,0x0009,0x0000,
	0x0009,0x0000,0x0900,0x0000,0x0000,0x0000,0x0000,0x0900,
	0x0909,0x0900,0x0909,0x0909,0x0009,0x0000,0x0000,0x0909,
	0x0909,0x0900,0x0000,0x0000,0x0900,0x0606,0x0906,0x0000,
	0x0909,0x0009,0x0000,0x0000,0x0000,0x0000,0x0000,0x0E09,
	0x0808,0x0808,0x0D0D,0x0D0D,0x0808,0x0D08,0x0D0D,0x0D0D,

	0x0D0D,0x0D0D,0x0D0D,0x0D0D,0x0808,0x0808,0x0D0D,0x0D0D,
	0x0D0D,0x0505,0x0505,0x0505,0x0505,0x0505,0x0505,0x0505,
	0x0505,0x0505,0x0505,0x0505,0x0505,0x0505,0x0505,0x0505,
	0x0505,0x0808,0x0805,0x0F0D,0x0F0F,0x0F0F,0x0F0F,0x0F0F,
	0x0F0F,0x0F0F,0x0F0F,0x0F0F,0x0D0F,0x0508,0x0505,0x0805,
	0x0808,0x0808,0x0505,0x0505,0x0505,0x0505,0x0505,0x0505,
	0x0505,0x0505,0x0505,0x0505,0x0505,0x0505,0x0505,0x0505,
	0x0505,0x0505,0x0505,0x0505,0x0505,0x0505,0x0505,0x0505,

	0x0505,0x0505,0x0505,0x0505,0x0805,0x0B0B,0x0C0B,0x0E0C,
	0x0E0E,0x000E,0x0000,0x0606,0x0906,0x0000,0x0000,0x0000,
	0x0000,0x0000,0x0000,0x0000,0x0909,0x0000,0x0000,0x0909,
	0x0906,0x0600,0x0909,0x0909,0x0009,0x0000,0x0000,0x0009,
	0x0900,0x0009,0x0000,0x0900,0x0000,0x0E09,0x0E0E,0x090E,
	0x0909,0x0009,0x0000,0x0000,0x0000,0x0000,0x0000,0x0900,
	0x0808,0x0D08,0x0D0D,0x0808,0x0808,0x0D08,0x0D0D,0x0D0D,
	0x0D0D,0x0D0D,0x0D0D,0x0D0D,0x0808,0x0808,0x0D0D,0x0D0D,

	0x0D0D,0x0505,0x0505,0x0505,0x0505,0x0505,0x0505,0x0505,
	0x0505,0x0505,0x0505,0x0505,0x0505,0x0505,0x0505,0x0505,
	0x0505,0x0808,0x0808,0x0F0F,0x0F0F,0x0F0F,0x0F0F,0x0F0F,
	0x0F0F,0x0F0F,0x0F0F,0x0F0F,0x0F0F,0x0508,0x0505,0x0805,
	0x0D0D,0x0508,0x0505,0x0505,0x0505,0x0505,0x0505,0x0505,
	0x0505,0x0505,0x0505,0x0505,0x0505,0x0505,0x0505,0x0505,
	0x0505,0x0505,0x0505,0x0505,0x0505,0x0505,0x0505,0x0505,
	0x0505,0x0505,0x0505,0x0505,0x0805,0x0B08,0x0E0C,0x0E0E,

	0x0E0C,0x090E,0x0000,0x0909,0x0009,0x0900,0x0000,0x0000,
	0x0000,0x0000,0x0000,0x0909,0x0009,0x0000,0x0000,0x0609,
	0x0906,0x0609,0x0909,0x0909,0x0909,0x0000,0x0000,0x0909,
	0x0900,0x0000,0x0000,0x0009,0x0600,0x0909,0x0E0E,0x0E0E,
	0x0909,0x0009,0x0000,0x0000,0x0000,0x0000,0x0000,0x0900,
	0x0808,0x0D08,0x0D0D,0x080D,0x0808,0x0D08,0x0D0D,0x0D0D,
	0x0D0D,0x0D0D,0x0D0D,0x0D0D,0x080D,0x0808,0x0808,0x0508,
	0x0505,0x0505,0x0505,0x0505,0x0505,0x0505,0x0505,0x0505,

	0x0505,0x0505,0x0505,0x0505,0x0505,0x0505,0x0505,0x0505,
	0x0505,0x0805,0x0D08,0x0F0F,0x0F0F,0x0F0F,0x0F0F,0x0F0F,
	0x0F0F,0x0F0F,0x0F0F,0x0F0F,0x0F0F,0x0508,0x0505,0x0D05,
	0x0D0D,0x050D,0x0505,0x0505,0x0505,0x0505,0x0505,0x0505,
	0x0505,0x0505,0x0505,0x0505,0x0505,0x0505,0x0505,0x0505,
	0x0505,0x0505,0x0505,0x0505,0x0505,0x0505,0x0505,0x0505,
	0x0505,0x0505,0x0505,0x0505,0x0D05,0x0B08,0x0E0C,0x0E0E,
	0x0E0E,0x0909,0x0909,0x0909,0x0000,0x0000,0x0000,0x0000,

	0x0000,0x0000,0x0909,0x0900,0x0000,0x0000,0x0000,0x0609,
	0x0909,0x0906,0x0909,0x0E0E,0x0909,0x0000,0x0909,0x0909,
	0x0909,0x0000,0x0900,0x0000,0x0909,0x0909,0x060E,0x0606,
	0x0909,0x0009,0x0000,0x0000,0x0000,0x0000,0x0000,0x0900,
	0x0808,0x0D08,0x0D0D,0x0808,0x0808,0x0D08,0x0D0D,0x0D0D,
	0x0D0D,0x0D0D,0x0D0D,0x0D0D,0x080D,0x0808,0x0808,0x0505,
	0x0505,0x0505,0x0505,0x0505,0x0505,0x0505,0x0505,0x0505,
	0x0505,0x0505,0x0505,0x0505,0x0505,0x0505,0x0505,0x0505,

	0x0505,0x0805,0x0D08,0x0F0F,0x0F0F,0x0F0F,0x0F0F,0x0F0F,
	0x0F0F,0x0F0F,0x0F0F,0x0F0F,0x0F0F,0x0508,0x0505,0x0805,
	0x0D0D,0x050D,0x0505,0x0505,0x0505,0x0505,0x0505,0x0505,
	0x0505,0x0505,0x0505,0x0505,0x0505,0x0505,0x0505,0x0505,
	0x0505,0x0505,0x0505,0x0505,0x0505,0x0505,0x0505,0x0505,
	0x0505,0x0505,0x0505,0x0505,0x0D05,0x0B08,0x0E0C,0x0C0E,
	0x0E0E,0x0609,0x0E06,0x090E,0x0006,0x0000,0x0000,0x0000,
	0x0909,0x0909,0x0000,0x0900,0x0009,0x0000,0x0900,0x0609,

	0x0609,0x0906,0x0909,0x0E0E,0x060E,0x0909,0x0906,0x0606,
	0x0909,0x0000,0x0000,0x0600,0x0906,0x0609,0x0606,0x0606,
	0x0906,0x0009,0x0000,0x0000,0x0000,0x0000,0x0000,0x0900,
	0x0808,0x0D08,0x0D0D,0x0808,0x0808,0x0D08,0x0D0D,0x0D0D,
	0x0D0D,0x0D0D,0x0D0D,0x0D0D,0x0808,0x0808,0x0808,0x0505,
	0x0505,0x0505,0x0505,0x0505,0x0505,0x0505,0x0505,0x0505,
	0x0505,0x0505,0x0505,0x0505,0x0505,0x0505,0x0505,0x0505,
	0x0505,0x0805,0x0808,0x0F0F,0x0F0F,0x0F0F,0x0F0F,0x0F0F,

	0x0F0F,0x0F0F,0x0F0F,0x0F0F,0x0F0F,0x0508,0x0505,0x0D05,
	0x0D0D,0x050D,0x0505,0x0505,0x0505,0x0505,0x0505,0x0505,
	0x0505,0x0505,0x0505,0x0505,0x0505,0x0505,0x0505,0x0505,
	0x0505,0x0505,0x0505,0x0505,0x0505,0x0505,0x0505,0x0505,
	0x0505,0x0505,0x0505,0x0505,0x0D05,0x0B08,0x0E0C,0x0C0E,
	0x0E0E,0x0909,0x0E0E,0x090E,0x090E,0x0009,0x0000,0x0000,
	0x0909,0x0909,0x0009,0x0900,0x0009,0x0000,0x0600,0x0609,
	0x0609,0x0906,0x0909,0x0E0E,0x060E,0x0909,0x0906,0x0609,

	0x0606,0x0000,0x0900,0x0609,0x0906,0x0909,0x0606,0x0606,
	0x0909,0x0009,0x0000,0x0000,0x0000,0x0000,0x0000,0x0900,
	0x0808,0x0808,0x0808,0x0808,0x0808,0x0808,0x0D0D,0x0D0D,
	0x0D0D,0x0D0D,0x0D0D,0x0D0D,0x080D,0x0808,0x0808,0x0505,
	0x0505,0x0505,0x0505,0x0505,0x0505,0x0505,0x0505,0x0505,
	0x0505,0x0505,0x0505,0x0505,0x0505,0x0505,0x0505,0x0505,
	0x0505,0x0505,0x0808,0x0F0F,0x0F0F,0x0F0F,0x0F0F,0x0F0F,
	0x0F0F,0x0F0F,0x0F0F,0x0F0F,0x0F0F,0x0508,0x0505,0x0D05,

	0x0D0D,0x050D,0x0505,0x0505,0x0505,0x0505,0x0505,0x0505,
	0x0505,0x0505,0x0505,0x0505,0x0505,0x0505,0x0505,0x0505,
	0x0505,0x0505,0x0505,0x0505,0x0505,0x0505,0x0505,0x0505,
	0x0505,0x0505,0x0505,0x0505,0x0D05,0x0B0D,0x0C0C,0x0C0E,
	0x0C0C,0x0906,0x0E06,0x0909,0x0E0E,0x0006,0x0900,0x0000,
	0x0000,0x0000,0x0000,0x0900,0x0909,0x0000,0x0609,0x0606,
	0x0909,0x0606,0x090E,0x0909,0x0000,0x0909,0x0906,0x0909,
	0x0909,0x0000,0x0900,0x0909,0x0909,0x0909,0x0909,0x0909,

	0x0909,0x0009,0x0000,0x0000,0x0009,0x0009,0x0000,0x0900,
	0x0808,0x0808,0x0808,0x0808,0x0D08,0x0D0D,0x080D,0x0D0D,
	0x0D0D,0x0D0D,0x0D0D,0x0D0D,0x0D0D,0x0D0D,0x050D,0x0505,
	0x0505,0x0505,0x0505,0x0505,0x0505,0x0505,0x0505,0x0505,
	0x0505,0x0505,0x0505,0x0505,0x0505,0x0505,0x0505,0x0505,
	0x0505,0x0505,0x0805,0x0F0F,0x0F0F,0x0F0F,0x0F0F,0x0F0F,
	0x0F0F,0x0F0F,0x0F0F,0x0F0F,0x0F0F,0x0508,0x0505,0x0D05,
	0x0D0D,0x050D,0x0505,0x0505,0x0505,0x0505,0x0505,0x0505,

	0x0505,0x0505,0x0505,0x0505,0x0505,0x0505,0x0505,0x0505,
	0x0505,0x0505,0x0505,0x0505,0x0505,0x0505,0x0505,0x0505,
	0x0505,0x0505,0x0505,0x0505,0x0D05,0x0B0D,0x0C0C,0x0B0C,
	0x0B0C,0x0E0C,0x090E,0x0906,0x060E,0x0E0E,0x0609,0x0909,
	0x0000,0x0000,0x0900,0x0909,0x0909,0x0909,0x0609,0x0906,
	0x0E09,0x0E0E,0x060E,0x0906,0x0000,0x0009,0x0609,0x0606,
	0x0606,0x0906,0x0909,0x0909,0x0909,0x0909,0x0609,0x0906,
	0x0909,0x0909,0x0000,0x0000,0x0000,0x0606,0x0006,0x0900,

	0x0808,0x0D08,0x0D0D,0x0808,0x0D08,0x0D0D,0x0D0D,0x0D08,
	0x0D0D,0x0D0D,0x0D0D,0x0D0D,0x0D0D,0x0D0D,0x0D0D,0x0505,
	0x0505,0x0505,0x0505,0x0505,0x0505,0x0505,0x0505,0x0505,
	0x0505,0x0505,0x0505,0x0505,0x0505,0x0505,0x0505,0x0505,
	0x0505,0x0505,0x0505,0x0F0D,0x0F0F,0x0F0F,0x0F0F,0x0F0F,
	0x0F0F,0x0F0F,0x0F0F,0x0F0F,0x0D0F,0x0505,0x0505,0x0D05,
	0x0D0D,0x0808,0x0505,0x0505,0x0505,0x0505,0x0505,0x0505,
	0x0505,0x0505,0x0C01,0x0805,0x0C05,0x050B,0x0505,0x0505,

	0x0505,0x0505,0x0505,0x0505,0x0505,0x0505,0x0505,0x0505,
	0x0505,0x0505,0x0505,0x0505,0x0D05,0x0B0D,0x0C0C,0x0C0C,
	0x0C0C,0x0C0C,0x0906,0x0E06,0x0C01,0x0C0C,0x0E0E,0x0909,
	0x0909,0x060E,0x0E0E,0x0E0E,0x0E0E,0x020E,0x0E0E,0x090E,
	0x0E06,0x0909,0x0E09,0x090E,0x0009,0x0900,0x0909,0x0606,
	0x0606,0x0906,0x0909,0x0909,0x0909,0x0609,0x0606,0x0909,
	0x0909,0x0909,0x0000,0x0000,0x0900,0x0906,0x0906,0x0900,
	0x0808,0x0D08,0x0D0D,0x0808,0x0808,0x0D08,0x0808,0x0808,

	0x0D0D,0x0D0D,0x0D0D,0x0D0D,0x0D0D,0x0D0D,0x0D0D,0x0508,
	0x0505,0x0505,0x0505,0x0505,0x0505,0x0505,0x0505,0x0505,
	0x0505,0x0505,0x0505,0x0505,0x0505,0x0505,0x0505,0x0505,
	0x0505,0x0505,0x0505,0x0F0D,0x0F0F,0x0F0F,0x0F0F,0x0F0F,
	0x0F0F,0x0F0F,0x0F0F,0x0F0F,0x080F,0x0505,0x0505,0x0805,
	0x0D0D,0x0808,0x0508,0x0505,0x0505,0x0505,0x0505,0x0505,
	0x0505,0x0505,0x0105,0x010C,0x010C,0x0505,0x0505,0x0505,
	0x0505,0x0505,0x0505,0x0505,0x0505,0x0505,0x0505,0x0505,

	0x0505,0x0505,0x0505,0x0505,0x0D05,0x0B0D,0x0C0C,0x0C0C,
	0x0B0C,0x0C0C,0x090E,0x0E09,0x0505,0x0505,0x0105,0x0E0C,
	0x0E0E,0x0C0C,0x0E0E,0x0C0E,0x0E0E,0x060E,0x0E02,0x090E,
	0x0E0E,0x090E,0x0E06,0x090E,0x0009,0x0900,0x0E06,0x0E0E,
	0x0606,0x0E0E,0x060E,0x0909,0x0909,0x0909,0x0909,0x0000,
	0x0000,0x0000,0x0000,0x0000,0x0900,0x0906,0x0609,0x0909,
	0x0808,0x0D08,0x0808,0x0808,0x0808,0x0808,0x0808,0x0D08,
	0x0D0D,0x0D0D,0x0D0D,0x0D0D,0x0D0D,0x0D0D,0x0D0D,0x0505,

	0x0505,0x0505,0x0505,0x0505,0x0505,0x0505,0x0505,0x0505,
	0x0505,0x0505,0x0505,0x0505,0x0505,0x0505,0x0505,0x0505,
	0x0505,0x0505,0x0D05,0x0D08,0x0F0F,0x0F0F,0x0F0F,0x0F0F,
	0x0F0F,0x0F0F,0x0F0F,0x0F0F,0x050D,0x0505,0x0505,0x0808,
	0x0808,0x0808,0x0508,0x0505,0x0505,0x0505,0x0505,0x0505,
	0x0505,0x0105,0x0505,0x0C01,0x0501,0x0505,0x0505,0x0B05,
	0x010C,0x0505,0x0505,0x0505,0x0505,0x0505,0x0505,0x0505,
	0x0505,0x0505,0x0505,0x0505,0x0D05,0x0B08,0x0C0C,0x0C0C,

	0x0C0B,0x0C0C,0x0E0C,0x0B06,0x0505,0x0505,0x0505,0x0505,
	0x0505,0x0505,0x0505,0x0505,0x0C01,0x0E0C,0x0E0E,0x090E,
	0x0E0E,0x0E0E,0x0909,0x090E,0x0009,0x0600,0x0E0E,0x0E0E,
	0x0E0E,0x0E06,0x0606,0x0909,0x0909,0x0909,0x0009,0x0000,
	0x0000,0x0000,0x0000,0x0000,0x0900,0x0606,0x0900,0x0906,
	0x0808,0x0D08,0x080D,0x0808,0x0808,0x0808,0x0D08,0x0D0D,
	0x0D0D,0x0D0D,0x0D0D,0x0D0D,0x0D0D,0x0D0D,0x050D,0x0505,
	0x0505,0x0505,0x0505,0x0505,0x0505,0x0505,0x0505,0x0505,

	0x0505,0x0505,0x0505,0x0505,0x0505,0x0505,0x0505,0x0505,
	0x0505,0x0505,0x0D05,0x0D08,0x0F0F,0x0F0F,0x0F0F,0x0F0F,
	0x0F0F,0x0F0F,0x0F0F,0x030F,0x0508,0x0505,0x0D05,0x0D0D,
	0x0808,0x0808,0x0508,0x0505,0x0505,0x0505,0x0505,0x0505,
	0x0505,0x0505,0x0505,0x0505,0x0505,0x0505,0x0105,0x0505,
	0x0505,0x0505,0x0505,0x0505,0x0505,0x0505,0x0505,0x0505,
	0x0505,0x0505,0x0505,0x0505,0x0D05,0x0B08,0x0C0C,0x0C0C,
	0x0B0C,0x0E0C,0x060E,0x0B0E,0x0505,0x0505,0x0505,0x0505,

	0x0505,0x0505,0x0505,0x0505,0x0C04,0x0E0C,0x0E0E,0x0909,
	0x060E,0x0E0E,0x0906,0x060E,0x0009,0x0E00,0x0E0E,0x0E0E,
	0x0E0E,0x0906,0x0000,0x0900,0x0909,0x0909,0x0000,0x0000,
	0x0000,0x0000,0x0000,0x0000,0x0900,0x0606,0x0E09,0x0E0E,
	0x0808,0x0808,0x0808,0x0808,0x0808,0x0808,0x0D0D,0x0D0D,
	0x0D0D,0x0D0D,0x0D0D,0x0808,0x0D0D,0x0D0D,0x050D,0x0505,
	0x0505,0x0505,0x0505,0x0505,0x0505,0x0505,0x0505,0x0505,
	0x0505,0x0505,0x0505,0x0505,0x0505,0x0505,0x0505,0x0505,

	0x0505,0x0505,0x0D08,0x080D,0x0F0D,0x0F0F,0x0F0F,0x0F0F,
	0x0F0F,0x0F0F,0x0F0F,0x0D0F,0x0505,0x0505,0x0D05,0x0D0D,
	0x080D,0x0808,0x0508,0x0505,0x0505,0x0505,0x0505,0x0505,
	0x0505,0x0E0C,0x0505,0x0505,0x0505,0x0505,0x0505,0x0505,
	0x0505,0x0505,0x0505,0x0505,0x0505,0x0505,0x0505,0x0505,
	0x0505,0x0505,0x0505,0x0505,0x0805,0x0B0B,0x0C0B,0x0C0C,
	0x0C0C,0x0C0C,0x0E0E,0x0B0E,0x0505,0x0505,0x0505,0x0505,
	0x0505,0x0505,0x0505,0x0105,0x0B0B,0x0E0C,0x0E0E,0x0909,

	0x0E0E,0x060E,0x0E0E,0x060E,0x0000,0x0E00,0x0E0E,0x0E0E,
	0x0E0E,0x0006,0x0000,0x0000,0x0909,0x0909,0x0000,0x0000,
	0x0000,0x0000,0x0000,0x0000,0x0900,0x0906,0x0E0E,0x0E0E,
	0x0808,0x0808,0x0808,0x0808,0x0808,0x0D08,0x0D0D,0x0D0D,
	0x0D0D,0x0D0D,0x0D0D,0x080D,0x0808,0x0808,0x0808,0x0505,
	0x0505,0x0505,0x0505,0x0505,0x0505,0x0505,0x0505,0x0505,
	0x0505,0x0505,0x0505,0x0505,0x0505,0x0505,0x0505,0x0505,
	0x0505,0x0805,0x0808,0x080D,0x0D08,0x0F03,0x0F0F,0x0F0F,

	0x0F0F,0x0F0F,0x0F0F,0x080D,0x0508,0x0505,0x0D05,0x0D0D,
	0x080D,0x0808,0x0508,0x0505,0x0505,0x0505,0x0505,0x0505,
	0x0505,0x0E0B,0x050E,0x0505,0x0505,0x0C0B,0x0505,0x050C,
	0x0508,0x050C,0x0505,0x0505,0x0505,0x0505,0x0505,0x0505,
	0x0505,0x0505,0x0505,0x0505,0x0805,0x0B0B,0x0B0B,0x0B0C,
	0x0C0B,0x0C0C,0x0E0C,0x070E,0x050B,0x0505,0x0505,0x0505,
	0x0505,0x0505,0x0505,0x0B05,0x0B0C,0x0E0C,0x0E0E,0x0E09,
	0x0E0E,0x0E06,0x0E0E,0x090E,0x0000,0x0E00,0x0E0E,0x0E0E,

	0x0E0E,0x0000,0x0000,0x0000,0x0909,0x0909,0x0000,0x0000,
	0x0000,0x0000,0x0900,0x0000,0x0000,0x0909,0x0E0E,0x0E0E,
	0x0808,0x0808,0x0808,0x0D08,0x0808,0x0D08,0x0D0D,0x0D0D,
	0x0D0D,0x0D0D,0x0D0D,0x0D0D,0x0D0D,0x0808,0x0808,0x0505,
	0x0505,0x0505,0x0505,0x0505,0x0505,0x0505,0x0505,0x0505,
	0x0505,0x0505,0x0505,0x0505,0x0505,0x0505,0x0505,0x0505,
	0x0505,0x0505,0x0808,0x0D08,0x0508,0x0D08,0x0F0F,0x0F0F,
	0x0F0F,0x0F0F,0x0D03,0x0808,0x0508,0x0505,0x0D08,0x0D0D,

	0x080D,0x0508,0x0505,0x0505,0x0505,0x0505,0x0505,0x0505,
	0x0505,0x0105,0x0E09,0x080B,0x0C05,0x050E,0x0505,0x0C0E,
	0x0B05,0x050C,0x0505,0x0505,0x0505,0x0505,0x0505,0x0505,
	0x0505,0x0505,0x0505,0x0505,0x0805,0x050B,0x0B0B,0x0B0B,
	0x0B0B,0x0C0C,0x0C0C,0x0C0C,0x050B,0x0505,0x0505,0x0505,
	0x0505,0x0505,0x0505,0x0B01,0x0B0C,0x0C0C,0x0E0C,0x0E0E,
	0x0E0E,0x0E0E,0x060C,0x090C,0x0900,0x0E00,0x0E0E,0x0E0E,
	0x000E,0x0000,0x0000,0x0000,0x0909,0x0909,0x0009,0x0000,

	0x0000,0x0000,0x0000,0x0009,0x0900,0x0909,0x0E0E,0x0E0E,
	0x0808,0x0808,0x0808,0x0D08,0x0808,0x0D08,0x0D0D,0x0D0D,
	0x0D0D,0x0D0D,0x0D0D,0x0D0D,0x0D0D,0x0808,0x0808,0x0505,
	0x0505,0x0505,0x0505,0x0505,0x0505,0x0505,0x0505,0x0505,
	0x0505,0x0505,0x0505,0x0505,0x0505,0x0505,0x0505,0x0505,
	0x0505,0x0505,0x0808,0x0D08,0x0508,0x0D08,0x0F0F,0x0F0F,
	0x0F0F,0x0F0F,0x0D03,0x0808,0x0508,0x0505,0x0D08,0x0D0D,
	0x050D,0x0508,0x0505,0x0505,0x0505,0x0505,0x0505,0x0505,

	0x0505,0x0505,0x090E,0x050C,0x0E01,0x0509,0x0505,0x0E0E,
	0x0B05,0x050C,0x0505,0x0505,0x0505,0x0505,0x0505,0x0505,
	0x0505,0x0505,0x0505,0x0505,0x0805,0x0B01,0x0B05,0x0B0B,
	0x0B0B,0x0C0C,0x0C0C,0x0B0C,0x050B,0x0505,0x0505,0x0505,
	0x0505,0x0505,0x0505,0x0B05,0x0B0C,0x0C0C,0x0E0C,0x0E0E,
	0x0E0E,0x0E0E,0x060E,0x090E,0x0009,0x0E09,0x0E0E,0x0E06,
	0x000E,0x0900,0x0009,0x0000,0x0909,0x0909,0x0009,0x0000,
	0x0000,0x0000,0x0000,0x0009,0x0000,0x0009,0x0E0E,0x0E0E,

	0x0808,0x0808,0x0808,0x0808,0x0D08,0x0D0D,0x0D0D,0x0D0D,
	0x0D0D,0x0D0D,0x0D0D,0x0D0D,0x0D0D,0x0D0D,0x0808,0x0508,
	0x0505,0x0505,0x0505,0x0505,0x0505,0x0505,0x0505,0x0505,
	0x0505,0x0505,0x0505,0x0505,0x0505,0x0505,0x0505,0x0505,
	0x0505,0x0505,0x0505,0x0808,0x080D,0x0508,0x0D08,0x0F0D,
	0x0F0F,0x0D0D,0x0D0D,0x0808,0x0508,0x0505,0x0D0D,0x0D0D,
	0x0505,0x0505,0x0505,0x0505,0x0505,0x0505,0x0505,0x0505,
	0x0505,0x0505,0x0E05,0x0909,0x0909,0x050E,0x0505,0x0C05,

	0x0E0B,0x0505,0x0505,0x0505,0x0505,0x0505,0x0505,0x0505,
	0x0505,0x0505,0x0505,0x0505,0x0805,0x0B01,0x0B0B,0x0B0B,
	0x0B0B,0x0E0C,0x0C0E,0x010C,0x010B,0x0505,0x0505,0x0505,
	0x0505,0x0505,0x0505,0x0B05,0x0C0C,0x0E0C,0x0E0E,0x0C06,
	0x0C0E,0x0E0E,0x0E0E,0x0906,0x0900,0x0C0E,0x0E0C,0x090E,
	0x0000,0x0000,0x0000,0x0900,0x0909,0x0909,0x0000,0x0000,
	0x0000,0x0000,0x0000,0x0900,0x0000,0x0000,0x0E0E,0x0E0E,
	0x0808,0x0808,0x0808,0x0808,0x0D08,0x0D0D,0x0D0D,0x0D0D,

	0x0D0D,0x0D0D,0x0D0D,0x0D0D,0x0D0D,0x080D,0x0D0D,0x050D,
	0x0505,0x0505,0x0505,0x0505,0x0505,0x0505,0x0505,0x0505,
	0x0505,0x0505,0x0505,0x0505,0x0505,0x0505,0x0505,0x0505,
	0x0505,0x0505,0x0505,0x0805,0x0D0D,0x0505,0x0805,0x0D0D,
	0x080D,0x0808,0x0808,0x0505,0x0505,0x0505,0x0805,0x0508,
	0x0505,0x0505,0x0505,0x0505,0x0505,0x0505,0x0505,0x0505,
	0x0505,0x0505,0x0105,0x0009,0x0B09,0x0505,0x0505,0x0508,
	0x0E0E,0x0505,0x0505,0x0505,0x0505,0x0505,0x0505,0x0505,

	0x0505,0x0505,0x0505,0x0505,0x0D05,0x0108,0x0B0B,0x0B0B,
	0x0B0B,0x0B0B,0x0B0B,0x0B0B,0x010B,0x0505,0x0505,0x0505,
	0x0505,0x0505,0x0505,0x0B05,0x0C0C,0x0E0C,0x0E0E,0x0E09,
	0x0C0C,0x0C0C,0x0C0E,0x090C,0x0609,0x0E06,0x0E0E,0x0609,
	0x0000,0x0000,0x0900,0x0909,0x0909,0x0000,0x0000,0x0900,
	0x0000,0x0000,0x0000,0x0000,0x0009,0x0000,0x0E06,0x0E0E,
	0x0808,0x0808,0x0808,0x0D08,0x0D0D,0x0D0D,0x0D0D,0x0D0D,
	0x0D0D,0x0D0D,0x080D,0x0D0D,0x0D0D,0x0D0D,0x0D0D,0x050D,

	0x0505,0x0505,0x0505,0x0505,0x0505,0x0505,0x0505,0x0505,
	0x0505,0x0505,0x0505,0x0505,0x0505,0x0505,0x0505,0x0505,
	0x0505,0x0505,0x0505,0x0505,0x0505,0x0508,0x0505,0x0505,
	0x0505,0x0505,0x0505,0x0505,0x0505,0x0505,0x0808,0x0508,
	0x0505,0x0505,0x0505,0x0505,0x0505,0x0505,0x0505,0x0505,
	0x0505,0x0505,0x0501,0x0E01,0x0501,0x0505,0x0505,0x0505,
	0x050C,0x0505,0x0505,0x0505,0x0505,0x0505,0x0505,0x0505,
	0x0505,0x0505,0x0505,0x0505,0x0505,0x080D,0x0808,0x0808,

	0x0505,0x0105,0x0505,0x0505,0x0505,0x0505,0x0505,0x0505,
	0x0505,0x0505,0x0505,0x0B05,0x0C0C,0x0C0C,0x0E06,0x0E09,
	0x0C0E,0x0C0C,0x0E0E,0x060E,0x0606,0x0E0E,0x0906,0x0609,
	0x0000,0x0000,0x0909,0x0606,0x0009,0x0000,0x0000,0x0900,
	0x0009,0x0000,0x0000,0x0000,0x0000,0x0000,0x0E09,0x090E,
	0x0808,0x0808,0x0808,0x0D08,0x0D0D,0x0D0D,0x0D0D,0x0D0D,
	0x0D0D,0x0D0D,0x0D0D,0x0D08,0x0D0D,0x080D,0x0D0D,0x0508,
	0x0505,0x0505,0x0505,0x0505,0x0505,0x0505,0x0505,0x0505,

	0x0505,0x0505,0x0505,0x0505,0x0505,0x0505,0x0505,0x0505,
	0x0505,0x0505,0x0505,0x0505,0x0505,0x0505,0x0D08,0x0505,
	0x0505,0x0505,0x0505,0x0505,0x0505,0x0805,0x0808,0x0508,
	0x0505,0x0505,0x0505,0x0505,0x0505,0x0505,0x0505,0x0505,
	0x0505,0x0505,0x0505,0x0505,0x0505,0x0505,0x0505,0x0505,
	0x0505,0x0505,0x0505,0x0505,0x0505,0x0505,0x0505,0x0505,
	0x0505,0x0505,0x0505,0x0505,0x0505,0x0505,0x0505,0x0505,
	0x0505,0x0105,0x0505,0x0105,0x0505,0x0505,0x0505,0x0505,

	0x0505,0x0505,0x0505,0x0C05,0x0C07,0x0E0C,0x0E06,0x0C09,
	0x0E0E,0x0C0C,0x0E0E,0x0609,0x0606,0x0E06,0x0E0E,0x0909,
	0x0009,0x0609,0x0906,0x0906,0x0009,0x0000,0x0900,0x0009,
	0x0909,0x0000,0x0000,0x0000,0x0900,0x0000,0x0E0E,0x0909,
	0x0808,0x0808,0x0808,0x0D08,0x0D0D,0x0D0D,0x0D0D,0x0D0D,
	0x0D0D,0x0808,0x0D0D,0x0808,0x0D0D,0x0D0D,0x080D,0x050D,
	0x0505,0x0505,0x0505,0x0505,0x0505,0x0505,0x0505,0x0505,
	0x0505,0x0505,0x0805,0x0505,0x0505,0x0505,0x0505,0x0505,

	0x0505,0x0505,0x0505,0x0505,0x0505,0x0505,0x0D0D,0x0505,
	0x0808,0x0808,0x0508,0x0505,0x0805,0x0508,0x0505,0x0505,
	0x0505,0x0505,0x0505,0x0505,0x0505,0x0505,0x0505,0x0505,
	0x0505,0x0505,0x0505,0x0505,0x0505,0x0505,0x0505,0x0505,
	0x0505,0x0505,0x0505,0x0505,0x0505,0x0505,0x0505,0x0505,
	0x0505,0x0505,0x0505,0x0505,0x0505,0x0505,0x0505,0x0505,
	0x0505,0x0505,0x0101,0x0505,0x0505,0x0505,0x0505,0x0505,
	0x0505,0x0505,0x0505,0x0708,0x0607,0x0E0E,0x0E0E,0x0C06,

	0x0E0E,0x0E0C,0x090E,0x0909,0x0606,0x0609,0x0909,0x0909,
	0x0909,0x0906,0x0609,0x0906,0x0009,0x0000,0x0900,0x0009,
	0x0900,0x0000,0x0000,0x0000,0x0000,0x0000,0x0E0E,0x0909,
	0x0808,0x0808,0x0808,0x0808,0x0D0D,0x0D0D,0x0D0D,0x0D0D,
	0x0D0D,0x0D0D,0x080D,0x0D08,0x0808,0x0D0D,0x080D,0x050D,
	0x0505,0x0505,0x0505,0x0505,0x0505,0x0505,0x0505,0x0105,
	0x0101,0x0101,0x0101,0x0808,0x0505,0x0505,0x0505,0x0505,
	0x0505,0x0505,0x0505,0x0505,0x0505,0x0505,0x0D05,0x0508,

	0x0808,0x0808,0x0508,0x0505,0x0808,0x0505,0x0505,0x0505,
	0x0505,0x0505,0x0505,0x0505,0x0505,0x0505,0x0505,0x0505,
	0x0505,0x0505,0x0505,0x0505,0x0505,0x0505,0x0505,0x0505,
	0x0505,0x0505,0x0505,0x0505,0x0505,0x0505,0x0505,0x0505,
	0x0505,0x0505,0x0505,0x0505,0x0505,0x0505,0x0505,0x0505,
	0x0505,0x0105,0x0101,0x0505,0x0505,0x0505,0x0505,0x0505,
	0x0505,0x0505,0x0805,0x0708,0x0207,0x0E0E,0x0E0E,0x0E06,
	0x0E0E,0x060E,0x090E,0x0909,0x0906,0x0E09,0x0E0E,0x060E,

	0x0609,0x0606,0x0606,0x0909,0x0009,0x0000,0x0900,0x0909,
	0x0009,0x0009,0x0000,0x0000,0x0009,0x0000,0x0E0E,0x0E09,
	0x0D08,0x0D0D,0x0808,0x0808,0x0D0D,0x0D0D,0x0D0D,0x0D0D,
	0x0D08,0x0D0D,0x0D0D,0x0D08,0x0808,0x0808,0x0D08,0x050D,
	0x0505,0x0505,0x0505,0x0505,0x0505,0x0505,0x0505,0x0105,
	0x0101,0x0101,0x0101,0x0505,0x0505,0x0505,0x0505,0x0505,
	0x0505,0x0505,0x0505,0x0505,0x0505,0x0505,0x0505,0x0505,
	0x0808,0x0808,0x0505,0x0505,0x0505,0x0505,0x0505,0x0505,

	0x0505,0x0505,0x0505,0x0505,0x0505,0x0505,0x0505,0x0505,
	0x0505,0x0505,0x0505,0x0505,0x0505,0x0505,0x0505,0x0505,
	0x0505,0x0505,0x0505,0x0505,0x0505,0x0505,0x0505,0x0505,
	0x0505,0x0505,0x0505,0x0505,0x0505,0x0505,0x0505,0x0505,
	0x0505,0x0101,0x0101,0x0501,0x0505,0x0505,0x0505,0x0505,
	0x0505,0x0505,0x0505,0x0207,0x0707,0x0E02,0x0E0E,0x0906,
	0x0E0E,0x0206,0x0902,0x0609,0x0906,0x0606,0x0E0E,0x0E0E,
	0x0606,0x0906,0x0009,0x0900,0x0000,0x0000,0x0909,0x0909,

	0x0909,0x0000,0x0009,0x0000,0x0900,0x0E09,0x0E0E,0x0E09,
	0x0D08,0x0D0D,0x0D0D,0x0D08,0x0D08,0x0D0D,0x0D0D,0x0808,
	0x0808,0x0D0D,0x0D0D,0x0D0D,0x080D,0x0808,0x0D08,0x050D,
	0x0505,0x0505,0x0505,0x0505,0x0505,0x0505,0x0805,0x0105,
	0x0101,0x0101,0x0501,0x0505,0x0505,0x0505,0x0505,0x0505,
	0x0505,0x0505,0x0505,0x0505,0x0505,0x0505,0x0505,0x0505,
	0x0505,0x0505,0x0505,0x0505,0x0505,0x0505,0x0505,0x0505,
	0x0505,0x0505,0x0505,0x0505,0x0505,0x0505,0x0505,0x0505,

	0x0505,0x0505,0x0505,0x0505,0x0505,0x0505,0x0505,0x0505,
	0x0505,0x0505,0x0505,0x0505,0x0505,0x0505,0x0505,0x0505,
	0x0505,0x0505,0x0505,0x0505,0x0505,0x0505,0x0505,0x0505,
	0x0505,0x0101,0x0101,0x0501,0x0505,0x0505,0x0505,0x0505,
	0x0505,0x0B05,0x0707,0x0707,0x0202,0x0202,0x0202,0x0902,
	0x0606,0x0202,0x0202,0x0602,0x0606,0x0906,0x0E06,0x0E0E,
	0x060E,0x0606,0x0009,0x0909,0x0000,0x0000,0x0909,0x0009,
	0x0900,0x0009,0x0909,0x0900,0x0900,0x0E09,0x0E0E,0x0E06,

	0x0D0D,0x0D0D,0x0D0D,0x0808,0x0808,0x0808,0x0D0D,0x0808,
	0x0D0D,0x0D0D,0x0D0D,0x0D0D,0x0808,0x0808,0x0D08,0x050D,
	0x0505,0x0505,0x0505,0x0505,0x0505,0x0505,0x0505,0x0505,
	0x0101,0x0101,0x0501,0x0505,0x0505,0x0505,0x0505,0x0505,
	0x0505,0x0505,0x0505,0x0505,0x0505,0x0505,0x0505,0x0505,
	0x0505,0x0505,0x0505,0x0505,0x0505,0x0505,0x0505,0x0505,
	0x0505,0x0505,0x0505,0x0505,0x0505,0x0505,0x0505,0x0505,
	0x0505,0x0505,0x0505,0x0505,0x0505,0x0505,0x0505,0x0505,

	0x0505,0x0505,0x0505,0x0505,0x0505,0x0505,0x0505,0x0505,
	0x0505,0x0505,0x0505,0x0505,0x0505,0x0505,0x0505,0x0505,
	0x0505,0x0101,0x0101,0x0104,0x0505,0x0505,0x0505,0x0505,
	0x0505,0x0808,0x0707,0x0707,0x0207,0x0202,0x0202,0x0202,
	0x0202,0x0202,0x0202,0x0202,0x0606,0x0606,0x0606,0x0009,
	0x0900,0x0909,0x0009,0x0009,0x0000,0x0900,0x0909,0x0009,
	0x0000,0x0009,0x0909,0x0000,0x0000,0x0E09,0x0E0E,0x0E0E,
	0x0D0D,0x0D0D,0x0D0D,0x0808,0x0808,0x0808,0x0D0D,0x0808,

	0x0D0D,0x0D0D,0x0D0D,0x0D0D,0x0808,0x0808,0x0D08,0x050D,
	0x0505,0x0505,0x0505,0x0505,0x0505,0x0505,0x0505,0x0505,
	0x0101,0x0101,0x0101,0x0505,0x0505,0x0505,0x0505,0x0505,
	0x0505,0x0505,0x0505,0x0505,0x0505,0x0505,0x0505,0x0505,
	0x0505,0x0505,0x0505,0x0505,0x0505,0x0505,0x0505,0x0505,
	0x0505,0x0505,0x0505,0x0505,0x0505,0x0505,0x0505,0x0505,
	0x0505,0x0505,0x0505,0x0505,0x0505,0x0505,0x0505,0x0505,
	0x0505,0x0505,0x0505,0x0505,0x0505,0x0505,0x0505,0x0505,

	0x0505,0x0505,0x0505,0x0505,0x0505,0x0505,0x0505,0x0505,
	0x0505,0x0101,0x0401,0x0104,0x0505,0x0505,0x0505,0x0505,
	0x0805,0x0508,0x0707,0x0707,0x0207,0x0202,0x0202,0x0202,
	0x0202,0x0202,0x0202,0x0202,0x0606,0x0606,0x0906,0x0009,
	0x0900,0x0909,0x0009,0x0009,0x0000,0x0900,0x0909,0x0009,
	0x0000,0x0009,0x0909,0x0000,0x0900,0x0E0E,0x0E0E,0x0E0E,
	0x0D0D,0x0D0D,0x080D,0x0808,0x0808,0x0808,0x0D08,0x0D08,
	0x0D0D,0x0D0D,0x0D0D,0x0D0D,0x080D,0x0808,0x080D,0x0808,

	0x0505,0x0505,0x0505,0x0505,0x0505,0x0505,0x0505,0x0101,
	0x0101,0x0101,0x0101,0x0505,0x0505,0x0505,0x0505,0x0505,
	0x0505,0x0505,0x0505,0x0505,0x0505,0x0505,0x0505,0x0505,
	0x0505,0x0505,0x0505,0x0505,0x0505,0x0505,0x0505,0x0505,
	0x0505,0x0505,0x0505,0x0505,0x0505,0x0505,0x0505,0x0505,
	0x0505,0x0505,0x0505,0x0505,0x0505,0x0505,0x0505,0x0505,
	0x0505,0x0505,0x0505,0x0505,0x0505,0x0505,0x0505,0x0505,
	0x0505,0x0505,0x0505,0x0505,0x0505,0x0505,0x0505,0x0505,

	0x0505,0x0105,0x0401,0x0101,0x0505,0x0505,0x0505,0x0505,
	0x0505,0x0B05,0x0702,0x070A,0x0202,0x0202,0x0202,0x0202,
	0x0202,0x0202,0x0202,0x0202,0x0606,0x0606,0x0906,0x0900,
	0x0909,0x0009,0x0000,0x0009,0x0000,0x0909,0x0909,0x0000,
	0x0000,0x0009,0x0909,0x0000,0x0900,0x060E,0x0906,0x0909,
	0x0808,0x0D0D,0x0D0D,0x0808,0x0808,0x0808,0x0808,0x0808,
	0x0808,0x0808,0x0D0D,0x0D0D,0x080D,0x0808,0x080D,0x0808,
	0x0505,0x0505,0x0505,0x0505,0x0505,0x0505,0x0505,0x0101,

	0x0101,0x0101,0x0101,0x0505,0x0505,0x0505,0x0505,0x0505,
	0x0505,0x0505,0x0505,0x0505,0x0505,0x0505,0x0505,0x0505,
	0x0505,0x0505,0x0505,0x0505,0x0505,0x0505,0x0505,0x0505,
	0x0505,0x0505,0x0505,0x0505,0x0505,0x0505,0x0505,0x0505,
	0x0505,0x0505,0x0505,0x0505,0x0505,0x0505,0x0505,0x0505,
	0x0505,0x0505,0x0505,0x0505,0x0505,0x0505,0x0505,0x0505,
	0x0505,0x0505,0x0505,0x0505,0x0505,0x0505,0x0505,0x0505,
	0x0105,0x0105,0x0101,0x0101,0x0501,0x0505,0x0505,0x0505,

	0x0505,0x0B05,0x0206,0x0702,0x0202,0x0202,0x0202,0x0206,
	0x0202,0x0202,0x0202,0x0202,0x0606,0x0906,0x0009,0x0909,
	0x0909,0x0009,0x0000,0x0009,0x0900,0x0909,0x0009,0x0000,
	0x0000,0x0009,0x0909,0x0E0E,0x0E0E,0x0E0E,0x0E0E,0x0E0E,
	0x0808,0x0508,0x0805,0x080D,0x0808,0x0D08,0x0808,0x0808,
	0x0805,0x0D08,0x0D0D,0x0D0D,0x080D,0x0808,0x0505,0x0505,
	0x0505,0x0505,0x0505,0x0505,0x0505,0x0505,0x0505,0x0105,
	0x0101,0x0101,0x0101,0x0501,0x0505,0x0505,0x0505,0x0505,

	0x0505,0x0505,0x0505,0x0505,0x0505,0x0505,0x0505,0x0505,
	0x0505,0x0505,0x0505,0x0505,0x0505,0x0505,0x0505,0x0505,
	0x0505,0x0505,0x0505,0x0505,0x0505,0x0505,0x0505,0x0505,
	0x0505,0x0505,0x0505,0x0505,0x0505,0x0505,0x0505,0x0505,
	0x0505,0x0505,0x0505,0x0505,0x0505,0x0505,0x0505,0x0505,
	0x0505,0x0505,0x0505,0x0505,0x0505,0x0505,0x0505,0x0505,
	0x0505,0x0505,0x0101,0x0101,0x0501,0x0505,0x0505,0x0505,
	0x0505,0x0505,0x090E,0x0606,0x0606,0x0606,0x0606,0x0606,

	0x0909,0x0909,0x0909,0x0909,0x0606,0x0909,0x0000,0x0909,
	0x0909,0x0000,0x0000,0x0000,0x0909,0x0909,0x0000,0x0000,
	0x0000,0x0000,0x0E09,0x0E0E,0x0E0E,0x0E0E,0x0E06,0x0E0E,
	0x0505,0x0805,0x0808,0x0D08,0x080D,0x0808,0x0808,0x0808,
	0x0808,0x080D,0x0D08,0x0D08,0x0808,0x0808,0x0508,0x0505,
	0x0505,0x0505,0x0505,0x0505,0x0505,0x0505,0x0105,0x0101,
	0x0101,0x0101,0x0101,0x0101,0x0501,0x0505,0x0505,0x0505,
	0x0505,0x0505,0x0505,0x0505,0x0505,0x0505,0x0505,0x0505,

	0x0505,0x0505,0x0505,0x0505,0x0505,0x0505,0x0505,0x0505,
	0x0505,0x0505,0x0505,0x0505,0x0505,0x0505,0x0505,0x0505,
	0x0505,0x0505,0x0505,0x0505,0x0505,0x0505,0x0505,0x0505,
	0x0505,0x0505,0x0505,0x0505,0x0505,0x0505,0x0505,0x0505,
	0x0505,0x0505,0x0505,0x0505,0x0505,0x0505,0x0505,0x0505,
	0x0105,0x0101,0x0101,0x0101,0x0101,0x0505,0x0505,0x0505,
	0x0505,0x0505,0x0E0C,0x060E,0x0606,0x0606,0x0606,0x0606,
	0x0909,0x0909,0x0909,0x0909,0x0909,0x0909,0x0000,0x0000,

	0x0000,0x0000,0x0000,0x0000,0x0909,0x0000,0x0000,0x0000,
	0x0000,0x0900,0x0E0E,0x0E0C,0x0E0E,0x0E0E,0x0E06,0x0E0E,
	0x0808,0x0808,0x0808,0x0508,0x0B05,0x0B0C,0x0B07,0x0D08,
	0x0808,0x0808,0x0D0D,0x0808,0x0808,0x0808,0x0808,0x0808,
	0x0808,0x0808,0x0808,0x0808,0x0508,0x0508,0x0101,0x0101,
	0x0101,0x0101,0x0101,0x0101,0x0501,0x0808,0x0808,0x0808,
	0x0808,0x0808,0x0808,0x0808,0x0808,0x0808,0x0808,0x0808,
	0x0808,0x0808,0x0808,0x0808,0x0808,0x0808,0x0808,0x0808,

	0x0808,0x0808,0x0808,0x0808,0x0808,0x0808,0x0808,0x0808,
	0x0808,0x0808,0x0808,0x0808,0x0808,0x0808,0x0808,0x0808,
	0x0808,0x0808,0x0808,0x0808,0x0808,0x0808,0x0808,0x0808,
	0x0808,0x0808,0x0808,0x0808,0x0808,0x0808,0x0808,0x0808,
	0x0105,0x0101,0x0101,0x0101,0x0101,0x0505,0x0805,0x0808,
	0x0808,0x0508,0x0E0C,0x090E,0x0909,0x0606,0x0606,0x0606,
	0x0906,0x0909,0x0909,0x0909,0x0909,0x0909,0x0000,0x0909,
	0x0000,0x0000,0x0000,0x0900,0x0000,0x0000,0x0000,0x0000,

	0x0000,0x0909,0x0C0E,0x0C0C,0x0C0C,0x0E0C,0x0E0E,0x0E0E,
	0x0505,0x0B05,0x0707,0x0107,0x060E,0x0206,0x0707,0x0507,
	0x0B0B,0x0808,0x0808,0x0808,0x0808,0x0508,0x0505,0x0505,
	0x0505,0x0505,0x0505,0x0505,0x0505,0x0505,0x0105,0x0105,
	0x0101,0x0101,0x0101,0x0101,0x0501,0x0505,0x0505,0x0505,
	0x0505,0x0505,0x0505,0x0505,0x0505,0x0505,0x0505,0x0505,
	0x0505,0x0505,0x0505,0x0505,0x0505,0x0505,0x0505,0x0505,
	0x0505,0x0505,0x0505,0x0505,0x0505,0x0505,0x0505,0x0505,

	0x0505,0x0505,0x0505,0x0505,0x0505,0x0505,0x0505,0x0505,
	0x0505,0x0505,0x0505,0x0505,0x0505,0x0505,0x0505,0x0505,
	0x0505,0x0505,0x0505,0x0505,0x0505,0x0505,0x0505,0x0505,
	0x0505,0x0505,0x0101,0x0101,0x0101,0x0505,0x0505,0x0505,
	0x0505,0x0505,0x090E,0x0909,0x0909,0x0909,0x0606,0x0609,
	0x0909,0x0909,0x0909,0x0909,0x0609,0x0606,0x0900,0x0909,
	0x0009,0x0000,0x0900,0x0000,0x0000,0x0009,0x0000,0x0000,
	0x0000,0x0909,0x0909,0x0E0E,0x0909,0x0909,0x0909,0x0909,

	0x0508,0x020C,0x0707,0x0207,0x0609,0x0206,0x0707,0x0707,
	0x0707,0x0707,0x070C,0x0707,0x0C0C,0x0707,0x0805,0x0808,
	0x0808,0x0808,0x0808,0x0808,0x0808,0x0808,0x0808,0x0508,
	0x0101,0x0101,0x0101,0x0101,0x0101,0x0805,0x0808,0x0808,
	0x0808,0x0D08,0x0108,0x0808,0x0808,0x0808,0x0808,0x0808,
	0x0808,0x0808,0x0808,0x0808,0x0808,0x0508,0x0505,0x0805,
	0x0808,0x0808,0x0808,0x0808,0x0808,0x0808,0x0508,0x0805,
	0x0808,0x0808,0x0808,0x0808,0x0808,0x0808,0x0808,0x0808,

	0x0808,0x0808,0x0808,0x0808,0x0808,0x0808,0x0808,0x0808,
	0x0808,0x0808,0x0808,0x0808,0x0808,0x0808,0x0808,0x0808,
	0x0508,0x0508,0x0101,0x0101,0x0501,0x0808,0x0808,0x0808,
	0x0808,0x0508,0x090E,0x0909,0x0909,0x0909,0x0909,0x0609,
	0x0909,0x0909,0x0906,0x0909,0x0909,0x0609,0x0909,0x0909,
	0x0909,0x0000,0x0000,0x0000,0x0000,0x0000,0x0000,0x0000,
	0x0909,0x0009,0x0906,0x0909,0x0009,0x0909,0x0909,0x0606,
	0x0B05,0x0202,0x0702,0x0207,0x0209,0x0202,0x0702,0x0202,

	0x0707,0x0207,0x0702,0x0707,0x0702,0x0207,0x0807,0x0808,
	0x0808,0x0808,0x0808,0x0808,0x0808,0x0808,0x0808,0x0508,
	0x0101,0x0101,0x0101,0x0101,0x0101,0x0801,0x0508,0x0101,
	0x0101,0x0501,0x0101,0x0808,0x0808,0x0808,0x0808,0x0808,
	0x0808,0x0808,0x0808,0x0808,0x0808,0x0808,0x0808,0x0808,
	0x0D08,0x0808,0x0808,0x0808,0x0D08,0x0D0D,0x0808,0x0808,
	0x0808,0x0808,0x0808,0x0808,0x0808,0x0808,0x0808,0x0808,
	0x0808,0x0808,0x0808,0x0808,0x0808,0x0808,0x0808,0x0808,

	0x0808,0x0808,0x0808,0x0808,0x0808,0x0808,0x0808,0x0808,
	0x0808,0x0808,0x0101,0x0101,0x0801,0x0808,0x0808,0x0808,
	0x0808,0x0808,0x0905,0x0909,0x0909,0x0909,0x0909,0x0909,
	0x0606,0x0909,0x0909,0x0609,0x0906,0x0909,0x0909,0x0909,
	0x0909,0x0009,0x0909,0x0000,0x0000,0x0000,0x0000,0x0000,
	0x0909,0x0009,0x090E,0x0909,0x0009,0x0909,0x0609,0x0606,
	0x0202,0x0202,0x0202,0x0202,0x0209,0x0202,0x0202,0x0702,
	0x0707,0x0702,0x0202,0x0202,0x0706,0x0702,0x0707,0x0808,

	0x0808,0x0808,0x0808,0x0808,0x0808,0x0808,0x0808,0x0508,
	0x0505,0x0101,0x0101,0x0101,0x0401,0x0501,0x0501,0x0101,
	0x0101,0x0501,0x0501,0x0808,0x0808,0x0808,0x0808,0x0808,
	0x0808,0x0808,0x0D0D,0x0808,0x0808,0x0D08,0x0D0D,0x0D0D,
	0x0D0D,0x0D0D,0x0D0D,0x0D0D,0x0D0D,0x0D0D,0x0808,0x0808,
	0x0808,0x0808,0x0808,0x0808,0x0808,0x0808,0x0808,0x0808,
	0x0808,0x0808,0x0808,0x0808,0x0808,0x0808,0x0808,0x0808,
	0x0808,0x0808,0x0808,0x0808,0x0808,0x0808,0x0808,0x0808,

	0x0808,0x0808,0x0101,0x0101,0x0801,0x0808,0x0808,0x0808,
	0x0808,0x0808,0x0E05,0x0E09,0x090E,0x0909,0x0909,0x0909,
	0x0609,0x0606,0x0909,0x0609,0x0609,0x0606,0x0909,0x0909,
	0x0909,0x0900,0x0909,0x0000,0x0000,0x0000,0x0900,0x0000,
	0x0909,0x0000,0x0E0E,0x0906,0x0609,0x0909,0x0606,0x0E09,
	0x0202,0x0202,0x0202,0x0202,0x0206,0x0202,0x0202,0x0702,
	0x0707,0x0702,0x0202,0x0202,0x0206,0x0702,0x0707,0x080A,
	0x0508,0x0805,0x0808,0x0808,0x0808,0x0808,0x0808,0x0808,

	0x0808,0x0101,0x0101,0x0101,0x0101,0x0101,0x0101,0x0101,
	0x0101,0x0101,0x0505,0x0808,0x0808,0x0808,0x0808,0x0808,
	0x0808,0x0505,0x0505,0x080D,0x0808,0x0D08,0x0D0D,0x0D0D,
	0x0D0D,0x0D08,0x0D0D,0x0D0D,0x0D0D,0x0D0D,0x0808,0x0508,
	0x0808,0x0808,0x0808,0x0808,0x0808,0x0808,0x0808,0x0808,
	0x0808,0x0808,0x0808,0x0808,0x0808,0x0808,0x0808,0x0808,
	0x0808,0x0808,0x0808,0x0808,0x0808,0x0808,0x0808,0x0808,
	0x0508,0x0505,0x0401,0x0101,0x0801,0x0508,0x0808,0x0808,

	0x0808,0x0808,0x0E05,0x0E09,0x090E,0x0909,0x0909,0x0909,
	0x0609,0x0606,0x0909,0x0609,0x0906,0x0909,0x0909,0x0909,
	0x0909,0x0609,0x0606,0x0000,0x0000,0x0000,0x0900,0x0000,
	0x0909,0x0000,0x0E0E,0x060E,0x0E09,0x0906,0x0909,0x0E09,
	0x0202,0x0602,0x0202,0x0202,0x0202,0x0202,0x0202,0x0702,
	0x0707,0x0202,0x0707,0x0202,0x0206,0x0702,0x0702,0x080A,
	0x0508,0x0505,0x0505,0x0505,0x0505,0x0505,0x0505,0x0805,
	0x0505,0x0101,0x0101,0x0101,0x0101,0x0101,0x0101,0x0101,

	0x0101,0x0101,0x0501,0x0505,0x0505,0x0505,0x0505,0x0505,
	0x0505,0x0505,0x0505,0x0808,0x0808,0x0D08,0x0A0A,0x0B0A,
	0x0805,0x0A0B,0x0D0A,0x080D,0x0A0A,0x0B0A,0x0D0D,0x080D,
	0x0508,0x0505,0x0505,0x0505,0x0505,0x0505,0x0505,0x0505,
	0x0505,0x0505,0x0505,0x0505,0x0505,0x0505,0x0505,0x0505,
	0x0505,0x0505,0x0505,0x0505,0x0505,0x0505,0x0505,0x0505,
	0x0505,0x0505,0x0401,0x0101,0x0501,0x0505,0x0505,0x0505,
	0x0505,0x0505,0x0E05,0x0C09,0x0E0E,0x0E0C,0x0906,0x0909,

	0x0606,0x0906,0x0909,0x0606,0x0909,0x0909,0x0909,0x0009,
	0x0900,0x0609,0x0909,0x0000,0x0000,0x0000,0x0900,0x0909,
	0x0009,0x0000,0x0E06,0x060E,0x0E06,0x060E,0x0609,0x0E0E,
	0x0206,0x0609,0x0202,0x0206,0x0202,0x0202,0x0202,0x0206,
	0x0702,0x0202,0x0202,0x0702,0x0202,0x0702,0x0202,0x0A07,
	0x0808,0x0805,0x0805,0x0808,0x0808,0x0808,0x0808,0x0808,
	0x0108,0x0101,0x0101,0x0101,0x0101,0x0101,0x0101,0x0101,
	0x0101,0x0101,0x0805,0x0808,0x0808,0x0808,0x0808,0x0808,

	0x0808,0x0808,0x0808,0x0808,0x0B0B,0x0A07,0x0A0A,0x050A,
	0x050B,0x0A08,0x0B0A,0x0B0B,0x0B0C,0x0B07,0x0A08,0x0B0A,
	0x0D08,0x0808,0x0805,0x0808,0x0808,0x0808,0x0808,0x0808,
	0x0808,0x0808,0x0808,0x0808,0x0808,0x0808,0x0808,0x0808,
	0x0808,0x0808,0x0808,0x0808,0x0808,0x0808,0x0808,0x0808,
	0x0808,0x0508,0x0101,0x0101,0x0801,0x0808,0x0808,0x0808,
	0x0808,0x0508,0x0C05,0x0E0C,0x0E0E,0x0E0E,0x0E06,0x090E,
	0x0909,0x0909,0x0609,0x0606,0x0906,0x0909,0x0909,0x0906,

	0x0609,0x0909,0x0909,0x0000,0x0000,0x0000,0x0900,0x0009,
	0x0000,0x0000,0x0E06,0x0E0E,0x0E06,0x090E,0x0E09,0x0E0E,
	0x0909,0x0909,0x0609,0x0906,0x0209,0x0202,0x0202,0x0702,
	0x0207,0x0206,0x0202,0x0702,0x0207,0x0202,0x0707,0x0702,
	0x0808,0x0808,0x0808,0x0808,0x0808,0x0808,0x0808,0x0808,
	0x0101,0x0101,0x0101,0x0101,0x0101,0x0101,0x0101,0x0101,
	0x0101,0x0801,0x0808,0x0808,0x0808,0x0808,0x0808,0x0808,
	0x0808,0x0808,0x0D08,0x0A0D,0x0A0A,0x0A0A,0x070A,0x010B,

	0x0501,0x0B05,0x0B0B,0x0C0B,0x0B0C,0x0C0C,0x0C0C,0x0B0B,
	0x0D0B,0x0808,0x0805,0x0808,0x0808,0x0808,0x0808,0x0808,
	0x0808,0x0808,0x0808,0x0808,0x0808,0x0808,0x0808,0x0808,
	0x0808,0x0808,0x0808,0x0808,0x0808,0x0808,0x0808,0x0808,
	0x0808,0x0808,0x0101,0x0101,0x0801,0x0808,0x0808,0x0808,
	0x0508,0x0508,0x0C0C,0x0C0C,0x0C0C,0x0E0E,0x060E,0x0906,
	0x0909,0x0909,0x0909,0x0909,0x0909,0x0909,0x0909,0x0906,
	0x0609,0x0909,0x0909,0x0000,0x0000,0x0000,0x0000,0x0000,

	0x0000,0x0000,0x0609,0x0E0E,0x0E0E,0x090E,0x0900,0x060E,
	0x0906,0x0609,0x0202,0x0206,0x0206,0x0202,0x0202,0x0702,
	0x0707,0x0206,0x0202,0x0707,0x0207,0x0702,0x0707,0x0707,
	0x0A07,0x080B,0x0808,0x0808,0x0808,0x0808,0x0808,0x0508,
	0x0101,0x0101,0x0101,0x0101,0x0101,0x0101,0x0101,0x0401,
	0x0101,0x0805,0x0808,0x0808,0x0808,0x0808,0x0808,0x0808,
	0x0808,0x0805,0x0D08,0x0A0A,0x0A0A,0x0A0A,0x0A0A,0x010B,
	0x0B01,0x0B0B,0x0C0B,0x0707,0x0B0B,0x0B0C,0x0C0C,0x0707,

	0x0707,0x050B,0x0808,0x0808,0x0808,0x0808,0x0808,0x0808,
	0x0808,0x0808,0x0808,0x0808,0x0808,0x0808,0x0808,0x0808,
	0x0808,0x0808,0x0808,0x0808,0x0808,0x0808,0x0808,0x0808,
	0x0808,0x0808,0x0101,0x0101,0x0801,0x0808,0x0808,0x0808,
	0x080D,0x0508,0x0C0E,0x0C0B,0x0E0E,0x060E,0x0602,0x0609,
	0x0909,0x0606,0x0606,0x0606,0x0606,0x0606,0x0609,0x090E,
	0x0609,0x0906,0x0909,0x0009,0x0000,0x0000,0x0000,0x0000,
	0x0000,0x0000,0x0906,0x0E0E,0x0E0E,0x090E,0x0909,0x0E0E,

	0x0602,0x0202,0x0202,0x0202,0x0202,0x0202,0x0202,0x0202,
	0x0707,0x0202,0x0602,0x0202,0x0707,0x0202,0x0707,0x0207,
	0x0707,0x0808,0x080D,0x0808,0x0808,0x0808,0x0808,0x0808,
	0x0105,0x0101,0x0101,0x0101,0x0101,0x0101,0x0101,0x0101,
	0x0501,0x0808,0x080D,0x0805,0x0808,0x0808,0x0808,0x0808,
	0x0808,0x080D,0x0808,0x0B0A,0x070B,0x0A0A,0x070A,0x0B0C,
	0x0B0B,0x0B07,0x070C,0x040B,0x0404,0x0B0C,0x0B0B,0x0707,
	0x0C0C,0x0B0B,0x080B,0x0808,0x0808,0x0808,0x0808,0x0808,

	0x0808,0x0808,0x0808,0x0808,0x0808,0x0808,0x0808,0x0808,
	0x0808,0x0808,0x0808,0x0808,0x0808,0x0808,0x0808,0x0808,
	0x0808,0x0808,0x0101,0x0101,0x0801,0x0808,0x0808,0x0808,
	0x0808,0x0C05,0x0C0B,0x0C0C,0x0E0C,0x0E0E,0x0E0E,0x0E0E,
	0x0909,0x0606,0x0606,0x0606,0x0606,0x0606,0x0609,0x090E,
	0x0909,0x0909,0x0909,0x0909,0x0000,0x0000,0x0000,0x0000,
	0x0000,0x0000,0x060E,0x0E0E,0x0E0E,0x090E,0x0909,0x0E0E,
	0x0202,0x0206,0x0602,0x0602,0x0202,0x0602,0x0202,0x0702,

	0x0707,0x0606,0x0602,0x0202,0x0206,0x0202,0x0702,0x0207,
	0x050B,0x0808,0x0808,0x0808,0x0808,0x0808,0x0808,0x0808,
	0x0808,0x0508,0x0101,0x0404,0x0101,0x0101,0x0101,0x0101,
	0x0805,0x0808,0x0808,0x0808,0x0808,0x0808,0x0808,0x0808,
	0x0805,0x0808,0x0101,0x0101,0x070B,0x0C0C,0x0B0C,0x0B0B,
	0x0C0B,0x0707,0x0B0C,0x010B,0x0404,0x0404,0x0C04,0x0B0B,
	0x0C0C,0x0B0B,0x0504,0x0808,0x0808,0x0808,0x0808,0x0808,
	0x0808,0x0808,0x0808,0x0808,0x0808,0x0808,0x0808,0x0808,

	0x0808,0x0808,0x0808,0x0808,0x0808,0x0808,0x0808,0x0808,
	0x0508,0x0808,0x0101,0x0101,0x0501,0x0808,0x0D0D,0x0808,
	0x0808,0x0B05,0x0C0C,0x0C0B,0x0E0E,0x0C0C,0x0E0C,0x0E0E,
	0x090E,0x0606,0x0606,0x0906,0x0606,0x0606,0x0909,0x0909,
	0x0000,0x0900,0x0909,0x0909,0x0009,0x0000,0x0000,0x0000,
	0x0000,0x0000,0x090E,0x0E09,0x0E0E,0x090E,0x0E09,0x0E0E,
	0x0902,0x0209,0x0906,0x0906,0x0906,0x0906,0x0202,0x0202,
	0x0202,0x0202,0x0602,0x0906,0x0209,0x0202,0x0202,0x0207,

	0x050C,0x0808,0x0808,0x0808,0x0808,0x0808,0x0808,0x0808,
	0x0808,0x0808,0x0105,0x0101,0x0101,0x0101,0x0101,0x0501,
	0x0808,0x080D,0x0808,0x0808,0x0808,0x0808,0x0808,0x0508,
	0x0808,0x0B01,0x050B,0x0105,0x0B0B,0x0B07,0x0B0B,0x0101,
	0x0B01,0x0B0B,0x0B0B,0x0101,0x0101,0x0401,0x0404,0x0404,
	0x0B0B,0x040B,0x0104,0x0805,0x080D,0x0808,0x0808,0x0808,
	0x0808,0x0808,0x0808,0x0808,0x0808,0x0808,0x0808,0x0808,
	0x0808,0x0808,0x0808,0x0808,0x0808,0x0808,0x0808,0x0808,

	0x0808,0x0808,0x0101,0x0101,0x0101,0x0808,0x080D,0x0808,
	0x0508,0x0B0B,0x0B0C,0x0C0B,0x0C0E,0x0C0C,0x0E0E,0x0E0E,
	0x0E0E,0x0909,0x0606,0x0906,0x0906,0x0909,0x0909,0x0909,
	0x0909,0x0000,0x0900,0x0909,0x0009,0x0000,0x0009,0x0000,
	0x0000,0x0000,0x0E0E,0x0E09,0x0E0E,0x090E,0x0E0E,0x0E0E,
	0x0909,0x0909,0x0906,0x0902,0x0909,0x0606,0x0209,0x0906,
	0x0209,0x0702,0x0207,0x0602,0x0602,0x0202,0x0202,0x0202,
	0x0B0C,0x0101,0x0805,0x0808,0x0808,0x0808,0x0808,0x0808,

	0x0808,0x0808,0x0108,0x0101,0x0101,0x0101,0x0101,0x0801,
	0x0808,0x0808,0x0808,0x0808,0x0808,0x0808,0x0808,0x0808,
	0x080D,0x070B,0x0B0B,0x0B0B,0x0B0B,0x0B0B,0x010B,0x0101,
	0x0101,0x0404,0x0404,0x0104,0x0101,0x0101,0x0404,0x0404,
	0x0404,0x0404,0x0401,0x0B0B,0x0808,0x0808,0x0808,0x0808,
	0x0808,0x0808,0x0808,0x0808,0x0808,0x0808,0x0808,0x0808,
	0x0808,0x0808,0x0808,0x0808,0x0808,0x0808,0x0808,0x0808,
	0x0808,0x0808,0x0101,0x0101,0x0101,0x0808,0x0808,0x0508,

	0x0C0B,0x0B02,0x0B0C,0x0C0B,0x0E0C,0x0E0E,0x0E0E,0x0E0E,
	0x0E0E,0x090E,0x0E0E,0x0E0E,0x000E,0x0000,0x0909,0x090E,
	0x0009,0x0000,0x0909,0x0909,0x0009,0x0900,0x0009,0x0000,
	0x0000,0x0000,0x0E0C,0x0909,0x0909,0x0909,0x0E0E,0x0E0E,
	0x0909,0x0909,0x0609,0x0202,0x0906,0x0906,0x0909,0x0206,
	0x0209,0x0707,0x0707,0x0607,0x0902,0x0202,0x0606,0x0202,
	0x0B0C,0x0B0B,0x0101,0x0801,0x0808,0x0808,0x0808,0x0808,
	0x0808,0x0808,0x0108,0x0401,0x0101,0x0101,0x0801,0x0808,

	0x080D,0x0805,0x0808,0x0808,0x0808,0x0808,0x0808,0x0808,
	0x0B08,0x0707,0x0C0C,0x0B0C,0x0104,0x0B0B,0x0404,0x0404,
	0x0404,0x0404,0x0404,0x0404,0x0404,0x0404,0x0404,0x0404,
	0x0404,0x0104,0x0101,0x0B0B,0x080B,0x0808,0x0808,0x0808,
	0x0808,0x0808,0x0808,0x0808,0x0808,0x0808,0x0808,0x0808,
	0x0808,0x0808,0x0808,0x0808,0x0808,0x0808,0x0808,0x0808,
	0x0808,0x0808,0x0101,0x0101,0x0101,0x0805,0x0805,0x0708,
	0x0707,0x0202,0x0C0C,0x0E0E,0x0E0E,0x0E0E,0x0E0E,0x0E0E,

	0x0E0E,0x0906,0x0E0E,0x0E0E,0x000E,0x0000,0x0609,0x0E0E,
	0x060E,0x0909,0x0906,0x0909,0x0009,0x0609,0x0000,0x0909,
	0x0000,0x0000,0x0E0E,0x0609,0x0606,0x0906,0x0E0E,0x0E0E,
	0x0909,0x0909,0x0909,0x0202,0x0909,0x0909,0x0609,0x0206,
	0x0206,0x0707,0x0707,0x0607,0x0602,0x0202,0x0606,0x0202,
	0x0702,0x0B0B,0x0101,0x0801,0x0808,0x0808,0x0808,0x0808,
	0x0808,0x0808,0x0108,0x0401,0x0101,0x0101,0x0801,0x0808,
	0x080D,0x0805,0x0808,0x0808,0x0808,0x0808,0x0808,0x0808,

	0x0105,0x0C0B,0x0C0C,0x0B0B,0x0104,0x010B,0x0404,0x0404,
	0x0404,0x0404,0x0404,0x0404,0x0404,0x0404,0x0404,0x0404,
	0x0404,0x0104,0x0101,0x0B0B,0x080B,0x0808,0x0808,0x0808,
	0x0808,0x0808,0x0808,0x0808,0x0808,0x0808,0x0808,0x0808,
	0x0808,0x0808,0x0808,0x0808,0x0808,0x0808,0x0808,0x0808,
	0x0808,0x0808,0x0101,0x0101,0x0101,0x0808,0x0808,0x0708,
	0x0707,0x0202,0x0C0C,0x0E0E,0x0E0E,0x0E0E,0x0E0E,0x0E0E,
	0x0E0E,0x0906,0x0E0E,0x0E0E,0x000E,0x0000,0x0900,0x0E0E,

	0x060E,0x0909,0x0606,0x0906,0x0909,0x0906,0x0000,0x0909,
	0x0000,0x0900,0x0E0E,0x0909,0x0609,0x0906,0x0E0E,0x0E0E,
	0x0909,0x0909,0x0909,0x0909,0x0909,0x0909,0x0909,0x0202,
	0x0202,0x0707,0x0707,0x0207,0x0202,0x0202,0x0202,0x0202,
	0x0702,0x050C,0x010B,0x0101,0x0101,0x0101,0x0501,0x0808,
	0x0D08,0x0808,0x0108,0x0401,0x0101,0x0101,0x0805,0x0808,
	0x0808,0x0808,0x0808,0x0808,0x0808,0x0808,0x0808,0x0808,
	0x0508,0x0B01,0x0B0C,0x040B,0x0404,0x0404,0x0404,0x0404,

	0x0101,0x0404,0x0404,0x0404,0x0404,0x0404,0x0501,0x0101,
	0x0404,0x0404,0x0404,0x0B04,0x050B,0x0808,0x0808,0x0808,
	0x0808,0x0808,0x0808,0x0808,0x0808,0x0808,0x0808,0x0808,
	0x0808,0x0808,0x0808,0x0808,0x0808,0x0808,0x0808,0x0808,
	0x0808,0x0808,0x0101,0x0101,0x0101,0x0808,0x0805,0x0707,
	0x0707,0x0207,0x0602,0x0E0E,0x060E,0x0E0E,0x0606,0x0E0E,
	0x0E0E,0x0906,0x0E06,0x0E0E,0x000E,0x0000,0x0900,0x060E,
	0x0606,0x0909,0x0609,0x0906,0x0909,0x0009,0x0000,0x0900,

	0x0000,0x0009,0x090E,0x0909,0x0606,0x0E06,0x0E0E,0x0E0E,
	0x0909,0x0909,0x0909,0x0909,0x0909,0x0909,0x0909,0x0202,
	0x0202,0x0202,0x0207,0x0202,0x0202,0x0202,0x0202,0x0202,
	0x0207,0x0B02,0x0101,0x0101,0x0101,0x0101,0x0101,0x0101,
	0x0805,0x0808,0x0108,0x0101,0x0101,0x0101,0x0808,0x0808,
	0x0808,0x0808,0x0808,0x0808,0x0808,0x0808,0x0808,0x0808,
	0x080D,0x0101,0x0B0B,0x0404,0x0404,0x0404,0x0104,0x0101,
	0x0805,0x0401,0x0404,0x0404,0x0404,0x0104,0x0805,0x0808,

	0x0401,0x0404,0x0404,0x0404,0x0101,0x0805,0x0808,0x0808,
	0x0808,0x0808,0x0808,0x0808,0x0808,0x0808,0x0808,0x0808,
	0x0808,0x0808,0x0808,0x0808,0x0808,0x0808,0x0808,0x0808,
	0x0808,0x0808,0x0101,0x0101,0x0101,0x0808,0x0B05,0x0707,
	0x0707,0x0202,0x0902,0x0906,0x0906,0x0906,0x0909,0x0E06,
	0x0606,0x0609,0x0E0E,0x060E,0x0006,0x0000,0x0900,0x060E,
	0x0606,0x0909,0x0900,0x0909,0x0909,0x0000,0x0900,0x0909,
	0x0000,0x0000,0x0606,0x0909,0x0606,0x0E09,0x0E0E,0x0E0E,

	0x0909,0x0909,0x0909,0x0909,0x0909,0x0909,0x0609,0x0602,
	0x0909,0x0202,0x0602,0x0202,0x0202,0x0202,0x0202,0x0202,
	0x0702,0x0B02,0x0101,0x0101,0x0101,0x0101,0x0404,0x0104,
	0x0101,0x0501,0x0105,0x0101,0x0101,0x0501,0x0808,0x0808,
	0x0808,0x0808,0x0808,0x0808,0x0808,0x0808,0x0808,0x0808,
	0x0108,0x0101,0x0404,0x0404,0x0404,0x0404,0x0501,0x0805,
	0x0508,0x0401,0x0104,0x0101,0x0404,0x0104,0x0808,0x0808,
	0x0108,0x0404,0x0404,0x0404,0x0104,0x0501,0x0808,0x0808,

	0x0808,0x0808,0x0808,0x0808,0x0808,0x0808,0x0808,0x0808,
	0x0808,0x0808,0x0808,0x0808,0x0808,0x0808,0x0808,0x0808,
	0x0508,0x0505,0x0101,0x0101,0x0101,0x0808,0x0707,0x0707,
	0x0707,0x0202,0x0602,0x0909,0x0909,0x0609,0x0906,0x0909,
	0x0909,0x0909,0x0E0E,0x0E0E,0x090E,0x0009,0x0909,0x0909,
	0x0606,0x0909,0x0609,0x0606,0x0009,0x0000,0x0909,0x0009,
	0x0000,0x0000,0x0E09,0x0909,0x0609,0x0609,0x0E0E,0x0E0E,
	0x0909,0x0909,0x0909,0x0909,0x0909,0x0909,0x0909,0x0909,

	0x0609,0x0209,0x0202,0x0909,0x0209,0x0202,0x0202,0x0707,
	0x0707,0x0B0B,0x010B,0x0101,0x0101,0x0101,0x0101,0x0101,
	0x0101,0x0101,0x0101,0x0404,0x0104,0x0101,0x0808,0x0808,
	0x0808,0x0808,0x0808,0x0808,0x0808,0x0808,0x0808,0x0108,
	0x0101,0x0101,0x0401,0x0404,0x0404,0x0404,0x0501,0x0805,
	0x0508,0x0105,0x0501,0x0505,0x0401,0x0104,0x0505,0x0808,
	0x0108,0x0401,0x0404,0x0404,0x0104,0x0801,0x0808,0x0808,
	0x0808,0x0808,0x0808,0x0808,0x0808,0x0808,0x0808,0x0808,

	0x0808,0x0808,0x0808,0x0808,0x0808,0x0808,0x0808,0x0808,
	0x0108,0x0101,0x0101,0x0101,0x0101,0x0805,0x0707,0x0707,
	0x0707,0x0707,0x0202,0x0602,0x0606,0x0606,0x0606,0x0909,
	0x0909,0x0E09,0x0E0E,0x0E0E,0x090E,0x0909,0x0909,0x0909,
	0x0606,0x0909,0x0909,0x0909,0x0009,0x0000,0x0909,0x0009,
	0x0000,0x0900,0x0E06,0x0909,0x0909,0x0909,0x0E0E,0x0E0E,
	0x0909,0x0909,0x0909,0x0909,0x0909,0x0909,0x0909,0x0909,
	0x0909,0x0909,0x0202,0x0909,0x0909,0x0209,0x0202,0x0202,

	0x0C07,0x010B,0x0101,0x0101,0x0101,0x0101,0x0404,0x0104,
	0x0101,0x0101,0x0101,0x0101,0x0101,0x0101,0x0808,0x0808,
	0x0808,0x0808,0x0808,0x0808,0x0808,0x0808,0x0808,0x0105,
	0x0101,0x0101,0x0401,0x0404,0x0404,0x0104,0x0805,0x0808,
	0x0808,0x0105,0x0501,0x0508,0x0401,0x0104,0x0805,0x0808,
	0x0508,0x0401,0x0404,0x0404,0x0404,0x0501,0x0808,0x080D,
	0x0808,0x0808,0x0808,0x0808,0x0808,0x0808,0x0808,0x0808,
	0x0808,0x0808,0x0808,0x0808,0x0808,0x0808,0x0808,0x0808,

	0x0108,0x0101,0x0101,0x0101,0x0101,0x0805,0x0B08,0x0707,
	0x0707,0x0707,0x0207,0x0202,0x0606,0x0606,0x0606,0x0606,
	0x0906,0x0909,0x0E0E,0x0E0E,0x090E,0x0909,0x0909,0x0609,
	0x0606,0x0909,0x0909,0x0909,0x0000,0x0900,0x0909,0x0009,
	0x0000,0x0000,0x0E06,0x0909,0x0909,0x0909,0x0609,0x090E,
	0x0909,0x0909,0x0909,0x0909,0x0909,0x0909,0x0909,0x0909,
	0x0909,0x0909,0x0906,0x0906,0x0909,0x0609,0x0202,0x0202,
	0x0C07,0x010B,0x0101,0x0101,0x0101,0x0101,0x0104,0x0401,

	0x0101,0x0505,0x0101,0x0104,0x0101,0x0101,0x0805,0x0808,
	0x0808,0x0808,0x0808,0x0808,0x0808,0x0808,0x0808,0x0101,
	0x0101,0x0101,0x0404,0x0404,0x0404,0x0501,0x0808,0x0808,
	0x0808,0x0108,0x0501,0x0505,0x0101,0x0104,0x0808,0x0808,
	0x0808,0x0105,0x0404,0x0404,0x0404,0x0104,0x0808,0x080D,
	0x0808,0x0808,0x0808,0x0808,0x0808,0x0808,0x0808,0x0808,
	0x0808,0x0808,0x0808,0x0808,0x0808,0x0808,0x0808,0x0808,
	0x0508,0x0105,0x0101,0x0101,0x0101,0x0505,0x0808,0x0707,

	0x0702,0x0707,0x0202,0x0202,0x0202,0x0606,0x0606,0x0909,
	0x0909,0x0909,0x0E0E,0x0E0E,0x060E,0x0909,0x0909,0x0606,
	0x0606,0x0909,0x0909,0x0909,0x0000,0x0900,0x0909,0x0909,
	0x0000,0x0000,0x0E09,0x0909,0x0909,0x0909,0x0609,0x0909,
	0x0909,0x0909,0x0909,0x0909,0x0909,0x0909,0x0909,0x0909,
	0x0909,0x0909,0x0909,0x0909,0x0909,0x0609,0x0209,0x0202,
	0x0202,0x0B0C,0x0101,0x0101,0x0101,0x0101,0x0101,0x0101,
	0x0501,0x0808,0x0105,0x0104,0x0101,0x0101,0x0801,0x0808,

	0x0808,0x0808,0x0808,0x0808,0x0808,0x0808,0x0508,0x0101,
	0x0101,0x0404,0x0404,0x0404,0x0104,0x0805,0x0808,0x0808,
	0x0808,0x0808,0x0805,0x0808,0x0101,0x0501,0x0808,0x0808,
	0x0808,0x0105,0x0404,0x0404,0x0404,0x0104,0x0805,0x0808,
	0x0808,0x0808,0x0808,0x0808,0x0808,0x0808,0x0808,0x0808,
	0x0808,0x0808,0x0808,0x0808,0x0808,0x0808,0x0808,0x0808,
	0x0D08,0x0508,0x0101,0x0101,0x0501,0x0808,0x0B08,0x020C,
	0x0202,0x0202,0x0202,0x0602,0x0909,0x0909,0x0909,0x0609,

	0x0906,0x0909,0x0E06,0x0E0E,0x0E0E,0x0906,0x0606,0x0606,
	0x0606,0x0909,0x0909,0x0909,0x0000,0x0900,0x0909,0x0909,
	0x0009,0x0000,0x0609,0x0906,0x0909,0x0609,0x0906,0x0909,
	0x0009,0x0900,0x0909,0x0009,0x0900,0x0909,0x0909,0x0909,
	0x0909,0x0909,0x0909,0x0909,0x0909,0x0909,0x0909,0x0202,
	0x0909,0x0B02,0x0101,0x0101,0x0101,0x0101,0x0101,0x0101,
	0x0501,0x0808,0x0105,0x0104,0x0101,0x0101,0x0801,0x0808,
	0x0808,0x0808,0x0808,0x0808,0x0808,0x0808,0x0508,0x0101,

	0x0401,0x0404,0x0404,0x0404,0x0104,0x0805,0x0805,0x0808,
	0x0808,0x0808,0x0808,0x0808,0x0105,0x0501,0x0808,0x0808,
	0x0808,0x0508,0x0401,0x0404,0x0404,0x0104,0x0801,0x0808,
	0x0808,0x0808,0x0808,0x0808,0x0808,0x0808,0x0808,0x0808,
	0x0808,0x0808,0x0808,0x0808,0x0808,0x0808,0x0808,0x0808,
	0x0808,0x0105,0x0101,0x0101,0x0801,0x0808,0x0C05,0x0C0E,
	0x060E,0x0609,0x0606,0x0609,0x0606,0x0906,0x0909,0x0909,
	0x0E0E,0x0909,0x0606,0x0606,0x0E06,0x0606,0x0606,0x0606,

	0x0606,0x0909,0x0909,0x0909,0x0000,0x0900,0x0909,0x0909,
	0x0909,0x0909,0x0909,0x0909,0x0909,0x0609,0x0909,0x0909,
	0x0909,0x0900,0x0909,0x0009,0x0900,0x0909,0x0909,0x0909,
	0x0909,0x0909,0x0909,0x0909,0x0909,0x0909,0x0909,0x0209,
	0x0909,0x0202,0x010B,0x0101,0x0101,0x0101,0x0101,0x0101,
	0x0101,0x0808,0x0105,0x0404,0x0101,0x0101,0x0801,0x0808,
	0x0808,0x0808,0x0808,0x0808,0x0808,0x0808,0x0505,0x0101,
	0x0401,0x0404,0x0404,0x0404,0x0104,0x0808,0x0808,0x0808,

	0x0808,0x0808,0x0808,0x0808,0x0508,0x0805,0x0808,0x0808,
	0x0808,0x0808,0x0108,0x0404,0x0404,0x0404,0x0501,0x0808,
	0x0808,0x0808,0x0808,0x0808,0x0808,0x0808,0x0808,0x0808,
	0x0808,0x0808,0x0808,0x0808,0x0808,0x0808,0x0808,0x0808,
	0x0808,0x0101,0x0101,0x0101,0x0801,0x080D,0x0E0C,0x0C0E,
	0x0E0C,0x0E09,0x020C,0x0606,0x0606,0x0609,0x0909,0x0909,
	0x0909,0x0609,0x0606,0x0606,0x0606,0x0606,0x0606,0x0606,
	0x0906,0x0909,0x0909,0x0909,0x0900,0x0909,0x0909,0x0909,

	0x0909,0x0E09,0x0909,0x0909,0x0909,0x0609,0x0909,0x0909,
	0x0909,0x0000,0x0900,0x0009,0x0900,0x0909,0x0909,0x0900,
	0x0909,0x0909,0x0909,0x0909,0x0909,0x0909,0x0909,0x0209,
	0x0606,0x0202,0x0B07,0x0101,0x0101,0x0101,0x0101,0x0101,
	0x0101,0x0505,0x0105,0x0404,0x0101,0x0101,0x0501,0x0808,
	0x0808,0x0808,0x0808,0x0808,0x0808,0x0808,0x0508,0x0101,
	0x0401,0x0404,0x0404,0x0404,0x0104,0x0808,0x0808,0x0808,
	0x0808,0x0808,0x0808,0x0808,0x0808,0x0808,0x0808,0x0808,

	0x0808,0x0808,0x0108,0x0401,0x0404,0x0404,0x0501,0x0805,
	0x0808,0x0808,0x0808,0x0808,0x0808,0x0808,0x0808,0x0808,
	0x0808,0x0808,0x0808,0x0808,0x0808,0x0808,0x0808,0x0808,
	0x0808,0x0101,0x0101,0x0101,0x0501,0x0508,0x0C0C,0x0C0E,
	0x0C0C,0x0E06,0x0E02,0x0606,0x0606,0x0606,0x0909,0x0606,
	0x0909,0x0609,0x0606,0x0606,0x0606,0x0606,0x0606,0x0606,
	0x0606,0x0909,0x0909,0x0909,0x0609,0x0606,0x0909,0x0909,
	0x0909,0x0E09,0x0909,0x0909,0x0906,0x0909,0x0909,0x0909,

	0x0909,0x0909,0x0000,0x0000,0x0900,0x0909,0x0009,0x0900,
	0x0009,0x0909,0x0909,0x0909,0x0909,0x0909,0x0909,0x0909,
	0x0606,0x0702,0x0B02,0x0101,0x0101,0x0101,0x0101,0x0101,
	0x0101,0x0101,0x0105,0x0404,0x0101,0x0101,0x0101,0x0808,
	0x0808,0x0808,0x0808,0x0808,0x0808,0x0808,0x0508,0x0101,
	0x0401,0x0404,0x0404,0x0404,0x0501,0x0808,0x0808,0x0808,
	0x0808,0x0808,0x0808,0x0808,0x0808,0x0808,0x0808,0x0808,
	0x0808,0x0808,0x0808,0x0405,0x0404,0x0404,0x0104,0x0805,

	0x0808,0x0808,0x0808,0x0808,0x0808,0x0808,0x0808,0x0808,
	0x0808,0x0808,0x0808,0x0808,0x0808,0x0808,0x0808,0x0808,
	0x0508,0x0101,0x0101,0x0B0B,0x0708,0x0707,0x0C02,0x0E0C,
	0x0E0C,0x0E0E,0x0906,0x0606,0x0606,0x0606,0x0909,0x0906,
	0x0909,0x0906,0x0E06,0x060E,0x0606,0x0906,0x0906,0x0609,
	0x0606,0x0909,0x0909,0x0606,0x0609,0x0606,0x0909,0x0909,
	0x0909,0x0E09,0x0609,0x0906,0x0009,0x0909,0x0909,0x0909,
	0x0909,0x0909,0x0000,0x0000,0x0909,0x0909,0x0009,0x0900,

	0x0009,0x0909,0x0909,0x0000,0x0000,0x0909,0x0909,0x0909,
	0x0909,0x0202,0x0B02,0x0101,0x0101,0x0101,0x0101,0x0101,
	0x0101,0x0404,0x0401,0x0404,0x0101,0x0101,0x0101,0x0808,
	0x0808,0x0808,0x0808,0x0808,0x0808,0x0808,0x0108,0x0101,
	0x0404,0x0404,0x0404,0x0404,0x0801,0x0808,0x0808,0x0808,
	0x0808,0x0808,0x0808,0x0808,0x0808,0x0808,0x0808,0x0808,
	0x0808,0x0808,0x0808,0x0401,0x0404,0x0404,0x0404,0x0501,
	0x0808,0x0508,0x0805,0x0808,0x0808,0x0808,0x0808,0x0808,

	0x0808,0x0808,0x0808,0x0808,0x0808,0x0808,0x0808,0x0808,
	0x0108,0x0B0B,0x0B0B,0x070C,0x0707,0x0207,0x0E02,0x0E0C,
	0x0E0C,0x0E0E,0x0E0E,0x0609,0x0602,0x0E0E,0x0E0E,0x0906,
	0x0909,0x0E0E,0x0E0E,0x090E,0x0E0E,0x0909,0x0609,0x0909,
	0x0609,0x0909,0x0909,0x0606,0x0906,0x0909,0x0909,0x0909,
	0x0909,0x0E09,0x0909,0x0906,0x0009,0x0909,0x0909,0x0909,
	0x0909,0x0009,0x0000,0x0000,0x0900,0x0909,0x0009,0x0000,
	0x0000,0x0000,0x0009,0x0000,0x0000,0x0000,0x0909,0x0909,

	0x0609,0x0202,0x0B02,0x0101,0x0101,0x0101,0x0101,0x0101,
	0x0101,0x0101,0x0401,0x0404,0x0104,0x0101,0x0101,0x0805,
	0x0808,0x0808,0x0808,0x0808,0x0808,0x0808,0x0105,0x0404,
	0x0404,0x0404,0x0404,0x0404,0x0501,0x0808,0x0808,0x0808,
	0x0808,0x0808,0x0808,0x0808,0x0808,0x0808,0x0808,0x0808,
	0x0808,0x0808,0x0105,0x0101,0x0404,0x0404,0x0404,0x0101,
	0x0101,0x0101,0x0501,0x0805,0x0808,0x0808,0x0808,0x0808,
	0x0808,0x0808,0x0808,0x0808,0x0808,0x0808,0x0808,0x0808,

	0x0B05,0x070B,0x0707,0x0707,0x0707,0x0207,0x0E0C,0x0E0C,
	0x060E,0x0E0E,0x0E0E,0x090E,0x0606,0x0E0E,0x0E02,0x0909,
	0x0909,0x0609,0x0E06,0x060E,0x0609,0x0609,0x0609,0x0E06,
	0x0E06,0x0909,0x0909,0x0606,0x0909,0x0009,0x0000,0x0909,
	0x0909,0x0E09,0x0909,0x090E,0x0000,0x0909,0x0909,0x0909,
	0x0909,0x0009,0x0000,0x0000,0x0000,0x0000,0x0000,0x0000,
	0x0000,0x0000,0x0000,0x0000,0x0000,0x0000,0x0000,0x0909,
	0x0609,0x0606,0x0C06,0x0B0C,0x010B,0x0401,0x0404,0x0101,

	0x0101,0x0101,0x0101,0x0404,0x0104,0x0101,0x0101,0x0801,
	0x0808,0x0808,0x0808,0x0808,0x0808,0x0808,0x0101,0x0404,
	0x0404,0x0404,0x0404,0x0104,0x0505,0x0808,0x0808,0x0808,
	0x0808,0x0808,0x0808,0x0808,0x0808,0x0808,0x0808,0x0808,
	0x0D08,0x0808,0x0101,0x0101,0x0404,0x0404,0x0404,0x0104,
	0x0501,0x0101,0x0101,0x0501,0x0805,0x0508,0x0D0D,0x0808,
	0x0D08,0x0808,0x0808,0x0808,0x0808,0x0808,0x0508,0x0808,
	0x0701,0x0707,0x0707,0x0707,0x0707,0x0607,0x0606,0x0C06,

	0x090E,0x0E0E,0x0E0E,0x0E0E,0x0E09,0x0E0E,0x0E0E,0x0909,
	0x0009,0x0609,0x0E0E,0x060E,0x0606,0x0E09,0x0609,0x0E06,
	0x0E0E,0x0909,0x0606,0x0606,0x0000,0x0000,0x0900,0x0900,
	0x0909,0x0C09,0x0909,0x090E,0x0000,0x0909,0x0909,0x0909,
	0x0900,0x0009,0x0000,0x0000,0x0000,0x0000,0x0000,0x0000,
	0x0000,0x0000,0x0000,0x0000,0x0000,0x0000,0x0000,0x0909,
	0x0909,0x0609,0x0206,0x0C02,0x0B0B,0x0401,0x0404,0x0404,
	0x0101,0x0101,0x0101,0x0401,0x0104,0x0101,0x0401,0x0801,

	0x0808,0x0805,0x0808,0x0808,0x0808,0x0808,0x0108,0x0404,
	0x0404,0x0404,0x0404,0x0104,0x0D05,0x0808,0x0808,0x0808,
	0x0808,0x0808,0x0808,0x0808,0x0808,0x0808,0x0808,0x0808,
	0x0808,0x0105,0x0101,0x0101,0x0404,0x0404,0x0404,0x0104,
	0x0501,0x0101,0x0101,0x0101,0x0505,0x0808,0x080D,0x0808,
	0x0808,0x0808,0x0808,0x0808,0x0808,0x0808,0x0D08,0x050D,
	0x020B,0x0707,0x0707,0x0707,0x0707,0x0602,0x0606,0x0E06,
	0x090E,0x0E0E,0x0E0E,0x090E,0x0E09,0x0E0C,0x060E,0x0909,

	0x0909,0x0606,0x0E0E,0x060E,0x0606,0x0609,0x0909,0x0909,
	0x0E09,0x0609,0x0609,0x0606,0x0000,0x0000,0x0000,0x0900,
	0x0000,0x0C09,0x0E09,0x0E0E,0x0000,0x0909,0x0909,0x0909,
	0x0000,0x0000,0x0000,0x0000,0x0000,0x0000,0x0000,0x0000,
	0x0000,0x0000,0x0000,0x0000,0x0000,0x0000,0x0000,0x0909,
	0x0909,0x0909,0x0209,0x0202,0x0C0C,0x0404,0x0404,0x0404,
	0x0101,0x0101,0x0101,0x0101,0x0104,0x0101,0x0401,0x0501,
	0x0808,0x0808,0x0808,0x0808,0x0808,0x0808,0x0105,0x0404,

	0x0404,0x0404,0x0404,0x0104,0x0805,0x0808,0x0808,0x0808,
	0x0808,0x0808,0x0808,0x0808,0x0808,0x0808,0x0808,0x0808,
	0x0808,0x0101,0x0101,0x0101,0x0404,0x0404,0x0404,0x0104,
	0x0101,0x0101,0x0101,0x0101,0x0101,0x0101,0x0805,0x0808,
	0x0808,0x0508,0x0101,0x0101,0x0805,0x0808,0x0808,0x0105,
	0x020B,0x0707,0x0707,0x0707,0x0207,0x0606,0x0606,0x0602,
	0x060E,0x0E0E,0x0E0E,0x0E0E,0x0E09,0x0E0E,0x090E,0x0909,
	0x0909,0x060E,0x0E0E,0x060E,0x0606,0x0609,0x0909,0x0609,

	0x0606,0x0606,0x0606,0x0606,0x0000,0x0000,0x0000,0x0909,
	0x0000,0x0C06,0x0E09,0x060E,0x0900,0x0909,0x0909,0x0609,
	0x0000,0x0000,0x0000,0x0000,0x0000,0x0000,0x0000,0x0000,
	0x0000,0x0000,0x0000,0x0000,0x0909,0x0000,0x0900,0x0609,
	0x0909,0x0909,0x0209,0x0202,0x0C0C,0x0404,0x0404,0x0404,
	0x0404,0x0404,0x0101,0x0101,0x0101,0x0101,0x0101,0x0101,
	0x0805,0x0808,0x0808,0x0808,0x0808,0x0105,0x0401,0x0404,
	0x0404,0x0404,0x0404,0x0404,0x0501,0x0808,0x0808,0x0808,

	0x0808,0x0808,0x0808,0x0808,0x0808,0x0808,0x0808,0x0808,
	0x0808,0x0508,0x0101,0x0101,0x0404,0x0404,0x0404,0x0104,
	0x0101,0x0101,0x0101,0x0101,0x0101,0x0101,0x0501,0x0105,
	0x0101,0x0501,0x0501,0x0105,0x0501,0x0808,0x0808,0x0401,
	0x020B,0x0707,0x0707,0x0707,0x0202,0x0606,0x0602,0x0602,
	0x0E0E,0x0E0E,0x0E0E,0x090E,0x0C0E,0x0C0E,0x0906,0x0909,
	0x0609,0x060E,0x0E0E,0x090E,0x0909,0x0C09,0x0909,0x0909,
	0x0E06,0x0606,0x0606,0x0906,0x0000,0x0000,0x0000,0x0909,

	0x0000,0x0E0E,0x0E09,0x0E0E,0x0900,0x0909,0x0909,0x0609,
	0x0000,0x0000,0x0000,0x0000,0x0000,0x0000,0x0000,0x0000,
	0x0000,0x0000,0x0909,0x0909,0x0909,0x0909,0x0909,0x0909,
	0x0909,0x0909,0x0909,0x0606,0x0C0C,0x040C,0x0404,0x0404,
	0x0104,0x0101,0x0101,0x0101,0x0101,0x0101,0x0101,0x0101,
	0x0101,0x0101,0x0805,0x0808,0x0108,0x0101,0x0404,0x0404,
	0x0404,0x0404,0x0404,0x0404,0x0104,0x0805,0x0808,0x0808,
	0x0808,0x0508,0x0808,0x0808,0x0808,0x0808,0x0808,0x0808,

	0x0808,0x0808,0x0101,0x0101,0x0401,0x0404,0x0404,0x0404,
	0x0101,0x0101,0x0101,0x0101,0x0101,0x0101,0x0101,0x0101,
	0x0101,0x0101,0x0101,0x0101,0x0101,0x0101,0x0101,0x0B05,
	0x020E,0x0707,0x0707,0x0707,0x0202,0x0E06,0x0202,0x0606,
	0x0E0E,0x0E0E,0x0E0E,0x060E,0x0E0E,0x060E,0x0909,0x0909,
	0x0E09,0x060E,0x0E0E,0x090E,0x0906,0x0C0E,0x0909,0x0909,
	0x0609,0x0606,0x0906,0x0006,0x0000,0x0000,0x0900,0x0909,
	0x0009,0x0E0E,0x0E09,0x0E0E,0x0909,0x0909,0x0909,0x0909,

	0x0000,0x0000,0x0000,0x0000,0x0000,0x0000,0x0000,0x0000,
	0x0000,0x0000,0x0609,0x0606,0x0909,0x0909,0x0909,0x0909,
	0x0909,0x0909,0x0609,0x0909,0x0C0E,0x0C0C,0x0C0C,0x0404,
	0x0404,0x0104,0x0101,0x0101,0x0101,0x0101,0x0101,0x0101,
	0x0101,0x0101,0x010B,0x0801,0x0105,0x0101,0x0401,0x0404,
	0x0404,0x0404,0x0404,0x0404,0x0404,0x0101,0x0D08,0x0A0D,
	0x0D0A,0x080D,0x0805,0x0808,0x0808,0x0808,0x0808,0x0808,
	0x0808,0x0808,0x0101,0x0101,0x0401,0x0404,0x0404,0x0404,

	0x0101,0x0101,0x0101,0x0101,0x0101,0x0101,0x0101,0x0101,
	0x0101,0x0101,0x0101,0x0101,0x0101,0x0101,0x0101,0x0105,
	0x060E,0x0202,0x0606,0x0606,0x0606,0x0E06,0x0206,0x0609,
	0x0E0E,0x0E0E,0x060E,0x0E0E,0x0E0E,0x060E,0x0900,0x0609,
	0x0609,0x0E0E,0x0E0E,0x0909,0x0906,0x0C0C,0x0909,0x0909,
	0x0E06,0x0606,0x0606,0x0006,0x0000,0x0000,0x0000,0x0000,
	0x0000,0x0E0E,0x0E09,0x0E0E,0x0909,0x0909,0x0909,0x0909,
	0x0000,0x0000,0x0000,0x0000,0x0000,0x0000,0x0000,0x0000,

	0x0000,0x0900,0x0909,0x0909,0x0909,0x0909,0x0609,0x0909,
	0x0909,0x0909,0x0609,0x0909,0x0206,0x0C02,0x0C0C,0x040C,
	0x0404,0x0104,0x0101,0x0101,0x0101,0x0101,0x0101,0x0101,
	0x0101,0x0101,0x050B,0x050B,0x0101,0x0101,0x0401,0x0404,
	0x0404,0x0404,0x0404,0x0404,0x0404,0x0101,0x0B08,0x0A0A,
	0x080A,0x0808,0x0808,0x0808,0x0808,0x0808,0x0808,0x0808,
	0x0808,0x0508,0x0101,0x0101,0x0401,0x0404,0x0404,0x0404,
	0x0101,0x0101,0x0101,0x0101,0x0101,0x0101,0x0101,0x0101,

	0x0101,0x0101,0x0101,0x0101,0x0101,0x0101,0x0101,0x0B01,
	0x0C0E,0x0202,0x060E,0x0609,0x0606,0x0E06,0x0C06,0x0606,
	0x0E06,0x0E0E,0x060E,0x0E0E,0x0E0E,0x060E,0x0909,0x0609,
	0x0609,0x0E0E,0x0E0E,0x090E,0x0909,0x0C0B,0x0909,0x0906,
	0x0E06,0x0606,0x0606,0x0009,0x0000,0x0000,0x0000,0x0000,
	0x0000,0x0E0E,0x0E09,0x0E0E,0x0909,0x0909,0x0909,0x0909,
	0x0000,0x0000,0x0000,0x0000,0x0000,0x0000,0x0000,0x0000,
	0x0000,0x0909,0x0909,0x0909,0x0909,0x0909,0x0909,0x0909,

	0x0909,0x0606,0x0909,0x0E09,0x0606,0x0202,0x0202,0x0C0C,
	0x0404,0x0404,0x0101,0x0101,0x0101,0x0101,0x0101,0x0101,
	0x0101,0x0101,0x0A0B,0x0B0A,0x0B0B,0x040B,0x0404,0x0404,
	0x0404,0x0404,0x0404,0x0404,0x0104,0x0101,0x0B01,0x0B0B,
	0x050B,0x050B,0x0805,0x0808,0x0808,0x0808,0x0808,0x0808,
	0x0808,0x0108,0x0101,0x0101,0x0101,0x0404,0x0404,0x0404,
	0x0101,0x0101,0x0101,0x0101,0x0101,0x0101,0x0101,0x0101,
	0x0101,0x0101,0x0101,0x0101,0x0101,0x0101,0x0101,0x0101,

	0x0E0E,0x0E0C,0x0E0C,0x0E0E,0x0E0E,0x0E0E,0x0E0E,0x0E0C,
	0x0E0E,0x0E0E,0x0906,0x0E09,0x0E06,0x090E,0x0909,0x0906,
	0x0E0E,0x0E0E,0x0E0E,0x0906,0x0609,0x0C0C,0x090E,0x0606,
	0x0606,0x0606,0x0906,0x0000,0x0000,0x0000,0x0000,0x0000,
	0x0000,0x0E0E,0x0E09,0x0E09,0x0909,0x0909,0x0909,0x0909,
	0x0000,0x0000,0x0000,0x0000,0x0000,0x0000,0x0000,0x0000,
	0x0000,0x0900,0x0909,0x0909,0x0909,0x0909,0x0000,0x0909,
	0x0909,0x0909,0x0909,0x0E06,0x060E,0x020C,0x0202,0x0C02,

	0x0404,0x010B,0x0101,0x0101,0x0404,0x0404,0x0104,0x0101,
	0x0101,0x0B01,0x0A08,0x0B07,0x0B0B,0x040B,0x0404,0x0404,
	0x0404,0x0404,0x0404,0x0404,0x0104,0x0B01,0x0B0B,0x0B0B,
	0x070B,0x0707,0x050B,0x0505,0x0808,0x0808,0x0808,0x0808,
	0x0805,0x0108,0x0101,0x0101,0x0101,0x0404,0x0404,0x0404,
	0x0101,0x0101,0x0101,0x0101,0x0101,0x0101,0x0101,0x0101,
	0x0101,0x0101,0x0101,0x0101,0x0101,0x0101,0x0101,0x0101,
	0x0E04,0x0E0E,0x0E0E,0x0E0E,0x0E0E,0x0E0E,0x0E06,0x060E,

	0x090E,0x0609,0x0606,0x0906,0x0E06,0x0906,0x0909,0x0906,
	0x0E0E,0x0E0E,0x0E0E,0x0906,0x0C09,0x0C0C,0x0E0E,0x090E,
	0x0606,0x0909,0x0009,0x0900,0x0000,0x0000,0x0000,0x0000,
	0x0000,0x0E0E,0x0E06,0x0609,0x0909,0x0909,0x0909,0x0909,
	0x0000,0x0000,0x0000,0x0000,0x0000,0x0000,0x0000,0x0000,
	0x0000,0x0000,0x0000,0x0900,0x0909,0x0909,0x0000,0x0909,
	0x0909,0x0909,0x0909,0x0606,0x0906,0x0206,0x0202,0x0202,
	0x0C0C,0x0B0C,0x040B,0x0101,0x0101,0x0404,0x0404,0x0104,

	0x0101,0x0505,0x0808,0x0B07,0x0B0B,0x040B,0x0404,0x0404,
	0x0404,0x0404,0x0404,0x0404,0x0404,0x0B01,0x0B0B,0x0B0B,
	0x0C0B,0x0C0C,0x050B,0x0505,0x0808,0x0808,0x0D08,0x080D,
	0x0808,0x0408,0x0101,0x0101,0x0101,0x0404,0x0404,0x0404,
	0x0104,0x0101,0x0101,0x0101,0x0101,0x0101,0x0101,0x0101,
	0x0101,0x0101,0x0101,0x0101,0x0101,0x0101,0x0101,0x0B01,
	0x0C0E,0x0E02,0x0E0C,0x060C,0x0606,0x0606,0x0606,0x0906,
	0x0609,0x0606,0x0606,0x0906,0x0E09,0x0909,0x0909,0x0609,

	0x0609,0x0E0E,0x060E,0x0909,0x0C06,0x0C0C,0x0E06,0x0906,
	0x0906,0x0909,0x0000,0x0000,0x0000,0x0000,0x0000,0x0000,
	0x0000,0x0E0E,0x0E09,0x0909,0x0906,0x0909,0x0909,0x0909,
	0x0000,0x0000,0x0000,0x0000,0x0000,0x0000,0x0000,0x0000,
	0x0000,0x0000,0x0000,0x0900,0x0909,0x0909,0x0000,0x0900,
	0x0909,0x0909,0x0909,0x0606,0x0906,0x0C09,0x0202,0x0202,
	0x0C02,0x0C0C,0x040B,0x0404,0x0404,0x0404,0x0B01,0x010B,
	0x0101,0x0101,0x0B04,0x0705,0x040B,0x0404,0x0404,0x0404,

	0x0404,0x0404,0x0404,0x0404,0x0404,0x0B04,0x0B0B,0x0B0B,
	0x0B0B,0x0C0B,0x0B0B,0x0505,0x0A0D,0x0A0A,0x0A0A,0x0A0A,
	0x080A,0x0B05,0x0101,0x0101,0x0101,0x0404,0x0404,0x0404,
	0x0104,0x0101,0x0101,0x0101,0x0101,0x0101,0x0101,0x0101,
	0x0101,0x0101,0x0101,0x0101,0x0101,0x0101,0x0404,0x0B01,
	0x0E0E,0x020C,0x0E0E,0x0C0E,0x0C0E,0x0606,0x0602,0x0606,
	0x0606,0x0606,0x0606,0x0E06,0x0606,0x0909,0x0909,0x0609,
	0x0609,0x0E06,0x0E0E,0x0909,0x0C0C,0x0C0C,0x0E09,0x090E,

	0x0909,0x0909,0x0000,0x0000,0x0000,0x0000,0x0000,0x0000,
	0x0000,0x0E0E,0x0E09,0x0909,0x0906,0x0909,0x0909,0x0909,
	0x0000,0x0000,0x0000,0x0000,0x0000,0x0000,0x0000,0x0000,
	0x0000,0x0000,0x0000,0x0900,0x0909,0x0909,0x0909,0x0900,
	0x0909,0x0909,0x0909,0x0606,0x0906,0x0C09,0x020C,0x0202,
	0x0202,0x0C0C,0x0E0C,0x0404,0x0404,0x0404,0x0B0B,0x0B07,
	0x040B,0x0404,0x0B04,0x070B,0x0B0B,0x0404,0x0404,0x0404,
	0x0404,0x0404,0x0404,0x0404,0x0404,0x0404,0x0404,0x0404,

	0x0404,0x0B0B,0x050B,0x070B,0x0A0A,0x0A0A,0x0A0A,0x070A,
	0x0707,0x0A0B,0x0108,0x0101,0x0101,0x0401,0x0404,0x0404,
	0x0404,0x0101,0x0101,0x0101,0x0101,0x0101,0x0101,0x0101,
	0x0101,0x0101,0x0101,0x0101,0x0101,0x0101,0x0101,0x0C0B,
	0x0E0E,0x0C0E,0x0902,0x0909,0x0606,0x0E0E,0x0606,0x0602,
	0x0606,0x0606,0x0606,0x0E02,0x0909,0x0909,0x0909,0x0609,
	0x0609,0x0E06,0x0E0E,0x0909,0x0C0C,0x0C0C,0x0606,0x060E,
	0x0909,0x0009,0x0000,0x0000,0x0000,0x0000,0x0000,0x0000,

	0x0000,0x0E0E,0x0E09,0x0909,0x0906,0x0906,0x0909,0x0909,
	0x0000,0x0000,0x0000,0x0000,0x0000,0x0000,0x0000,0x0000,
	0x0000,0x0000,0x0000,0x0000,0x0909,0x0909,0x0909,0x0900,
	0x0609,0x0909,0x0909,0x0606,0x0606,0x0C09,0x020C,0x0202,
	0x0202,0x0202,0x0404,0x0404,0x0404,0x0404,0x0B0C,0x0707,
	0x0B0B,0x070B,0x0B0B,0x0B0B,0x0B0B,0x0404,0x0404,0x0404,
	0x0404,0x0404,0x0404,0x0404,0x0404,0x0104,0x0404,0x0404,
	0x0404,0x0404,0x0B0B,0x070B,0x0A0A,0x0A0A,0x0A0A,0x0A0A,

	0x0B0A,0x070B,0x050A,0x0101,0x0101,0x0401,0x0404,0x0404,
	0x0404,0x0101,0x0101,0x0101,0x0101,0x0101,0x0101,0x0101,
	0x0101,0x0101,0x0101,0x0101,0x0101,0x0101,0x0101,0x020C,
	0x0602,0x0E0E,0x0909,0x0909,0x0E09,0x0E0E,0x0906,0x0909,
	0x0609,0x0C0C,0x0C0C,0x0C0C,0x0909,0x0909,0x0909,0x0909,
	0x0609,0x0E06,0x0E0E,0x0909,0x0C0C,0x0C0C,0x0606,0x0E0E,
	0x0909,0x0009,0x0000,0x0000,0x0000,0x0000,0x0000,0x0000,
	0x0900,0x0E0E,0x0E09,0x0909,0x0906,0x0906,0x0909,0x0909,

	0x0000,0x0000,0x0000,0x0000,0x0000,0x0000,0x0000,0x0000,
	0x0000,0x0000,0x0000,0x0000,0x0909,0x0909,0x0909,0x0000,
	0x0606,0x0606,0x0609,0x0606,0x0606,0x0C09,0x020E,0x0C0C,
	0x0202,0x0202,0x0202,0x0C0C,0x0C0C,0x0C0C,0x0B0C,0x0B0B,
	0x0C0B,0x0B07,0x070C,0x0B07,0x0101,0x0101,0x0401,0x0404,
	0x0404,0x0404,0x0404,0x0404,0x0101,0x0101,0x0404,0x0401,
	0x0404,0x0404,0x0B0B,0x0B0B,0x0707,0x0707,0x070A,0x0B0C,
	0x0B0B,0x0B0B,0x0B0B,0x0A07,0x0B05,0x040B,0x0404,0x0404,

	0x0404,0x0101,0x0101,0x0101,0x0101,0x0101,0x0101,0x0101,
	0x0101,0x0101,0x0101,0x0101,0x0101,0x0101,0x0B01,0x020C,
	0x0202,0x0E0E,0x090E,0x0909,0x0609,0x0E0E,0x0E0E,0x0909,
	0x0C0E,0x0C0C,0x0E0E,0x0E0C,0x0909,0x0909,0x0909,0x0909,
	0x0909,0x0209,0x0E0E,0x0909,0x0C0C,0x0E0C,0x0E06,0x0E0E,
	0x0909,0x0000,0x0000,0x0000,0x0000,0x0000,0x0000,0x0000,
	0x0909,0x0E0E,0x0E09,0x0609,0x0606,0x0906,0x0909,0x0909,
	0x0000,0x0000,0x0000,0x0000,0x0000,0x0000,0x0000,0x0000,

	0x0000,0x0000,0x0000,0x0000,0x0000,0x0909,0x0909,0x0000,
	0x060E,0x0606,0x0606,0x0606,0x0606,0x0C06,0x0E0E,0x0C0C,
	0x020C,0x0202,0x0202,0x0202,0x0202,0x0202,0x0202,0x070C,
	0x0707,0x0B0C,0x070B,0x0B0B,0x0101,0x0101,0x0101,0x0101,
	0x0404,0x0404,0x0404,0x0101,0x0101,0x0101,0x0101,0x0101,
	0x0B01,0x0B0B,0x0B0B,0x0B0B,0x0B0B,0x0B0B,0x0B0C,0x010B,
	0x0404,0x0B0C,0x0C0B,0x0B0B,0x080B,0x0408,0x0404,0x0404,
	0x0404,0x0104,0x0101,0x0101,0x0101,0x0401,0x0404,0x0404,

	0x0101,0x0101,0x0101,0x0101,0x0101,0x0101,0x0C01,0x0202,
	0x0C02,0x0E0E,0x0E06,0x060E,0x0606,0x0E0E,0x0E06,0x0E06,
	0x0C0E,0x0E0C,0x0C0C,0x0E0E,0x0906,0x0909,0x0909,0x0909,
	0x0909,0x0609,0x090E,0x0909,0x0C0C,0x0E0C,0x0E06,0x0E0E,
	0x0909,0x0000,0x0000,0x0000,0x0000,0x0000,0x0000,0x0909,
	0x0909,0x0E09,0x0909,0x0606,0x0606,0x0606,0x0909,0x0909,
	0x0000,0x0000,0x0000,0x0000,0x0000,0x0000,0x0000,0x0000,
	0x0900,0x0909,0x0909,0x0900,0x0009,0x0909,0x0909,0x0E09,

	0x060E,0x0606,0x0606,0x0606,0x0606,0x0E09,0x0E0C,0x0E0E,
	0x0C0C,0x020C,0x0C0C,0x0C0C,0x0202,0x0C0C,0x0C0E,0x0C0C,
	0x0C0C,0x0404,0x0404,0x0404,0x0101,0x0101,0x0101,0x0404,
	0x0404,0x0404,0x0404,0x0404,0x0404,0x0401,0x0104,0x0101,
	0x0B01,0x0B0B,0x0B0B,0x0B0B,0x0B0B,0x0B0B,0x0404,0x0404,
	0x0404,0x0B04,0x0C0C,0x0B0B,0x0705,0x040B,0x0404,0x0404,
	0x0404,0x0104,0x0101,0x0101,0x0101,0x0404,0x0404,0x0404,
	0x0101,0x0101,0x0101,0x0101,0x0101,0x0101,0x0C01,0x020C,

	0x0909,0x060E,0x0E06,0x0606,0x0206,0x0202,0x0606,0x0606,
	0x0C0C,0x0E0E,0x0E0E,0x0E0E,0x090E,0x0909,0x0909,0x0909,
	0x0609,0x0009,0x0000,0x0909,0x0C0C,0x0E0E,0x0606,0x0E0E,
	0x0909,0x0000,0x0000,0x0000,0x0900,0x0909,0x0909,0x0909,
	0x0609,0x0609,0x0909,0x0606,0x0906,0x0909,0x0909,0x0909,
	0x0000,0x0000,0x0000,0x0000,0x0000,0x0000,0x0000,0x0000,
	0x0000,0x0909,0x0909,0x0909,0x0000,0x0909,0x0909,0x0E09,
	0x090E,0x0606,0x0606,0x0606,0x0606,0x0606,0x0E0E,0x0E0E,

	0x0C0E,0x020C,0x0C02,0x0202,0x0202,0x0C02,0x0C0E,0x0C0C,
	0x0C0C,0x0404,0x0404,0x0404,0x0101,0x0101,0x0101,0x0404,
	0x0404,0x0404,0x0404,0x0404,0x0404,0x0401,0x0B0C,0x010B,
	0x0B01,0x050B,0x0B07,0x0B0B,0x0B0B,0x0105,0x0404,0x0404,
	0x0404,0x0B04,0x0C0C,0x0B0C,0x0B0B,0x040C,0x0404,0x0404,
	0x0404,0x0B04,0x0B0B,0x0B0B,0x0B0B,0x0404,0x0404,0x0404,
	0x0101,0x0101,0x0101,0x0101,0x0101,0x0101,0x0B01,0x0E0C,
	0x0909,0x0E0E,0x0E06,0x060E,0x0206,0x0202,0x0606,0x0606,

	0x0E0C,0x0E0E,0x0E0E,0x0E0E,0x0906,0x0909,0x0909,0x0909,
	0x0609,0x0009,0x0000,0x0909,0x0C0C,0x0E0E,0x0606,0x0E0E,
	0x0909,0x0000,0x0000,0x0000,0x0600,0x0606,0x0906,0x0909,
	0x0E09,0x0909,0x0909,0x0609,0x0606,0x0909,0x0909,0x0909,
	0x0000,0x0000,0x0000,0x0000,0x0000,0x0000,0x0000,0x0900,
	0x0909,0x0909,0x0909,0x0909,0x0909,0x0909,0x0609,0x0E0E,
	0x0906,0x0606,0x0606,0x0606,0x0606,0x0906,0x0E09,0x0E0E,
	0x0C0E,0x020C,0x0C0E,0x020C,0x0202,0x0C0C,0x0202,0x0202,

	0x0202,0x0C02,0x040C,0x0404,0x0404,0x0404,0x0404,0x0404,
	0x0404,0x0404,0x0404,0x0404,0x0404,0x0404,0x0404,0x0404,
	0x0B04,0x050B,0x0B0B,0x0B0B,0x0B0B,0x040B,0x0404,0x0404,
	0x0404,0x0B04,0x0B0C,0x0B0B,0x0B07,0x040B,0x0404,0x0404,
	0x0404,0x0B04,0x0B0B,0x0B0B,0x0B0B,0x0B0B,0x0404,0x0104,
	0x0101,0x0101,0x0101,0x0101,0x0101,0x0101,0x0B01,0x060B,
	0x0909,0x0E0E,0x0E0E,0x060E,0x0202,0x0202,0x0602,0x0606,
	0x0906,0x0E0C,0x090E,0x0E06,0x0909,0x0909,0x0909,0x0909,

	0x0606,0x0909,0x0000,0x0900,0x0E0C,0x0E0E,0x0906,0x0E0E,
	0x0909,0x0000,0x0000,0x0909,0x0609,0x0909,0x0909,0x0909,
	0x0609,0x0906,0x0909,0x0909,0x0909,0x0909,0x0609,0x0906,
	0x0000,0x0000,0x0000,0x0000,0x0000,0x0000,0x0000,0x0000,
	0x0909,0x0909,0x0009,0x0900,0x0906,0x0909,0x0606,0x0906,
	0x090E,0x0609,0x0606,0x0606,0x0909,0x0E09,0x0E0E,0x0E0E,
	0x0E0E,0x0C0C,0x0E0E,0x0C0C,0x020C,0x0202,0x0202,0x0202,
	0x0202,0x0202,0x0C0C,0x0404,0x0404,0x0404,0x0404,0x0404,

	0x0404,0x0404,0x0404,0x0404,0x0404,0x0404,0x0401,0x0101,
	0x0B0B,0x0C07,0x0B0C,0x0B0B,0x0B0B,0x0B0B,0x0B0B,0x0404,
	0x0101,0x0101,0x0B0B,0x0C0C,0x0B0B,0x010B,0x0404,0x0404,
	0x0404,0x0B04,0x0B0B,0x070B,0x0C0C,0x0B0C,0x0B0B,0x0101,
	0x0101,0x0101,0x0101,0x0101,0x0101,0x0101,0x0B01,0x060B,
	0x0609,0x0606,0x0E06,0x0606,0x0202,0x0202,0x0606,0x0606,
	0x0906,0x0E0E,0x0906,0x0909,0x0909,0x0909,0x0909,0x0909,
	0x0909,0x0909,0x0909,0x0900,0x0E0C,0x090E,0x0909,0x0E0E,

	0x0909,0x0909,0x0909,0x0909,0x0909,0x0909,0x0909,0x0909,
	0x0906,0x0909,0x0609,0x0909,0x0606,0x0606,0x0606,0x0906,
	0x0000,0x0000,0x0000,0x0000,0x0000,0x0000,0x0000,0x0000,
	0x0000,0x0909,0x0906,0x0609,0x0606,0x0906,0x0909,0x0609,
	0x090E,0x0909,0x0609,0x0606,0x0909,0x0E06,0x0E0E,0x0E0E,
	0x0E0E,0x0C0C,0x0C0C,0x0202,0x0202,0x0202,0x0C0C,0x0C0C,
	0x0C0C,0x020C,0x0C0C,0x0C0C,0x0C0C,0x040C,0x0404,0x0404,
	0x0404,0x0404,0x0404,0x0404,0x0404,0x0101,0x0401,0x0104,

	0x0B0B,0x0B0B,0x0B07,0x0B07,0x0B0B,0x0B0B,0x0B0B,0x0B0B,
	0x0101,0x0101,0x0B0B,0x0C0C,0x0707,0x040B,0x0404,0x0404,
	0x0404,0x0B04,0x0B0B,0x0B0B,0x0B0B,0x0707,0x0B0B,0x0101,
	0x0101,0x0101,0x0101,0x0101,0x0101,0x0101,0x070B,0x0207,
	0x0202,0x0C02,0x0E0C,0x0206,0x0202,0x0202,0x0202,0x0606,
	0x090C,0x0E09,0x0909,0x0606,0x0909,0x0909,0x0909,0x0909,
	0x0909,0x0909,0x0909,0x0909,0x0C0C,0x090E,0x0909,0x0E0E,
	0x0909,0x0909,0x0609,0x060E,0x0909,0x0909,0x0E09,0x0E0E,

	0x0E0E,0x0909,0x0E06,0x090E,0x0606,0x0606,0x0909,0x0909,
	0x0000,0x0000,0x0000,0x0000,0x0000,0x0000,0x0000,0x0000,
	0x0000,0x0900,0x0906,0x0609,0x0609,0x0909,0x0909,0x0609,
	0x0906,0x0909,0x0606,0x0906,0x0909,0x0909,0x0E0E,0x0E0E,
	0x0E0E,0x0E0E,0x0C0C,0x0202,0x0202,0x0202,0x0202,0x0202,
	0x0202,0x0202,0x0202,0x0C0C,0x0C0C,0x0C0C,0x040C,0x0404,
	0x0404,0x0404,0x0404,0x0404,0x0404,0x0404,0x0404,0x0404,
	0x0C0B,0x070B,0x0B0B,0x0B0B,0x070B,0x0B0B,0x0B0B,0x0B0B,

	0x0B0B,0x0B0B,0x0B0B,0x0C0C,0x0B0B,0x040B,0x0404,0x0404,
	0x0404,0x0B04,0x0B0B,0x0C0C,0x070B,0x0B07,0x040B,0x0101,
	0x0101,0x0101,0x0101,0x0101,0x0B01,0x0B0B,0x020B,0x0207,
	0x0202,0x0202,0x0606,0x0202,0x0202,0x0202,0x0202,0x0202,
	0x0602,0x0909,0x0909,0x0906,0x0909,0x0909,0x0909,0x0909,
	0x0909,0x0909,0x0909,0x0906,0x0C0C,0x060E,0x0909,0x0E06,
	0x0906,0x0909,0x0909,0x0909,0x0909,0x0909,0x0E0E,0x0E0E,
	0x0E0E,0x090E,0x0E0E,0x0606,0x0606,0x0606,0x0909,0x0909,

	0x0000,0x0000,0x0000,0x0000,0x0000,0x0000,0x0000,0x0000,
	0x0000,0x0900,0x0009,0x0909,0x0909,0x0909,0x0909,0x0909,
	0x0900,0x0909,0x0609,0x0906,0x0909,0x0006,0x0E0E,0x0E0E,
	0x0E0E,0x0E0E,0x020E,0x020C,0x0202,0x0202,0x0202,0x0202,
	0x0202,0x0202,0x0202,0x0202,0x0202,0x0C02,0x040C,0x0404,
	0x0404,0x0404,0x0404,0x0404,0x0404,0x0404,0x0104,0x0B0B,
	0x0B0B,0x0B0B,0x0B0B,0x0B0B,0x070B,0x0B0B,0x0B0B,0x0B0B,
	0x0B0B,0x0B0B,0x0C0B,0x0C0C,0x0B0B,0x0404,0x0404,0x0404,

	0x0404,0x0B04,0x0C0C,0x070C,0x0C0C,0x0B0B,0x040C,0x0B04,
	0x0B0B,0x0B01,0x0101,0x0C0B,0x070C,0x0707,0x0707,0x0707,
	0x0707,0x0202,0x0202,0x020C,0x0202,0x0202,0x0202,0x0202,
	0x0202,0x0909,0x0909,0x0909,0x0909,0x0909,0x0909,0x0909,
	0x0909,0x0909,0x0909,0x0909,0x0C0C,0x0E0E,0x0909,0x0E09,
	0x090E,0x0909,0x0909,0x0909,0x0909,0x0609,0x0C0E,0x0E0E,
	0x0E0E,0x0E0E,0x0E06,0x0906,0x0606,0x0606,0x0909,0x0909,
	0x0000,0x0000,0x0000,0x0000,0x0000,0x0000,0x0000,0x0000,

	0x0000,0x0000,0x0000,0x0000,0x0009,0x0900,0x0900,0x0909,
	0x0900,0x0909,0x0606,0x0906,0x0600,0x0000,0x0C0E,0x0E0C,
	0x0E0E,0x0E0E,0x0202,0x0C0C,0x0202,0x0C0C,0x0202,0x0C02,
	0x020C,0x0202,0x0202,0x0202,0x0202,0x0202,0x0C0C,0x0C0C,
	0x0404,0x0404,0x0404,0x0404,0x0404,0x0404,0x0B04,0x0707,
	0x0B0C,0x0B0B,0x0B0B,0x0B0B,0x0B0B,0x0101,0x0B0B,0x070B,
	0x0707,0x0B0C,0x0707,0x0C0C,0x0B0C,0x040B,0x040B,0x0404,
	0x0404,0x0C04,0x0B0C,0x0B0B,0x0C0C,0x0707,0x0B07,0x0707,

	0x0707,0x070C,0x0B0C,0x0207,0x0702,0x0707,0x0707,0x0707,
	0x0707,0x0707,0x0202,0x0202,0x0202,0x0202,0x0202,0x0202,
	0x0202,0x0902,0x0909,0x0909,0x0909,0x0909,0x0909,0x0909,
	0x0606,0x0906,0x0909,0x0909,0x0C0B,0x090E,0x0909,0x0E09,
	0x0909,0x0909,0x0606,0x0609,0x0606,0x0C06,0x0C0E,0x0E0E,
	0x0C0C,0x0E0C,0x0E0E,0x090E,0x0000,0x0000,0x0000,0x0909,
	0x0000,0x0000,0x0000,0x0000,0x0000,0x0000,0x0000,0x0000,
	0x0000,0x0000,0x0000,0x0000,0x0000,0x0900,0x0000,0x0909,

	0x0900,0x0909,0x0609,0x0909,0x0909,0x0000,0x0E0E,0x020C,
	0x0E02,0x0E0E,0x0C0C,0x0C02,0x020C,0x0C02,0x0C0C,0x0E0C,
	0x0C0C,0x020C,0x0202,0x0202,0x0C0C,0x0202,0x0202,0x0C02,
	0x040C,0x0404,0x0404,0x0404,0x0404,0x0104,0x0B01,0x070C,
	0x0B0B,0x0B0B,0x040B,0x0B04,0x010B,0x0101,0x0B01,0x0C0C,
	0x070C,0x0B0C,0x0B0C,0x0C0B,0x0C0C,0x0C0B,0x0A07,0x080A,
	0x0A0A,0x0A0A,0x070A,0x0707,0x0A0B,0x0A0A,0x0A0A,0x0A0A,
	0x070A,0x0207,0x0202,0x0702,0x0202,0x0702,0x0707,0x0707,

	0x0707,0x0707,0x0207,0x0207,0x0202,0x0202,0x0202,0x0202,
	0x0202,0x0906,0x0909,0x0909,0x0909,0x0909,0x0609,0x0606,
	0x0606,0x0606,0x0602,0x0909,0x0C0C,0x0E0C,0x090E,0x0E09,
	0x0909,0x0909,0x0909,0x0909,0x0606,0x0E09,0x0C0C,0x0E0E,
	0x0C0C,0x0E0C,0x0E0E,0x090E,0x0000,0x0900,0x0909,0x0909,
	0x0000,0x0000,0x0000,0x0000,0x0000,0x0000,0x0000,0x0000,
	0x0000,0x0000,0x0000,0x0000,0x0000,0x0909,0x0000,0x0900,
	0x0909,0x0000,0x0609,0x0909,0x0909,0x0909,0x0202,0x0702,

	0x0202,0x0E0E,0x0C0C,0x0202,0x0202,0x0202,0x0C0C,0x0E0E,
	0x0E0E,0x020C,0x0202,0x0C0C,0x020C,0x0202,0x0202,0x0202,
	0x0C0C,0x0404,0x0404,0x0404,0x0104,0x0404,0x0B01,0x0B0B,
	0x0404,0x0404,0x0404,0x0101,0x0101,0x0101,0x0B01,0x0B0C,
	0x0B0B,0x0B0C,0x0707,0x0A0A,0x0A0A,0x0A0A,0x0A0A,0x0A0A,
	0x070A,0x0707,0x0707,0x0707,0x0707,0x0707,0x0707,0x0A0A,
	0x0707,0x0707,0x0207,0x0207,0x0202,0x0707,0x0707,0x0707,
	0x0707,0x0707,0x0707,0x0202,0x0202,0x0202,0x0202,0x0202,

	0x0602,0x0606,0x0609,0x0909,0x0909,0x0609,0x0606,0x0606,
	0x0606,0x0606,0x0606,0x0909,0x0C0E,0x060C,0x0906,0x0E09,
	0x0609,0x0909,0x0909,0x0909,0x0609,0x0E06,0x060E,0x0E0E,
	0x0909,0x0909,0x0909,0x0000,0x0000,0x0900,0x0909,0x0909,
	0x0000,0x0000,0x0000,0x0000,0x0000,0x0000,0x0000,0x0000,
	0x0000,0x0000,0x0000,0x0000,0x0900,0x0909,0x0009,0x0000,
	0x0009,0x0000,0x0909,0x0909,0x0909,0x0702,0x0702,0x0707,
	0x0707,0x0202,0x0702,0x0202,0x0702,0x0207,0x020A,0x0C02,

	0x0E02,0x020C,0x0C02,0x020C,0x0202,0x020A,0x0C02,0x0202,
	0x0C02,0x0404,0x0404,0x0404,0x0104,0x0101,0x0101,0x0401,
	0x0404,0x0404,0x0404,0x0101,0x0101,0x0101,0x0C01,0x0B0C,
	0x0A0A,0x0A07,0x0207,0x0A07,0x0A0A,0x0A0A,0x0A0A,0x0A0A,
	0x0A0A,0x0A0A,0x0707,0x0707,0x0707,0x0707,0x0707,0x0707,
	0x0702,0x0707,0x0707,0x0707,0x0707,0x0707,0x0707,0x0707,
	0x0707,0x0707,0x0702,0x0707,0x0202,0x0202,0x0202,0x0202,
	0x0206,0x0602,0x0606,0x0606,0x0606,0x0602,0x0606,0x0606,

	0x0606,0x0909,0x0909,0x0606,0x0E0E,0x0906,0x0906,0x0E09,
	0x0909,0x0909,0x0909,0x0909,0x0909,0x0E06,0x0909,0x0909,
	0x0909,0x0909,0x0909,0x0000,0x0000,0x0900,0x0909,0x0909,
	0x0000,0x0000,0x0000,0x0000,0x0000,0x0000,0x0000,0x0000,
	0x0000,0x0000,0x0000,0x0000,0x0900,0x0909,0x0009,0x0000,
	0x0009,0x0000,0x0909,0x0909,0x0909,0x0702,0x0702,0x0707,
	0x0707,0x0202,0x0702,0x0202,0x0702,0x0207,0x020A,0x0702,
	0x0202,0x0202,0x0C02,0x020C,0x0702,0x020A,0x0C02,0x020C,

	0x0C02,0x0404,0x0404,0x0404,0x0101,0x0101,0x0101,0x0401,
	0x0404,0x0404,0x0404,0x0101,0x0101,0x0101,0x0C0B,0x0A07,
	0x0A0A,0x0A07,0x0707,0x0A07,0x0A0A,0x0A0A,0x0A0A,0x0A0A,
	0x0A0A,0x0A0A,0x0707,0x0207,0x0707,0x0707,0x0707,0x0707,
	0x0707,0x0707,0x0707,0x0707,0x0707,0x0207,0x0707,0x0707,
	0x0707,0x0707,0x0707,0x0702,0x0202,0x0202,0x0202,0x0202,
	0x0606,0x0602,0x0606,0x0606,0x0606,0x0602,0x0606,0x0606,
	0x0606,0x0909,0x0909,0x0E06,0x0C0E,0x090E,0x0906,0x0E09,

	0x0909,0x0909,0x0909,0x0909,0x0909,0x0606,0x0909,0x0909,
	0x0909,0x0909,0x0909,0x0000,0x0000,0x0900,0x0909,0x0909,
	0x0000,0x0000,0x0000,0x0000,0x0000,0x0000,0x0000,0x0000,
	0x0000,0x0000,0x0000,0x0000,0x0000,0x0900,0x0009,0x0000,
	0x0000,0x0900,0x0909,0x0909,0x0909,0x0706,0x0707,0x0207,
	0x0707,0x0207,0x0707,0x0707,0x0702,0x0707,0x020A,0x0702,
	0x0602,0x0202,0x020C,0x0702,0x0A0A,0x070A,0x0702,0x0202,
	0x0C0C,0x0C0C,0x0404,0x0404,0x0104,0x0101,0x0101,0x0404,

	0x0404,0x0404,0x0404,0x0404,0x0404,0x0B04,0x070C,0x0A0A,
	0x0A0A,0x0A0A,0x0A0A,0x070A,0x0A0A,0x070A,0x0A0A,0x0A0A,
	0x0707,0x070A,0x0A07,0x0707,0x0707,0x0707,0x0707,0x0707,
	0x0707,0x0707,0x0707,0x0707,0x0707,0x0707,0x0707,0x0707,
	0x0707,0x0707,0x0207,0x0707,0x0707,0x0707,0x0207,0x0202,
	0x0206,0x0602,0x0606,0x0606,0x0606,0x0606,0x0606,0x0606,
	0x0202,0x0602,0x0202,0x0606,0x0E0C,0x090E,0x0909,0x0609,
	0x0909,0x0909,0x0909,0x0909,0x0609,0x0606,0x090E,0x0909,

	0x0909,0x0909,0x0909,0x0000,0x0000,0x0000,0x0909,0x0909,
	0x0000,0x0000,0x0000,0x0000,0x0000,0x0000,0x0000,0x0000,
	0x0000,0x0000,0x0000,0x0000,0x0000,0x0900,0x0009,0x0000,
	0x0000,0x0900,0x0909,0x0909,0x0209,0x0206,0x0202,0x0202,
	0x0707,0x0702,0x0702,0x0707,0x0707,0x0707,0x020A,0x0702,
	0x0202,0x020A,0x0202,0x0A0A,0x070A,0x0702,0x0702,0x0C02,
	0x0C0C,0x0E0E,0x0404,0x0404,0x0404,0x0404,0x0404,0x0404,
	0x0404,0x0404,0x0404,0x0404,0x0404,0x0C04,0x0A07,0x0A0A,

	0x0A0A,0x0A0A,0x0A0A,0x070A,0x0707,0x0707,0x0707,0x0707,
	0x0707,0x070A,0x0707,0x0707,0x0707,0x0707,0x0707,0x0707,
	0x0707,0x0707,0x0707,0x0707,0x0707,0x0707,0x0707,0x0707,
	0x0707,0x0707,0x0202,0x0707,0x0707,0x0707,0x0202,0x0202,
	0x0606,0x0606,0x0206,0x0606,0x0606,0x0606,0x0606,0x0606,
	0x0202,0x0202,0x0202,0x0606,0x0C0C,0x090E,0x0909,0x0609,
	0x0909,0x0909,0x0906,0x0909,0x0906,0x0606,0x090E,0x0909,
	0x0909,0x0909,0x0009,0x0000,0x0000,0x0000,0x0909,0x0909,

	0x0000,0x0000,0x0000,0x0000,0x0000,0x0000,0x0000,0x0000,
	0x0000,0x0000,0x0000,0x0000,0x0000,0x0900,0x0909,0x0900,
	0x0009,0x0900,0x0909,0x0909,0x0209,0x0202,0x0202,0x0202,
	0x0202,0x0707,0x0207,0x0707,0x0207,0x0707,0x0207,0x0707,
	0x0202,0x0A0A,0x0202,0x070A,0x0707,0x0202,0x0707,0x0202,
	0x0202,0x0E0C,0x0404,0x0404,0x0404,0x0404,0x0404,0x0404,
	0x0404,0x0404,0x0404,0x0404,0x0B04,0x070C,0x0707,0x0A0A,
	0x0A0A,0x0707,0x0A07,0x0707,0x0707,0x0707,0x0707,0x0707,

	0x0707,0x0707,0x0707,0x0707,0x0707,0x0707,0x0707,0x0707,
	0x0707,0x0707,0x0707,0x0707,0x0707,0x0707,0x0707,0x0707,
	0x0707,0x0707,0x0202,0x0202,0x0202,0x0202,0x0202,0x0202,
	0x0602,0x0206,0x0206,0x0602,0x0606,0x0606,0x0606,0x0606,
	0x0602,0x0206,0x0202,0x0606,0x0C0E,0x090E,0x0009,0x0909,
	0x0909,0x0606,0x0606,0x0606,0x0906,0x0E09,0x0606,0x0909,
	0x0909,0x0909,0x0009,0x0000,0x0000,0x0000,0x0909,0x0909,
	0x0000,0x0000,0x0000,0x0000,0x0000,0x0000,0x0000,0x0000,

	0x0000,0x0000,0x0000,0x0000,0x0000,0x0900,0x0909,0x0909,
	0x0909,0x0909,0x0909,0x0909,0x0209,0x0202,0x0202,0x0202,
	0x0702,0x0707,0x0707,0x0702,0x0202,0x0207,0x0707,0x0707,
	0x0707,0x0A0A,0x0707,0x0707,0x0207,0x0202,0x0207,0x0707,
	0x0207,0x0C02,0x040C,0x0404,0x0404,0x0404,0x0404,0x0404,
	0x0404,0x0404,0x0404,0x0B0B,0x070C,0x0707,0x0707,0x0707,
	0x0707,0x0707,0x0707,0x0707,0x0707,0x0707,0x0707,0x0A07,
	0x0707,0x0707,0x0707,0x0707,0x0707,0x0707,0x0707,0x0707,

	0x0707,0x0707,0x0707,0x0707,0x0707,0x0707,0x0707,0x0707,
	0x0707,0x0707,0x0702,0x0707,0x0207,0x0202,0x0202,0x0202,
	0x0202,0x0202,0x0202,0x0202,0x0606,0x0606,0x0606,0x0606,
	0x0606,0x0906,0x0202,0x0606,0x0C06,0x090C,0x0909,0x0909,
	0x0606,0x0609,0x0606,0x0606,0x0906,0x0609,0x0609,0x0609,
	0x0906,0x0609,0x0009,0x0000,0x0909,0x0909,0x0909,0x0909,
	0x0000,0x0000,0x0000,0x0000,0x0000,0x0000,0x0000,0x0000,
	0x0000,0x0000,0x0000,0x0000,0x0909,0x0909,0x0909,0x0909,

	0x0909,0x0009,0x0909,0x0209,0x0206,0x0202,0x0206,0x0202,
	0x0702,0x0707,0x0707,0x0207,0x0207,0x0202,0x0707,0x0702,
	0x0702,0x0702,0x0702,0x0707,0x0207,0x0202,0x0202,0x0707,
	0x0707,0x0C02,0x040C,0x0404,0x0404,0x0404,0x0404,0x0404,
	0x0404,0x0404,0x0501,0x0808,0x0A0A,0x070A,0x0A0A,0x0A0A,
	0x0A0A,0x0A0A,0x070A,0x0707,0x0A0A,0x0A0A,0x0707,0x0A0A,
	0x070A,0x0707,0x0707,0x070A,0x0707,0x0707,0x0707,0x0707,
	0x0707,0x0707,0x0707,0x0707,0x0707,0x0707,0x0707,0x0707,

	0x0707,0x0707,0x0707,0x0707,0x0207,0x0202,0x0202,0x0202,
	0x0202,0x0202,0x0202,0x0202,0x0206,0x0606,0x0606,0x0606,
	0x0606,0x0906,0x0909,0x0606,0x0C0E,0x060C,0x0909,0x0900,
	0x0606,0x0606,0x0606,0x0606,0x0906,0x0909,0x0909,0x0609,
	0x0606,0x0609,0x0006,0x0000,0x0909,0x0909,0x0900,0x0909,
	0x0000,0x0000,0x0000,0x0000,0x0000,0x0000,0x0000,0x0000,
	0x0000,0x0000,0x0000,0x0000,0x0909,0x0909,0x0909,0x0909,
	0x0909,0x0900,0x0909,0x0609,0x0202,0x0202,0x0206,0x0202,

	0x0702,0x0207,0x0707,0x0202,0x0207,0x0707,0x0707,0x0707,
	0x0702,0x0202,0x0707,0x0707,0x0707,0x0202,0x0202,0x0707,
	0x0707,0x0202,0x0C0C,0x0404,0x0404,0x0404,0x0404,0x0404,
	0x0404,0x0C04,0x0A05,0x0A0A,0x0A0A,0x0A0A,0x0A0A,0x0A0A,
	0x0A0A,0x0A0A,0x070A,0x070A,0x0A0A,0x0A0A,0x070A,0x0A0A,
	0x070A,0x070A,0x0707,0x0A0A,0x0707,0x0707,0x0707,0x0707,
	0x0707,0x0707,0x0707,0x0707,0x0707,0x0707,0x0202,0x0702,
	0x0707,0x0202,0x0707,0x0707,0x0207,0x0202,0x0202,0x0202,

	0x0202,0x0202,0x0202,0x0202,0x0202,0x0202,0x0602,0x0606,
	0x0606,0x0906,0x0909,0x0606,0x0C0E,0x090C,0x0909,0x0900,
	0x0606,0x0606,0x0606,0x0606,0x0606,0x0909,0x0909,0x0609,
	0x0606,0x0609,0x0006,0x0000,0x0909,0x0909,0x0909,0x0609,
	0x0000,0x0000,0x0000,0x0000,0x0000,0x0000,0x0000,0x0000,
	0x0000,0x0000,0x0000,0x0900,0x0909,0x0909,0x0909,0x0909,
	0x0909,0x0909,0x0909,0x0206,0x0202,0x0202,0x0202,0x0202,
	0x0702,0x0202,0x0602,0x0202,0x0202,0x0707,0x0707,0x0707,

	0x0702,0x0207,0x0707,0x0202,0x0707,0x0207,0x0202,0x0707,
	0x0707,0x0207,0x0E02,0x0404,0x0404,0x0404,0x0404,0x0C04,
	0x070C,0x0A08,0x0A0A,0x0A0A,0x0A07,0x0A0A,0x0A0A,0x0A0A,
	0x0A0A,0x0A0A,0x0A0A,0x0A0A,0x0A0A,0x0A0A,0x0A0A,0x0A0A,
	0x070A,0x0A0A,0x0707,0x070A,0x0207,0x0707,0x0707,0x0707,
	0x0707,0x0707,0x0707,0x0707,0x0707,0x0207,0x0202,0x0202,
	0x0202,0x0202,0x0702,0x0707,0x0707,0x0702,0x0702,0x0202,
	0x0202,0x0202,0x0202,0x0602,0x0602,0x0206,0x0202,0x0602,

	0x0606,0x0606,0x0909,0x0606,0x0C06,0x090C,0x0909,0x0900,
	0x0606,0x0606,0x0606,0x0606,0x0606,0x0909,0x0909,0x0609,
	0x0906,0x0909,0x0009,0x0009,0x0909,0x0909,0x0900,0x0609,
	0x0000,0x0000,0x0000,0x0000,0x0000,0x0000,0x0000,0x0000,
	0x0000,0x0000,0x0000,0x0900,0x0909,0x0909,0x0000,0x0900,
	0x0909,0x0906,0x0609,0x0206,0x0202,0x0202,0x0202,0x0602,
	0x0209,0x0202,0x0609,0x0602,0x0202,0x0707,0x0207,0x0707,
	0x0707,0x0207,0x0207,0x0202,0x0702,0x0207,0x0202,0x0707,

	0x0707,0x0202,0x0602,0x040C,0x0404,0x0404,0x0404,0x0B0B,
	0x0A07,0x0A0A,0x070A,0x0A07,0x0A07,0x0A0A,0x0A0A,0x0A0A,
	0x0A0A,0x0A07,0x0A0A,0x0A0A,0x0A0A,0x0A0A,0x0A0A,0x0A07,
	0x070A,0x070A,0x0707,0x0707,0x0707,0x0707,0x0707,0x0707,
	0x0707,0x0707,0x0707,0x0707,0x0707,0x0707,0x0207,0x0202,
	0x0707,0x0702,0x0707,0x0707,0x0707,0x0707,0x0707,0x0707,
	0x0207,0x0202,0x0202,0x0606,0x0606,0x0206,0x0606,0x0606,
	0x0606,0x0606,0x0606,0x0606,0x0C06,0x090E,0x0009,0x0000,

	0x0606,0x0606,0x0606,0x0606,0x0606,0x0909,0x0909,0x0609,
	0x0906,0x090E,0x0909,0x0009,0x0909,0x0909,0x0900,0x0609,
	0x0000,0x0000,0x0000,0x0000,0x0000,0x0000,0x0000,0x0000,
	0x0000,0x0000,0x0000,0x0900,0x0909,0x0009,0x0900,0x0000,
	0x0900,0x0602,0x0209,0x0902,0x0609,0x0206,0x0206,0x0602,
	0x0909,0x0902,0x0909,0x0606,0x0602,0x0202,0x0202,0x0202,
	0x0207,0x0202,0x0202,0x0202,0x0202,0x0206,0x0202,0x0202,
	0x0202,0x0909,0x0602,0x0C02,0x040E,0x0404,0x0704,0x0A07,

	0x0A0A,0x070A,0x0707,0x0707,0x0A0A,0x070A,0x0707,0x0A0A,
	0x070A,0x0A07,0x0A07,0x0A0A,0x0A0A,0x0A0A,0x0A0A,0x0707,
	0x0707,0x070A,0x0707,0x0707,0x0707,0x0707,0x0A0A,0x0707,
	0x0707,0x0707,0x0707,0x0707,0x0707,0x0707,0x0707,0x0707,
	0x0707,0x0707,0x0707,0x0707,0x0207,0x0707,0x0707,0x0207,
	0x0202,0x0202,0x0202,0x0202,0x0606,0x0606,0x0606,0x0606,
	0x0606,0x0606,0x0606,0x0606,0x0609,0x000E,0x0000,0x0000,
	0x0609,0x0606,0x0606,0x0606,0x0202,0x0202,0x0902,0x0606,

	0x0906,0x060E,0x0909,0x0009,0x0000,0x0000,0x0900,0x0909,
	0x0000,0x0000,0x0000,0x0000,0x0000,0x0000,0x0000,0x0000,
	0x0000,0x0000,0x0000,0x0909,0x0909,0x0009,0x0909,0x0000,
	0x0900,0x0602,0x0209,0x0902,0x0909,0x0206,0x0206,0x0902,
	0x0909,0x0602,0x0909,0x0606,0x0602,0x0202,0x0202,0x0202,
	0x0207,0x0202,0x0202,0x0202,0x0202,0x0206,0x0202,0x0202,
	0x0202,0x0909,0x0602,0x0202,0x040E,0x0404,0x0704,0x0A07,
	0x0A0A,0x070A,0x0707,0x0707,0x0A0A,0x070A,0x0707,0x0A0A,

	0x070A,0x0A07,0x0A07,0x0A0A,0x0A0A,0x0A0A,0x0A0A,0x0707,
	0x0707,0x070A,0x0707,0x0707,0x0707,0x0707,0x0A0A,0x0707,
	0x0702,0x0707,0x0707,0x0707,0x0707,0x0707,0x0707,0x0707,
	0x0707,0x0707,0x0707,0x0707,0x0207,0x0707,0x0707,0x0207,
	0x0202,0x0202,0x0202,0x0202,0x0606,0x0606,0x0606,0x0606,
	0x0606,0x0606,0x0606,0x0609,0x0606,0x000E,0x0900,0x0000,
	0x0609,0x0606,0x0206,0x0606,0x0202,0x0202,0x0902,0x0606,
	0x0906,0x060E,0x0906,0x0009,0x0000,0x0000,0x0900,0x0609,

	0x0000,0x0000,0x0000,0x0000,0x0000,0x0000,0x0000,0x0000,
	0x0000,0x0000,0x0000,0x0000,0x0909,0x0009,0x0900,0x0909,
	0x0909,0x0909,0x0909,0x0909,0x0909,0x0202,0x0602,0x0902,
	0x0909,0x0602,0x0909,0x0209,0x0602,0x0202,0x0202,0x0202,
	0x0202,0x0202,0x0202,0x0202,0x0202,0x0209,0x0602,0x0202,
	0x0202,0x0902,0x0602,0x0202,0x0C0C,0x0C0C,0x070C,0x0A07,
	0x0A0A,0x070A,0x0707,0x0707,0x0A0A,0x0707,0x0707,0x0707,
	0x0707,0x0707,0x0707,0x0A0A,0x0A0A,0x0A0A,0x070A,0x0707,

	0x0707,0x0707,0x0707,0x0707,0x0707,0x0707,0x0A0A,0x0A0A,
	0x0A07,0x070A,0x0707,0x0707,0x0207,0x0702,0x0202,0x0202,
	0x0202,0x0707,0x0707,0x0707,0x0207,0x0707,0x0707,0x0202,
	0x0202,0x0202,0x0202,0x0202,0x0602,0x0602,0x0606,0x0606,
	0x0606,0x0606,0x0606,0x0909,0x0C06,0x090E,0x0000,0x0909,
	0x0609,0x0606,0x0606,0x0202,0x0202,0x0202,0x0902,0x0606,
	0x0909,0x0906,0x0909,0x0009,0x0000,0x0000,0x0900,0x0609,
	0x0000,0x0000,0x0000,0x0000,0x0000,0x0000,0x0000,0x0000,

	0x0000,0x0000,0x0000,0x0000,0x0000,0x0000,0x0900,0x0909,
	0x0909,0x0909,0x0909,0x0909,0x0909,0x0602,0x0902,0x0902,
	0x0209,0x0902,0x0909,0x0209,0x0602,0x0202,0x0206,0x0202,
	0x0202,0x0202,0x0606,0x0202,0x0909,0x0209,0x0606,0x0909,
	0x0202,0x0602,0x0909,0x0202,0x0602,0x0202,0x0702,0x0A07,
	0x070A,0x0A07,0x0A0A,0x0707,0x070A,0x0202,0x0707,0x0707,
	0x0707,0x0707,0x0207,0x0707,0x0707,0x0707,0x0707,0x0707,
	0x0707,0x0707,0x0707,0x0707,0x0707,0x0707,0x070A,0x0A07,

	0x0A07,0x070A,0x0B02,0x0202,0x0202,0x0202,0x0202,0x0202,
	0x0202,0x0207,0x0707,0x0707,0x0207,0x0207,0x0702,0x0202,
	0x0202,0x0202,0x0206,0x0206,0x0202,0x0602,0x0606,0x0606,
	0x0606,0x0606,0x0606,0x0906,0x0C06,0x090C,0x0000,0x0909,
	0x0909,0x0606,0x0906,0x0202,0x0202,0x0202,0x0902,0x0609,
	0x0909,0x0909,0x0906,0x0000,0x0000,0x0000,0x0000,0x0909,
	0x0000,0x0000,0x0000,0x0000,0x0000,0x0000,0x0000,0x0000,
	0x0000,0x0000,0x0000,0x0000,0x0000,0x0900,0x0900,0x0909,

	0x0909,0x0909,0x0909,0x0909,0x0909,0x0609,0x0909,0x0909,
	0x0209,0x0602,0x0202,0x0609,0x0206,0x0202,0x0609,0x0202,
	0x0202,0x0202,0x0602,0x0202,0x0909,0x0209,0x0202,0x0909,
	0x0206,0x0902,0x0909,0x0202,0x0909,0x0202,0x0202,0x0202,
	0x0707,0x0707,0x0A0A,0x070A,0x0707,0x0702,0x0707,0x0707,
	0x0707,0x0707,0x0207,0x0202,0x0707,0x0707,0x0707,0x0707,
	0x0707,0x0707,0x0707,0x0707,0x0702,0x0202,0x0202,0x0202,
	0x0B02,0x060C,0x0E09,0x0906,0x0206,0x0202,0x0202,0x0702,

	0x0702,0x0707,0x0707,0x0707,0x0202,0x0202,0x0202,0x0202,
	0x0602,0x0206,0x0606,0x0606,0x0602,0x0606,0x0606,0x0606,
	0x0606,0x0606,0x0606,0x0E09,0x0E0E,0x090E,0x0909,0x0909,
	0x0909,0x0606,0x0606,0x0209,0x0202,0x0202,0x0902,0x0909,
	0x0909,0x0909,0x0906,0x0909,0x0000,0x0000,0x0000,0x0909,
	0x0000,0x0000,0x0000,0x0000,0x0000,0x0000,0x0000,0x0000,
	0x0000,0x0000,0x0000,0x0000,0x0000,0x0000,0x0909,0x0909,
	0x0909,0x0909,0x0909,0x0909,0x0909,0x0909,0x0909,0x0909,

	0x0202,0x0202,0x0202,0x0906,0x0609,0x0902,0x0206,0x0909,
	0x0202,0x0602,0x0602,0x0909,0x0909,0x0209,0x0202,0x0909,
	0x0209,0x0909,0x0909,0x0609,0x0606,0x0206,0x0206,0x0206,
	0x0202,0x0707,0x0A0A,0x0707,0x070A,0x0707,0x0707,0x0707,
	0x0707,0x0707,0x0207,0x0202,0x0702,0x0202,0x0202,0x0707,
	0x0707,0x0707,0x0707,0x0707,0x0707,0x0202,0x0202,0x0202,
	0x0E06,0x090E,0x0606,0x0606,0x0206,0x0202,0x0702,0x0707,
	0x0707,0x0707,0x0207,0x0202,0x0202,0x0202,0x0202,0x0202,

	0x0202,0x0202,0x0602,0x0206,0x0606,0x0606,0x0202,0x0606,
	0x0606,0x0606,0x0606,0x0E06,0x0E06,0x090E,0x0909,0x0909,
	0x0909,0x0606,0x0606,0x0906,0x0909,0x0909,0x0606,0x0909,
	0x0909,0x0909,0x0909,0x0009,0x0000,0x0000,0x0900,0x0909,
	0x0000,0x0000,0x0000,0x0000,0x0000,0x0000,0x0000,0x0000,
	0x0000,0x0000,0x0000,0x0000,0x0000,0x0000,0x0909,0x0909,
	0x0909,0x0909,0x0906,0x0909,0x0909,0x0909,0x0909,0x0909,
	0x0209,0x0202,0x0202,0x0206,0x0202,0x0606,0x0609,0x0909,

	0x0909,0x0202,0x0902,0x0909,0x0909,0x0609,0x0902,0x0909,
	0x0606,0x0909,0x0909,0x0906,0x0909,0x0909,0x0206,0x0909,
	0x0909,0x0202,0x0702,0x0707,0x0A0A,0x0707,0x0707,0x0707,
	0x0707,0x0707,0x0202,0x0202,0x0202,0x0202,0x0202,0x0202,
	0x0707,0x0707,0x0707,0x0707,0x0707,0x0207,0x0202,0x0202,
	0x0606,0x0606,0x0606,0x060E,0x0609,0x0202,0x0202,0x0707,
	0x0707,0x0707,0x0202,0x0202,0x0202,0x0202,0x0202,0x0202,
	0x0202,0x0202,0x0602,0x0606,0x0606,0x0206,0x0202,0x0602,

	0x0606,0x0202,0x0606,0x0E09,0x0E09,0x0E0C,0x0009,0x0000,
	0x0909,0x0606,0x0606,0x0906,0x0909,0x0909,0x0606,0x0909,
	0x0609,0x0606,0x0906,0x0909,0x0000,0x0000,0x0909,0x0909,
	0x0000,0x0000,0x0000,0x0000,0x0000,0x0000,0x0000,0x0000,
	0x0000,0x0000,0x0000,0x0000,0x0000,0x0900,0x0909,0x0909,
	0x0909,0x0909,0x0909,0x0909,0x0909,0x0909,0x0909,0x0909,
	0x0606,0x0202,0x0202,0x0206,0x0202,0x0906,0x0909,0x0909,
	0x0609,0x0209,0x0909,0x0909,0x0909,0x0909,0x0906,0x0909,

	0x0909,0x0909,0x0909,0x0909,0x0909,0x0909,0x0909,0x0909,
	0x0909,0x0209,0x0202,0x0207,0x070A,0x070A,0x0707,0x0707,
	0x0207,0x0202,0x0202,0x0202,0x0202,0x0202,0x0202,0x0707,
	0x0707,0x0707,0x0707,0x0707,0x0707,0x0207,0x0202,0x0202,
	0x0609,0x090E,0x0909,0x0906,0x0206,0x0202,0x0202,0x0202,
	0x0707,0x0707,0x0207,0x0202,0x0202,0x0202,0x0202,0x0202,
	0x0202,0x0202,0x0202,0x0606,0x0606,0x0202,0x0202,0x0202,
	0x0202,0x0202,0x0606,0x0606,0x0E09,0x0E0E,0x0009,0x0000,

	0x0900,0x0609,0x0606,0x0606,0x0909,0x0909,0x0609,0x0909,
	0x0909,0x0909,0x0909,0x0909,0x0909,0x0900,0x0900,0x0909,
	0x0000,0x0000,0x0000,0x0000,0x0000,0x0000,0x0000,0x0000,
	0x0000,0x0000,0x0000,0x0000,0x0000,0x0900,0x0909,0x0909,
	0x0909,0x0909,0x0909,0x0909,0x0909,0x0909,0x0909,0x0909,
	0x0209,0x0202,0x0206,0x0206,0x0202,0x0902,0x0909,0x0909,
	0x0909,0x0909,0x0909,0x0909,0x0909,0x0909,0x0909,0x0909,
	0x0909,0x0909,0x0909,0x0909,0x0909,0x0909,0x0909,0x0909,

	0x0909,0x0909,0x0702,0x0207,0x0707,0x0707,0x0707,0x0707,
	0x0207,0x0202,0x0202,0x0702,0x0207,0x0707,0x0707,0x0707,
	0x0707,0x0707,0x0707,0x0707,0x0707,0x0207,0x0202,0x0202,
	0x0606,0x0E0E,0x090E,0x0609,0x0202,0x0202,0x0202,0x0202,
	0x0202,0x0207,0x0606,0x0606,0x0202,0x0202,0x0202,0x0202,
	0x0202,0x0202,0x0202,0x0606,0x0606,0x0202,0x0202,0x0202,
	0x0202,0x0202,0x0606,0x0906,0x0C06,0x0906,0x0909,0x0000,
	0x0909,0x0609,0x0609,0x0606,0x0606,0x0606,0x0606,0x0909,

	0x0909,0x0909,0x0909,0x0909,0x0909,0x0909,0x0900,0x0909,
	0x0000,0x0000,0x0000,0x0000,0x0000,0x0000,0x0000,0x0000,
	0x0000,0x0000,0x0000,0x0000,0x0900,0x0909,0x0909,0x0909,
	0x0909,0x0909,0x0909,0x0909,0x0909,0x0909,0x0909,0x0909,
	0x0909,0x0602,0x0209,0x0902,0x0209,0x0909,0x0909,0x0909,
	0x0909,0x0909,0x0909,0x0909,0x0909,0x0909,0x0909,0x0909,
	0x0909,0x0909,0x0909,0x0909,0x0909,0x0909,0x0909,0x0909,
	0x0909,0x0909,0x0206,0x0207,0x0707,0x0707,0x0702,0x0707,

	0x0207,0x0202,0x0202,0x0707,0x0707,0x0707,0x0707,0x0707,
	0x0707,0x0707,0x0207,0x0202,0x0707,0x0707,0x0202,0x0707,
	0x0707,0x0202,0x0202,0x0202,0x0202,0x0202,0x0202,0x0202,
	0x0606,0x0606,0x0606,0x0206,0x0202,0x0202,0x0202,0x0202,
	0x0202,0x0202,0x0202,0x0202,0x0606,0x0206,0x0202,0x0202,
	0x0202,0x0606,0x0606,0x0906,0x0209,0x0909,0x0909,0x0909,
	0x0909,0x0909,0x0909,0x0606,0x0606,0x0606,0x0606,0x0909,
	0x0909,0x0909,0x0909,0x0909,0x0909,0x0909,0x0900,0x0909,

	0x0000,0x0000,0x0000,0x0000,0x0000,0x0000,0x0000,0x0000,
	0x0000,0x0000,0x0000,0x0000,0x0900,0x0909,0x0909,0x0909,
	0x0909,0x0909,0x0909,0x0909,0x0909,0x0909,0x0909,0x0609,
	0x0909,0x0909,0x0609,0x0906,0x0209,0x0909,0x0909,0x0909,
	0x0909,0x0909,0x0909,0x0909,0x0909,0x0909,0x0909,0x0909,
	0x0909,0x0909,0x0909,0x0909,0x0909,0x0909,0x0909,0x0906,
	0x0909,0x0909,0x0206,0x0207,0x0707,0x0707,0x0202,0x0702,
	0x0707,0x0207,0x0202,0x0202,0x0707,0x0707,0x0707,0x070A,

	0x0707,0x0207,0x0707,0x0707,0x0707,0x0707,0x0707,0x0707,
	0x0707,0x0906,0x0909,0x0909,0x0206,0x0202,0x0202,0x0202,
	0x0202,0x0606,0x0209,0x0206,0x0202,0x0202,0x0202,0x0202,
	0x0202,0x0202,0x0202,0x0202,0x0606,0x0206,0x0202,0x0902,
	0x0609,0x0606,0x0606,0x0606,0x0909,0x0909,0x0909,0x0909,
	0x0909,0x0909,0x0909,0x0609,0x0606,0x0606,0x0606,0x0906,
	0x0909,0x0909,0x0909,0x0000,0x0909,0x0009,0x0900,0x0909,
	0x0000,0x0000,0x0000,0x0000,0x0000,0x0000,0x0000,0x0000,

	0x0000,0x0000,0x0000,0x0000,0x0900,0x0909,0x0909,0x0909,
	0x0909,0x0909,0x0909,0x0909,0x0909,0x0909,0x0909,0x0909,
	0x0909,0x0909,0x0909,0x0909,0x0209,0x0909,0x0909,0x0909,
	0x0909,0x0909,0x0909,0x0909,0x0909,0x0909,0x0909,0x0909,
	0x0909,0x0909,0x0909,0x0909,0x0909,0x0909,0x0909,0x0609,
	0x0906,0x0909,0x0906,0x0202,0x0707,0x0707,0x0202,0x0702,
	0x0707,0x0207,0x0202,0x0202,0x0707,0x0707,0x0707,0x070A,
	0x0707,0x0207,0x0707,0x0707,0x0707,0x0707,0x0207,0x0707,

	0x0707,0x0909,0x0909,0x0906,0x0209,0x0202,0x0202,0x0202,
	0x0202,0x0606,0x0206,0x0206,0x0202,0x0202,0x0202,0x0202,
	0x0202,0x0202,0x0202,0x0202,0x0206,0x0206,0x0202,0x0902,
	0x0609,0x0606,0x0606,0x0206,0x0909,0x0909,0x0909,0x0909,
	0x0909,0x0909,0x0909,0x0609,0x0606,0x0606,0x0606,0x0606,
	0x0909,0x0909,0x0909,0x0009,0x0909,0x0009,0x0900,0x0909,
	0x0000,0x0000,0x0000,0x0000,0x0000,0x0000,0x0000,0x0000,
	0x0000,0x0000,0x0000,0x0000,0x0909,0x0909,0x0909,0x0909,

	0x0909,0x0909,0x0909,0x0909,0x0909,0x0909,0x0909,0x0909,
	0x0909,0x0909,0x0909,0x0909,0x0909,0x0909,0x0909,0x0909,
	0x0909,0x0909,0x0909,0x0909,0x0909,0x0909,0x0909,0x0909,
	0x0909,0x0909,0x0909,0x0909,0x0909,0x0909,0x0909,0x0909,
	0x0909,0x0909,0x0909,0x0206,0x0202,0x0707,0x0202,0x0606,
	0x0606,0x0606,0x0206,0x0202,0x0702,0x0707,0x070A,0x020A,
	0x0202,0x0702,0x0707,0x0707,0x0707,0x0707,0x0207,0x0202,
	0x0202,0x0906,0x0909,0x0909,0x0609,0x0202,0x0202,0x0202,

	0x0202,0x0202,0x0606,0x0206,0x0202,0x0202,0x0202,0x0202,
	0x0202,0x0202,0x0202,0x0202,0x0909,0x0909,0x0909,0x0909,
	0x0909,0x0609,0x0606,0x0602,0x0906,0x0609,0x0909,0x0906,
	0x0909,0x0909,0x0909,0x0609,0x0606,0x0606,0x0606,0x0606,
	0x0909,0x0909,0x0909,0x0009,0x0909,0x0909,0x0909,0x0909,
	0x0000,0x0000,0x0000,0x0000,0x0000,0x0000,0x0000,0x0000,
	0x0000,0x0000,0x0000,0x0000,0x0909,0x0909,0x0909,0x0909,
	0x0909,0x0909,0x0909,0x0909,0x0909,0x0909,0x0909,0x0909,

	0x0909,0x0909,0x0909,0x0909,0x0909,0x0909,0x0909,0x0909,
	0x0909,0x0909,0x0909,0x0909,0x0909,0x0909,0x0909,0x0909,
	0x0909,0x0909,0x0909,0x0909,0x0909,0x0909,0x0909,0x0909,
	0x0909,0x0909,0x0909,0x0202,0x0606,0x0202,0x0202,0x0602,
	0x0606,0x0606,0x0206,0x0202,0x0707,0x0207,0x020A,0x0202,
	0x0202,0x0707,0x0707,0x0707,0x0707,0x0707,0x0202,0x0202,
	0x0202,0x0202,0x0202,0x0202,0x0202,0x0202,0x0606,0x0202,
	0x0602,0x0602,0x0606,0x0606,0x0606,0x0202,0x0207,0x0202,

	0x0202,0x0602,0x0206,0x0602,0x0602,0x0909,0x0909,0x0909,
	0x0906,0x0609,0x0606,0x0606,0x0606,0x0609,0x0909,0x0906,
	0x0909,0x0909,0x0909,0x0609,0x0606,0x0606,0x0606,0x0606,
	0x0906,0x0909,0x0909,0x0909,0x0909,0x0909,0x0909,0x0909,
	0x0000,0x0000,0x0000,0x0000,0x0000,0x0000,0x0000,0x0000,
	0x0000,0x0000,0x0900,0x0000,0x0909,0x0909,0x0909,0x0909,
	0x0909,0x0909,0x0909,0x0909,0x0909,0x0909,0x0909,0x0909,
	0x0909,0x0909,0x0909,0x0909,0x0909,0x0909,0x0909,0x0909,

	0x0909,0x0909,0x0909,0x0909,0x0909,0x0909,0x0909,0x0909,
	0x0909,0x0909,0x0909,0x0909,0x0909,0x0909,0x0909,0x0909,
	0x0909,0x0909,0x0909,0x0202,0x0606,0x0606,0x0906,0x0609,
	0x0606,0x0606,0x0206,0x0202,0x0202,0x0202,0x0202,0x0202,
	0x0202,0x0702,0x0707,0x0707,0x0202,0x0202,0x0202,0x0202,
	0x0202,0x0202,0x0202,0x0202,0x0202,0x0202,0x0606,0x0606,
	0x0606,0x0606,0x0606,0x0602,0x0206,0x0702,0x0707,0x0202,
	0x0202,0x0602,0x0202,0x0602,0x0606,0x0606,0x0606,0x0606,

	0x0606,0x0606,0x0606,0x0606,0x0606,0x0606,0x0606,0x0909,
	0x0909,0x0909,0x0909,0x0909,0x0909,0x0606,0x0606,0x0606,
	0x0606,0x0909,0x0909,0x0909,0x0909,0x0909,0x0909,0x0909,
	0x0000,0x0000,0x0000,0x0000,0x0000,0x0000,0x0000,0x0000,
	0x0000,0x0000,0x0900,0x0909,0x0909,0x0909,0x0909,0x0909,
	0x0909,0x0909,0x0909,0x0909,0x0909,0x0909,0x0909,0x0909,
	0x0909,0x0909,0x0909,0x0909,0x0909,0x0909,0x0909,0x0909,
	0x0909,0x0909,0x0909,0x0909,0x0909,0x0909,0x0909,0x0909,

	0x0909,0x0909,0x0909,0x0909,0x0909,0x0909,0x0909,0x0909,
	0x0909,0x0909,0x0909,0x0909,0x0606,0x0606,0x0606,0x0906,
	0x0909,0x0909,0x0609,0x0606,0x0202,0x0202,0x0202,0x0202,
	0x0202,0x0702,0x0707,0x0207,0x0707,0x0602,0x0909,0x0909,
	0x0909,0x0609,0x0202,0x0C0C,0x060C,0x0202,0x0206,0x0602,
	0x0606,0x0606,0x0202,0x0602,0x0202,0x0202,0x0702,0x0202,
	0x0202,0x0202,0x0202,0x0606,0x0606,0x0606,0x0606,0x0606,
	0x0606,0x0606,0x0606,0x0606,0x0606,0x0606,0x0606,0x0906,

	0x0909,0x0909,0x0909,0x0909,0x0909,0x0909,0x0909,0x0606,
	0x0606,0x0906,0x0909,0x0909,0x0909,0x0909,0x0909,0x0909,
	0x0000,0x0000,0x0000,0x0000,0x0000,0x0000,0x0000,0x0000,
	0x0000,0x0900,0x0909,0x0909,0x0909,0x0909,0x0909,0x0909,
	0x0909,0x0909,0x0909,0x0909,0x0909,0x0909,0x0909,0x0909,
	0x0909,0x0909,0x0909,0x0909,0x0909,0x0909,0x0909,0x0909,
	0x0909,0x0909,0x0909,0x0909,0x0909,0x0909,0x0909,0x0909,
	0x0909,0x0909,0x0909,0x0909,0x0909,0x0909,0x0909,0x0909,

	0x0909,0x0909,0x0909,0x0909,0x0609,0x060E,0x060E,0x0909,
	0x0202,0x0202,0x0202,0x0202,0x0202,0x0202,0x0202,0x0707,
	0x0707,0x0202,0x0707,0x0707,0x0207,0x0902,0x0609,0x0E0E,
	0x0606,0x0606,0x0909,0x0606,0x0606,0x0206,0x0202,0x0602,
	0x0606,0x0606,0x0202,0x0602,0x060C,0x0202,0x0202,0x0202,
	0x0202,0x0202,0x0206,0x0606,0x0606,0x0606,0x0606,0x0606,
	0x0606,0x0606,0x0606,0x0606,0x0606,0x0606,0x0606,0x0606,
	0x0906,0x0909,0x0909,0x0909,0x0909,0x0909,0x0909,0x0609,

	0x0606,0x0906,0x0909,0x0909,0x0909,0x0909,0x0909,0x0909,
	0x0000,0x0000,0x0000,0x0000,0x0000,0x0000,0x0000,0x0000,
	0x0000,0x0000,0x0900,0x0909,0x0909,0x0909,0x0909,0x0909,
	0x0909,0x0909,0x0909,0x0909,0x0909,0x0909,0x0909,0x0909,
	0x0909,0x0909,0x0909,0x0909,0x0909,0x0909,0x0909,0x0009,
	0x0900,0x0909,0x0909,0x0909,0x0909,0x0909,0x0909,0x0909,
	0x0909,0x0909,0x0909,0x0909,0x0909,0x0909,0x0909,0x0909,
	0x0909,0x0909,0x0909,0x0609,0x0909,0x0906,0x0906,0x0909,

	0x0909,0x0909,0x0909,0x0909,0x0609,0x0202,0x0707,0x0707,
	0x0207,0x0909,0x0202,0x0202,0x0202,0x0909,0x0E0E,0x0606,
	0x0609,0x0909,0x090E,0x0202,0x0202,0x0202,0x0202,0x0602,
	0x0602,0x0606,0x0606,0x0606,0x0609,0x0602,0x0206,0x0202,
	0x0606,0x0602,0x0606,0x0606,0x0606,0x0606,0x0909,0x0609,
	0x0606,0x0606,0x0606,0x0606,0x0606,0x0606,0x0606,0x0606,
	0x0606,0x0909,0x0909,0x0909,0x0909,0x0909,0x0909,0x0609,
	0x0606,0x0606,0x0909,0x0909,0x0909,0x0909,0x0909,0x0909,
};

const unsigned short pausePal[256] __attribute__((aligned(4)))=
{
	0x1062,0x59A9,0x1968,0x7736,0x4D46,0x6E6D,0x18E5,0x21EC,
	0x6E8F,0x14A3,0x2A92,0x41CA,0x2D68,0x72D2,0x20E6,0x7FBC,
	0x0C80,0x2DC9,0x4EF2,0x18E4,0x3A2B,0x1501,0x21A8,0x6798,
	0x10A2,0x3A0F,0x1D64,0x1D29,0x2DAC,0x4270,0x1D26,0x10A5,
	0x0000,0x0000,0x0000,0x0000,0x0000,0x0000,0x0000,0x0000,
	0x0000,0x0000,0x0000,0x0000,0x0000,0x0000,0x0000,0x0000,
	0x0000,0x0000,0x0000,0x0000,0x0000,0x0000,0x0000,0x0000,
	0x0000,0x0000,0x0000,0x0000,0x0000,0x0000,0x0000,0x0000,

	0x0000,0x0000,0x0000,0x0000,0x0000,0x0000,0x0000,0x0000,
	0x0000,0x0000,0x0000,0x0000,0x0000,0x0000,0x0000,0x0000,
	0x0000,0x0000,0x0000,0x0000,0x0000,0x0000,0x0000,0x0000,
	0x0000,0x0000,0x0000,0x0000,0x0000,0x0000,0x0000,0x0000,
	0x0000,0x0000,0x0000,0x0000,0x0000,0x0000,0x0000,0x0000,
	0x0000,0x0000,0x0000,0x0000,0x0000,0x0000,0x0000,0x0000,
	0x0000,0x0000,0x0000,0x0000,0x0000,0x0000,0x0000,0x0000,
	0x0000,0x0000,0x0000,0x0000,0x0000,0x0000,0x0000,0x0000,

	0x0000,0x0000,0x0000,0x0000,0x0000,0x0000,0x0000,0x0000,
	0x0000,0x0000,0x0000,0x0000,0x0000,0x0000,0x0000,0x0000,
	0x0000,0x0000,0x0000,0x0000,0x0000,0x0000,0x0000,0x0000,
	0x0000,0x0000,0x0000,0x0000,0x0000,0x0000,0x0000,0x0000,
	0x0000,0x0000,0x0000,0x0000,0x0000,0x0000,0x0000,0x0000,
	0x0000,0x0000,0x0000,0x0000,0x0000,0x0000,0x0000,0x0000,
	0x0000,0x0000,0x0000,0x0000,0x0000,0x0000,0x0000,0x0000,
	0x0000,0x0000,0x0000,0x0000,0x0000,0x0000,0x0000,0x0000,

	0x0000,0x0000,0x0000,0x0000,0x0000,0x0000,0x0000,0x0000,
	0x0000,0x0000,0x0000,0x0000,0x0000,0x0000,0x0000,0x0000,
	0x0000,0x0000,0x0000,0x0000,0x0000,0x0000,0x0000,0x0000,
	0x0000,0x0000,0x0000,0x0000,0x0000,0x0000,0x0000,0x0000,
	0x0000,0x0000,0x0000,0x0000,0x0000,0x0000,0x0000,0x0000,
	0x0000,0x0000,0x0000,0x0000,0x0000,0x0000,0x0000,0x0000,
	0x0000,0x0000,0x0000,0x0000,0x0000,0x0000,0x0000,0x0000,
	0x0000,0x0000,0x0000,0x0000,0x0000,0x0000,0x0000,0x0000,
};

//}}BLOCK(pause)
