
//{{BLOCK(winScreen)

//======================================================================
//
//	winScreen, 240x160@8, 
//	+ palette 256 entries, not compressed
//	+ bitmap not compressed
//	Total size: 512 + 38400 = 38912
//
//	Time-stamp: 2025-04-17, 12:22:20
//	Exported by Cearn's GBA Image Transmogrifier, v0.8.3
//	( http://www.coranac.com/projects/#grit )
//
//======================================================================

const unsigned short winScreenBitmap[19200] __attribute__((aligned(4)))=
{
	0x0909,0x0909,0x0909,0x0909,0x0909,0x0909,0x0909,0x0909,
	0x0909,0x0909,0x0909,0x0909,0x0909,0x0909,0x0909,0x0909,
	0x0909,0x0909,0x0909,0x0909,0x0909,0x0909,0x0909,0x0909,
	0x0909,0x0909,0x0909,0x0909,0x0909,0x0909,0x0909,0x0909,
	0x0909,0x0909,0x0909,0x0909,0x0909,0x0909,0x0909,0x0909,
	0x0909,0x0909,0x0909,0x0909,0x0909,0x0909,0x0909,0x0909,
	0x0909,0x0909,0x0909,0x0909,0x0909,0x0909,0x0909,0x0D09,
	0x0909,0x0909,0x0909,0x0909,0x0909,0x0909,0x0909,0x0909,

	0x0909,0x0909,0x0909,0x0909,0x0909,0x0909,0x0909,0x0909,
	0x0909,0x0909,0x0909,0x0909,0x0909,0x0909,0x0909,0x0909,
	0x0909,0x0909,0x0909,0x0909,0x0909,0x0909,0x0909,0x0909,
	0x0909,0x0909,0x0909,0x0909,0x0909,0x0909,0x0909,0x0909,
	0x0909,0x0909,0x0909,0x0909,0x0909,0x0909,0x0909,0x0909,
	0x0909,0x0909,0x0909,0x0909,0x0909,0x0909,0x0909,0x0909,
	0x0909,0x0909,0x0909,0x0909,0x0909,0x0909,0x0909,0x0909,
	0x0909,0x0909,0x0909,0x0909,0x0909,0x0909,0x0909,0x0909,

	0x0909,0x0909,0x0909,0x0909,0x0909,0x0909,0x0909,0x0909,
	0x0909,0x0909,0x0909,0x0909,0x0909,0x0909,0x0909,0x0909,
	0x0909,0x0909,0x0909,0x0909,0x0909,0x0909,0x0909,0x0909,
	0x0909,0x0909,0x0909,0x0909,0x0909,0x0909,0x0909,0x0909,
	0x0909,0x0909,0x0909,0x0909,0x0909,0x0909,0x0909,0x0909,
	0x0909,0x0909,0x0909,0x0909,0x0909,0x0909,0x0909,0x0609,
	0x0906,0x0909,0x0909,0x0909,0x0909,0x0909,0x0909,0x0909,
	0x0909,0x0909,0x0909,0x0909,0x0909,0x0909,0x0909,0x0909,

	0x0909,0x0909,0x0909,0x0909,0x0909,0x0909,0x0909,0x0909,
	0x0909,0x0909,0x0909,0x0909,0x0909,0x0909,0x0909,0x0909,
	0x0909,0x0909,0x0909,0x0909,0x0909,0x0909,0x0909,0x0909,
	0x0909,0x0909,0x0909,0x0909,0x0909,0x0909,0x0909,0x0909,
	0x0909,0x0909,0x0909,0x0909,0x0909,0x0909,0x0909,0x0909,
	0x0909,0x0909,0x0909,0x0909,0x0909,0x0909,0x0909,0x0909,
	0x0909,0x0909,0x0909,0x0909,0x0909,0x0909,0x0909,0x0909,
	0x0909,0x0909,0x0909,0x0909,0x0909,0x0909,0x0909,0x0909,

	0x0909,0x0909,0x0909,0x0909,0x0909,0x0909,0x0909,0x0909,
	0x0909,0x0909,0x0909,0x0909,0x0909,0x0909,0x0909,0x0909,
	0x0909,0x0909,0x0909,0x0909,0x0909,0x0909,0x0909,0x0909,
	0x0909,0x0909,0x0909,0x0909,0x0909,0x0509,0x0905,0x0909,
	0x0909,0x0909,0x0909,0x0909,0x0909,0x0909,0x0909,0x0609,
	0x0906,0x090D,0x0909,0x0909,0x0909,0x0909,0x0909,0x0909,
	0x0909,0x0909,0x0905,0x0909,0x0909,0x0909,0x0909,0x0909,
	0x0909,0x0909,0x0909,0x0909,0x0909,0x0909,0x0909,0x0909,

	0x0909,0x0909,0x0909,0x0909,0x0909,0x0909,0x0909,0x0909,
	0x0909,0x0909,0x0909,0x0909,0x0909,0x0909,0x0909,0x0909,
	0x0909,0x0909,0x0909,0x0909,0x0909,0x0909,0x0909,0x0909,
	0x0909,0x0909,0x0909,0x0909,0x0909,0x0909,0x0909,0x0909,
	0x0909,0x0909,0x0909,0x0909,0x0909,0x0909,0x0909,0x0909,
	0x0909,0x0909,0x0909,0x0909,0x0909,0x0909,0x0909,0x0909,
	0x0909,0x0909,0x0509,0x0909,0x0909,0x0909,0x0909,0x0909,
	0x0909,0x0909,0x0909,0x0909,0x0909,0x0909,0x0909,0x0909,

	0x0909,0x0909,0x0909,0x0909,0x0909,0x0909,0x0909,0x0909,
	0x0909,0x0909,0x0909,0x0909,0x0909,0x0909,0x0909,0x0909,
	0x0909,0x0909,0x0909,0x0909,0x0D0D,0x090D,0x0909,0x0909,
	0x0909,0x0D0D,0x0909,0x0909,0x0909,0x0909,0x0909,0x0609,
	0x0906,0x090D,0x0909,0x0909,0x0909,0x0909,0x0909,0x0909,
	0x0909,0x0509,0x0909,0x0909,0x0909,0x0909,0x0909,0x0909,
	0x0909,0x0909,0x0909,0x0909,0x0809,0x0F0F,0x0808,0x0905,
	0x0909,0x0909,0x0909,0x0909,0x0909,0x0909,0x0909,0x0909,

	0x0909,0x0909,0x0505,0x050F,0x0F0F,0x0905,0x0909,0x0909,
	0x0909,0x0909,0x0F09,0x0F0F,0x0F09,0x0905,0x0909,0x0909,
	0x0909,0x0909,0x0909,0x0909,0x0909,0x0909,0x0909,0x0909,
	0x0909,0x0909,0x0909,0x0909,0x0909,0x0909,0x0909,0x0909,
	0x0909,0x0909,0x0909,0x0909,0x0909,0x0909,0x0909,0x0909,
	0x0909,0x0909,0x0D09,0x0909,0x0D09,0x090D,0x0909,0x0909,
	0x0909,0x0909,0x0909,0x0909,0x0909,0x0909,0x0909,0x0909,
	0x0909,0x0909,0x0909,0x0909,0x0909,0x0909,0x0909,0x0909,

	0x0909,0x0909,0x0909,0x0909,0x0909,0x0909,0x0909,0x0909,
	0x0909,0x0909,0x0909,0x0909,0x0F0F,0x090F,0x0909,0x0909,
	0x0909,0x0D0D,0x0909,0x0909,0x0909,0x0909,0x0909,0x0609,
	0x0D06,0x090D,0x0D0D,0x0909,0x0D09,0x0909,0x0D09,0x0909,
	0x0909,0x0509,0x0909,0x0909,0x0909,0x0909,0x0909,0x0909,
	0x0909,0x0909,0x0909,0x0909,0x0809,0x080F,0x0808,0x0905,
	0x0909,0x0909,0x0909,0x0909,0x0909,0x0909,0x0909,0x0909,
	0x0909,0x0909,0x0F0D,0x0505,0x0F0F,0x0905,0x0909,0x0909,

	0x0909,0x0909,0x0509,0x0F0F,0x0D09,0x090D,0x0909,0x0D09,
	0x090D,0x0909,0x0909,0x0909,0x0909,0x0909,0x0909,0x0909,
	0x0909,0x0909,0x0909,0x0909,0x0909,0x0909,0x0909,0x0909,
	0x0909,0x0909,0x0909,0x0909,0x0909,0x0909,0x0F0F,0x080F,
	0x0909,0x0909,0x0909,0x0F09,0x0808,0x0F08,0x0909,0x0909,
	0x0909,0x0909,0x0909,0x0909,0x0909,0x0909,0x0909,0x0909,
	0x0909,0x0909,0x0909,0x0909,0x0909,0x0909,0x0909,0x0909,
	0x0509,0x0909,0x0909,0x0909,0x0909,0x0509,0x0909,0x0909,

	0x0F0D,0x0505,0x0F05,0x0909,0x0909,0x0909,0x0D09,0x0505,
	0x0909,0x0D0D,0x090D,0x0D0D,0x0D0D,0x0D0D,0x090D,0x060D,
	0x0D06,0x0D0D,0x0D0D,0x0D09,0x0D0D,0x0D0D,0x090D,0x0D0D,
	0x090D,0x0509,0x0D09,0x0909,0x0909,0x0909,0x0909,0x0909,
	0x0909,0x0909,0x0F09,0x0808,0x0F08,0x0F0F,0x080F,0x0F08,
	0x0F0F,0x090F,0x0909,0x0909,0x0909,0x0909,0x0909,0x0D09,
	0x0905,0x0505,0x0F05,0x0505,0x050F,0x0F0F,0x0905,0x0909,
	0x0909,0x0505,0x050F,0x0F0F,0x0909,0x0509,0x0905,0x0F09,

	0x090F,0x0909,0x0909,0x0909,0x0909,0x0909,0x0909,0x0909,
	0x0509,0x0505,0x0F05,0x0909,0x0909,0x0909,0x0909,0x0909,
	0x0909,0x0909,0x0909,0x0509,0x0D0D,0x0509,0x050F,0x050F,
	0x0505,0x0909,0x0909,0x0D09,0x0D0D,0x0F05,0x0D05,0x050D,
	0x0909,0x0909,0x0909,0x0909,0x0909,0x0909,0x0909,0x0D09,
	0x0D0D,0x0D0D,0x0909,0x0909,0x0909,0x0909,0x0909,0x0909,
	0x0909,0x0909,0x0D09,0x090D,0x0909,0x0909,0x0D09,0x0D0D,
	0x0F05,0x0505,0x0D05,0x0909,0x0909,0x0909,0x0D09,0x0D0D,

	0x0D0D,0x0909,0x0D0D,0x0D0D,0x0D0D,0x0D0D,0x0D0D,0x060D,
	0x0D0B,0x0D0D,0x0D0D,0x0D0D,0x0D0D,0x0D0D,0x090D,0x090D,
	0x0D09,0x0D05,0x090D,0x0909,0x0909,0x0909,0x0909,0x0909,
	0x0909,0x0D09,0x0F05,0x0808,0x0F08,0x0F0F,0x0D0F,0x0505,
	0x050D,0x090D,0x0909,0x0909,0x0909,0x0909,0x0509,0x0505,
	0x0D05,0x0505,0x0F05,0x0F05,0x0F05,0x0505,0x0905,0x0909,
	0x0909,0x0909,0x0909,0x0909,0x0909,0x0909,0x0909,0x0909,
	0x0909,0x0909,0x0909,0x0909,0x0909,0x0909,0x0909,0x0909,

	0x0D09,0x0D0D,0x0D0D,0x0909,0x0909,0x0909,0x0509,0x0D0D,
	0x0909,0x0909,0x0909,0x0509,0x0505,0x050D,0x0505,0x0F05,
	0x0505,0x0909,0x0909,0x0909,0x0909,0x0F05,0x0F0F,0x0F0F,
	0x0909,0x0909,0x0909,0x0909,0x0909,0x0909,0x0909,0x0F09,
	0x0F05,0x0F0F,0x0909,0x0909,0x0909,0x0909,0x0909,0x0909,
	0x0909,0x0909,0x0509,0x090D,0x0909,0x0909,0x0509,0x0505,
	0x0F05,0x050F,0x090F,0x0909,0x0D0D,0x090D,0x0D09,0x0D09,
	0x0909,0x0909,0x0D0D,0x0D05,0x0D0D,0x0D0D,0x0D0D,0x060D,

	0x0D06,0x0D0D,0x090D,0x0D0D,0x0D0D,0x0D0D,0x0D0D,0x0D0D,
	0x050D,0x090F,0x0D09,0x0909,0x0909,0x0909,0x090D,0x0909,
	0x0909,0x0F09,0x0F0F,0x0F0F,0x0F0F,0x0F0F,0x090F,0x0909,
	0x0909,0x0909,0x0909,0x0909,0x0909,0x0909,0x0F09,0x0505,
	0x0505,0x0F05,0x0F0F,0x0F05,0x0F05,0x0F05,0x0905,0x0909,
	0x0909,0x0909,0x0909,0x0909,0x0909,0x0909,0x0909,0x0909,
	0x0909,0x0909,0x0909,0x0909,0x0909,0x0909,0x0909,0x0909,
	0x0909,0x0909,0x0909,0x0909,0x0909,0x0909,0x0F09,0x0505,

	0x0909,0x0D0D,0x0509,0x0D05,0x0505,0x0F05,0x0F0F,0x0F0F,
	0x050F,0x0F0F,0x0909,0x0909,0x0909,0x0909,0x0909,0x0909,
	0x0909,0x0909,0x0D09,0x0909,0x0909,0x0909,0x0505,0x0F0F,
	0x0F0F,0x050F,0x050F,0x0909,0x0909,0x0D0D,0x0909,0x0909,
	0x0909,0x0909,0x0909,0x0909,0x0909,0x0909,0x0909,0x0909,
	0x0909,0x0909,0x0909,0x090D,0x0D09,0x0909,0x0D0D,0x0D0D,
	0x0D05,0x0D0D,0x050D,0x0505,0x050D,0x0D05,0x0505,0x0605,
	0x0506,0x0505,0x0505,0x0D0D,0x0D05,0x0D0D,0x050D,0x0D05,

	0x0505,0x0905,0x0D09,0x0D0D,0x0909,0x090D,0x0D09,0x090D,
	0x0909,0x0909,0x0909,0x0909,0x0909,0x0909,0x0909,0x0909,
	0x0909,0x0909,0x0909,0x0909,0x0909,0x0809,0x0F0F,0x050F,
	0x0F0F,0x050F,0x0F0F,0x0F0F,0x0F0F,0x0F0F,0x0505,0x0F0F,
	0x090F,0x0909,0x0909,0x0909,0x0909,0x0909,0x0909,0x0909,
	0x0909,0x0909,0x0909,0x0909,0x0909,0x0909,0x0909,0x0F09,
	0x0F0F,0x0905,0x0909,0x0909,0x0909,0x0509,0x050F,0x0F05,
	0x0909,0x0909,0x0909,0x0F09,0x0F05,0x0F0F,0x0F0F,0x0F05,

	0x0F0F,0x0F0F,0x0909,0x0909,0x0909,0x0909,0x0909,0x0909,
	0x0909,0x0909,0x0909,0x0909,0x0909,0x0909,0x0505,0x0F0F,
	0x0F0F,0x0F0F,0x0F0F,0x050F,0x0909,0x0909,0x0909,0x0909,
	0x090D,0x0909,0x0909,0x0909,0x0909,0x0909,0x0909,0x0909,
	0x0909,0x0D0D,0x090D,0x0D0D,0x0D0D,0x0D0D,0x050D,0x0505,
	0x080D,0x0D0D,0x050D,0x0505,0x0505,0x0505,0x0505,0x060F,
	0x0506,0x0505,0x0505,0x0505,0x0505,0x0505,0x0505,0x0606,
	0x0D05,0x0D0D,0x0D0D,0x0D0D,0x0909,0x080F,0x0F08,0x0F0F,

	0x090F,0x0909,0x0909,0x0909,0x0909,0x0909,0x0909,0x0909,
	0x0909,0x0909,0x0909,0x0909,0x0909,0x0909,0x0F0F,0x0F0F,
	0x0F0F,0x080F,0x050F,0x080F,0x0F08,0x0F0F,0x0F0F,0x050F,
	0x0F05,0x0909,0x0909,0x0909,0x0909,0x0909,0x0909,0x0909,
	0x0909,0x0909,0x0909,0x0909,0x0909,0x0F09,0x0F0F,0x0F0F,
	0x0F08,0x090F,0x0909,0x0909,0x0505,0x050F,0x0F0F,0x0F05,
	0x0909,0x0909,0x0909,0x0509,0x0F05,0x0F05,0x050F,0x0F0F,
	0x0F05,0x050F,0x0909,0x0909,0x0909,0x0909,0x0909,0x0909,

	0x0909,0x0909,0x0909,0x0909,0x0909,0x0909,0x0F0F,0x0F0F,
	0x0F0F,0x0F0F,0x0F0F,0x050F,0x0909,0x0909,0x0909,0x0909,
	0x0909,0x0909,0x0909,0x0909,0x0909,0x0909,0x0909,0x0909,
	0x0909,0x0D09,0x0909,0x0D0D,0x090D,0x0D0D,0x050D,0x050D,
	0x080D,0x0D0D,0x0505,0x0505,0x0D05,0x0505,0x0F05,0x0B05,
	0x050B,0x0505,0x0505,0x0505,0x0505,0x0505,0x0D05,0x0606,
	0x0D05,0x050D,0x0D0D,0x090D,0x0909,0x0F08,0x050F,0x0805,
	0x0908,0x0909,0x0909,0x0909,0x0909,0x0909,0x0909,0x0909,

	0x0909,0x0909,0x0909,0x0909,0x0909,0x0909,0x0F0F,0x0F0F,
	0x0F0F,0x0F0F,0x0F0F,0x0F0F,0x0F0F,0x0F05,0x0F0F,0x0505,
	0x0F0F,0x0909,0x0909,0x0909,0x0909,0x0909,0x0909,0x0909,
	0x0909,0x0909,0x0909,0x0909,0x0909,0x0F09,0x0F0F,0x080F,
	0x0F0F,0x090F,0x0909,0x0909,0x050F,0x0F0F,0x0F0F,0x0F0F,
	0x0F05,0x0D0D,0x0909,0x0F09,0x0F05,0x0F0F,0x0505,0x0F05,
	0x050F,0x0F0F,0x050F,0x0D05,0x090D,0x0909,0x0909,0x0909,
	0x0909,0x0909,0x0909,0x090D,0x0909,0x0F0F,0x0F0F,0x0F0F,

	0x0C0C,0x0808,0x0F0F,0x0F0F,0x080F,0x0D0D,0x0D0D,0x0D0D,
	0x0D09,0x0909,0x0D09,0x090D,0x0D09,0x0D0D,0x0909,0x090D,
	0x0D0D,0x0D09,0x0D0D,0x0D09,0x0D0D,0x0D0D,0x0D05,0x0505,
	0x0505,0x0606,0x0505,0x0F0F,0x0F05,0x0F08,0x0F08,0x0B08,
	0x0F0B,0x0F0F,0x0F0F,0x050F,0x0F0F,0x0505,0x0605,0x0505,
	0x0505,0x050D,0x0D0D,0x0509,0x0808,0x0F0F,0x080F,0x0F0F,
	0x0D0F,0x0909,0x0D0D,0x0D0D,0x090D,0x0D09,0x0D0D,0x0D0D,
	0x0909,0x080D,0x0808,0x0F0F,0x0909,0x0F0D,0x080F,0x0F0F,

	0x080F,0x0F0F,0x080F,0x0F0F,0x0F08,0x0F0F,0x0F0F,0x0F0F,
	0x0F0F,0x0D09,0x090D,0x050F,0x050F,0x090F,0x0909,0x090D,
	0x0909,0x0909,0x0909,0x0909,0x0F0F,0x0F08,0x050F,0x0F0F,
	0x0F0F,0x0F0F,0x050F,0x0909,0x0F0F,0x0F05,0x0F0F,0x0F0F,
	0x0F0F,0x0D0F,0x0909,0x0909,0x050F,0x0F0F,0x0F05,0x0F0F,
	0x0F0F,0x0F0F,0x0F0F,0x0F0F,0x0905,0x0909,0x0D09,0x0909,
	0x090D,0x0909,0x0909,0x0909,0x0F09,0x0808,0x0F0F,0x080F,
	0x0808,0x0C08,0x0808,0x0808,0x0808,0x080F,0x0D09,0x0D0D,

	0x0D0D,0x0D09,0x090D,0x0909,0x090D,0x0D09,0x0D05,0x0D09,
	0x0D0D,0x0D0D,0x0D0D,0x050D,0x0505,0x0505,0x0505,0x0505,
	0x0505,0x0F0F,0x050F,0x0F05,0x080F,0x0808,0x0808,0x0B08,
	0x080B,0x0808,0x0808,0x0F0F,0x0F0F,0x050F,0x050F,0x0505,
	0x0505,0x0505,0x0505,0x0C0C,0x0C08,0x0808,0x0808,0x0808,
	0x0808,0x0D0D,0x0D0D,0x0D0D,0x0D09,0x090D,0x0D0D,0x0D0D,
	0x0D0D,0x0805,0x0F08,0x080F,0x090F,0x0F0D,0x0F08,0x0F0F,
	0x0F0F,0x0F08,0x0808,0x0808,0x0F08,0x0808,0x0F08,0x0F0F,

	0x0F0F,0x0F0F,0x050D,0x0F0F,0x050F,0x050F,0x090D,0x0D09,
	0x090D,0x0909,0x0D09,0x0D09,0x0F0F,0x080F,0x0F0F,0x0F0F,
	0x0F0F,0x0F0F,0x050F,0x0505,0x0F0F,0x0F0F,0x0F0F,0x0F0F,
	0x0F05,0x0D0F,0x0909,0x0909,0x0505,0x0F05,0x0F0F,0x0F0F,
	0x0F0F,0x0F0F,0x0F08,0x0F0F,0x0D05,0x0905,0x0909,0x090D,
	0x0D0D,0x0909,0x0909,0x0909,0x0F0D,0x0F08,0x0F0F,0x080F,
	0x0C0C,0x0C0C,0x0C0C,0x080C,0x0808,0x080F,0x0D0D,0x050D,
	0x0D0D,0x0D0D,0x0D0D,0x0D09,0x0D0D,0x0D0D,0x0D0D,0x0D0D,

	0x0D0D,0x0D0D,0x0D0D,0x050D,0x0505,0x0505,0x0505,0x0505,
	0x0505,0x0F0F,0x0F0F,0x0F0F,0x080F,0x0808,0x0808,0x0B08,
	0x080B,0x0808,0x0808,0x0F0F,0x050F,0x0F0F,0x050F,0x050F,
	0x0505,0x0505,0x0505,0x0808,0x080C,0x0808,0x0808,0x0808,
	0x0C08,0x0D0D,0x050D,0x0D05,0x0D09,0x090D,0x0D0D,0x0D0D,
	0x0D0D,0x0805,0x0808,0x0F0F,0x090F,0x080D,0x0808,0x0F0F,
	0x0808,0x080F,0x080F,0x0808,0x080F,0x0808,0x0F0F,0x0F0F,
	0x0F0F,0x0F0F,0x0505,0x0F0F,0x0F0F,0x0F0F,0x0D05,0x0909,

	0x090D,0x0D09,0x0D09,0x0809,0x0F08,0x0808,0x0F0F,0x0F0F,
	0x0F0F,0x0F0F,0x0F0F,0x0F0F,0x0F0F,0x0F08,0x0F0F,0x050F,
	0x0F0F,0x050F,0x0909,0x0909,0x0909,0x0F09,0x0F0F,0x0F0F,
	0x050F,0x0F0F,0x0F0F,0x0F0F,0x0F0F,0x0D08,0x090D,0x0D09,
	0x0D09,0x0909,0x0D09,0x090D,0x0D0D,0x0D09,0x0909,0x0809,
	0x0C0C,0x0C08,0x090C,0x0909,0x0D0D,0x0C08,0x0808,0x0808,
	0x0D0D,0x090D,0x090D,0x0D0D,0x0D09,0x0D0D,0x0D0D,0x0D05,
	0x0D0D,0x0D0D,0x050D,0x0505,0x0F05,0x0505,0x0505,0x0505,

	0x0F0F,0x0F0F,0x0806,0x080F,0x0808,0x0608,0x0606,0x0B06,
	0x060B,0x0606,0x0808,0x0F08,0x0F08,0x0606,0x0F0F,0x0F0F,
	0x0505,0x0805,0x0C05,0x0808,0x0808,0x0808,0x0C08,0x0808,
	0x0808,0x0808,0x0808,0x0D08,0x0D0D,0x0D0D,0x0D09,0x0D0D,
	0x080D,0x0808,0x0808,0x0F08,0x0F0F,0x080F,0x0808,0x0F08,
	0x0808,0x0808,0x0F08,0x0808,0x080C,0x080C,0x0F08,0x0F0F,
	0x0F0F,0x0F0F,0x0F0F,0x0F0F,0x0508,0x0F0F,0x0F0F,0x090D,
	0x0909,0x0909,0x0C09,0x0C0C,0x0808,0x0808,0x0808,0x0F08,

	0x0F0F,0x0F08,0x0F05,0x0C0F,0x080C,0x0808,0x050F,0x0505,
	0x0F0F,0x0F0F,0x0505,0x050D,0x0F0F,0x0F0D,0x0F0F,0x080F,
	0x0808,0x0F08,0x0F0F,0x0F0F,0x080F,0x0808,0x0D08,0x0805,
	0x0D0D,0x0D0D,0x090D,0x0D0D,0x090D,0x0D0D,0x0D0D,0x0D0D,
	0x0D0D,0x0D09,0x0D0D,0x090D,0x0D0D,0x0D0D,0x0D0D,0x050D,
	0x0D0D,0x0D0D,0x0D0D,0x0D0D,0x0D0D,0x0D0D,0x050D,0x0D0D,
	0x050D,0x0505,0x0D05,0x0505,0x0505,0x0808,0x0505,0x0F05,
	0x0F0F,0x0808,0x0608,0x0806,0x0606,0x0606,0x0606,0x0B06,

	0x060B,0x0806,0x0806,0x0806,0x0608,0x0808,0x0F0F,0x0F0F,
	0x0F05,0x050F,0x050C,0x0505,0x0505,0x050D,0x0D0D,0x0D0D,
	0x0D0D,0x0D0D,0x050D,0x0D0D,0x0D0D,0x090D,0x0D0D,0x0D0D,
	0x0C05,0x0C0C,0x0C0C,0x0808,0x0808,0x0F08,0x0808,0x0808,
	0x0808,0x0808,0x0808,0x0C08,0x0C0C,0x0C0C,0x0808,0x0F08,
	0x0F08,0x080F,0x0808,0x0F0F,0x0F0F,0x0F0F,0x0F05,0x0D0D,
	0x0D0D,0x0D0D,0x0C0C,0x0C0C,0x0C0C,0x080C,0x0C0C,0x0C0C,
	0x0F0C,0x0F0F,0x0F0F,0x090D,0x0D09,0x0909,0x0D09,0x0909,

	0x0F0F,0x0F0F,0x0505,0x0F0D,0x050F,0x0F0D,0x0F0F,0x080F,
	0x0808,0x0808,0x0F08,0x0F0F,0x0F0F,0x0808,0x0D0F,0x0805,
	0x0D09,0x0D0D,0x090D,0x0D0D,0x090D,0x0D0D,0x0D0D,0x0D0D,
	0x090D,0x0D09,0x0D0D,0x090D,0x0D0D,0x0D0D,0x0D0D,0x0D0D,
	0x0D0D,0x0D0D,0x0D0D,0x0D0D,0x0D0D,0x0D0D,0x0D0D,0x0D0D,
	0x0D05,0x050D,0x0505,0x050D,0x0505,0x0808,0x0F05,0x0F05,
	0x0F05,0x0808,0x0608,0x0606,0x0608,0x0606,0x0606,0x0B06,
	0x060B,0x0606,0x0606,0x0806,0x0606,0x0F08,0x0F08,0x0F0F,

	0x050F,0x0F0F,0x0D0C,0x0505,0x0505,0x050D,0x0D05,0x050D,
	0x050D,0x0D0D,0x0D0D,0x050D,0x0D0D,0x0D0D,0x0D09,0x0D0D,
	0x0C0D,0x0C0C,0x080C,0x0808,0x0F08,0x0808,0x0808,0x0808,
	0x0808,0x0808,0x0808,0x0C0C,0x0C0C,0x0C0C,0x0808,0x0808,
	0x0508,0x0F0F,0x0F08,0x0F0F,0x0F0F,0x0F0F,0x0F0F,0x090D,
	0x0D0D,0x0D0D,0x0C0C,0x0C0C,0x0C0C,0x0C0C,0x080C,0x0C0C,
	0x080C,0x0F0F,0x0F0F,0x090D,0x0909,0x0909,0x0D09,0x0909,
	0x0808,0x0808,0x0F0F,0x0F0F,0x0F0F,0x0F0F,0x0F0F,0x080F,

	0x0C08,0x0C0C,0x0F08,0x0F08,0x080F,0x0808,0x0808,0x0808,
	0x0F08,0x090D,0x0D0D,0x0D0D,0x0D0D,0x090D,0x0D0D,0x0D09,
	0x0D0D,0x090D,0x0D0D,0x0D0D,0x0D0D,0x0D0D,0x0D0D,0x0D0D,
	0x0D0D,0x0D0D,0x0D0D,0x0D0D,0x0D0D,0x050D,0x050D,0x0505,
	0x0D05,0x0505,0x0505,0x0505,0x0505,0x0805,0x0508,0x080F,
	0x0F0F,0x0808,0x0808,0x0606,0x060C,0x0606,0x060B,0x0B06,
	0x060B,0x0B06,0x0606,0x0606,0x0606,0x0808,0x0F08,0x0F0F,
	0x0F0F,0x0C08,0x0F05,0x0505,0x0505,0x0505,0x0505,0x050D,

	0x050D,0x0D0D,0x0D05,0x0D0D,0x050D,0x0D0D,0x0C0C,0x0C08,
	0x0C08,0x080C,0x0C0C,0x0C0C,0x080C,0x0808,0x0808,0x0808,
	0x0808,0x0808,0x0808,0x0C0C,0x0C0C,0x0C0C,0x0808,0x0F08,
	0x0C0F,0x0C0C,0x080C,0x0808,0x0F08,0x0F0F,0x0F0F,0x0D0D,
	0x0D09,0x0D09,0x0D0D,0x0C0D,0x0C0C,0x0C0C,0x080C,0x0D0D,
	0x050D,0x0D0D,0x0D0D,0x0909,0x0D0D,0x0D0D,0x090D,0x0D0D,
	0x0808,0x0808,0x0808,0x0808,0x0F0F,0x080F,0x0808,0x0C08,
	0x0C0C,0x080C,0x080C,0x0F08,0x0808,0x0808,0x0808,0x0808,

	0x0808,0x0D05,0x0D0D,0x0D0D,0x0D0D,0x0D0D,0x0D0D,0x0D0D,
	0x0D0D,0x0D0D,0x0D0D,0x0D0D,0x0D0D,0x0D0D,0x0D0D,0x050D,
	0x080D,0x0C08,0x050C,0x0F05,0x0D08,0x050D,0x0D05,0x0505,
	0x0505,0x0505,0x0F05,0x0505,0x0505,0x0505,0x060F,0x0806,
	0x080F,0x0608,0x0606,0x0606,0x060B,0x0606,0x0606,0x0B06,
	0x060B,0x0606,0x0606,0x0606,0x0606,0x0606,0x0808,0x0808,
	0x0608,0x0F06,0x050F,0x0505,0x050F,0x0505,0x050D,0x0D05,
	0x0505,0x0505,0x0D0D,0x0D0D,0x050D,0x0C0D,0x0808,0x0C08,

	0x0C0C,0x0C0C,0x0C0C,0x0C0C,0x0D08,0x0D0D,0x0C0D,0x0C0C,
	0x0C0C,0x0C0C,0x0C08,0x0C0C,0x0C0C,0x080C,0x0808,0x0C08,
	0x0C0C,0x0C0C,0x0C0C,0x0808,0x080C,0x0F08,0x0D08,0x0D0D,
	0x0D09,0x090D,0x090D,0x0909,0x0D09,0x0D0D,0x0D0D,0x0D0D,
	0x0D0D,0x0D0D,0x090D,0x0D09,0x0909,0x0D0D,0x0D0D,0x0D0D,
	0x0C08,0x0808,0x0808,0x0808,0x0F0F,0x080F,0x0C08,0x0C08,
	0x0C08,0x0C0C,0x080C,0x0F08,0x080F,0x0808,0x0808,0x0808,
	0x0808,0x0505,0x0D0D,0x0D0D,0x0D0D,0x0D0D,0x0D0D,0x0D0D,

	0x0D0D,0x0D0D,0x0D0D,0x0D0D,0x0D0D,0x0D0D,0x0D0D,0x0D0D,
	0x080D,0x0C08,0x0508,0x080D,0x0D0F,0x0D05,0x0D05,0x0D05,
	0x0505,0x0505,0x0505,0x0505,0x0F05,0x0F0F,0x060F,0x0806,
	0x0808,0x0608,0x0606,0x0606,0x060B,0x0606,0x0B06,0x0B06,
	0x0B0B,0x0606,0x0606,0x0606,0x060B,0x0606,0x0808,0x0808,
	0x0608,0x0806,0x0F0F,0x0505,0x0505,0x0505,0x0505,0x0505,
	0x0505,0x0D0D,0x0505,0x050D,0x0505,0x0C05,0x080C,0x0C0C,
	0x0C0C,0x0C0C,0x0C0C,0x0C0C,0x0508,0x0F0F,0x0C0F,0x0C0C,

	0x0C0C,0x080C,0x0C0C,0x0C0C,0x0C0C,0x080C,0x0808,0x0C08,
	0x0C08,0x0C0C,0x0C0C,0x0808,0x0808,0x0F08,0x0D08,0x0D0D,
	0x0D0D,0x0D0D,0x090D,0x0D0D,0x0D0D,0x0D0D,0x0D0D,0x0D0D,
	0x0D0D,0x0D0D,0x0D0D,0x0D0D,0x0909,0x0D0D,0x0D0D,0x0D0D,
	0x0808,0x0C0C,0x0C0C,0x0C0C,0x0F0F,0x0C0C,0x0C0C,0x0C0C,
	0x0C0C,0x080C,0x0C0C,0x0C0C,0x0C0C,0x0808,0x0808,0x0808,
	0x0808,0x0808,0x050D,0x0D05,0x0D0D,0x0D05,0x0D0D,0x0D0D,
	0x0D0D,0x0D0D,0x050D,0x0D0D,0x0D05,0x050D,0x0505,0x0C0C,

	0x0808,0x0C0C,0x0C0C,0x0C0C,0x0505,0x0505,0x0505,0x0505,
	0x0505,0x0505,0x0505,0x0505,0x0505,0x0F0F,0x0F0F,0x060F,
	0x0608,0x0606,0x0606,0x0606,0x0606,0x060B,0x0606,0x0B0B,
	0x0B0B,0x0606,0x0606,0x060B,0x0606,0x0606,0x0608,0x0606,
	0x0806,0x0F08,0x050F,0x0F05,0x050F,0x0505,0x0505,0x0505,
	0x0505,0x0505,0x0505,0x0505,0x060D,0x0606,0x0606,0x060C,
	0x0606,0x0C0C,0x0C0C,0x0C0C,0x0C0C,0x0C0C,0x0C0C,0x060C,
	0x0C0C,0x0C0C,0x0C0C,0x0C0C,0x080C,0x0808,0x0808,0x0C0C,

	0x0C0C,0x0C0C,0x080C,0x0808,0x080C,0x0808,0x0F05,0x0D05,
	0x090D,0x0D0D,0x0D0D,0x0D0D,0x0D0D,0x0D0D,0x0D0D,0x090D,
	0x0D09,0x0D09,0x0D0D,0x0D0D,0x0D0D,0x0D0D,0x0D0D,0x0D0D,
	0x0D0D,0x0C08,0x0C0C,0x0C0C,0x0C0C,0x0C0D,0x0C0C,0x0C0C,
	0x0C0C,0x080C,0x0C0C,0x0C0C,0x080C,0x0808,0x0C08,0x0C0C,
	0x080C,0x0808,0x0508,0x0D0D,0x0D0D,0x0D0D,0x0D05,0x0D05,
	0x0D0D,0x0D0D,0x0D0D,0x0D0D,0x0808,0x0C0D,0x0C0C,0x0C0C,
	0x0C0C,0x0C0C,0x0C0C,0x0C0C,0x0C05,0x0C0C,0x0505,0x0505,

	0x0505,0x0505,0x0505,0x0505,0x0505,0x0F0F,0x080F,0x0808,
	0x0606,0x0606,0x0606,0x0606,0x0B06,0x0B0B,0x0B0B,0x0B0B,
	0x0B0B,0x0B0B,0x0B0B,0x0606,0x0606,0x0606,0x0606,0x0606,
	0x0F08,0x0F08,0x0F08,0x0F0F,0x050F,0x0F05,0x0F05,0x0505,
	0x0505,0x0C05,0x0C0C,0x060D,0x0606,0x0606,0x0606,0x0606,
	0x0C06,0x0606,0x0606,0x0C0C,0x0C06,0x0C0C,0x0C0C,0x0C0C,
	0x0C0C,0x0C06,0x0C06,0x0808,0x0808,0x0808,0x0C08,0x0C0C,
	0x0C0C,0x0C0C,0x080F,0x0F0F,0x0F0F,0x0F0F,0x0F08,0x0F0F,

	0x0D0D,0x0D0D,0x0D0D,0x0D0D,0x0D0D,0x0D0D,0x0D0D,0x0D0D,
	0x0D0D,0x0D0D,0x0D0D,0x0D0D,0x0D0D,0x0D0D,0x0D0D,0x0D0D,
	0x0D0D,0x080F,0x0808,0x080F,0x0C0C,0x0C05,0x0C0C,0x0C0C,
	0x0C0C,0x080C,0x0C0C,0x0C0C,0x080C,0x0808,0x0C08,0x0C0C,
	0x080C,0x0808,0x0F08,0x0F05,0x0D05,0x050D,0x0D0D,0x0D0D,
	0x0D0D,0x0D0D,0x0D0D,0x0D0D,0x080F,0x0805,0x0808,0x0808,
	0x0C08,0x0C0C,0x0C0C,0x0F08,0x0805,0x0808,0x0505,0x0505,
	0x0505,0x0505,0x0F0F,0x080F,0x050F,0x080F,0x0808,0x0808,

	0x0608,0x0606,0x0606,0x0606,0x0B06,0x0B0B,0x0B0B,0x0202,
	0x0B02,0x0B0B,0x0B0B,0x0606,0x0606,0x0606,0x0606,0x0606,
	0x0808,0x0808,0x0F08,0x0808,0x050F,0x0F0F,0x0505,0x0505,
	0x0505,0x0805,0x0808,0x080D,0x0808,0x0808,0x0808,0x0808,
	0x0808,0x0808,0x0808,0x0808,0x0606,0x0C0C,0x0C06,0x0C0C,
	0x0C0C,0x0606,0x0C0C,0x0808,0x0808,0x080C,0x080C,0x0C0C,
	0x0C0C,0x0808,0x080F,0x0808,0x080F,0x080F,0x0808,0x0F08,
	0x0D0D,0x050D,0x0D05,0x0D0D,0x0D0D,0x0D0D,0x0D0D,0x0D0D,

	0x0D0D,0x0D0D,0x0D0D,0x0D0D,0x0D0D,0x0D0D,0x0D0D,0x0D0D,
	0x0D0D,0x0D0D,0x0D05,0x0D0D,0x0C0C,0x0C0C,0x0C0C,0x060C,
	0x0606,0x0C0C,0x0C0C,0x0C0C,0x0C0C,0x060C,0x060C,0x0C06,
	0x0C0C,0x0C0C,0x0C08,0x0C0C,0x0D0C,0x0505,0x0D05,0x0D0D,
	0x0D0D,0x050D,0x0D0D,0x0D0D,0x0D0D,0x0D0D,0x050D,0x0D0D,
	0x0605,0x0C06,0x0C0C,0x050F,0x0505,0x0505,0x0505,0x0505,
	0x0505,0x050F,0x0F05,0x0F0F,0x0F0F,0x080F,0x0808,0x0808,
	0x0606,0x0606,0x0606,0x0B06,0x0B06,0x0B0B,0x0B0B,0x0909,

	0x0B09,0x0B0B,0x0B0B,0x0B0B,0x0606,0x0606,0x0606,0x0606,
	0x0808,0x0808,0x0808,0x080F,0x0F0F,0x0F0F,0x0F0F,0x0505,
	0x0505,0x0505,0x050D,0x0505,0x0505,0x0505,0x0505,0x0505,
	0x0505,0x0505,0x0505,0x0505,0x0606,0x0606,0x0C06,0x0606,
	0x0606,0x0C06,0x0606,0x0C06,0x080C,0x0C08,0x0C0C,0x0606,
	0x0806,0x080F,0x080F,0x0C0C,0x0F0C,0x0808,0x0808,0x0808,
	0x0D08,0x080D,0x080C,0x050D,0x0D0D,0x0D0D,0x0D0D,0x0D0D,
	0x0D0D,0x0D0D,0x0D0D,0x0D0D,0x0D0D,0x050D,0x0D0D,0x0D0D,

	0x050D,0x050D,0x0D0D,0x050D,0x0D0D,0x0D0D,0x060D,0x0C06,
	0x0606,0x0606,0x0C06,0x0C0C,0x0606,0x0606,0x0606,0x0606,
	0x0606,0x0606,0x0606,0x0C0C,0x0C0C,0x0D08,0x050D,0x050D,
	0x0505,0x0D05,0x050D,0x0D0D,0x0505,0x050D,0x050D,0x0D0D,
	0x050D,0x0D05,0x0505,0x0505,0x0505,0x0505,0x0505,0x0505,
	0x0505,0x050F,0x0F0F,0x050F,0x080F,0x0808,0x0806,0x0606,
	0x0606,0x0606,0x0606,0x0606,0x0B0B,0x0B0B,0x0209,0x0B0B,
	0x0905,0x0B02,0x0B0B,0x0B0B,0x060B,0x0606,0x0606,0x0606,

	0x0606,0x0806,0x0808,0x0F08,0x080F,0x0F08,0x0F0F,0x0F05,
	0x0505,0x0505,0x0505,0x0505,0x0505,0x0505,0x0D05,0x0505,
	0x0D05,0x0505,0x0D05,0x0606,0x0606,0x0606,0x0606,0x0606,
	0x0606,0x0606,0x0606,0x0606,0x0606,0x0606,0x0C06,0x050D,
	0x060D,0x0606,0x0C06,0x0C0C,0x080C,0x0808,0x0C0C,0x0F0C,
	0x080F,0x0C0C,0x0C0C,0x0C0C,0x0D0C,0x080D,0x0505,0x0D05,
	0x0D0D,0x0D0D,0x0D0D,0x0D0D,0x0D0D,0x0808,0x0808,0x0808,
	0x050D,0x0D05,0x0D0D,0x0D05,0x0D0D,0x0D0D,0x0C0D,0x0606,

	0x0606,0x0606,0x0C06,0x0C0C,0x0606,0x0606,0x0606,0x0606,
	0x0606,0x0606,0x0C06,0x0C0C,0x080C,0x0D08,0x0D0D,0x0505,
	0x0505,0x0505,0x0D0D,0x0D0D,0x050D,0x0D0D,0x0D0D,0x0D05,
	0x0D05,0x0505,0x0D05,0x0505,0x0505,0x0505,0x0505,0x050F,
	0x0505,0x0F0F,0x050F,0x0F0F,0x0F0F,0x0808,0x0806,0x0606,
	0x0606,0x0606,0x0606,0x0606,0x0B0B,0x0B0B,0x0902,0x0B0B,
	0x090F,0x0B09,0x0B0B,0x0B0B,0x0B06,0x0B0B,0x0606,0x0606,
	0x0806,0x0808,0x0808,0x0808,0x0F08,0x0F08,0x0F0F,0x050F,

	0x0F0F,0x0505,0x0505,0x0505,0x0505,0x0505,0x0505,0x0505,
	0x0D05,0x0D0D,0x0D0D,0x0606,0x0606,0x0606,0x0606,0x0606,
	0x0606,0x0606,0x0606,0x060C,0x0606,0x0606,0x0C06,0x0D05,
	0x060D,0x0606,0x0C06,0x0C0C,0x080C,0x0808,0x0C0C,0x0D08,
	0x080F,0x0C0C,0x0C0C,0x0C0C,0x050C,0x0805,0x0D05,0x0D0D,
	0x0D0D,0x0D0D,0x090D,0x0D0D,0x0D0D,0x0808,0x0F0F,0x080F,
	0x050D,0x0505,0x0D05,0x050D,0x050D,0x0D0D,0x0505,0x0505,
	0x0605,0x0606,0x0606,0x0606,0x0606,0x0C0C,0x0606,0x0606,

	0x0606,0x0506,0x0605,0x0606,0x0606,0x0606,0x0C0C,0x050D,
	0x0505,0x0505,0x050D,0x0505,0x0505,0x0505,0x0D05,0x0505,
	0x0505,0x0505,0x0505,0x0505,0x0505,0x0505,0x0505,0x0505,
	0x0808,0x0F0F,0x0F05,0x0F0F,0x0808,0x0808,0x0808,0x0C08,
	0x0606,0x0606,0x0606,0x0B06,0x0B0B,0x020B,0x0F05,0x0B0B,
	0x090F,0x0A09,0x0B02,0x0B0B,0x060B,0x0606,0x0606,0x0606,
	0x0806,0x0806,0x0808,0x0808,0x0808,0x0808,0x0808,0x0508,
	0x0505,0x080C,0x0508,0x0505,0x0505,0x0505,0x0505,0x0505,

	0x0F05,0x060C,0x0606,0x0606,0x0606,0x0606,0x060C,0x0606,
	0x0606,0x060C,0x0606,0x0606,0x0606,0x0606,0x0506,0x0605,
	0x0606,0x060C,0x0606,0x0C0C,0x0C0C,0x0C0C,0x0C0C,0x0C0C,
	0x0F0C,0x0505,0x0505,0x0505,0x0505,0x0D05,0x0505,0x0D0D,
	0x0D05,0x0D0D,0x080D,0x0F08,0x0F0F,0x0F0F,0x0808,0x0F0F,
	0x050D,0x0D05,0x0D05,0x0D0D,0x0D0D,0x050D,0x0D0D,0x0D0D,
	0x0D0D,0x050D,0x050D,0x0505,0x0505,0x0D0D,0x0D05,0x0D0D,
	0x0D05,0x0505,0x0D05,0x0D0D,0x0505,0x0505,0x0D0D,0x0505,

	0x0505,0x0505,0x0505,0x0505,0x0505,0x0505,0x0505,0x0505,
	0x0505,0x0505,0x0505,0x0505,0x0505,0x0505,0x0505,0x0F0F,
	0x0F0F,0x0F05,0x0F08,0x080F,0x0808,0x0808,0x0608,0x0606,
	0x0606,0x0606,0x0606,0x0B0B,0x0B0B,0x0902,0x0B0B,0x090B,
	0x0909,0x0909,0x0909,0x0B0B,0x060B,0x0606,0x0606,0x0606,
	0x060C,0x0606,0x0806,0x0808,0x0808,0x0808,0x0808,0x0F0F,
	0x0F0F,0x0F0F,0x050F,0x050F,0x0F0F,0x0505,0x0505,0x0505,
	0x0505,0x050D,0x0505,0x050D,0x0505,0x0505,0x0505,0x050D,

	0x0D05,0x0D05,0x050D,0x0D05,0x0D05,0x0D05,0x050D,0x0505,
	0x050D,0x0D05,0x0505,0x0D0D,0x0D0D,0x0D0D,0x0D0D,0x0D05,
	0x0F0D,0x0505,0x0505,0x050D,0x0D05,0x0D05,0x050D,0x0D05,
	0x050D,0x0C05,0x0808,0x0F08,0x0F08,0x0F08,0x080F,0x080F,
	0x0505,0x0505,0x0505,0x0D05,0x0D0D,0x050D,0x0505,0x0D05,
	0x0505,0x0505,0x0505,0x0505,0x0505,0x0505,0x050D,0x0505,
	0x0505,0x0505,0x0505,0x0505,0x0505,0x0505,0x0505,0x0505,
	0x0505,0x0505,0x0505,0x0505,0x0505,0x0505,0x0F05,0x0505,

	0x0505,0x0505,0x0505,0x0505,0x0505,0x0505,0x050F,0x0F0F,
	0x0F08,0x0F0F,0x0808,0x080F,0x0808,0x0808,0x0606,0x0606,
	0x0606,0x0606,0x0606,0x0B0B,0x020B,0x0B09,0x0B0B,0x0909,
	0x0909,0x0909,0x0909,0x0B02,0x060B,0x0606,0x0606,0x0606,
	0x0C06,0x0606,0x0806,0x0808,0x0808,0x0808,0x0808,0x0F08,
	0x0F0F,0x0F0F,0x050F,0x050F,0x050F,0x0F05,0x0F05,0x0F05,
	0x0505,0x0505,0x0505,0x0505,0x0505,0x0505,0x0505,0x0505,
	0x0505,0x0505,0x0505,0x0505,0x0505,0x0505,0x0505,0x0505,

	0x0505,0x0505,0x0505,0x0505,0x0505,0x0505,0x0D05,0x0505,
	0x0505,0x0505,0x0505,0x0505,0x0505,0x0505,0x0505,0x0505,
	0x050D,0x0805,0x0808,0x0808,0x080F,0x080F,0x080F,0x080F,
	0x0505,0x0D0D,0x0D0D,0x0505,0x0505,0x0505,0x0505,0x0505,
	0x0505,0x0D05,0x0505,0x0505,0x0505,0x0505,0x0505,0x0505,
	0x0505,0x0505,0x0505,0x0505,0x0505,0x0505,0x0505,0x0505,
	0x0505,0x0505,0x0505,0x0505,0x0505,0x0505,0x0505,0x0505,
	0x0505,0x0F05,0x0505,0x050F,0x0F0F,0x050F,0x0F05,0x080F,

	0x0F0F,0x0808,0x080F,0x0808,0x0608,0x0606,0x0606,0x0606,
	0x0606,0x0B06,0x0606,0x0B0B,0x020B,0x0B09,0x0B0B,0x0909,
	0x0909,0x0909,0x0909,0x0B02,0x0B0B,0x0606,0x0606,0x0606,
	0x0606,0x0606,0x0608,0x0806,0x0808,0x0808,0x0808,0x0F0F,
	0x0F08,0x0F0F,0x0505,0x050F,0x0F0F,0x0F05,0x0505,0x0505,
	0x0505,0x0505,0x0505,0x0505,0x0505,0x0505,0x0505,0x0505,
	0x0505,0x0505,0x0505,0x0505,0x0505,0x0505,0x0505,0x0505,
	0x0505,0x0505,0x0505,0x0D05,0x0505,0x0505,0x0D05,0x0505,

	0x050D,0x0505,0x0505,0x0505,0x0505,0x0505,0x0805,0x0505,
	0x050D,0x0808,0x0808,0x0F08,0x080F,0x0808,0x0F08,0x0F08,
	0x0C05,0x0508,0x0505,0x0D05,0x0C0C,0x080C,0x0C0C,0x050F,
	0x0505,0x0505,0x0505,0x0505,0x0505,0x0505,0x0505,0x0505,
	0x0505,0x0505,0x050F,0x0505,0x0505,0x0505,0x0505,0x0505,
	0x0505,0x0505,0x0505,0x0F05,0x0505,0x0505,0x0F05,0x0505,
	0x0505,0x0F05,0x0505,0x0F0F,0x050F,0x0F0F,0x080F,0x0F0F,
	0x080F,0x0808,0x0808,0x0808,0x0808,0x0806,0x0606,0x0606,

	0x0606,0x0606,0x0606,0x0B0B,0x0902,0x0909,0x090B,0x0909,
	0x0909,0x0209,0x0902,0x0202,0x0B0B,0x0B0B,0x0606,0x0606,
	0x0606,0x0606,0x0606,0x0808,0x0808,0x0808,0x0808,0x0808,
	0x0F08,0x0F0F,0x0F0F,0x0F0F,0x0F0F,0x0F0F,0x0F0F,0x0F05,
	0x0F0F,0x0505,0x0F05,0x0505,0x0505,0x0505,0x0505,0x0505,
	0x0505,0x0505,0x0505,0x0505,0x0505,0x0505,0x0505,0x050F,
	0x0F05,0x050F,0x0505,0x0505,0x0505,0x0505,0x0505,0x0505,
	0x0D05,0x0505,0x0505,0x0505,0x0505,0x0505,0x0505,0x050D,

	0x0505,0x0F08,0x080F,0x0F08,0x080F,0x0808,0x080F,0x080F,
	0x0805,0x0508,0x0505,0x0505,0x080C,0x080C,0x0C0C,0x0505,
	0x0505,0x0505,0x0505,0x0505,0x0505,0x0505,0x0505,0x0505,
	0x0505,0x0505,0x0505,0x0505,0x0505,0x0505,0x050F,0x0505,
	0x0F05,0x050F,0x0F05,0x0F05,0x0505,0x0F05,0x0505,0x0505,
	0x0505,0x0F0F,0x0505,0x0F0F,0x050F,0x0F0F,0x0805,0x0F0F,
	0x0F0F,0x0808,0x0808,0x0808,0x0608,0x0608,0x0606,0x0606,
	0x0606,0x0606,0x0B0B,0x0B0B,0x0902,0x0909,0x090B,0x0909,

	0x0909,0x0209,0x0202,0x0202,0x0B0B,0x060B,0x0606,0x0606,
	0x0606,0x0C06,0x0806,0x0808,0x0808,0x0808,0x0808,0x0F08,
	0x0F0F,0x080F,0x0F05,0x0505,0x0F0F,0x0F0F,0x0F0F,0x050F,
	0x0F0F,0x050F,0x0505,0x0F05,0x0F05,0x050F,0x0505,0x0505,
	0x0505,0x0505,0x0505,0x0505,0x0505,0x0505,0x0505,0x0505,
	0x0505,0x0F0F,0x050F,0x0505,0x0505,0x0505,0x0505,0x0505,
	0x0505,0x0505,0x0505,0x0505,0x0505,0x0505,0x0505,0x0505,
	0x0505,0x0808,0x0F0F,0x0F05,0x0F0F,0x0F08,0x0F08,0x0F08,

	0x0505,0x0505,0x0505,0x0805,0x0808,0x0C0C,0x0808,0x0808,
	0x0F0F,0x0505,0x0505,0x0505,0x0F05,0x0505,0x0505,0x0505,
	0x0505,0x0505,0x0505,0x0F05,0x0505,0x0F05,0x0C0C,0x0C0C,
	0x0505,0x0F05,0x0F0F,0x0508,0x0505,0x080F,0x0F0F,0x050F,
	0x0808,0x0F0F,0x0508,0x0808,0x0808,0x0808,0x0808,0x0606,
	0x0606,0x0606,0x0606,0x0606,0x0606,0x0606,0x0B06,0x0B0B,
	0x0B0B,0x0B0B,0x0B0B,0x0B0B,0x0902,0x0909,0x090B,0x0909,
	0x0909,0x0209,0x0902,0x0209,0x0B0B,0x0B0B,0x0B0B,0x0B0B,

	0x0B0B,0x0B0B,0x0606,0x0606,0x0606,0x0606,0x0606,0x0606,
	0x0606,0x080C,0x0F08,0x0808,0x0F06,0x0F0F,0x080F,0x0F08,
	0x0F0F,0x0F08,0x0F0F,0x0F0F,0x050F,0x0505,0x0F0F,0x0F0F,
	0x0505,0x0505,0x0505,0x0505,0x050F,0x0F0F,0x0505,0x0505,
	0x0F0F,0x0808,0x0C05,0x0C0C,0x050C,0x0505,0x0505,0x0505,
	0x0505,0x0505,0x0505,0x0D05,0x0505,0x0505,0x0505,0x0505,
	0x0505,0x0F0F,0x0505,0x0F0F,0x0F0F,0x0F0F,0x0F0F,0x0F0F,
	0x0505,0x0F05,0x0805,0x0F08,0x0505,0x0C05,0x0C0C,0x0C0C,

	0x0C0C,0x0505,0x0508,0x0505,0x0505,0x0505,0x050F,0x0505,
	0x0505,0x050F,0x0C05,0x0C0C,0x0F0C,0x0808,0x0C0C,0x0C0C,
	0x0808,0x0F08,0x0F0F,0x0F05,0x0F05,0x0F0F,0x0F05,0x0F05,
	0x0F0F,0x0F0F,0x050F,0x0F0F,0x0F0F,0x080F,0x0F0F,0x050F,
	0x0808,0x0808,0x0808,0x0808,0x0808,0x0808,0x060C,0x0606,
	0x0606,0x0606,0x0B06,0x0B0B,0x0902,0x0909,0x090B,0x0909,
	0x0909,0x0209,0x0902,0x0209,0x0B0B,0x060B,0x0606,0x0606,
	0x0606,0x0606,0x080C,0x0808,0x0808,0x0808,0x0808,0x0808,

	0x0808,0x0F08,0x050F,0x0F0F,0x050F,0x0F0F,0x0F0F,0x0F0F,
	0x080F,0x0505,0x0F05,0x0F05,0x0F0F,0x0F0F,0x0F05,0x0505,
	0x0F05,0x0F0F,0x050F,0x0505,0x0505,0x0505,0x0505,0x0505,
	0x0505,0x0505,0x0C0C,0x0C0C,0x0C0C,0x080C,0x0505,0x0505,
	0x0508,0x0505,0x0F08,0x0505,0x0F05,0x0F05,0x0505,0x0505,
	0x0505,0x0C05,0x0C0C,0x0C0C,0x0808,0x0F0F,0x0F0F,0x0F0F,
	0x0505,0x0505,0x0805,0x0508,0x0505,0x0C05,0x080C,0x0C08,
	0x0C0C,0x0505,0x0508,0x050F,0x0505,0x0505,0x050F,0x0505,

	0x050F,0x0F05,0x0C05,0x0C0C,0x0F0C,0x0C0C,0x0C0C,0x0C0C,
	0x0C0C,0x0F0C,0x0F0F,0x0F0F,0x050F,0x0F0F,0x0F05,0x0F05,
	0x0F05,0x0F05,0x0F0F,0x0F0F,0x080F,0x0808,0x080F,0x080F,
	0x0F08,0x0808,0x0808,0x0808,0x0808,0x0608,0x060C,0x0606,
	0x0606,0x0606,0x0B06,0x0B0B,0x0902,0x0909,0x090B,0x0909,
	0x0909,0x0209,0x0902,0x0209,0x0B0B,0x060B,0x0606,0x0606,
	0x0606,0x0606,0x0608,0x0808,0x0808,0x0808,0x0808,0x0808,
	0x080F,0x080F,0x0F0F,0x0F08,0x0F0F,0x0F0F,0x0F0F,0x0F0F,

	0x080F,0x0F0F,0x050F,0x0F0F,0x0F05,0x0F05,0x0F0F,0x0F0F,
	0x0F05,0x0F0F,0x0F05,0x050F,0x0505,0x0F0F,0x050F,0x0F0F,
	0x0505,0x0F05,0x0C0C,0x0C0C,0x0C0C,0x0C0C,0x0505,0x0505,
	0x050F,0x0505,0x0F08,0x0505,0x0F0F,0x0F05,0x0505,0x050F,
	0x0505,0x0C05,0x0C0C,0x0C0C,0x0F08,0x0808,0x0F08,0x0F0F,
	0x050F,0x0F05,0x0F05,0x050F,0x0505,0x0505,0x0505,0x050F,
	0x0505,0x0505,0x0505,0x0505,0x0F05,0x050F,0x0505,0x0F05,
	0x0805,0x0C0C,0x0C0C,0x0C0C,0x0C0C,0x0C0C,0x0C0C,0x0C0C,

	0x0C0C,0x0C0C,0x0F08,0x0F0F,0x0505,0x0F05,0x0F0F,0x0F0F,
	0x0F0F,0x0F0F,0x0F0F,0x0F0F,0x080F,0x0F08,0x0F08,0x0808,
	0x0808,0x0808,0x0808,0x0808,0x0808,0x080C,0x060C,0x0606,
	0x0606,0x0606,0x0B06,0x0B0B,0x0902,0x0909,0x0905,0x0909,
	0x0909,0x0209,0x0202,0x0209,0x0B0B,0x0606,0x0606,0x0606,
	0x0606,0x0806,0x080C,0x0808,0x0808,0x0808,0x0808,0x0808,
	0x0F0F,0x0F08,0x0F0F,0x0F0F,0x0F0F,0x0F0F,0x0F0F,0x0F0F,
	0x0F05,0x0F0F,0x0F0F,0x0F0F,0x0F0F,0x0F0F,0x0F0F,0x050F,

	0x080F,0x080F,0x0F08,0x0F0F,0x0F0F,0x0F0F,0x0808,0x050F,
	0x0C05,0x0C0C,0x0C0C,0x0C0C,0x0F05,0x050F,0x050F,0x0505,
	0x0505,0x0505,0x050F,0x0F05,0x0505,0x0505,0x0505,0x0505,
	0x0505,0x0C0C,0x0C0C,0x080C,0x0808,0x080C,0x0808,0x0F0F,
	0x0F0F,0x0F0F,0x050F,0x0505,0x0505,0x050F,0x0F0F,0x050F,
	0x050F,0x0505,0x0505,0x0505,0x0F05,0x080F,0x0C0C,0x0F08,
	0x0C0C,0x0C0C,0x0C0C,0x0C0C,0x0C0C,0x0C0C,0x0C0C,0x0C0C,
	0x0C0C,0x0C0C,0x0F0C,0x0F0F,0x0F0F,0x0F0F,0x050F,0x0F05,

	0x0F0F,0x0F0F,0x080F,0x0F0F,0x0F0F,0x0F0F,0x0808,0x0808,
	0x0808,0x080F,0x0808,0x0808,0x0808,0x0608,0x0606,0x0606,
	0x0606,0x0B06,0x0606,0x0B0B,0x020B,0x0909,0x0909,0x0909,
	0x0209,0x0902,0x0209,0x0B02,0x0B0B,0x0B06,0x0606,0x060B,
	0x0606,0x0606,0x0806,0x0808,0x0808,0x0808,0x0808,0x0808,
	0x0F08,0x0808,0x0F08,0x0F0F,0x080F,0x080F,0x0F0F,0x0F0F,
	0x0F0F,0x050F,0x0F0F,0x0F0F,0x0F0F,0x0F05,0x080F,0x0808,
	0x080F,0x0C0C,0x0C0C,0x0F0F,0x0F08,0x0F08,0x0F0F,0x0F0F,

	0x080F,0x0F0F,0x0F0F,0x080F,0x0505,0x0505,0x0F0F,0x0F0F,
	0x0F05,0x0F0F,0x0505,0x050F,0x0F05,0x0F0F,0x050F,0x0505,
	0x0505,0x0C0F,0x080C,0x0808,0x080C,0x0808,0x0F08,0x0F0F,
	0x080F,0x0808,0x0505,0x050F,0x0F0F,0x0F0F,0x0505,0x0F05,
	0x0F0F,0x050F,0x0F05,0x0F05,0x0F0F,0x080F,0x0C0C,0x050C,
	0x0C0C,0x0C0C,0x0C0C,0x0C0C,0x0C0C,0x0C0C,0x0C0C,0x0C0C,
	0x0C0C,0x0C0C,0x080C,0x0F0F,0x0F0F,0x080F,0x0F0F,0x0F0F,
	0x0F0F,0x0F0F,0x0F08,0x0F0F,0x0F0F,0x0808,0x0F08,0x0808,

	0x0808,0x0808,0x0808,0x0808,0x0808,0x0808,0x0606,0x0606,
	0x0606,0x0B06,0x060B,0x0B0B,0x0B0B,0x0909,0x0909,0x0909,
	0x0209,0x0902,0x0909,0x0B0B,0x0B0B,0x0B06,0x0606,0x0606,
	0x0606,0x0606,0x0806,0x0808,0x0808,0x0808,0x0808,0x0808,
	0x0808,0x0808,0x0F0F,0x0F08,0x080F,0x0F08,0x0F0F,0x0F0F,
	0x0F0F,0x080F,0x0F0F,0x050F,0x0F0F,0x0F0F,0x0C0F,0x0C0C,
	0x080F,0x0C0C,0x0C0C,0x080F,0x0F0F,0x0F08,0x0F0F,0x0F0F,
	0x0F0F,0x0F08,0x0F0F,0x0F05,0x0F05,0x0505,0x0F0F,0x0F0F,

	0x050F,0x0F0F,0x0F0F,0x0F0F,0x050F,0x050F,0x0F0F,0x0505,
	0x0505,0x0C05,0x0F0C,0x0F08,0x080C,0x0808,0x0F08,0x0808,
	0x0C0C,0x0C0C,0x0F08,0x050F,0x0F0F,0x0505,0x0F0F,0x080F,
	0x0F0F,0x0F0F,0x0F05,0x0F05,0x0F0F,0x0F0F,0x0F0F,0x0F0F,
	0x080F,0x080F,0x060F,0x0606,0x0C06,0x0C0C,0x0C0C,0x0C0C,
	0x0C06,0x0C0C,0x0C0C,0x060C,0x0C0C,0x0808,0x0F08,0x080F,
	0x0F0F,0x0F0F,0x0F0F,0x080F,0x0808,0x0808,0x0808,0x0808,
	0x0808,0x0808,0x0808,0x0808,0x0808,0x0C08,0x0C08,0x0606,

	0x060C,0x0606,0x0606,0x0B06,0x0B0B,0x0202,0x0909,0x0902,
	0x0909,0x0209,0x0909,0x0B0B,0x0B0B,0x0606,0x0606,0x0606,
	0x0606,0x0606,0x0806,0x080C,0x0808,0x0808,0x0808,0x0808,
	0x0808,0x0808,0x0808,0x0808,0x0F0F,0x0F08,0x0F0F,0x080F,
	0x0F0F,0x050F,0x0F0F,0x0F08,0x080F,0x0F0F,0x0C0C,0x0C0C,
	0x0C0C,0x0C0C,0x0C0C,0x0808,0x0F08,0x0F08,0x080F,0x0F0F,
	0x0F0F,0x0F0F,0x0808,0x0F0F,0x0F0F,0x050F,0x0F05,0x0F0F,
	0x0F0F,0x0F0F,0x0F0F,0x0F0F,0x0C0F,0x0C0C,0x0C0C,0x050F,

	0x050F,0x0F0F,0x0808,0x0808,0x0C0C,0x0808,0x0F08,0x080F,
	0x0C08,0x0C0C,0x0F0C,0x0F0F,0x0508,0x0F0F,0x0F0F,0x050F,
	0x0F0F,0x0F05,0x0F0F,0x0F0F,0x0F0F,0x0F08,0x0F0F,0x0F0F,
	0x0F0F,0x0F0F,0x0F0F,0x0F0F,0x0F0F,0x0608,0x0606,0x0606,
	0x0606,0x0C06,0x0C06,0x0606,0x0606,0x0606,0x080C,0x0606,
	0x0806,0x080F,0x0808,0x0808,0x0F08,0x0808,0x0808,0x0808,
	0x0808,0x0808,0x0808,0x0808,0x0808,0x0C0C,0x080C,0x060C,
	0x0606,0x0606,0x0606,0x0606,0x0B0B,0x020B,0x0902,0x0209,

	0x0902,0x0209,0x0B0B,0x0B0B,0x0B06,0x060B,0x0606,0x0606,
	0x0C06,0x0C06,0x0C08,0x0806,0x0808,0x0808,0x0808,0x0808,
	0x0808,0x080F,0x080F,0x0F0F,0x0F08,0x0F08,0x080F,0x0808,
	0x0808,0x0F0F,0x0F0F,0x0F0F,0x0F0F,0x0C0C,0x0C0C,0x0C0C,
	0x0C0C,0x0C0C,0x0C0C,0x0C0C,0x0C0C,0x0C0C,0x080F,0x0808,
	0x0F08,0x0808,0x080F,0x0F08,0x0F0F,0x0F0F,0x0F08,0x0F0F,
	0x0F0F,0x0F0F,0x0C08,0x0C0C,0x0C0C,0x0C0C,0x0C0C,0x0F0C,
	0x050F,0x080F,0x080F,0x0808,0x0C0C,0x0808,0x0F0F,0x0F0F,

	0x0C08,0x0C0C,0x0F0C,0x0F05,0x0F0F,0x0F05,0x0F0F,0x0F0F,
	0x0F0F,0x050F,0x0F0F,0x0F0F,0x0F0F,0x0F0F,0x0F0F,0x0F0F,
	0x0F0F,0x0F0F,0x0F0F,0x0F0F,0x0F0F,0x0608,0x0606,0x0606,
	0x0606,0x0606,0x0606,0x060C,0x0606,0x060C,0x0F0C,0x0C06,
	0x0F0C,0x0808,0x0808,0x0F08,0x0808,0x080F,0x0808,0x0808,
	0x0808,0x0808,0x0808,0x0808,0x0C08,0x0C08,0x0608,0x060C,
	0x0606,0x0606,0x0606,0x0606,0x060B,0x060B,0x0909,0x0209,
	0x0902,0x0B09,0x0B0B,0x060B,0x0B06,0x0606,0x0606,0x0606,

	0x0606,0x0C06,0x0808,0x0806,0x0808,0x0808,0x0808,0x0808,
	0x0808,0x0F0F,0x0F0F,0x0F08,0x0808,0x0808,0x0F08,0x0808,
	0x0F08,0x080F,0x0F08,0x0F08,0x0F08,0x0C0C,0x0C0C,0x0C0C,
	0x0C0C,0x0C0C,0x0C0C,0x0C0C,0x0C0C,0x0C0C,0x0808,0x0C08,
	0x0F0F,0x0808,0x0F0F,0x0F0F,0x0F08,0x0F0F,0x080F,0x0F0F,
	0x0F0F,0x0F0F,0x0C0F,0x0C0C,0x0C0C,0x0C0C,0x0C0C,0x050C,
	0x0F0F,0x0F0F,0x0808,0x0808,0x0C0C,0x0F0C,0x0F0F,0x080F,
	0x080C,0x080C,0x0C0C,0x0F0C,0x0F0F,0x0F0F,0x0F08,0x0F08,

	0x0F0F,0x0F0F,0x080F,0x0F0F,0x0F0F,0x0F0F,0x0F0F,0x0F0F,
	0x0808,0x0F0F,0x0F0F,0x0F0F,0x0F0F,0x0F0F,0x0808,0x080F,
	0x0808,0x0F0F,0x0808,0x0808,0x0808,0x0808,0x0808,0x0F08,
	0x0F0F,0x080F,0x080F,0x0F08,0x0808,0x0808,0x0808,0x0808,
	0x0808,0x0808,0x0808,0x0808,0x0C08,0x0C0C,0x0C0C,0x0C06,
	0x0606,0x0606,0x0606,0x0606,0x0606,0x0B0B,0x020B,0x0909,
	0x0909,0x0B02,0x0B0B,0x0606,0x0606,0x0606,0x0606,0x0606,
	0x0606,0x0606,0x0806,0x0608,0x0808,0x0808,0x0808,0x0808,

	0x0808,0x0C0C,0x0C0C,0x0808,0x0808,0x0F08,0x0F0F,0x0F0F,
	0x080F,0x0808,0x0808,0x0F08,0x0F08,0x080F,0x0F0F,0x080F,
	0x0606,0x0C06,0x0806,0x0808,0x0F08,0x0808,0x0808,0x0F05,
	0x0F08,0x0F0F,0x0808,0x0F0F,0x0808,0x0F0F,0x0F08,0x0F08,
	0x0F08,0x0F08,0x0C0C,0x0C0C,0x0C0C,0x0C0C,0x0C0C,0x0C0C,
	0x0F0F,0x0F0F,0x0F0F,0x0F0F,0x0F0F,0x0F08,0x0F0F,0x0808,
	0x0C08,0x0808,0x0C0C,0x0F0C,0x0F0F,0x0F0F,0x0F0F,0x080F,
	0x0F0F,0x080F,0x0F0F,0x0F0F,0x0F0F,0x0F0F,0x0F0F,0x0F0F,

	0x080F,0x0F0F,0x0808,0x0F0F,0x0808,0x0F08,0x0F0F,0x0F0F,
	0x080F,0x0808,0x0808,0x080F,0x0808,0x0808,0x0808,0x0808,
	0x0808,0x0F08,0x0808,0x0808,0x0808,0x0808,0x0808,0x0808,
	0x0808,0x080C,0x0808,0x0C08,0x0808,0x0808,0x0C0C,0x060C,
	0x0606,0x0606,0x0606,0x0606,0x0606,0x0B06,0x0B0B,0x0202,
	0x0202,0x0B0B,0x0B0B,0x060B,0x0606,0x0606,0x0606,0x0606,
	0x0C0C,0x0C0C,0x0C08,0x080C,0x0808,0x0808,0x0808,0x0C0C,
	0x0C0C,0x0C0C,0x0C0C,0x0C0C,0x0F0C,0x0808,0x0808,0x0808,

	0x0808,0x080F,0x0F08,0x080F,0x0808,0x0F08,0x080F,0x0808,
	0x0508,0x0F08,0x080F,0x0F0F,0x0F0F,0x080F,0x0808,0x0808,
	0x0F08,0x0808,0x0F08,0x0808,0x0808,0x0F08,0x0808,0x0808,
	0x0808,0x0C08,0x0C0C,0x0C0C,0x0C0C,0x0C0C,0x0808,0x0F0F,
	0x050F,0x0F0F,0x0F0F,0x0F0F,0x0F0F,0x0F08,0x0F0F,0x0808,
	0x0C0C,0x080C,0x0C0C,0x080C,0x0F0F,0x080F,0x080F,0x080F,
	0x0F0F,0x080F,0x0F0F,0x0F0F,0x0F0F,0x0F0F,0x0F0F,0x080F,
	0x080F,0x0808,0x0F0F,0x080F,0x0808,0x0F08,0x0F0F,0x0808,

	0x080F,0x0F08,0x0F08,0x0F08,0x0F08,0x0F08,0x0808,0x080F,
	0x0808,0x0808,0x0808,0x0808,0x0808,0x0808,0x0808,0x0808,
	0x0808,0x080C,0x0808,0x0808,0x0808,0x0808,0x0C0C,0x060C,
	0x0C06,0x0C06,0x0606,0x0606,0x060B,0x0B06,0x0B0B,0x0A02,
	0x0202,0x060B,0x0606,0x0606,0x0606,0x0606,0x060C,0x0C06,
	0x060C,0x0C0C,0x0C08,0x0808,0x0808,0x0808,0x0808,0x0C0C,
	0x0C0C,0x0C0C,0x0C0C,0x0C0C,0x0F0C,0x080F,0x080F,0x0808,
	0x0808,0x0F08,0x0808,0x0808,0x0F08,0x0808,0x0F0F,0x0808,

	0x0808,0x0808,0x080F,0x0808,0x0F08,0x0F0F,0x080F,0x0808,
	0x0808,0x0F08,0x0F08,0x0C08,0x0808,0x080F,0x0808,0x0808,
	0x0F08,0x0C0F,0x0C0C,0x0C0C,0x0C0C,0x0C0C,0x0F0C,0x0F0F,
	0x0F0F,0x0F0F,0x0F0F,0x0F0F,0x0F08,0x0F08,0x0F0F,0x0808,
	0x0C0C,0x0C0C,0x0C0C,0x0F0C,0x0F0F,0x0C0F,0x0C0C,0x0F0C,
	0x0808,0x0F0F,0x0808,0x0F0F,0x0808,0x0C08,0x0C0C,0x0F08,
	0x0F08,0x080F,0x0F08,0x0808,0x080F,0x0808,0x0808,0x0808,
	0x0808,0x0808,0x0808,0x0808,0x0808,0x0808,0x0808,0x0808,

	0x0808,0x0808,0x0C08,0x080C,0x0808,0x0808,0x0808,0x0808,
	0x0808,0x0808,0x0808,0x0808,0x080C,0x0808,0x0C0C,0x0C08,
	0x0C0C,0x0C06,0x0606,0x0606,0x0606,0x0606,0x0606,0x0B06,
	0x0B0B,0x0606,0x0606,0x0606,0x0606,0x0606,0x0606,0x0606,
	0x060C,0x0C0C,0x0C0C,0x0808,0x0808,0x0C08,0x0C0C,0x060C,
	0x0C06,0x0C06,0x0C0C,0x0C0C,0x0C0C,0x0C0C,0x080C,0x080F,
	0x0808,0x0C08,0x0808,0x0808,0x0808,0x0808,0x0808,0x0808,
	0x0808,0x0808,0x080F,0x0808,0x0808,0x0808,0x0808,0x0808,

	0x0808,0x0808,0x0808,0x0808,0x0808,0x0F08,0x0808,0x0808,
	0x0C08,0x060C,0x0C0C,0x0C0C,0x0C08,0x0C0C,0x0C0C,0x0F0F,
	0x0F0F,0x0F0C,0x0F0F,0x080F,0x0808,0x0C0C,0x080C,0x0808,
	0x0808,0x0C0C,0x080C,0x0F0F,0x080F,0x0C0C,0x0C0C,0x0C0C,
	0x080C,0x0F08,0x0F08,0x0808,0x0C08,0x0C0C,0x0C0C,0x0C0C,
	0x080C,0x0808,0x080F,0x0808,0x0808,0x0808,0x0808,0x080C,
	0x0808,0x0808,0x0808,0x0808,0x0808,0x0808,0x0808,0x0808,
	0x0808,0x0808,0x0808,0x0808,0x0808,0x0808,0x0808,0x080C,

	0x0808,0x0808,0x0808,0x0808,0x0C08,0x0C0C,0x060C,0x0806,
	0x0C0C,0x0606,0x0606,0x0606,0x0606,0x0606,0x0606,0x0B06,
	0x0B0B,0x0606,0x0606,0x0606,0x0606,0x0606,0x060C,0x0606,
	0x0606,0x080C,0x0C08,0x0C0C,0x080C,0x0C08,0x0808,0x0608,
	0x0606,0x0606,0x0C06,0x0F08,0x080F,0x0F08,0x0808,0x0808,
	0x0808,0x0F08,0x0808,0x0808,0x0808,0x0808,0x0808,0x0808,
	0x0808,0x0808,0x0808,0x0808,0x0808,0x0808,0x0808,0x0808,
	0x0808,0x0808,0x0808,0x0808,0x0808,0x0808,0x080F,0x0F08,

	0x0C08,0x0C06,0x0C0C,0x0C0C,0x0C0C,0x0C0C,0x0F08,0x0F0F,
	0x0C0C,0x080F,0x0F0F,0x0C0F,0x0C0C,0x0C0C,0x0C0C,0x080C,
	0x0C0F,0x0C0C,0x080C,0x0F0F,0x0F08,0x0C0C,0x0C0C,0x0C0C,
	0x080C,0x0F08,0x0808,0x0F08,0x0C08,0x0C0C,0x0C0C,0x0C0C,
	0x0F0C,0x0F08,0x0808,0x0808,0x0808,0x0808,0x0808,0x0808,
	0x0808,0x0808,0x0808,0x0808,0x0808,0x0808,0x0808,0x0808,
	0x0808,0x0808,0x0808,0x0808,0x0808,0x0808,0x0808,0x080C,
	0x0808,0x0808,0x0808,0x0808,0x0808,0x0808,0x0608,0x0C0C,

	0x0C0C,0x0C0C,0x0606,0x0606,0x0606,0x0606,0x0606,0x0B06,
	0x060B,0x0606,0x0606,0x0606,0x0606,0x0C0C,0x0C06,0x0C06,
	0x0C06,0x0C0C,0x0C0C,0x0C08,0x080C,0x0808,0x0808,0x0608,
	0x0606,0x0606,0x0C06,0x080F,0x0808,0x0808,0x0808,0x0808,
	0x0808,0x0808,0x0808,0x0808,0x0808,0x0808,0x0808,0x0808,
	0x0808,0x0808,0x0808,0x0808,0x0808,0x0808,0x0808,0x0808,
	0x0808,0x0808,0x0808,0x0808,0x080F,0x0808,0x0808,0x0808,
	0x0C08,0x0606,0x0C0C,0x0C0C,0x0C0C,0x080C,0x0F08,0x0F0F,

	0x0C0C,0x0508,0x0F0F,0x0C0F,0x0C0C,0x0C0C,0x0C0C,0x080C,
	0x080F,0x0808,0x0F0F,0x080F,0x0C0C,0x0C0C,0x0C0C,0x0C0C,
	0x0C0C,0x0C0C,0x0F08,0x0F08,0x0808,0x0808,0x080F,0x0808,
	0x0808,0x0C08,0x0C0C,0x0808,0x0808,0x0808,0x0808,0x0808,
	0x0808,0x0808,0x0808,0x0808,0x0808,0x0808,0x080C,0x0808,
	0x0808,0x0808,0x0C08,0x0C0C,0x0808,0x0808,0x0808,0x0808,
	0x0808,0x0808,0x0808,0x0C0C,0x0C08,0x080C,0x080C,0x0C0C,
	0x0C0C,0x0C06,0x0606,0x0606,0x0606,0x0606,0x0606,0x0B06,

	0x060B,0x0606,0x0606,0x0606,0x0606,0x0606,0x0C0C,0x0C0C,
	0x0C0C,0x0C0C,0x0C0C,0x0C08,0x080C,0x0808,0x0808,0x0808,
	0x0808,0x0808,0x0808,0x0808,0x0808,0x0808,0x0808,0x0808,
	0x0808,0x0808,0x0808,0x0808,0x0808,0x0808,0x0808,0x0808,
	0x0808,0x0808,0x0808,0x0808,0x0808,0x0808,0x0808,0x0808,
	0x0808,0x0808,0x0608,0x0C06,0x0C0C,0x0C0C,0x0808,0x0808,
	0x0608,0x0C06,0x0C0C,0x0C0C,0x0C0C,0x080C,0x0F08,0x0C08,
	0x0C0C,0x0C0C,0x080C,0x0C0C,0x0C0C,0x0C0C,0x0C0C,0x0C0C,

	0x0F0F,0x0808,0x0F0F,0x080F,0x0808,0x0C0C,0x0C0C,0x0C0C,
	0x0C0C,0x0606,0x0C06,0x0808,0x080F,0x0808,0x0808,0x080F,
	0x0F08,0x0808,0x0F08,0x0808,0x0808,0x0808,0x0808,0x0808,
	0x0808,0x0808,0x0808,0x0808,0x0808,0x0808,0x0808,0x0808,
	0x0C0C,0x0C0C,0x0C0C,0x0C0C,0x080C,0x0808,0x0808,0x0808,
	0x0808,0x0808,0x0808,0x080C,0x0C0C,0x060C,0x0C08,0x0C06,
	0x0C0C,0x0606,0x0C0C,0x0606,0x0606,0x0606,0x0606,0x0B06,
	0x060B,0x0606,0x0606,0x0606,0x0606,0x0C06,0x0C0C,0x0C06,

	0x0C0C,0x0C0C,0x0C0C,0x0C0C,0x080C,0x0808,0x0808,0x0808,
	0x0808,0x0808,0x0808,0x0808,0x0808,0x0808,0x0808,0x0808,
	0x0808,0x0808,0x0808,0x0808,0x0808,0x0808,0x0808,0x0808,
	0x0808,0x0808,0x0808,0x0808,0x0808,0x0808,0x0808,0x0808,
	0x0808,0x0808,0x0606,0x0C06,0x0C0C,0x0C0C,0x0C0C,0x0808,
	0x0F0F,0x060F,0x0606,0x0606,0x0C0C,0x0C0C,0x0C08,0x0C08,
	0x0C0C,0x0C0C,0x0808,0x080C,0x0C0C,0x0C0C,0x0C0C,0x0C0C,
	0x0F08,0x0808,0x0F0F,0x0808,0x0808,0x0C0C,0x0C0C,0x0C0C,

	0x0C0C,0x0C06,0x0C0C,0x0808,0x0808,0x0808,0x0808,0x0808,
	0x0808,0x0808,0x0808,0x0808,0x0808,0x0808,0x0808,0x0808,
	0x0808,0x0808,0x0808,0x0808,0x0808,0x0808,0x0808,0x0C08,
	0x0C0C,0x0C0C,0x0C0C,0x0C0C,0x080C,0x0808,0x0808,0x0808,
	0x0808,0x0808,0x0808,0x0808,0x0808,0x0606,0x0C08,0x0C0C,
	0x0C0C,0x0606,0x0C0C,0x060C,0x0606,0x0606,0x0606,0x0B06,
	0x060B,0x0606,0x0606,0x0C06,0x0C06,0x0C06,0x0C0C,0x0C06,
	0x0C0C,0x0C0C,0x0C0C,0x0C0C,0x0C0C,0x0C0C,0x0808,0x0808,

	0x0808,0x0808,0x0808,0x0808,0x0808,0x0808,0x0808,0x0808,
	0x0808,0x0808,0x0808,0x0808,0x0808,0x0808,0x0808,0x0808,
	0x0808,0x0808,0x0808,0x0808,0x0808,0x0808,0x0808,0x0808,
	0x0808,0x0808,0x0606,0x0C0C,0x0C0C,0x0C0C,0x0C0C,0x0808,
	0x0808,0x0608,0x0606,0x0C06,0x0C0C,0x0C0C,0x0C0C,0x0C08,
	0x0C0C,0x0C0C,0x0C0C,0x0C0C,0x0C08,0x0C0C,0x0C0C,0x0C0C,
	0x0808,0x0808,0x0C0C,0x080C,0x0808,0x0C08,0x0C0C,0x0C0C,
	0x060C,0x060C,0x0C06,0x0808,0x0808,0x0808,0x0808,0x0808,

	0x0808,0x0808,0x0808,0x0808,0x0808,0x0808,0x0808,0x0808,
	0x0C08,0x0C0C,0x080C,0x0808,0x0808,0x0808,0x0808,0x0808,
	0x0808,0x0808,0x0C08,0x0C0C,0x0C0C,0x0C06,0x0808,0x0808,
	0x080C,0x080C,0x0808,0x080C,0x0608,0x0C0C,0x0C0C,0x0C0C,
	0x0C0C,0x0C0C,0x0C0C,0x0C06,0x060C,0x0606,0x0606,0x0B06,
	0x060B,0x0606,0x0606,0x0C06,0x0C06,0x0C0C,0x0C0C,0x0C0C,
	0x0C0C,0x0C0C,0x060C,0x080C,0x0C0C,0x0808,0x0C08,0x0808,
	0x0808,0x0C08,0x0C08,0x0808,0x080C,0x0808,0x0808,0x0808,

	0x0808,0x0808,0x0808,0x0C0C,0x0C0C,0x0808,0x0808,0x0808,
	0x0808,0x0808,0x0C08,0x0C0C,0x0808,0x0808,0x0808,0x0808,
	0x0808,0x0606,0x0606,0x0C0C,0x0C0C,0x0C0C,0x0C0C,0x080C,
	0x0808,0x0808,0x0608,0x0C06,0x0C0C,0x0C0C,0x0C0C,0x0C0C,
	0x0C0C,0x0C0C,0x0C0C,0x080C,0x0C08,0x0808,0x0808,0x0808,
	0x0C0C,0x080C,0x0C0C,0x080C,0x0808,0x080F,0x0808,0x0C0C,
	0x0C0C,0x0C0C,0x0C0C,0x0808,0x0808,0x0808,0x0808,0x0808,
	0x0808,0x0808,0x0808,0x0808,0x0808,0x0808,0x0808,0x0808,

	0x0C08,0x0C0C,0x080C,0x0C0C,0x0808,0x0808,0x0808,0x0808,
	0x0808,0x0C08,0x0C08,0x080C,0x0808,0x0808,0x0C08,0x0C0C,
	0x0808,0x0808,0x0808,0x0C0C,0x0C0C,0x0C0C,0x0C0C,0x0C0C,
	0x0C0C,0x0C0C,0x0C0C,0x060C,0x060C,0x0606,0x0606,0x0B06,
	0x060B,0x0606,0x0606,0x0C0C,0x0C0C,0x0C0C,0x0C0C,0x0C0C,
	0x0C0C,0x0C0C,0x0C0C,0x0C0C,0x0C0C,0x0C0C,0x0C0C,0x080C,
	0x0808,0x0808,0x0808,0x0808,0x0808,0x0808,0x0808,0x0C08,
	0x080C,0x0C0C,0x0C0C,0x0C0C,0x0C0C,0x0C0C,0x0C0C,0x0808,

	0x0808,0x0808,0x0808,0x0808,0x0808,0x0808,0x0808,0x0808,
	0x0808,0x0606,0x0C06,0x0C0C,0x0C0C,0x0C0C,0x0C0C,0x080C,
	0x0808,0x0808,0x0C0C,0x0C0C,0x0C0C,0x0C0C,0x0C0C,0x0C0C,
	0x0C0C,0x0C0C,0x080C,0x0808,0x0808,0x0F0F,0x0808,0x0808,
	0x0C0C,0x0C0C,0x0C0C,0x080C,0x0808,0x0808,0x0808,0x0C0C,
	0x0C0C,0x0C0C,0x0C0C,0x0808,0x0808,0x0808,0x0808,0x0808,
	0x0808,0x0808,0x0808,0x0808,0x0808,0x0808,0x0808,0x0808,
	0x0C0C,0x0C0C,0x0C0C,0x0C0C,0x0808,0x0808,0x0808,0x0808,

	0x0808,0x0808,0x0808,0x0808,0x0808,0x0808,0x0C08,0x0C0C,
	0x0808,0x0C0C,0x080C,0x0C08,0x0C0C,0x0C08,0x0C08,0x0C0C,
	0x0C0C,0x0C0C,0x0C0C,0x0C0C,0x060C,0x0606,0x0C0C,0x0606,
	0x0606,0x0C06,0x0606,0x0C0C,0x0C0C,0x0C0C,0x0C0C,0x0C0C,
	0x0C0C,0x0C0C,0x0C0C,0x0C0C,0x0C0C,0x0C0C,0x0C0C,0x080C,
	0x0C0C,0x0808,0x0808,0x0808,0x0808,0x0808,0x0808,0x0C0C,
	0x0C0C,0x0C0C,0x0C0C,0x0C0C,0x0C0C,0x0C0C,0x0C0C,0x0808,
	0x0808,0x0808,0x0808,0x0808,0x0808,0x0808,0x0808,0x0808,

	0x0808,0x0606,0x0C06,0x0C0C,0x0C0C,0x0C0C,0x0C0C,0x0808,
	0x0F08,0x0808,0x0C0C,0x0C0C,0x0C0C,0x0C0C,0x0C0C,0x0C0C,
	0x0C0C,0x0C0C,0x080C,0x0808,0x0808,0x0808,0x0808,0x0808,
	0x0C0C,0x0C0C,0x0C0C,0x0808,0x0808,0x080F,0x0808,0x0C0C,
	0x0C0C,0x0C0C,0x0C0C,0x0808,0x0808,0x0808,0x0808,0x0808,
	0x0808,0x0808,0x0C08,0x0C0C,0x080C,0x0808,0x0C08,0x0C0C,
	0x0C0C,0x0C0C,0x0C0C,0x0C0C,0x0C0C,0x080C,0x0808,0x0808,
	0x0808,0x0808,0x0808,0x0808,0x080C,0x0808,0x0808,0x080C,

	0x080C,0x0C08,0x0C0C,0x0C0C,0x0C0C,0x0C0C,0x0C0C,0x0C0C,
	0x0C0C,0x0C0C,0x0806,0x0A04,0x0104,0x0101,0x0303,0x0101,
	0x0803,0x060C,0x0606,0x0C06,0x0C06,0x0C0C,0x0C0C,0x0C0C,
	0x0C0C,0x0C0C,0x0C0C,0x0C0C,0x0C0C,0x0C0C,0x0C0C,0x0C0C,
	0x080C,0x0C08,0x080C,0x0808,0x0C08,0x0C0C,0x0C0C,0x0C06,
	0x060C,0x0606,0x0C0C,0x0C0C,0x0C0C,0x0C0C,0x0C0C,0x0C0C,
	0x080C,0x0808,0x0808,0x0808,0x0808,0x0808,0x0808,0x0C08,
	0x080C,0x0606,0x0C06,0x0C0C,0x0C0C,0x080C,0x0808,0x0808,

	0x0808,0x0C06,0x0C0C,0x0C0C,0x0C0C,0x0C0C,0x0C0C,0x0C0C,
	0x0C0C,0x080C,0x0808,0x0808,0x0808,0x0808,0x0808,0x0C0C,
	0x0808,0x0C0C,0x0C0C,0x0F0C,0x0808,0x0808,0x0808,0x0808,
	0x0C0C,0x0606,0x0806,0x0808,0x0808,0x0808,0x0808,0x0808,
	0x0808,0x0808,0x0808,0x0C08,0x0808,0x0808,0x0808,0x0808,
	0x0608,0x0606,0x060C,0x0606,0x060C,0x0C06,0x0C0C,0x0C0C,
	0x080C,0x0808,0x0C08,0x0808,0x0808,0x0808,0x0808,0x0C08,
	0x0C08,0x0C0C,0x0C08,0x0C0C,0x0C0C,0x0C0C,0x080C,0x0407,

	0x070A,0x0404,0x0707,0x0404,0x0304,0x0303,0x0303,0x0103,
	0x0606,0x0303,0x0C03,0x0C06,0x0606,0x0606,0x0303,0x0101,
	0x0303,0x0101,0x0C07,0x0C0C,0x0C06,0x0C0C,0x0C08,0x080C,
	0x0C08,0x080C,0x0808,0x0808,0x0808,0x0808,0x0808,0x0808,
	0x0606,0x0606,0x0C06,0x0C0C,0x080C,0x0808,0x0808,0x0808,
	0x0808,0x0808,0x0808,0x0C08,0x080C,0x0808,0x0808,0x0808,
	0x0808,0x0808,0x0606,0x0C0C,0x0C0C,0x0808,0x0808,0x0808,
	0x0C08,0x0C0C,0x0C0C,0x0C0C,0x0C0C,0x060C,0x0C06,0x0C0C,

	0x0C0C,0x0808,0x0808,0x0808,0x0808,0x0808,0x0C0C,0x0C0C,
	0x0808,0x0C0C,0x0C0C,0x080C,0x0808,0x0808,0x0808,0x0808,
	0x0C0C,0x0606,0x0806,0x0808,0x0808,0x0808,0x0808,0x0808,
	0x0808,0x0808,0x0808,0x0808,0x0808,0x0808,0x0808,0x0808,
	0x0608,0x0606,0x0C06,0x0606,0x0C0C,0x0606,0x0C0C,0x0C0C,
	0x080C,0x0808,0x0808,0x0808,0x0808,0x080C,0x0C0C,0x0C0C,
	0x0C0C,0x0C0C,0x0C0C,0x0C0C,0x0C0C,0x0A0C,0x0404,0x0404,
	0x040A,0x0404,0x0404,0x0404,0x0304,0x0303,0x0303,0x010C,

	0x0C03,0x030C,0x0303,0x0303,0x0303,0x0303,0x0303,0x0C03,
	0x030C,0x0C0C,0x0C07,0x0C0C,0x0C0C,0x0C0C,0x0C0C,0x0C0C,
	0x0C08,0x080C,0x0808,0x0808,0x0808,0x080C,0x0808,0x080C,
	0x0606,0x060C,0x0606,0x0C0C,0x0808,0x080C,0x0808,0x0808,
	0x0808,0x0808,0x0808,0x0C08,0x0808,0x0808,0x0808,0x0808,
	0x0808,0x0808,0x0C06,0x0C0C,0x0C0C,0x0808,0x0808,0x0808,
	0x0C08,0x0C0C,0x0C0C,0x0C0C,0x0C0C,0x060C,0x0606,0x0C0C,
	0x0C0C,0x0808,0x0808,0x0808,0x0808,0x0C08,0x0C0C,0x0C0C,

	0x0808,0x0C0C,0x0C0C,0x0C0C,0x0C0C,0x0808,0x0808,0x0808,
	0x0C0C,0x0808,0x0808,0x0808,0x0808,0x060C,0x0606,0x0808,
	0x0808,0x0808,0x0808,0x0808,0x0808,0x0808,0x0808,0x0808,
	0x0808,0x0808,0x0808,0x0808,0x0608,0x0606,0x0806,0x0808,
	0x0808,0x080C,0x080C,0x0C0C,0x0808,0x0808,0x080C,0x0C0C,
	0x0C08,0x0C08,0x0806,0x0C0C,0x0C0C,0x0408,0x0404,0x0404,
	0x040A,0x0A04,0x0A0A,0x0A0A,0x040A,0x040E,0x0704,0x0707,
	0x0707,0x0707,0x0707,0x0707,0x0101,0x0101,0x0C0C,0x030C,

	0x0303,0x0303,0x0C07,0x0C0C,0x0C0C,0x0C0C,0x0C0C,0x0C0C,
	0x0C08,0x0C08,0x0C0C,0x080C,0x0C08,0x0808,0x0C08,0x080C,
	0x0808,0x0808,0x0C0C,0x0C08,0x080C,0x0C08,0x0808,0x0808,
	0x0808,0x0808,0x0C08,0x0C0C,0x0C0C,0x0808,0x0808,0x0808,
	0x0808,0x0808,0x0C08,0x0C0C,0x0C0C,0x080C,0x0808,0x0C08,
	0x0C0C,0x0C0C,0x0C0C,0x0C0C,0x0C0C,0x0C0C,0x0C0C,0x0C0C,
	0x080C,0x0808,0x0C0C,0x0C0C,0x0C0C,0x0C0C,0x0C0C,0x0C0C,
	0x0C0C,0x060C,0x0C06,0x0C0C,0x0C0C,0x0C0C,0x0C0C,0x0808,

	0x0808,0x0808,0x0808,0x0C08,0x0C0C,0x0606,0x0606,0x0606,
	0x0808,0x0808,0x0808,0x0808,0x0808,0x0808,0x080C,0x0808,
	0x0808,0x0808,0x080C,0x0808,0x0808,0x0C08,0x0C08,0x0C0C,
	0x0808,0x0808,0x0C0C,0x0C08,0x0C08,0x0C0C,0x0C0C,0x0C0C,
	0x0C08,0x0C0C,0x0C08,0x0C08,0x0C0C,0x0A0C,0x0A0A,0x0A0A,
	0x040A,0x040A,0x0A04,0x0404,0x0304,0x0303,0x0103,0x0C03,
	0x030C,0x0301,0x0303,0x0103,0x0101,0x0108,0x0801,0x0407,
	0x0404,0x0404,0x0C07,0x0C0C,0x0C0C,0x0C0C,0x0C0C,0x0C0C,

	0x0C0C,0x0C08,0x0C0C,0x0C0C,0x0C0C,0x0C0C,0x0C0C,0x0C08,
	0x0808,0x0C08,0x0808,0x0808,0x080C,0x0C08,0x0808,0x0808,
	0x0808,0x0808,0x0C08,0x0C08,0x0C0C,0x0C0C,0x0808,0x0C08,
	0x0808,0x080C,0x0608,0x0C0C,0x0C0C,0x0C0C,0x0C0C,0x0C0C,
	0x0C0C,0x0C0C,0x0C0C,0x0C0C,0x060C,0x0606,0x0C0C,0x0C0C,
	0x0C0C,0x0C0C,0x0C0C,0x0C0C,0x0C0C,0x0C0C,0x0C0C,0x0C0C,
	0x0C0C,0x060C,0x0C0C,0x0C0C,0x0C0C,0x0C0C,0x0C0C,0x0808,
	0x0808,0x0808,0x0808,0x0C08,0x0C0C,0x060C,0x0606,0x0C06,

	0x0808,0x0808,0x0808,0x0808,0x0808,0x0808,0x0808,0x0808,
	0x0808,0x0808,0x0808,0x0808,0x0C08,0x080C,0x0C08,0x0C0C,
	0x0808,0x0C08,0x0C0C,0x0808,0x0C0C,0x0C0C,0x0808,0x0C0C,
	0x0808,0x080C,0x0C0C,0x0C0C,0x080C,0x0C0C,0x040A,0x0404,
	0x0A04,0x0404,0x0404,0x040A,0x0104,0x0101,0x0101,0x0301,
	0x0303,0x0301,0x0301,0x0103,0x0703,0x0301,0x0303,0x0303,
	0x0303,0x0703,0x0C0C,0x0C0C,0x0C0C,0x0C0C,0x0C0C,0x0C0C,
	0x0C0C,0x0C0C,0x0C0C,0x080C,0x0C0C,0x0C0C,0x0C08,0x0C0C,

	0x0808,0x0808,0x080C,0x0C08,0x0C08,0x080C,0x0808,0x080C,
	0x0808,0x0808,0x0C0C,0x080C,0x0C08,0x080C,0x0C0C,0x0808,
	0x0808,0x0C0C,0x0608,0x0C0C,0x0C0C,0x0C0C,0x0C0C,0x0C0C,
	0x0C0C,0x0C0C,0x0C0C,0x0C0C,0x060C,0x0606,0x0C0C,0x0C0C,
	0x0C0C,0x0C0C,0x0C0C,0x0C0C,0x0C0C,0x0C0C,0x0C0C,0x0C0C,
	0x0C0C,0x0C0C,0x0C0C,0x0C0C,0x0C0C,0x0C0C,0x0C0C,0x080C,
	0x0808,0x0C08,0x0808,0x0C0C,0x0C0C,0x0C0C,0x060C,0x0606,
	0x080C,0x0808,0x0C08,0x0808,0x0C08,0x0C08,0x0808,0x0C08,

	0x0808,0x080C,0x0C08,0x080C,0x080C,0x0808,0x0C08,0x0C08,
	0x0C0C,0x0C0C,0x0C08,0x0C0C,0x0C08,0x0C0C,0x0C0C,0x0C08,
	0x0C0C,0x0C0C,0x0C0C,0x0C0C,0x0C0C,0x060C,0x040A,0x0404,
	0x040A,0x0404,0x0404,0x040A,0x0304,0x030C,0x0303,0x0103,
	0x0303,0x0303,0x0301,0x0303,0x0C03,0x0303,0x0303,0x030C,
	0x0303,0x0703,0x0C0C,0x0C0C,0x0C0C,0x0C0C,0x0C0C,0x0C0C,
	0x0C0C,0x0C0C,0x080C,0x0C0C,0x0606,0x0606,0x0C0C,0x0C0C,
	0x080C,0x0C0C,0x080C,0x0C0C,0x0C0C,0x0C0C,0x0808,0x0C0C,

	0x0606,0x0606,0x0C08,0x0C08,0x080C,0x080C,0x0C08,0x0C0C,
	0x0608,0x0606,0x0606,0x0C0C,0x0C0C,0x0C0C,0x0C0C,0x0C0C,
	0x0C0C,0x0606,0x0C0C,0x060C,0x0606,0x0606,0x0606,0x0C0C,
	0x0C0C,0x0C0C,0x0C0C,0x0C0C,0x0C0C,0x0C0C,0x0606,0x0C0C,
	0x0806,0x0808,0x0606,0x0C06,0x0C0C,0x0C0C,0x0C0C,0x0808,
	0x0C08,0x0C0C,0x080C,0x0C08,0x0C0C,0x0C0C,0x0C0C,0x060C,
	0x0806,0x0808,0x080C,0x0C08,0x0808,0x0808,0x0808,0x0808,
	0x0808,0x0808,0x080C,0x0808,0x0808,0x0808,0x0C0C,0x0C0C,

	0x0C08,0x060C,0x0C06,0x0C0C,0x0C0C,0x0C0C,0x0C0C,0x0C0C,
	0x0C0C,0x080C,0x0C0C,0x0C0C,0x0C08,0x060C,0x0404,0x0404,
	0x0A0A,0x0A0A,0x0A0A,0x0404,0x0304,0x0303,0x0C0C,0x0303,
	0x0103,0x0101,0x0707,0x0707,0x0707,0x0707,0x0707,0x0707,
	0x0101,0x0701,0x0C01,0x0C0C,0x0C0C,0x0C0C,0x0C0C,0x0C0C,
	0x0C0C,0x0C0C,0x060C,0x0606,0x0606,0x0606,0x0606,0x0C0C,
	0x0C0C,0x0C08,0x0C0C,0x0C0C,0x0C0C,0x0C08,0x0C0C,0x0C08,
	0x080C,0x0C0C,0x0C0C,0x0C0C,0x080C,0x0C0C,0x080C,0x0606,

	0x0606,0x0C06,0x0C0C,0x0C0C,0x0C0C,0x0C0C,0x060C,0x0606,
	0x0C06,0x0C06,0x0606,0x0606,0x0606,0x0606,0x0606,0x0606,
	0x0606,0x0C0C,0x0C0C,0x0606,0x0606,0x0606,0x0606,0x0C06,
	0x0806,0x0808,0x0C06,0x0C0C,0x0C0C,0x0C0C,0x0C0C,0x080C,
	0x0C0C,0x0C0C,0x080C,0x0C08,0x0C0C,0x0C0C,0x0C0C,0x060C,
	0x0806,0x0808,0x0808,0x0808,0x0808,0x0808,0x0808,0x0808,
	0x0C0C,0x0808,0x080C,0x0808,0x0C0C,0x0C08,0x080C,0x080C,
	0x0C08,0x060C,0x0C06,0x0C0C,0x0C0C,0x0C0C,0x0C0C,0x0C0C,

	0x0C08,0x0C0C,0x080C,0x0C0C,0x0C0C,0x0A0C,0x0A0A,0x0404,
	0x0404,0x0404,0x0404,0x0404,0x0307,0x0303,0x0303,0x0303,
	0x0303,0x0303,0x0303,0x0303,0x0303,0x0303,0x0303,0x0303,
	0x0303,0x0303,0x0C07,0x0C0C,0x0C0C,0x0C0C,0x0C0C,0x0C0C,
	0x0C0C,0x0C0C,0x060C,0x0606,0x0606,0x060C,0x0606,0x0C0C,
	0x0C0C,0x0C0C,0x0C08,0x0C0C,0x0C0C,0x0808,0x0C0C,0x0C08,
	0x0C0C,0x0C0C,0x0C0C,0x080C,0x080C,0x0C08,0x0C08,0x0606,
	0x0606,0x0C0C,0x0C0C,0x0C0C,0x0C0C,0x0C0C,0x060C,0x0606,

	0x0C06,0x0606,0x0606,0x0606,0x0606,0x0606,0x0606,0x0606,
	0x0606,0x0C0C,0x0C0C,0x0606,0x0606,0x0606,0x0606,0x0606,
	0x0C0C,0x060C,0x0C0C,0x0C0C,0x0C0C,0x0C0C,0x0C0C,0x0C0C,
	0x0C0C,0x0C0C,0x0C0C,0x0C0C,0x0C0C,0x0C0C,0x060C,0x0606,
	0x0806,0x080C,0x080C,0x0C08,0x0606,0x0606,0x0C08,0x0C08,
	0x0C08,0x080C,0x0C08,0x080C,0x0C08,0x0C0C,0x0808,0x0C0C,
	0x0606,0x0606,0x0606,0x0606,0x0C0C,0x080C,0x0C0C,0x0C0C,
	0x0C0C,0x0C0C,0x0C0C,0x0C0C,0x0C0C,0x040C,0x0404,0x0404,

	0x0404,0x0404,0x0404,0x0A04,0x040A,0x0704,0x0707,0x0107,
	0x0301,0x0C03,0x0C0C,0x030C,0x0303,0x0303,0x0303,0x0303,
	0x0303,0x0303,0x0C01,0x0C0C,0x0C0C,0x0C0C,0x0C0C,0x060C,
	0x0606,0x0606,0x0606,0x0606,0x0606,0x0606,0x0606,0x0606,
	0x0606,0x0C06,0x060C,0x0C0C,0x0C0C,0x0C0C,0x0C08,0x0C0C,
	0x0C0C,0x0C0C,0x0C0C,0x0C08,0x0C0C,0x0C08,0x060C,0x0606,
	0x0606,0x0C06,0x0C0C,0x0C0C,0x060C,0x0C06,0x060C,0x0606,
	0x0606,0x0606,0x0606,0x060C,0x0606,0x0606,0x0606,0x0C0C,

	0x0C0C,0x0C0C,0x0C0C,0x0C08,0x0C0C,0x0C0C,0x080C,0x0C0C,
	0x0C0C,0x0C0C,0x0C0C,0x0C0C,0x0C0C,0x0C0C,0x0C0C,0x0C0C,
	0x0C0C,0x0C0C,0x0C0C,0x0C0C,0x0C0C,0x0C0C,0x0C06,0x0606,
	0x0808,0x080C,0x0808,0x0606,0x0606,0x0606,0x0C0C,0x0C0C,
	0x0C0C,0x0C0C,0x0C0C,0x0C0C,0x0C0C,0x0C0C,0x060C,0x0606,
	0x0606,0x0606,0x0606,0x0606,0x0606,0x0606,0x0606,0x0C0C,
	0x0C0C,0x0C08,0x0C0C,0x0C0C,0x0C0C,0x040C,0x0404,0x0A0A,
	0x0A0A,0x0A0A,0x0A0A,0x040A,0x0704,0x0407,0x0707,0x0707,

	0x0707,0x0707,0x0404,0x0704,0x0407,0x0707,0x0707,0x0707,
	0x0707,0x0407,0x0C07,0x0C0C,0x0C0C,0x0C0C,0x0C0C,0x0C0C,
	0x0C0C,0x0C0C,0x0C0C,0x0C0C,0x0C0C,0x0C0C,0x0C0C,0x0C0C,
	0x0C0C,0x0C0C,0x0C0C,0x0C0C,0x0C0C,0x0C0C,0x0C0C,0x0C0C,
	0x0C0C,0x0C0C,0x0C0C,0x080C,0x0C06,0x0606,0x0606,0x0C06,
	0x0606,0x0606,0x0606,0x0606,0x0606,0x0606,0x0606,0x060C,
	0x0606,0x0C0C,0x080C,0x0808,0x0C0C,0x0C0C,0x0C0C,0x0C08,
	0x0C0C,0x080C,0x0C0C,0x0C0C,0x080C,0x080C,0x0C0C,0x0C0C,

	0x0C0C,0x0C0C,0x0C0C,0x0C0C,0x060C,0x0C06,0x0C0C,0x0C0C,
	0x0C0C,0x0C0C,0x0C0C,0x0C0C,0x0C0C,0x0C0C,0x0606,0x0606,
	0x0C08,0x0C0C,0x0C08,0x0606,0x0606,0x0606,0x0C06,0x0C0C,
	0x0C0C,0x0C0C,0x0C0C,0x0C0C,0x0C0C,0x0808,0x0606,0x0C06,
	0x0606,0x0606,0x0C0C,0x0606,0x0606,0x0606,0x0C06,0x0C0C,
	0x0C0C,0x0C0C,0x0C0C,0x0C0C,0x0C0C,0x070C,0x0A0A,0x0A04,
	0x0A0A,0x000A,0x0404,0x0404,0x0304,0x0303,0x0303,0x0303,
	0x0301,0x0A03,0x0A0A,0x0A0A,0x0404,0x0707,0x0707,0x0707,

	0x0707,0x0C07,0x0C0C,0x0C0C,0x0C0C,0x0C0C,0x0C0C,0x0C0C,
	0x0C0C,0x0C0C,0x0C0C,0x0C0C,0x0C0C,0x0C08,0x0C0C,0x0C0C,
	0x0C0C,0x0C0C,0x0C0C,0x0C0C,0x0C0C,0x0C0C,0x0C0C,0x0C0C,
	0x0C0C,0x0C0C,0x0C0C,0x0C0C,0x0606,0x0606,0x0606,0x0606,
	0x0606,0x0606,0x0606,0x0606,0x0606,0x0606,0x0606,0x0606,
	0x0606,0x0C0C,0x0C0C,0x0C08,0x0C0C,0x0C0C,0x0C0C,0x0C0C,
	0x0C0C,0x0C0C,0x0C0C,0x0C0C,0x0C0C,0x0C0C,0x080C,0x0C0C,
	0x0C0C,0x0C0C,0x0606,0x0C06,0x0606,0x0606,0x0606,0x0C06,

	0x0C0C,0x060C,0x0606,0x0C0C,0x0C0C,0x0C0C,0x0C0C,0x0C0C,
	0x0C06,0x0C0C,0x0C0C,0x0C0C,0x0C0C,0x0606,0x0606,0x0C06,
	0x0C0C,0x0C0C,0x0C0C,0x0C0C,0x0C0C,0x0C0C,0x0C0C,0x0C0C,
	0x0C0C,0x0C0C,0x0C0C,0x0606,0x0C06,0x0C0C,0x0C0C,0x0C0C,
	0x0C0C,0x0C0C,0x0C0C,0x0C0C,0x0C0C,0x0C0C,0x0A0A,0x0404,
	0x0A0A,0x000A,0x0404,0x0404,0x0304,0x0103,0x0103,0x0103,
	0x0301,0x0003,0x0A0A,0x0A0A,0x0704,0x0703,0x0303,0x0303,
	0x0301,0x0C01,0x0C0C,0x0C0C,0x0C0C,0x0C0C,0x0C0C,0x0C0C,

	0x0C0C,0x0C0C,0x0C0C,0x0C0C,0x0C0C,0x0C0C,0x0C0C,0x0C0C,
	0x0C0C,0x080C,0x0C0C,0x0C0C,0x0C0C,0x0C0C,0x0C0C,0x0C0C,
	0x0C0C,0x0C0C,0x0C0C,0x0606,0x060C,0x0606,0x0C0C,0x060C,
	0x0606,0x0606,0x0606,0x0606,0x0606,0x0606,0x0606,0x0606,
	0x0606,0x0606,0x0606,0x0C06,0x0C0C,0x0C0C,0x0C0C,0x0C0C,
	0x0C0C,0x0C0C,0x0C0C,0x0C0C,0x080C,0x0C0C,0x0C0C,0x0C0C,
	0x0606,0x0606,0x0606,0x0606,0x0606,0x0606,0x0606,0x0606,
	0x0C06,0x0C06,0x0606,0x0606,0x0C06,0x0C0C,0x0C0C,0x060C,

	0x0C06,0x0606,0x0C0C,0x0C0C,0x0606,0x0606,0x0606,0x0C06,
	0x0C0C,0x0C0C,0x0C0C,0x0C0C,0x0C0C,0x0C0C,0x0C0C,0x0C0C,
	0x0C0C,0x0C0C,0x0C0C,0x0C0C,0x0C0C,0x0C0C,0x0C0C,0x0C0C,
	0x0C0C,0x0C0C,0x0C0C,0x0C0C,0x0C0C,0x0C0C,0x040A,0x0404,
	0x0A0A,0x0A0A,0x0404,0x0404,0x0304,0x0303,0x0303,0x0303,
	0x0301,0x0003,0x0A0A,0x000A,0x0704,0x0103,0x0303,0x0303,
	0x0303,0x0C01,0x0C0C,0x0C0C,0x0C0C,0x0C0C,0x060C,0x0C0C,
	0x0C0C,0x0C0C,0x0C0C,0x0C0C,0x0C0C,0x0C0C,0x0C0C,0x0C0C,

	0x0C0C,0x0C0C,0x0C0C,0x0C0C,0x0C0C,0x0C0C,0x0C0C,0x060C,
	0x0606,0x0C06,0x0C0C,0x0C0C,0x0C0C,0x0C0C,0x0C0C,0x0C0C,
	0x0C0C,0x0C0C,0x0C0C,0x0C0C,0x0C0C,0x0C0C,0x0C0C,0x0C0C,
	0x0C0C,0x0C0C,0x0C0C,0x0C0C,0x0C0C,0x0C0C,0x0C0C,0x0C0C,
	0x0C0C,0x0C0C,0x0C0C,0x0C0C,0x0C0C,0x0C0C,0x0C0C,0x0C0C,
	0x0606,0x0606,0x0606,0x0606,0x0606,0x0606,0x0606,0x0606,
	0x060C,0x0606,0x0606,0x0606,0x0C06,0x0C0C,0x0C0C,0x060C,
	0x0606,0x0606,0x0C0C,0x0C0C,0x0C0C,0x060C,0x0606,0x0C06,

	0x0C0C,0x0C0C,0x0C0C,0x0C0C,0x0C0C,0x0C0C,0x0C0C,0x0C0C,
	0x0C0C,0x0C0C,0x0C0C,0x0C0C,0x0C0C,0x0C0C,0x0C0C,0x0C0C,
	0x0C0C,0x0C0C,0x0C0C,0x0C0C,0x0C0C,0x0C0C,0x040A,0x0404,
	0x0A0A,0x0A0A,0x0404,0x0404,0x0304,0x0C03,0x0103,0x0101,
	0x0301,0x0003,0x0A0A,0x0A0A,0x0707,0x0103,0x0103,0x0101,
	0x0303,0x0C0C,0x0C0C,0x0C0C,0x0C0C,0x0C0C,0x0C0C,0x0C0C,
	0x0C0C,0x0C0C,0x0C0C,0x0C0C,0x0C0C,0x0C0C,0x0C0C,0x0C0C,
	0x0C0C,0x0C0C,0x0C0C,0x0C0C,0x0C0C,0x0C0C,0x0C0C,0x0C0C,

	0x0606,0x0C06,0x0C0C,0x0C0C,0x0C0C,0x0C0C,0x0C0C,0x0C0C,
	0x0C0C,0x0C0C,0x0C0C,0x0C0C,0x0C0C,0x0C0C,0x0C0C,0x0C0C,
	0x0C0C,0x0C0C,0x0C0C,0x0C0C,0x0C0C,0x0C0C,0x0C0C,0x0C0C,
	0x0C0C,0x0C0C,0x060C,0x0C0C,0x0C0C,0x0C0C,0x0C0C,0x0C0C,
	0x0606,0x0606,0x0606,0x0606,0x0C06,0x0606,0x0606,0x0606,
	0x0606,0x0606,0x0606,0x0606,0x0606,0x0606,0x0606,0x0606,
	0x0606,0x0606,0x060C,0x0606,0x060C,0x0606,0x0C06,0x0C0C,
	0x060C,0x0606,0x0C0C,0x0C0C,0x0C0C,0x0C0C,0x0C0C,0x0C0C,

	0x0C0C,0x0C0C,0x0C0C,0x0C0C,0x0C0C,0x0C0C,0x0C0C,0x0C0C,
	0x0C0C,0x0C0C,0x0C0C,0x0C0C,0x0C0C,0x0C0C,0x040A,0x0404,
	0x0A0A,0x0A0A,0x0404,0x0404,0x0304,0x0303,0x0303,0x0303,
	0x0303,0x0003,0x0A0A,0x0A0A,0x0707,0x0103,0x0303,0x0303,
	0x0303,0x0C03,0x0C0C,0x0C0C,0x0C0C,0x0C0C,0x0C0C,0x0C0C,
	0x0C0C,0x0C0C,0x0C0C,0x0C0C,0x0C0C,0x0C0C,0x0C0C,0x0C0C,
	0x0C0C,0x0C0C,0x0C0C,0x0C0C,0x0C0C,0x0C0C,0x0606,0x0606,
	0x0606,0x0606,0x0C0C,0x0C0C,0x0C0C,0x0C0C,0x0C0C,0x0C0C,

	0x0C0C,0x0C0C,0x0C0C,0x0C0C,0x0C0C,0x0C0C,0x0C0C,0x0C0C,
	0x0C0C,0x0C0C,0x0C0C,0x0C0C,0x0C0C,0x0C0C,0x0C0C,0x0C0C,
	0x0C0C,0x0C0C,0x0C0C,0x0C0C,0x0C0C,0x0C0C,0x0C0C,0x0C0C,
	0x0C0C,0x0C0C,0x0C0C,0x0C0C,0x0C0C,0x0C0C,0x0C0C,0x0C0C,
	0x0C0C,0x060C,0x0606,0x0606,0x0C06,0x0606,0x0606,0x0606,
	0x0606,0x0606,0x0606,0x0606,0x0C0C,0x0606,0x0C06,0x060C,
	0x0606,0x0606,0x0C06,0x0C0C,0x0C0C,0x0C0C,0x0C0C,0x0C0C,
	0x060C,0x0C0C,0x0C0C,0x0C0C,0x0C0C,0x0C0C,0x0C0C,0x060C,

	0x0C0C,0x0C0C,0x0C0C,0x0C0C,0x0C0C,0x0C0C,0x040A,0x0404,
	0x0A0A,0x0A0A,0x0404,0x0404,0x0307,0x0303,0x0303,0x0301,
	0x0303,0x0003,0x0A0A,0x0A0A,0x0707,0x0103,0x0303,0x0303,
	0x0303,0x0C03,0x0C0C,0x0C0C,0x0C0C,0x0C0C,0x0C0C,0x0C0C,
	0x0C0C,0x0C0C,0x0C0C,0x0C0C,0x0C0C,0x0C0C,0x0606,0x0C06,
	0x0C0C,0x0C0C,0x0C0C,0x0C0C,0x0C0C,0x0606,0x0606,0x0606,
	0x0606,0x0606,0x0C0C,0x0C0C,0x0C0C,0x0C0C,0x0C0C,0x0C0C,
	0x0C0C,0x0C0C,0x0C0C,0x0C0C,0x0C0C,0x0C0C,0x0C0C,0x0C0C,

	0x0C0C,0x0C0C,0x0C0C,0x0C0C,0x0C0C,0x060C,0x0606,0x0C0C,
	0x0C0C,0x0C0C,0x0C0C,0x0C0C,0x0C0C,0x0C0C,0x0C0C,0x0C0C,
	0x0C0C,0x0C0C,0x0C0C,0x0C0C,0x0C0C,0x0C0C,0x0C0C,0x0C0C,
	0x0C0C,0x060C,0x0C06,0x0C06,0x0606,0x0606,0x0606,0x0606,
	0x0606,0x0606,0x0606,0x0606,0x0606,0x0606,0x0C0C,0x060C,
	0x0606,0x0606,0x0C06,0x0C0C,0x0C0C,0x0C0C,0x0C0C,0x0C0C,
	0x0C0C,0x0C0C,0x0C0C,0x0C0C,0x0C0C,0x0C0C,0x0C0C,0x0C06,
	0x0C0C,0x0C0C,0x0C0C,0x0C0C,0x0303,0x0C0C,0x040A,0x0404,

	0x0A0A,0x0A0A,0x0A0A,0x0A0A,0x0104,0x0707,0x0107,0x0407,
	0x0707,0x0A07,0x040A,0x0404,0x0707,0x0108,0x0303,0x0303,
	0x0C03,0x030C,0x0C0C,0x0C03,0x0C0C,0x0C0C,0x0C0C,0x0C0C,
	0x0C0C,0x0C0C,0x0C0C,0x0C0C,0x0C0C,0x0C0C,0x0606,0x0C06,
	0x0C0C,0x0C0C,0x0C0C,0x0C0C,0x0C0C,0x0606,0x0606,0x0606,
	0x0606,0x0606,0x0C06,0x0C0C,0x0C0C,0x0C0C,0x0C0C,0x0C0C,
	0x0C0C,0x0C0C,0x0C0C,0x0C0C,0x0C0C,0x0C0C,0x0C0C,0x0C0C,
	0x0C0C,0x0C0C,0x0C0C,0x0C0C,0x0C0C,0x0606,0x0606,0x060C,

	0x0C0C,0x0C0C,0x0C0C,0x0C0C,0x0C0C,0x0C0C,0x0C0C,0x0C0C,
	0x0C0C,0x0C0C,0x0C0C,0x0C0C,0x0C0C,0x0C0C,0x0C0C,0x0606,
	0x0606,0x0606,0x0606,0x0606,0x0606,0x0606,0x0606,0x0606,
	0x0606,0x0606,0x0606,0x0606,0x0606,0x0606,0x0606,0x0606,
	0x0606,0x0606,0x0606,0x0606,0x0C06,0x0606,0x0606,0x0C0C,
	0x0C0C,0x0C0C,0x0C0C,0x0C0C,0x0C0C,0x0C0C,0x0C0C,0x0C0C,
	0x0C0C,0x0C0C,0x0C0C,0x0506,0x0A04,0x0A0A,0x0A0A,0x0704,
	0x0407,0x0404,0x0404,0x0304,0x0303,0x0303,0x0303,0x070C,

	0x0303,0x0103,0x0303,0x0303,0x0303,0x0303,0x0303,0x0103,
	0x0601,0x0706,0x0107,0x0701,0x0707,0x0307,0x0C0C,0x0C0C,
	0x0C0C,0x0C0C,0x0C0C,0x0C0C,0x0C0C,0x0C0C,0x0C0C,0x0C0C,
	0x0C0C,0x0C0C,0x0C0C,0x0C0C,0x0606,0x0606,0x0606,0x0606,
	0x0606,0x0C0C,0x0C0C,0x0C0C,0x060C,0x0606,0x0C0C,0x0C0C,
	0x060C,0x0606,0x0C0C,0x0C06,0x0C0C,0x0C0C,0x0C0C,0x0C0C,
	0x0C0C,0x0C0C,0x060C,0x0606,0x0606,0x0606,0x0606,0x0606,
	0x0C0C,0x0606,0x0C0C,0x0C0C,0x0C0C,0x0C0C,0x0C0C,0x0C0C,

	0x0C0C,0x0C0C,0x0C06,0x0C0C,0x0C0C,0x0C0C,0x0C0C,0x0C0C,
	0x0C0C,0x0C0C,0x0C0C,0x0C0C,0x0C0C,0x0C0C,0x0C0C,0x0C0C,
	0x0C0C,0x0C0C,0x0C0C,0x0C0C,0x0C0C,0x0C0C,0x0C0C,0x0C0C,
	0x0C0C,0x0C0C,0x0C0C,0x0C0C,0x0C0C,0x0C0C,0x060C,0x0C0C,
	0x0C0C,0x0C0C,0x0606,0x0606,0x0C0C,0x0C0C,0x0C0C,0x0C0C,
	0x0C0C,0x0C0C,0x0404,0x0404,0x040A,0x0404,0x0404,0x0707,
	0x0A0A,0x0404,0x0404,0x0304,0x0303,0x0303,0x0303,0x0703,
	0x0307,0x0303,0x0303,0x0303,0x0101,0x0101,0x0101,0x0101,

	0x0301,0x0303,0x0307,0x0303,0x0303,0x0103,0x0C0C,0x0C0C,
	0x0C0C,0x0C0C,0x0C0C,0x0C0C,0x0C0C,0x0C0C,0x0C0C,0x0C0C,
	0x0C0C,0x0C0C,0x0606,0x0606,0x0C0C,0x0606,0x0606,0x0606,
	0x0C06,0x0C06,0x0C0C,0x0C0C,0x0606,0x0606,0x0606,0x0C0C,
	0x0C0C,0x0C0C,0x0C0C,0x0C0C,0x0C0C,0x0C0C,0x0C0C,0x0C0C,
	0x0C0C,0x0C0C,0x0606,0x0606,0x0606,0x0606,0x0606,0x0606,
	0x0606,0x0606,0x0606,0x0606,0x0606,0x0C0C,0x0C0C,0x0C0C,
	0x0C0C,0x0C0C,0x0C0C,0x0C0C,0x0C0C,0x0C0C,0x0C0C,0x0C0C,

	0x0C0C,0x0C0C,0x0C0C,0x0C0C,0x0C0C,0x0C0C,0x0C0C,0x0C0C,
	0x0C0C,0x0C0C,0x0C0C,0x0C0C,0x0C06,0x0C0C,0x0C0C,0x0C0C,
	0x0C0C,0x0C0C,0x0C0C,0x0C0C,0x0C0C,0x0C0C,0x0C0C,0x0C0C,
	0x0C0C,0x0C0C,0x0606,0x0606,0x0C0C,0x0C0C,0x0C0C,0x0C0C,
	0x0C0C,0x060C,0x0404,0x0A04,0x0A04,0x0404,0x070A,0x0A04,
	0x0A0A,0x0A0A,0x0A0A,0x070A,0x0707,0x0707,0x0707,0x0707,
	0x0307,0x030C,0x0301,0x0303,0x0303,0x0303,0x0303,0x0303,
	0x0707,0x0303,0x0803,0x0C03,0x0303,0x0103,0x0C0C,0x0C0C,

	0x0C0C,0x0C0C,0x0C0C,0x0C0C,0x0C0C,0x0C0C,0x0C0C,0x0C0C,
	0x0C0C,0x060C,0x0606,0x0606,0x0C0C,0x0606,0x0606,0x0606,
	0x0606,0x0C0C,0x0C0C,0x0C0C,0x0606,0x0606,0x0606,0x060C,
	0x0C0C,0x0C0C,0x0C0C,0x0C0C,0x0C0C,0x0C0C,0x0C0C,0x0C0C,
	0x0C0C,0x0C0C,0x0606,0x0606,0x0606,0x0606,0x0606,0x0606,
	0x0606,0x0606,0x0606,0x0606,0x0606,0x0C0C,0x0C0C,0x0C0C,
	0x0606,0x0606,0x0C06,0x0C0C,0x0C0C,0x0C0C,0x0C0C,0x0C0C,
	0x0C0C,0x0C0C,0x0C0C,0x0C0C,0x0C0C,0x0C0C,0x0C0C,0x0C0C,

	0x0C0C,0x0C06,0x0C0C,0x0C0C,0x0C06,0x0C0C,0x0C0C,0x0C0C,
	0x0C0C,0x0C0C,0x0C0C,0x0C0C,0x0C0C,0x0C0C,0x0C0C,0x0606,
	0x0606,0x0606,0x0606,0x0606,0x0606,0x0C06,0x0C0C,0x0C0C,
	0x0C0C,0x080C,0x0404,0x040A,0x0404,0x0A04,0x0704,0x0A04,
	0x0A0A,0x0404,0x0404,0x0304,0x0303,0x0103,0x0303,0x0407,
	0x0107,0x030C,0x0108,0x0101,0x0101,0x0101,0x0101,0x0101,
	0x0101,0x0307,0x0103,0x0307,0x0103,0x0701,0x0C0C,0x0C0C,
	0x0C0C,0x0C0C,0x0606,0x0C0C,0x0C0C,0x0C0C,0x0C0C,0x0C06,

	0x0606,0x0606,0x0606,0x0606,0x0606,0x0606,0x0606,0x0606,
	0x0606,0x0606,0x0606,0x0606,0x0606,0x0606,0x0606,0x0606,
	0x0C06,0x0C0C,0x0C0C,0x0C0C,0x0C0C,0x0C0C,0x0C0C,0x0C0C,
	0x0606,0x0C06,0x0606,0x0606,0x0606,0x0606,0x0606,0x0606,
	0x0606,0x0606,0x0606,0x0C06,0x0C0C,0x0C0C,0x0C0C,0x0C0C,
	0x060C,0x0606,0x0606,0x0C06,0x0C0C,0x0C0C,0x0C0C,0x0606,
	0x0606,0x0C0C,0x0C0C,0x0C0C,0x0C0C,0x0C0C,0x0C0C,0x0C06,
	0x0C0C,0x0C0C,0x0C0C,0x0C0C,0x0C0C,0x0C0C,0x0C0C,0x0C0C,

	0x0C0C,0x060C,0x0C06,0x0C0C,0x0606,0x0C06,0x0C0C,0x0C0C,
	0x0C0C,0x0C0C,0x0C0C,0x0C0C,0x0C0C,0x0C0C,0x0C0C,0x0C0C,
	0x0C0C,0x0403,0x0407,0x0404,0x0404,0x0404,0x0704,0x0A04,
	0x0A0A,0x0404,0x0404,0x0307,0x0303,0x0103,0x0303,0x0707,
	0x0707,0x030C,0x0103,0x0303,0x0303,0x0303,0x0303,0x0303,
	0x0703,0x0607,0x0303,0x0301,0x0101,0x0301,0x0C08,0x0C0C,
	0x0C0C,0x0C0C,0x0C0C,0x0C0C,0x0C0C,0x0C0C,0x0606,0x0606,
	0x0606,0x0606,0x0606,0x0606,0x0606,0x0606,0x0606,0x0606,

	0x0606,0x0606,0x0606,0x0606,0x0C0C,0x0C0C,0x0C0C,0x0C0C,
	0x0C0C,0x0C0C,0x0C0C,0x060C,0x0606,0x0606,0x0C0C,0x0C0C,
	0x0C0C,0x0C0C,0x060C,0x0606,0x0606,0x0C06,0x0C0C,0x0C0C,
	0x0C0C,0x0C0C,0x0C0C,0x0C0C,0x0C0C,0x0C0C,0x0C0C,0x0C0C,
	0x0606,0x0606,0x0606,0x0606,0x0C0C,0x0C0C,0x0C0C,0x0606,
	0x0606,0x0C0C,0x0C0C,0x0C0C,0x0C0C,0x0C0C,0x0C0C,0x0C0C,
	0x0C0C,0x0C0C,0x0C0C,0x0C0C,0x0C0C,0x0C0C,0x0C0C,0x0C0C,
	0x0C0C,0x060C,0x0C06,0x0C0C,0x0C0C,0x0C06,0x0C0C,0x0C0C,

	0x0C0C,0x0C0C,0x0C0C,0x0C0C,0x0C0C,0x0C0C,0x0C0C,0x0C0C,
	0x0C0C,0x0706,0x0407,0x0404,0x0404,0x0404,0x0A07,0x0404,
	0x0A0A,0x0404,0x0404,0x0301,0x0303,0x0703,0x0303,0x0407,
	0x0704,0x0307,0x0303,0x0301,0x0303,0x0303,0x0101,0x0101,
	0x0101,0x0C01,0x0C03,0x0107,0x0103,0x0101,0x0C01,0x0C0C,
	0x060C,0x0C0C,0x060C,0x0C06,0x0C0C,0x060C,0x0606,0x0606,
	0x0606,0x0606,0x0606,0x0606,0x0606,0x0606,0x0606,0x0606,
	0x0606,0x0606,0x0606,0x0606,0x0C0C,0x0C0C,0x0C0C,0x0C06,

	0x0C0C,0x0C0C,0x0C0C,0x0C0C,0x0606,0x0606,0x0C0C,0x0C0C,
	0x0C0C,0x0C0C,0x0C0C,0x0606,0x0606,0x0C06,0x0C0C,0x0C0C,
	0x0C0C,0x0C0C,0x0C0C,0x0C0C,0x0C0C,0x0C0C,0x0C0C,0x0C0C,
	0x0606,0x0606,0x0606,0x0606,0x0606,0x0C0C,0x0606,0x0C06,
	0x0606,0x0C06,0x0C0C,0x0C0C,0x0C0C,0x0C0C,0x0C0C,0x0C0C,
	0x0606,0x0C06,0x0C0C,0x0C0C,0x0C0C,0x060C,0x060C,0x0C0C,
	0x0606,0x0606,0x0606,0x0306,0x0C0C,0x0C0C,0x0C0C,0x0C0C,
	0x0C0C,0x0C0C,0x060C,0x0C0C,0x0C0C,0x0C0C,0x0C0C,0x0C0C,

	0x0606,0x040A,0x0400,0x0404,0x0404,0x0704,0x0A07,0x0A04,
	0x040A,0x0404,0x0404,0x0301,0x0301,0x0301,0x0303,0x0707,
	0x0404,0x0307,0x0303,0x0301,0x0303,0x0303,0x0303,0x0303,
	0x0303,0x0701,0x0303,0x0103,0x0101,0x0101,0x0307,0x0C03,
	0x0C0C,0x0C06,0x0C0C,0x0C0C,0x060C,0x0606,0x0C06,0x0C0C,
	0x0C0C,0x0C0C,0x060C,0x0C0C,0x0C0C,0x0C0C,0x0C0C,0x0C0C,
	0x0C0C,0x0C0C,0x0C06,0x0C0C,0x060C,0x060C,0x0606,0x0C06,
	0x0C0C,0x0C0C,0x060C,0x0606,0x0606,0x0606,0x0606,0x0C0C,

	0x0C0C,0x0C0C,0x0C0C,0x060C,0x0C0C,0x0C0C,0x0C0C,0x0C0C,
	0x0C0C,0x0C0C,0x0C0C,0x0C0C,0x0C0C,0x0C0C,0x0C0C,0x0C06,
	0x0C0C,0x0606,0x0606,0x0606,0x0606,0x0C06,0x0606,0x0606,
	0x0606,0x0606,0x0606,0x0606,0x0C06,0x0C0C,0x0C06,0x0C0C,
	0x0C06,0x060C,0x0C0C,0x0C0C,0x0606,0x0606,0x0606,0x0606,
	0x0606,0x0606,0x0606,0x0606,0x0606,0x0C0C,0x0C0C,0x0C0C,
	0x0C0C,0x0C0C,0x0C0C,0x060C,0x0C0C,0x0C0C,0x0C0C,0x0C0C,
	0x0406,0x0A07,0x0A04,0x040A,0x0A04,0x0707,0x040A,0x0A04,

	0x0A0A,0x0404,0x040A,0x0707,0x0101,0x0707,0x0101,0x0704,
	0x0404,0x0707,0x0303,0x0C03,0x0303,0x030C,0x0303,0x0303,
	0x030C,0x0703,0x0301,0x0C03,0x0701,0x0101,0x0107,0x0101,
	0x0101,0x0C08,0x0C0C,0x0C0C,0x0C0C,0x0C0C,0x0C0C,0x0C0C,
	0x0C06,0x0C0C,0x0C0C,0x0C0C,0x0C0C,0x0C0C,0x0C0C,0x0606,
	0x0C0C,0x0C0C,0x0C0C,0x0C0C,0x0306,0x0C0C,0x0C0C,0x0C0C,
	0x060C,0x0C06,0x0606,0x0606,0x0606,0x0606,0x0606,0x0C06,
	0x0C0C,0x0C06,0x0606,0x0C0C,0x0C0C,0x0C0C,0x0C0C,0x0C0C,

	0x0C0C,0x0C0C,0x0C0C,0x0C0C,0x0C0C,0x0C0C,0x0C0C,0x0C0C,
	0x0C0C,0x0606,0x0606,0x0606,0x0606,0x0C06,0x0606,0x0606,
	0x0606,0x0606,0x060C,0x0606,0x0C06,0x0C0C,0x0C0C,0x0C0C,
	0x060C,0x0C0C,0x0C06,0x0C0C,0x0606,0x0606,0x0606,0x0606,
	0x0606,0x0606,0x0606,0x0606,0x0606,0x0C0C,0x060C,0x0606,
	0x0C0C,0x0C0C,0x0C0C,0x0C0C,0x0C0C,0x0C0C,0x0806,0x0A0A,
	0x070A,0x0A07,0x0404,0x0404,0x0704,0x0407,0x040A,0x0404,
	0x0404,0x0404,0x0301,0x0303,0x0303,0x030C,0x0303,0x030C,

	0x0401,0x0704,0x0303,0x0703,0x0101,0x0101,0x0301,0x0303,
	0x0101,0x0701,0x0307,0x0303,0x0301,0x0303,0x0303,0x0303,
	0x0303,0x0C07,0x0C0C,0x0C0C,0x0C0C,0x0C0C,0x0C0C,0x0606,
	0x0C0C,0x0C0C,0x0C0C,0x0C0C,0x060C,0x060C,0x0C0C,0x0C06,
	0x0C06,0x0C06,0x0C06,0x060C,0x0C0C,0x0C06,0x0C0C,0x0C0C,
	0x0C0C,0x0C0C,0x0606,0x0606,0x0606,0x0606,0x0606,0x0C0C,
	0x0C0C,0x0C0C,0x0C0C,0x0C0C,0x0C0C,0x0C0C,0x0C0C,0x0C0C,
	0x0C0C,0x0C06,0x0C0C,0x0C0C,0x0C0C,0x0C0C,0x0C0C,0x0C06,

	0x0606,0x0606,0x0606,0x0606,0x0606,0x0606,0x0606,0x0606,
	0x0606,0x0606,0x0606,0x0606,0x0606,0x0606,0x0606,0x0C0C,
	0x060C,0x060C,0x0C0C,0x0C0C,0x0C0C,0x0C0C,0x0C0C,0x0C0C,
	0x0606,0x0606,0x0606,0x0606,0x0606,0x0606,0x0606,0x0606,
	0x0C0C,0x0C0C,0x0C0C,0x0C0C,0x0C0C,0x0C0C,0x040A,0x0404,
	0x070A,0x0A0A,0x0A04,0x0A04,0x070A,0x0A07,0x0A04,0x0404,
	0x0404,0x0404,0x0301,0x0303,0x0303,0x0303,0x0303,0x0303,
	0x0408,0x0704,0x0303,0x0303,0x0301,0x0303,0x0303,0x0303,

	0x0303,0x0303,0x0707,0x030C,0x0103,0x0303,0x0303,0x0303,
	0x0303,0x0C01,0x0C0C,0x0C0C,0x0C0C,0x060C,0x0C0C,0x0C0C,
	0x0C0C,0x0C0C,0x0606,0x0C06,0x0C06,0x0C06,0x0C0C,0x0606,
	0x0C06,0x060C,0x0C0C,0x0C0C,0x0C06,0x0C0C,0x0606,0x0606,
	0x0606,0x0606,0x0606,0x0606,0x0606,0x0606,0x0606,0x0606,
	0x0606,0x0606,0x0606,0x060C,0x0606,0x0C06,0x0C0C,0x0C06,
	0x0C0C,0x0C0C,0x0606,0x0606,0x0C06,0x0C06,0x0C0C,0x0C0C,
	0x0C0C,0x0C0C,0x060C,0x0C0C,0x0C0C,0x0C0C,0x0C06,0x0C06,

	0x0606,0x0C0C,0x0C0C,0x060C,0x0C0C,0x0C0C,0x0C0C,0x0C06,
	0x0C0C,0x0C0C,0x0C06,0x0C0C,0x0606,0x060C,0x0C0C,0x0606,
	0x060C,0x0C0C,0x0C0C,0x0C0C,0x0C0C,0x0C0C,0x0C0C,0x060C,
	0x0606,0x0606,0x0C06,0x060C,0x0C06,0x0606,0x040A,0x0A04,
	0x0407,0x0404,0x0404,0x0A04,0x0707,0x040A,0x0A04,0x0A0A,
	0x0A0A,0x0A0A,0x0704,0x0707,0x0707,0x0107,0x0707,0x0707,
	0x0404,0x0704,0x0307,0x0303,0x0103,0x0101,0x0101,0x0101,
	0x0101,0x0101,0x0107,0x0C01,0x0803,0x0707,0x0707,0x0707,

	0x0707,0x0604,0x0C0C,0x0C06,0x0606,0x0C0C,0x060C,0x0C0C,
	0x0C0C,0x0C0C,0x0C0C,0x0C0C,0x0606,0x060C,0x0606,0x0606,
	0x0606,0x060C,0x0C0C,0x0C0C,0x060C,0x0606,0x0C06,0x0C0C,
	0x060C,0x0C0C,0x0C06,0x0C0C,0x0C06,0x0C0C,0x0C0C,0x030C,
	0x0C0C,0x0C0C,0x0C0C,0x0C0C,0x0C0C,0x060C,0x0C0C,0x0C0C,
	0x0C0C,0x0606,0x0606,0x0606,0x0606,0x0C0C,0x0606,0x0C06,
	0x0C0C,0x0C06,0x0C0C,0x0C0C,0x0C0C,0x0C06,0x060C,0x0C0C,
	0x0606,0x060C,0x0C0C,0x0C06,0x0C06,0x0C06,0x0C0C,0x060C,

	0x0C0C,0x0C0C,0x0C0C,0x0C0C,0x0C0C,0x0C0C,0x060C,0x0C0C,
	0x0C0C,0x0C0C,0x0C0C,0x0C0C,0x0C0C,0x060C,0x0C0C,0x0C0C,
	0x0606,0x0606,0x0C0C,0x0C06,0x0C0C,0x060C,0x0404,0x070A,
	0x0407,0x0A04,0x0404,0x070A,0x0A07,0x040A,0x0A04,0x0404,
	0x0A04,0x0404,0x0301,0x0303,0x0101,0x0103,0x0303,0x0303,
	0x0407,0x0404,0x0707,0x030C,0x0103,0x0303,0x0303,0x0303,
	0x0303,0x0303,0x0703,0x0307,0x0C03,0x0107,0x0101,0x0101,
	0x0101,0x0701,0x0C06,0x0C0C,0x0C0C,0x0C0C,0x060C,0x0C0C,

	0x0C06,0x0C0C,0x0C0C,0x0C0C,0x060C,0x0606,0x0606,0x0606,
	0x0606,0x0C0C,0x0606,0x0C0C,0x0C0C,0x0C0C,0x0C0C,0x0C0C,
	0x0C0C,0x060C,0x0C0C,0x0C0C,0x0C06,0x0C0C,0x0C0C,0x0C06,
	0x060C,0x0C0C,0x0C0C,0x0C0C,0x0C0C,0x0606,0x0C0C,0x0606,
	0x060C,0x0606,0x0606,0x0606,0x0606,0x0C0C,0x0C0C,0x0C0C,
	0x0C0C,0x0606,0x060C,0x0C06,0x060C,0x060C,0x0C0C,0x060C,
	0x0C0C,0x0C06,0x0606,0x060C,0x0C0C,0x060C,0x0606,0x0606,
	0x0C0C,0x0C0C,0x0C0C,0x0606,0x0C0C,0x0C0C,0x0C0C,0x0C0C,

	0x0C0C,0x0C0C,0x060C,0x0C0C,0x0C0C,0x0C0C,0x0C06,0x060C,
	0x0C06,0x0C0C,0x0C0C,0x0C0C,0x0C0C,0x0806,0x0A04,0x0407,
	0x040A,0x0A04,0x0A0A,0x070A,0x0A07,0x0404,0x0404,0x0404,
	0x0A04,0x0404,0x0303,0x0303,0x0303,0x0303,0x0103,0x0303,
	0x0707,0x0404,0x0704,0x0303,0x0C03,0x0107,0x0101,0x0101,
	0x0101,0x0101,0x0103,0x0107,0x0303,0x0703,0x0101,0x0301,
	0x0101,0x0701,0x0C0C,0x0C0C,0x0C0C,0x0C0C,0x0C0C,0x0C0C,
	0x0C06,0x060C,0x0606,0x0606,0x0606,0x0606,0x0606,0x0606,

	0x0606,0x0606,0x0606,0x0C0C,0x0C0C,0x0C0C,0x0C06,0x0C0C,
	0x0606,0x0C06,0x060C,0x0C0C,0x0C0C,0x0C06,0x0C0C,0x0C06,
	0x0C06,0x0606,0x0C0C,0x0C0C,0x0C0C,0x0C0C,0x0C06,0x060C,
	0x0606,0x0606,0x0606,0x0606,0x0606,0x0606,0x0C0C,0x0606,
	0x0C06,0x0C06,0x060C,0x0C06,0x0606,0x0C06,0x0606,0x0C0C,
	0x0C06,0x0C06,0x0C06,0x0C0C,0x0606,0x0606,0x0606,0x0606,
	0x0C06,0x0C0C,0x0606,0x060C,0x0606,0x0606,0x060C,0x0C0C,
	0x0C0C,0x0C0C,0x060C,0x060C,0x0C0C,0x060C,0x0C0C,0x0C0C,

	0x0C0C,0x0C0C,0x0C0C,0x0C0C,0x0C06,0x0A06,0x0A04,0x0407,
	0x0404,0x0404,0x0A04,0x0707,0x040A,0x0404,0x0404,0x0404,
	0x0A04,0x0404,0x0303,0x0301,0x0103,0x0301,0x0303,0x0303,
	0x0707,0x0404,0x0404,0x030C,0x0303,0x0301,0x0303,0x0303,
	0x0303,0x030C,0x0303,0x0707,0x0303,0x0103,0x0101,0x0101,
	0x0103,0x0101,0x0C07,0x060C,0x0C0C,0x0C0C,0x0C06,0x0606,
	0x0606,0x0606,0x0606,0x0606,0x0606,0x0606,0x0606,0x0C0C,
	0x0C06,0x0C06,0x0C0C,0x060C,0x0606,0x0606,0x0C0C,0x0C0C,

	0x0C0C,0x0C0C,0x060C,0x0C0C,0x0606,0x0C0C,0x0C06,0x0606,
	0x0606,0x0606,0x0606,0x0C0C,0x060C,0x0606,0x0C0C,0x060C,
	0x0606,0x0606,0x0606,0x0606,0x0606,0x060C,0x0C06,0x0C0C,
	0x0606,0x060C,0x0606,0x060C,0x0606,0x0606,0x0606,0x0C06,
	0x0606,0x0C06,0x0C06,0x060C,0x0606,0x0606,0x0606,0x0606,
	0x0606,0x0606,0x0C06,0x0606,0x0606,0x0606,0x0606,0x0C06,
	0x060C,0x060C,0x0C0C,0x0C0C,0x0C0C,0x060C,0x0606,0x0606,
	0x0C0C,0x0C0C,0x0C0C,0x0C0C,0x0C0C,0x0406,0x040A,0x0404,

	0x0404,0x0404,0x040A,0x0407,0x0404,0x040A,0x040A,0x0404,
	0x0404,0x0404,0x0303,0x0101,0x0303,0x0303,0x0303,0x0303,
	0x0707,0x0404,0x0707,0x0307,0x0303,0x0303,0x0303,0x0303,
	0x0303,0x0303,0x0303,0x0703,0x0C07,0x0303,0x0101,0x0101,
	0x0101,0x0101,0x0C07,0x0C0C,0x0C0C,0x0C06,0x060C,0x060C,
	0x0606,0x0606,0x0606,0x0606,0x0606,0x0606,0x0C06,0x060C,
	0x0C06,0x0C0C,0x0606,0x0C06,0x0606,0x0C0C,0x0606,0x0606,
	0x0606,0x0C0C,0x0C06,0x0606,0x0C06,0x0C0C,0x0606,0x0606,

	0x0606,0x0606,0x0606,0x0C06,0x0606,0x0C0C,0x0C0C,0x0606,
	0x0606,0x0606,0x0606,0x0606,0x0C06,0x0C06,0x060C,0x0606,
	0x0C0C,0x0C0C,0x0C0C,0x060C,0x0606,0x0606,0x0606,0x0606,
	0x0C0C,0x0C06,0x0C0C,0x060C,0x0606,0x0606,0x0606,0x0606,
	0x0606,0x0606,0x0C06,0x0606,0x0606,0x0606,0x0606,0x0C0C,
	0x0C0C,0x0C0C,0x0C06,0x0C0C,0x0C0C,0x060C,0x0606,0x0C06,
	0x0C06,0x0C0C,0x0C06,0x0606,0x0606,0x040A,0x0704,0x040A,
	0x0404,0x0404,0x0704,0x0A07,0x040A,0x040A,0x040A,0x0404,

	0x0404,0x0404,0x0303,0x0307,0x0103,0x0303,0x0103,0x0103,
	0x0707,0x0404,0x0404,0x0104,0x0303,0x0103,0x0303,0x0303,
	0x0303,0x0C03,0x0303,0x0703,0x0307,0x0303,0x0107,0x0101,
	0x0101,0x0101,0x0C07,0x0C0C,0x0C0C,0x0C0C,0x0606,0x0C06,
	0x0606,0x060C,0x0606,0x0C06,0x0C06,0x060C,0x0C06,0x0606,
	0x0C06,0x0C0C,0x0C06,0x0606,0x0C0C,0x0C06,0x060C,0x0606,
	0x0606,0x0C06,0x0606,0x0C0C,0x060C,0x0606,0x0606,0x0606,
	0x0606,0x0606,0x0606,0x0C0C,0x060C,0x0606,0x0C0C,0x0606,

	0x0606,0x0606,0x0606,0x0606,0x060C,0x0C06,0x0606,0x0606,
	0x0C06,0x060C,0x0606,0x0606,0x0606,0x0606,0x0606,0x0606,
	0x0606,0x0C06,0x0C06,0x0C06,0x0C06,0x060C,0x0606,0x0606,
	0x0606,0x0606,0x0606,0x0606,0x0606,0x0606,0x0606,0x0606,
	0x0C06,0x060C,0x0606,0x0606,0x0C06,0x0C06,0x0C0C,0x0C06,
	0x0606,0x0C0C,0x0C0C,0x0C0C,0x0C0C,0x0A0A,0x0A04,0x0404,
	0x0404,0x0A04,0x0707,0x040A,0x0A04,0x0404,0x0404,0x0404,
	0x0404,0x0303,0x0303,0x0301,0x0303,0x0303,0x0303,0x0303,

	0x0303,0x0707,0x0407,0x0704,0x0303,0x0703,0x0303,0x0303,
	0x0303,0x0303,0x0303,0x0303,0x0707,0x0303,0x0103,0x0301,
	0x0103,0x0303,0x0701,0x0701,0x0707,0x0807,0x060C,0x0C06,
	0x060C,0x0606,0x060C,0x0C06,0x0C06,0x0606,0x0606,0x0606,
	0x060C,0x060C,0x0C06,0x0C06,0x060C,0x0606,0x0606,0x0606,
	0x0606,0x0606,0x0C06,0x0606,0x060C,0x0606,0x0606,0x0606,
	0x0606,0x0606,0x0606,0x0606,0x0606,0x0606,0x060C,0x0606,
	0x0606,0x0606,0x0606,0x0606,0x0606,0x060C,0x0606,0x0606,

	0x0C06,0x060C,0x0606,0x0606,0x0606,0x0606,0x0606,0x0606,
	0x0606,0x0C0C,0x0C06,0x060C,0x060C,0x0C06,0x0606,0x0606,
	0x0606,0x0606,0x0606,0x0606,0x0606,0x0606,0x0606,0x0606,
	0x0C0C,0x060C,0x0606,0x060C,0x0C06,0x0C06,0x0C0C,0x060C,
	0x0C06,0x060C,0x0A0A,0x0A0A,0x0A0A,0x070A,0x040A,0x0A04,
	0x0A0A,0x070A,0x0407,0x0404,0x040A,0x0404,0x0404,0x0404,
	0x0404,0x0303,0x0303,0x0301,0x0303,0x0303,0x0303,0x0303,
	0x0303,0x0704,0x0407,0x0404,0x0307,0x0303,0x0107,0x0101,

	0x0301,0x0101,0x0101,0x0101,0x0707,0x0C03,0x0703,0x0101,
	0x0303,0x0303,0x0303,0x0303,0x0303,0x0103,0x0C0C,0x060C,
	0x0C0C,0x0C06,0x0606,0x0C06,0x0606,0x060C,0x0C06,0x0C0C,
	0x0C06,0x0606,0x0C06,0x0606,0x0606,0x0606,0x0606,0x0606,
	0x0606,0x0606,0x0606,0x0606,0x0C06,0x0606,0x0606,0x0606,
	0x0606,0x0606,0x0606,0x0606,0x0C06,0x0306,0x060C,0x060C,
	0x0606,0x0606,0x0606,0x0606,0x0606,0x0C06,0x0606,0x0606,
	0x0606,0x0606,0x060C,0x0606,0x0606,0x0606,0x0606,0x0606,

	0x0606,0x0606,0x060C,0x0606,0x060C,0x0606,0x0C06,0x0C06,
	0x0606,0x060C,0x0606,0x0606,0x0606,0x0606,0x0606,0x0C06,
	0x0C06,0x060C,0x0606,0x0C06,0x060C,0x0606,0x0606,0x060C,
	0x0C0C,0x0606,0x0404,0x0404,0x0A04,0x0A07,0x040A,0x0404,
	0x0404,0x0704,0x0A04,0x0404,0x0A0A,0x0A0A,0x0A0A,0x0A0A,
	0x0A0A,0x0707,0x0707,0x0707,0x0707,0x0707,0x0707,0x0707,
	0x0707,0x0404,0x0404,0x0404,0x0304,0x0303,0x0303,0x0303,
	0x0303,0x0303,0x0303,0x0303,0x0701,0x0C07,0x0303,0x0707,

	0x0707,0x0101,0x0101,0x0701,0x0707,0x0707,0x0606,0x0606,
	0x060C,0x0606,0x060C,0x060C,0x0606,0x0606,0x0606,0x0606,
	0x0606,0x0606,0x0606,0x0C06,0x0606,0x0606,0x0606,0x0606,
	0x0606,0x0606,0x0606,0x0606,0x0606,0x0606,0x0606,0x0606,
	0x0606,0x0606,0x060C,0x0606,0x0606,0x0606,0x0606,0x0606,
	0x0606,0x0606,0x0606,0x0606,0x0606,0x0606,0x0606,0x0606,
	0x0606,0x0606,0x060C,0x0606,0x0606,0x0606,0x0606,0x0606,
	0x0606,0x0606,0x060C,0x0606,0x0606,0x0606,0x0C06,0x0606,

	0x0606,0x0C06,0x0606,0x0606,0x0606,0x060C,0x0606,0x0606,
	0x0606,0x0606,0x0606,0x0606,0x0C0C,0x0606,0x0C0C,0x0606,
	0x0C06,0x0406,0x0A0A,0x040A,0x0A0A,0x0A04,0x0A0A,0x0404,
	0x0A04,0x0707,0x040A,0x0404,0x0A0A,0x0404,0x0404,0x0404,
	0x0404,0x0303,0x0103,0x0303,0x0303,0x0303,0x0703,0x0303,
	0x0103,0x0704,0x0407,0x0404,0x0704,0x0303,0x0703,0x0101,
	0x0101,0x0101,0x0101,0x0101,0x0701,0x0C07,0x0303,0x0101,
	0x0301,0x0107,0x0303,0x0103,0x0103,0x0703,0x0606,0x0C0C,

	0x0606,0x0606,0x0C06,0x0606,0x0606,0x0606,0x0606,0x0606,
	0x0606,0x0606,0x0606,0x0606,0x060C,0x0606,0x0606,0x0606,
	0x0606,0x0606,0x0606,0x0606,0x0606,0x0606,0x0606,0x0606,
	0x0606,0x0606,0x0606,0x0C06,0x060C,0x0606,0x0606,0x0606,
	0x0606,0x0606,0x0606,0x0606,0x0606,0x0606,0x0606,0x0606,
	0x0606,0x0606,0x0C0C,0x0606,0x0606,0x0606,0x0606,0x0606,
	0x0606,0x0C06,0x0606,0x0606,0x0606,0x0606,0x060C,0x0606,
	0x0C06,0x0606,0x0606,0x0606,0x0606,0x0606,0x060C,0x0606,

	0x060C,0x0606,0x0606,0x0606,0x0606,0x0C0C,0x0606,0x0606,
	0x0C06,0x0406,0x0404,0x040A,0x070A,0x0407,0x0404,0x0404,
	0x0A04,0x0707,0x040A,0x0404,0x040A,0x0404,0x0404,0x0404,
	0x0404,0x0301,0x0101,0x0103,0x0303,0x0301,0x0101,0x0301,
	0x0103,0x0704,0x0407,0x0404,0x0404,0x0301,0x0103,0x0303,
	0x0303,0x0303,0x0301,0x0303,0x0303,0x0707,0x0303,0x0103,
	0x0101,0x0101,0x0101,0x0101,0x0103,0x0101,0x0C06,0x0C0C,
	0x060C,0x060C,0x0606,0x060C,0x0606,0x0606,0x0606,0x0606,

	0x0606,0x0606,0x0606,0x0606,0x0606,0x0606,0x0606,0x0606,
	0x0606,0x0606,0x0606,0x0606,0x0606,0x0606,0x0606,0x0606,
	0x0C06,0x0606,0x0606,0x0606,0x0606,0x0606,0x0606,0x0606,
	0x0606,0x0606,0x0606,0x0606,0x0606,0x0606,0x0606,0x0606,
	0x0606,0x0606,0x0606,0x0606,0x0606,0x0606,0x0606,0x0606,
	0x0606,0x0606,0x0606,0x0606,0x0606,0x0606,0x0606,0x0606,
	0x0606,0x0C06,0x060C,0x0606,0x0606,0x0606,0x0606,0x0606,
	0x0606,0x0606,0x060C,0x0C06,0x0C06,0x0606,0x060C,0x0C0C,

	0x0606,0x0407,0x0404,0x0A0A,0x0404,0x0A0A,0x0A0A,0x0A04,
	0x040A,0x0A07,0x040A,0x0404,0x040A,0x0404,0x0404,0x0404,
	0x0404,0x0101,0x0101,0x0303,0x0301,0x0301,0x0301,0x0301,
	0x0103,0x0404,0x0404,0x0404,0x0704,0x0C07,0x0303,0x0101,
	0x0101,0x0101,0x0101,0x0101,0x0101,0x0707,0x0308,0x0303,
	0x0101,0x0101,0x0101,0x0101,0x0101,0x0101,0x0607,0x0C06,
	0x0C06,0x0C06,0x0606,0x0606,0x0606,0x0606,0x0606,0x0606,
	0x0606,0x0606,0x0606,0x0606,0x0606,0x0606,0x0606,0x0606,

	0x0606,0x0606,0x0606,0x0606,0x0606,0x0606,0x0606,0x0606,
	0x0606,0x0606,0x0606,0x0606,0x0606,0x0606,0x0606,0x0606,
	0x0606,0x060C,0x0606,0x0606,0x0606,0x0606,0x0606,0x0606,
	0x0606,0x0606,0x0606,0x0606,0x0606,0x0606,0x0606,0x0606,
	0x0606,0x0606,0x0606,0x0606,0x0606,0x0606,0x0C06,0x0C06,
	0x060C,0x0606,0x0606,0x0606,0x0606,0x0C06,0x0606,0x0606,
	0x0606,0x0606,0x0606,0x0606,0x0606,0x0606,0x0606,0x0606,
	0x0606,0x0404,0x0404,0x0A04,0x0A04,0x040A,0x0404,0x0A04,

	0x0707,0x040A,0x0A04,0x0A04,0x040A,0x0A04,0x0404,0x0404,
	0x0404,0x0101,0x0101,0x0101,0x0101,0x0101,0x0301,0x0101,
	0x0701,0x0704,0x0404,0x0404,0x0404,0x0304,0x0303,0x0307,
	0x0303,0x0303,0x0303,0x0303,0x0803,0x0701,0x0307,0x0303,
	0x0107,0x0101,0x0101,0x0101,0x0101,0x0101,0x0601,0x0606,
	0x0606,0x060C,0x0C06,0x0606,0x0606,0x0606,0x0606,0x0606,
	0x0606,0x0606,0x0606,0x0606,0x0606,0x0606,0x0606,0x0606,
	0x0606,0x0606,0x0606,0x0606,0x0606,0x0606,0x0606,0x0606,

	0x0606,0x0606,0x0606,0x0606,0x0606,0x0606,0x0606,0x0606,
	0x0606,0x0606,0x0606,0x0606,0x0606,0x0606,0x0606,0x0606,
	0x0606,0x0606,0x0606,0x0606,0x0606,0x0606,0x0606,0x0606,
	0x0606,0x0606,0x0606,0x0606,0x0606,0x0606,0x0606,0x0606,
	0x0606,0x0606,0x0606,0x0606,0x0606,0x0606,0x0606,0x0606,
	0x0606,0x0C06,0x0606,0x0606,0x0606,0x0606,0x0606,0x0C0C,
	0x0506,0x0404,0x0404,0x0404,0x0A0A,0x0A0A,0x040A,0x0704,
	0x0407,0x040A,0x0A04,0x0A04,0x0404,0x0A04,0x0404,0x0404,

	0x0404,0x0101,0x0101,0x0101,0x0101,0x0101,0x0101,0x0101,
	0x0101,0x0404,0x0404,0x0404,0x0404,0x0404,0x0303,0x0103,
	0x0303,0x030C,0x0303,0x0303,0x0303,0x0303,0x0707,0x0303,
	0x0103,0x0101,0x0101,0x0101,0x0101,0x0101,0x0701,0x0C06,
	0x0606,0x0606,0x0606,0x0606,0x0606,0x0606,0x0606,0x0606,
	0x0606,0x0606,0x0606,0x0606,0x0606,0x0606,0x0606,0x0606,
	0x0606,0x0606,0x0606,0x0606,0x0606,0x0606,0x0606,0x0606,
	0x0606,0x0606,0x0606,0x0606,0x0606,0x0606,0x0606,0x0606,

	0x0606,0x0606,0x0606,0x0606,0x0606,0x0606,0x0606,0x0606,
	0x0606,0x0606,0x0606,0x0606,0x0606,0x0606,0x0606,0x0606,
	0x0606,0x0606,0x0606,0x0606,0x0606,0x0606,0x0606,0x0606,
	0x0606,0x0606,0x0606,0x0606,0x0606,0x0C0C,0x0606,0x0606,
	0x0606,0x0606,0x0606,0x0606,0x0606,0x0606,0x0606,0x0606,
	0x0406,0x0404,0x0A04,0x0704,0x0404,0x0404,0x0404,0x0404,
	0x0A07,0x0404,0x0A04,0x0A0A,0x0A0A,0x040A,0x0A0A,0x0404,
	0x0404,0x0107,0x0101,0x0101,0x0107,0x0101,0x0101,0x0101,

	0x0701,0x0704,0x0407,0x0404,0x0404,0x0407,0x0308,0x0103,
	0x0301,0x0303,0x0303,0x0301,0x0303,0x0303,0x0707,0x0303,
	0x0703,0x0101,0x0101,0x0101,0x0101,0x0101,0x0701,0x0C0C,
	0x0606,0x0606,0x060C,0x0C06,0x0606,0x0606,0x0606,0x0606,
	0x0606,0x0606,0x0606,0x0606,0x0606,0x0606,0x0606,0x0606,
	0x0606,0x0606,0x0606,0x0606,0x0606,0x0606,0x0606,0x0606,
	0x0606,0x0606,0x0606,0x0606,0x0606,0x0606,0x0606,0x0606,
	0x0606,0x0606,0x0606,0x0606,0x0606,0x0606,0x0606,0x0606,

	0x0606,0x0606,0x0606,0x0606,0x0606,0x0606,0x0606,0x0606,
	0x0606,0x0606,0x0606,0x0606,0x0606,0x0606,0x0606,0x0606,
	0x0606,0x0606,0x0606,0x0C06,0x0606,0x0606,0x0606,0x0606,
	0x0606,0x0606,0x0606,0x0606,0x0606,0x0606,0x060C,0x060C,
	0x0406,0x0404,0x0404,0x0A07,0x0404,0x040A,0x040A,0x0704,
	0x0404,0x0A04,0x0404,0x0404,0x0404,0x0704,0x0404,0x0704,
	0x0303,0x0303,0x0303,0x0303,0x0303,0x0303,0x0303,0x0303,
	0x0303,0x0101,0x0303,0x0707,0x0404,0x0404,0x0304,0x0303,

	0x0107,0x0101,0x0101,0x0101,0x0101,0x0101,0x0707,0x0307,
	0x0103,0x0101,0x0301,0x0303,0x0103,0x0101,0x0301,0x0101,
	0x0101,0x0701,0x0607,0x0606,0x0606,0x0606,0x0606,0x0606,
	0x0606,0x0606,0x0606,0x0606,0x0606,0x0606,0x0606,0x0606,
	0x0606,0x0606,0x0606,0x0606,0x0606,0x0606,0x0606,0x0606,
	0x0606,0x0606,0x0C06,0x0606,0x0606,0x060C,0x0606,0x0606,
	0x0606,0x0606,0x0606,0x0606,0x0606,0x0606,0x0606,0x0606,
	0x0606,0x0606,0x0606,0x0606,0x0606,0x0606,0x0606,0x0606,

	0x0606,0x0606,0x0606,0x0606,0x0606,0x0606,0x0606,0x0606,
	0x0606,0x0606,0x0606,0x0606,0x0606,0x0606,0x0606,0x0C06,
	0x0606,0x060C,0x0606,0x0606,0x0606,0x0406,0x0404,0x0404,
	0x0404,0x0404,0x0704,0x0A0A,0x0404,0x0404,0x040A,0x0707,
	0x0404,0x0A04,0x0404,0x0404,0x0404,0x0404,0x0404,0x0404,
	0x0303,0x0103,0x0303,0x0303,0x0303,0x0303,0x0101,0x0301,
	0x0303,0x0103,0x0301,0x0704,0x0404,0x0404,0x0304,0x0303,
	0x0707,0x0101,0x0101,0x0101,0x0101,0x0101,0x0701,0x0107,

	0x0303,0x0107,0x0101,0x0101,0x0101,0x0101,0x0303,0x0101,
	0x0101,0x0301,0x0607,0x0606,0x0606,0x0606,0x0606,0x0606,
	0x0606,0x0606,0x0606,0x0606,0x0606,0x0606,0x0606,0x0606,
	0x0606,0x0606,0x0606,0x0606,0x0606,0x0606,0x0606,0x0606,
	0x0606,0x0606,0x0606,0x0606,0x0606,0x0606,0x0606,0x0606,
	0x0606,0x0606,0x0606,0x0606,0x0606,0x0606,0x0606,0x0606,
	0x0606,0x0606,0x0606,0x0606,0x0C06,0x0606,0x0606,0x0606,
	0x0606,0x0606,0x0606,0x0606,0x0606,0x0606,0x0606,0x0606,

	0x0606,0x0606,0x0606,0x0606,0x0606,0x0606,0x0606,0x0606,
	0x0606,0x0606,0x0606,0x0606,0x060C,0x0401,0x0404,0x0404,
	0x0404,0x0A04,0x0704,0x0A0A,0x040A,0x0A04,0x040A,0x0A07,
	0x040A,0x0A04,0x0A04,0x040A,0x040A,0x0A04,0x0404,0x0404,
	0x0707,0x0707,0x0707,0x0107,0x0107,0x0101,0x0101,0x0707,
	0x0707,0x0707,0x0707,0x0404,0x040A,0x0404,0x0404,0x0303,
	0x0703,0x0303,0x0101,0x0303,0x0303,0x0301,0x0103,0x0707,
	0x0303,0x0103,0x0101,0x0101,0x0101,0x0101,0x0101,0x0101,

	0x0101,0x0101,0x0607,0x0606,0x0606,0x0606,0x0606,0x0606,
	0x0606,0x0606,0x0606,0x0606,0x0606,0x0606,0x0606,0x0606,
	0x0606,0x0606,0x0606,0x0606,0x0606,0x0606,0x0606,0x0606,
	0x0606,0x0606,0x0606,0x0606,0x0606,0x0606,0x0606,0x0606,
	0x0606,0x0606,0x0606,0x0606,0x0606,0x0606,0x0606,0x0606,
	0x0606,0x0606,0x0606,0x0606,0x0606,0x0606,0x0606,0x0606,
	0x0606,0x0606,0x0606,0x0606,0x0606,0x0606,0x0606,0x0606,
	0x0606,0x0606,0x0606,0x0606,0x0606,0x0606,0x0606,0x0606,

	0x0606,0x0606,0x0606,0x0606,0x0606,0x0A0A,0x0A0A,0x0A0A,
	0x0A0A,0x040A,0x0A07,0x0404,0x0404,0x0A04,0x0407,0x040A,
	0x0404,0x0A04,0x0404,0x040A,0x0404,0x0404,0x0404,0x0104,
	0x0101,0x0101,0x0101,0x0101,0x0101,0x0101,0x0101,0x0701,
	0x0101,0x0101,0x0107,0x0704,0x0A04,0x0404,0x0404,0x0303,
	0x0703,0x0107,0x0101,0x0101,0x0101,0x0101,0x0101,0x0707,
	0x0303,0x0103,0x0107,0x0101,0x0107,0x0101,0x0701,0x0101,
	0x0107,0x0101,0x0701,0x0606,0x0606,0x0606,0x0606,0x0606,

	0x0606,0x0606,0x0606,0x0606,0x0606,0x0606,0x0606,0x0606,
	0x0606,0x0606,0x0606,0x0606,0x0606,0x0606,0x0C06,0x060C,
	0x0C0C,0x0C0C,0x0606,0x0606,0x0606,0x0606,0x0606,0x0606,
	0x060C,0x0606,0x0606,0x0606,0x0606,0x0606,0x0606,0x0606,
	0x0606,0x0606,0x0606,0x0606,0x0606,0x0606,0x0606,0x0606,
	0x0606,0x0606,0x0606,0x0606,0x0606,0x0606,0x0606,0x0606,
	0x0606,0x0606,0x0606,0x0606,0x0606,0x0606,0x0606,0x0606,
	0x0606,0x0606,0x0606,0x0606,0x0606,0x0A0A,0x0404,0x040A,

	0x0404,0x070A,0x0A04,0x0404,0x040A,0x040A,0x0404,0x0404,
	0x0404,0x0A04,0x0404,0x0404,0x0404,0x0404,0x0404,0x0C04,
	0x0101,0x0101,0x0101,0x0101,0x0101,0x0101,0x0101,0x0101,
	0x0101,0x0101,0x0807,0x0707,0x0404,0x0404,0x0404,0x0307,
	0x0303,0x0807,0x0101,0x0101,0x0101,0x0103,0x0103,0x0701,
	0x0307,0x0303,0x0107,0x0101,0x0101,0x0101,0x0701,0x0101,
	0x0101,0x0101,0x0701,0x0606,0x0606,0x0606,0x0606,0x0606,
	0x0606,0x0606,0x0606,0x0606,0x0606,0x0606,0x0606,0x0606,

	0x0606,0x0606,0x0606,0x0606,0x0606,0x0606,0x0806,0x0808,
	0x0808,0x060C,0x0606,0x0606,0x0606,0x0606,0x0606,0x0606,
	0x0606,0x0606,0x0606,0x0606,0x0606,0x0606,0x0606,0x0606,
	0x0606,0x0606,0x0606,0x0606,0x0606,0x0606,0x0606,0x0606,
	0x0606,0x0606,0x0606,0x0606,0x0606,0x0606,0x0606,0x0606,
	0x0606,0x0606,0x0606,0x0606,0x0606,0x0606,0x0606,0x0606,
	0x0606,0x0606,0x0606,0x0606,0x0806,0x0404,0x0404,0x040A,
	0x0A04,0x0707,0x0404,0x0404,0x0404,0x070A,0x0A04,0x0404,

	0x0404,0x0A0A,0x0404,0x040A,0x0404,0x0404,0x0404,0x0104,
	0x0101,0x0101,0x0101,0x0101,0x0101,0x0101,0x0101,0x0701,
	0x0101,0x0101,0x0107,0x0704,0x0404,0x0404,0x0404,0x0304,
	0x0303,0x0703,0x0101,0x0101,0x0101,0x0101,0x0701,0x0701,
	0x0707,0x0303,0x0701,0x0101,0x0107,0x0101,0x0701,0x0101,
	0x0101,0x0101,0x0701,0x0606,0x0606,0x0606,0x0606,0x0606,
	0x0606,0x0606,0x0606,0x0606,0x0606,0x0606,0x0606,0x0606,
	0x0606,0x0606,0x0606,0x0606,0x0606,0x0606,0x0806,0x0808,

	0x080C,0x0608,0x0606,0x0606,0x0606,0x0606,0x0606,0x0606,
	0x0606,0x0606,0x0606,0x0606,0x0606,0x0606,0x0606,0x0606,
	0x0606,0x0606,0x0606,0x0606,0x0606,0x0606,0x0606,0x0606,
	0x0606,0x0606,0x0606,0x0606,0x0606,0x0606,0x0606,0x0606,
	0x0606,0x0606,0x0606,0x0606,0x0606,0x0606,0x0606,0x0606,
	0x0606,0x0606,0x0606,0x0606,0x0A06,0x0A04,0x0404,0x0404,
	0x0404,0x0A04,0x0404,0x0404,0x0A04,0x0404,0x0A0A,0x0404,
	0x040A,0x0A0A,0x0404,0x040A,0x0404,0x0404,0x0404,0x0104,

	0x0101,0x0101,0x0101,0x0101,0x0107,0x0101,0x0101,0x0101,
	0x0101,0x0101,0x0107,0x0404,0x0404,0x0404,0x0404,0x0104,
	0x0303,0x0703,0x0103,0x0101,0x0301,0x0301,0x0101,0x0101,
	0x0707,0x0303,0x0703,0x0101,0x0101,0x0101,0x0701,0x0707,
	0x0107,0x0101,0x0101,0x0606,0x0606,0x0606,0x0606,0x0606,
	0x0606,0x0606,0x0606,0x0606,0x0606,0x0606,0x0606,0x0606,
	0x0606,0x0606,0x0606,0x0606,0x0606,0x0806,0x0808,0x0C08,
	0x0808,0x0808,0x0608,0x0606,0x0606,0x0C06,0x0606,0x0606,

	0x0606,0x0606,0x0606,0x0606,0x0606,0x0606,0x0606,0x0606,
	0x0606,0x0606,0x0606,0x0606,0x0606,0x0606,0x0606,0x0606,
	0x0606,0x0606,0x0606,0x0606,0x0606,0x0606,0x0606,0x0606,
	0x0606,0x0606,0x0606,0x0606,0x0606,0x0606,0x0606,0x0606,
	0x0606,0x0606,0x0606,0x0606,0x0405,0x0404,0x0404,0x040A,
	0x070A,0x0404,0x0404,0x0A04,0x0404,0x0707,0x040A,0x040A,
	0x0A04,0x040A,0x0404,0x040A,0x0404,0x0404,0x0404,0x0104,
	0x0101,0x0101,0x0101,0x0101,0x0101,0x0101,0x0101,0x0101,

	0x0101,0x0101,0x0101,0x0407,0x0404,0x0404,0x0404,0x0404,
	0x0303,0x0703,0x0107,0x0101,0x0101,0x0101,0x0101,0x0101,
	0x0707,0x0107,0x0103,0x0104,0x0101,0x0101,0x0101,0x0101,
	0x0101,0x0101,0x0101,0x060C,0x0606,0x0606,0x0606,0x0606,
	0x0606,0x0606,0x0606,0x060C,0x0606,0x0606,0x0606,0x0606,
	0x0606,0x0606,0x0606,0x0606,0x0606,0x0606,0x0808,0x0C08,
	0x0808,0x0808,0x0608,0x0606,0x0606,0x0606,0x0606,0x0606,
	0x0606,0x0606,0x0606,0x0606,0x0606,0x0606,0x0606,0x0606,

	0x0606,0x0606,0x0606,0x0606,0x0606,0x0606,0x0606,0x0606,
	0x0606,0x0606,0x0606,0x0606,0x0606,0x0606,0x0606,0x0606,
	0x060C,0x0606,0x0606,0x0606,0x0606,0x0606,0x0606,0x0606,
	0x0606,0x0606,0x0606,0x0606,0x040A,0x0404,0x0404,0x0A04,
	0x0404,0x0404,0x0404,0x0404,0x0404,0x0407,0x0A0A,0x0404,
	0x0A0A,0x040A,0x0404,0x0404,0x0404,0x0404,0x0404,0x0104,
	0x0101,0x0101,0x0101,0x0101,0x0101,0x0101,0x0101,0x0101,
	0x0101,0x0101,0x0101,0x0407,0x0A07,0x0404,0x0404,0x0404,

	0x0304,0x0303,0x0104,0x0101,0x0101,0x0101,0x0101,0x0301,
	0x0101,0x0104,0x0103,0x0107,0x0101,0x0101,0x0101,0x0101,
	0x0101,0x0101,0x0101,0x0301,0x0606,0x060C,0x0606,0x0606,
	0x0606,0x0606,0x0606,0x0606,0x0606,0x0606,0x0606,0x0606,
	0x0606,0x0606,0x0606,0x0606,0x0606,0x0C0C,0x0C08,0x080C,
	0x0808,0x0808,0x0608,0x0606,0x0606,0x0606,0x0606,0x0606,
	0x0606,0x0606,0x0606,0x0606,0x0606,0x0606,0x0606,0x0606,
	0x0606,0x0606,0x0606,0x0606,0x0606,0x0606,0x0606,0x0606,

	0x0606,0x0606,0x0606,0x0606,0x0606,0x0606,0x0606,0x0606,
	0x0606,0x0606,0x0606,0x0606,0x0606,0x0606,0x0606,0x0606,
	0x0606,0x060C,0x0606,0x0506,0x0A0A,0x0A04,0x0A0A,0x070A,
	0x0A04,0x040A,0x0A04,0x0A0A,0x0704,0x0A04,0x040A,0x040A,
	0x0404,0x0A0A,0x0A0A,0x0404,0x0404,0x0404,0x0404,0x0101,
	0x0101,0x0101,0x0101,0x0101,0x0101,0x0101,0x0101,0x0101,
	0x0101,0x0107,0x0101,0x0707,0x0407,0x0404,0x0404,0x0404,
	0x0104,0x0103,0x0108,0x0101,0x0101,0x0101,0x0101,0x0101,

	0x0701,0x0407,0x0303,0x0703,0x0101,0x0101,0x0701,0x0107,
	0x0707,0x0707,0x0707,0x0707,0x0707,0x0707,0x0707,0x0606,
	0x0606,0x0606,0x0606,0x0606,0x0606,0x0606,0x0606,0x0606,
	0x0606,0x0606,0x0606,0x0606,0x0606,0x0C0C,0x0C0C,0x080C,
	0x0C0C,0x0808,0x0808,0x0606,0x0606,0x0606,0x0606,0x0606,
	0x0606,0x0606,0x0606,0x0606,0x0606,0x0606,0x0606,0x0606,
	0x0606,0x0606,0x0606,0x0606,0x0606,0x0606,0x0606,0x0606,
	0x0606,0x0606,0x0606,0x0606,0x0606,0x0606,0x0606,0x0606,

	0x0606,0x0606,0x0606,0x0606,0x0606,0x0606,0x0606,0x0606,
	0x0706,0x0404,0x0404,0x0404,0x0404,0x0404,0x0404,0x040A,
	0x0407,0x0404,0x0404,0x0404,0x0707,0x040A,0x0404,0x0404,
	0x0404,0x0404,0x0404,0x0404,0x0404,0x0404,0x0404,0x0101,
	0x0101,0x0101,0x0101,0x0101,0x0101,0x0103,0x0103,0x0101,
	0x0101,0x0101,0x0101,0x0101,0x0701,0x0707,0x0404,0x0404,
	0x0404,0x0103,0x0103,0x0101,0x0101,0x0101,0x0101,0x0101,
	0x0101,0x0407,0x0103,0x0103,0x0101,0x0108,0x0301,0x0101,

	0x0101,0x0101,0x0301,0x0101,0x0103,0x0303,0x0703,0x0606,
	0x0606,0x0606,0x0606,0x0606,0x0606,0x0606,0x0606,0x0606,
	0x0606,0x0606,0x0606,0x0606,0x0C06,0x0808,0x080C,0x0808,
	0x0C0C,0x0808,0x0C08,0x0808,0x0606,0x0606,0x0606,0x0606,
	0x0606,0x0606,0x0606,0x0606,0x0606,0x0606,0x0606,0x0606,
	0x0606,0x0606,0x0606,0x0606,0x0606,0x0606,0x0606,0x0606,
	0x0606,0x0606,0x0606,0x0606,0x0606,0x0606,0x0606,0x0606,
	0x0606,0x0606,0x0606,0x0606,0x0606,0x0606,0x0606,0x0606,

	0x0406,0x0404,0x0404,0x0404,0x0404,0x0404,0x0A04,0x0407,
	0x040A,0x0A04,0x0A04,0x070A,0x0A04,0x0404,0x0404,0x0404,
	0x0404,0x0404,0x0404,0x0404,0x0404,0x0704,0x0404,0x0308,
	0x0303,0x0801,0x0301,0x0303,0x0301,0x0301,0x0101,0x0801,
	0x0101,0x0103,0x0103,0x0801,0x0401,0x0404,0x0404,0x0404,
	0x0404,0x0107,0x0701,0x0107,0x0101,0x0101,0x0101,0x0101,
	0x0107,0x0407,0x0807,0x0303,0x0107,0x0101,0x0808,0x0101,
	0x0801,0x0101,0x0101,0x0101,0x0101,0x0101,0x0701,0x0606,

	0x0606,0x0606,0x0606,0x0606,0x0606,0x0606,0x0606,0x0606,
	0x0606,0x0606,0x0606,0x0606,0x080C,0x0C08,0x0C0C,0x0C08,
	0x0C08,0x080C,0x0808,0x0808,0x0608,0x0606,0x0606,0x0606,
	0x0606,0x0606,0x0606,0x0606,0x0606,0x0606,0x0606,0x0606,
	0x0606,0x0606,0x0C0C,0x0808,0x0606,0x0606,0x0606,0x0606,
	0x0606,0x0606,0x0606,0x0606,0x0606,0x0606,0x0606,0x0606,
	0x0606,0x0606,0x0606,0x0606,0x0606,0x0606,0x0606,0x0606,
	0x0A0C,0x0A0A,0x0A0A,0x0A0A,0x0A0A,0x0A0A,0x040A,0x0A04,

	0x0404,0x0404,0x0404,0x0704,0x0407,0x0404,0x0A04,0x0A04,
	0x0A0A,0x0A0A,0x0A0A,0x0A0A,0x040A,0x0A0A,0x0704,0x0707,
	0x0707,0x0407,0x0707,0x0707,0x0704,0x0707,0x0707,0x0707,
	0x0407,0x0707,0x0707,0x0707,0x0407,0x0404,0x0404,0x0404,
	0x0404,0x0104,0x0101,0x0107,0x0101,0x0101,0x0101,0x0101,
	0x0103,0x0101,0x0404,0x0303,0x0701,0x0707,0x0707,0x0707,
	0x0707,0x0707,0x0707,0x0707,0x0107,0x0707,0x0101,0x0607,
	0x0606,0x0606,0x0606,0x0606,0x0606,0x0606,0x0606,0x0606,

	0x0606,0x0606,0x0606,0x0606,0x0C08,0x080C,0x0C0C,0x0C0C,
	0x0C0C,0x080C,0x0808,0x0808,0x0608,0x0606,0x0606,0x0606,
	0x0606,0x0606,0x0606,0x0606,0x0C06,0x0C0C,0x0606,0x0606,
	0x0606,0x0C06,0x0C08,0x080C,0x080C,0x0606,0x0606,0x0606,
	0x0606,0x0606,0x0606,0x0606,0x0606,0x0606,0x0606,0x0606,
	0x0606,0x0606,0x0606,0x0606,0x0606,0x0606,0x0606,0x0606,
	0x0404,0x0A04,0x0404,0x040A,0x0404,0x0404,0x040A,0x0A04,
	0x0404,0x0404,0x0404,0x0407,0x040A,0x0404,0x0A04,0x0404,

	0x040A,0x0404,0x0404,0x0404,0x0404,0x0404,0x0104,0x0101,
	0x0101,0x0701,0x0101,0x0101,0x0107,0x0101,0x0701,0x0101,
	0x0701,0x0101,0x0101,0x0701,0x0401,0x0404,0x0A04,0x0404,
	0x0404,0x0104,0x0101,0x0707,0x0707,0x0707,0x0707,0x0707,
	0x0701,0x0707,0x0404,0x0103,0x0701,0x0101,0x0701,0x0101,
	0x0101,0x0101,0x0101,0x0101,0x0101,0x0701,0x0101,0x0604,
	0x0606,0x0606,0x0606,0x0606,0x0606,0x0606,0x0606,0x0606,
	0x0606,0x0606,0x0606,0x0C0C,0x0C08,0x080C,0x0C0C,0x080C,

	0x0C0C,0x080C,0x0808,0x0808,0x0808,0x0606,0x0606,0x0606,
	0x0606,0x0606,0x0606,0x0C06,0x0C0C,0x0C0C,0x060C,0x0606,
	0x0C0C,0x080C,0x0C0C,0x080C,0x0C0C,0x0608,0x0606,0x0606,
	0x0606,0x0606,0x0606,0x0C06,0x0C0C,0x0C0C,0x0606,0x0606,
	0x0606,0x0606,0x0606,0x0606,0x0C06,0x0C0C,0x0606,0x0606,
	0x0404,0x0A04,0x0404,0x0404,0x0404,0x0A04,0x0704,0x0404,
	0x0404,0x0404,0x0404,0x0A04,0x0404,0x0404,0x0A04,0x0404,
	0x040A,0x0A04,0x0404,0x0404,0x040A,0x0404,0x0104,0x0101,

	0x0101,0x0701,0x0101,0x0101,0x0107,0x0101,0x0701,0x0101,
	0x0701,0x0101,0x0101,0x0701,0x0401,0x0404,0x0A04,0x0404,
	0x0404,0x0404,0x0101,0x0701,0x0101,0x0101,0x0101,0x0101,
	0x0101,0x0101,0x0407,0x0107,0x0103,0x0104,0x0101,0x0101,
	0x0101,0x0101,0x0101,0x0101,0x0101,0x0701,0x0101,0x0601,
	0x0606,0x0606,0x0606,0x0606,0x0606,0x0606,0x0606,0x0606,
	0x0606,0x0606,0x0C06,0x0C0C,0x080C,0x0C08,0x0C08,0x0C08,
	0x0808,0x0C0C,0x0C0C,0x0808,0x0808,0x0608,0x0606,0x0606,

	0x0606,0x0C0C,0x0C06,0x0C0C,0x0C0C,0x080C,0x0C0C,0x0C0C,
	0x0C0C,0x0C0C,0x080C,0x0C0C,0x080C,0x0C08,0x0606,0x0606,
	0x0C08,0x060C,0x0606,0x0808,0x080C,0x0C0C,0x060C,0x0606,
	0x0606,0x0606,0x0606,0x0606,0x0C06,0x0C0C,0x060C,0x0B06,
	0x0404,0x0404,0x0404,0x040A,0x0404,0x040A,0x0407,0x0A04,
	0x0404,0x0A0A,0x0404,0x0404,0x0404,0x0A04,0x0A0A,0x0404,
	0x040A,0x0A04,0x0404,0x0404,0x0404,0x0404,0x0104,0x0101,
	0x0101,0x0701,0x0101,0x0101,0x0107,0x0101,0x0101,0x0101,

	0x0701,0x0101,0x0101,0x0701,0x0401,0x0404,0x0A04,0x0404,
	0x0404,0x0404,0x0107,0x0101,0x0707,0x0707,0x0707,0x0107,
	0x0701,0x0701,0x0407,0x0304,0x0103,0x0104,0x0101,0x0101,
	0x0101,0x0101,0x0101,0x0101,0x0101,0x0701,0x0101,0x0601,
	0x0606,0x0606,0x0606,0x0606,0x0C08,0x0C0C,0x0606,0x0606,
	0x0606,0x0606,0x0C0C,0x0C0C,0x0C0C,0x0808,0x0C0C,0x080C,
	0x0C08,0x0808,0x080C,0x0808,0x0808,0x0808,0x060C,0x0606,
	0x0C06,0x0C08,0x080C,0x0C0C,0x0C0C,0x0C08,0x080C,0x0808,

	0x0C0C,0x0C05,0x080C,0x0C08,0x0C0C,0x0C08,0x0C0C,0x0C0C,
	0x0C0C,0x0C08,0x0C0C,0x0C0C,0x0C0C,0x080C,0x060C,0x0606,
	0x0C0C,0x0C0C,0x0606,0x0C0C,0x0C0C,0x0C0C,0x0C0C,0x0A0C,
	0x0404,0x0A04,0x0404,0x0404,0x0404,0x0704,0x0404,0x0404,
	0x0404,0x0A04,0x0407,0x0404,0x0404,0x0A0A,0x0A0A,0x0A0A,
	0x0404,0x0404,0x0404,0x0404,0x0404,0x0404,0x0104,0x0107,
	0x0101,0x0101,0x0701,0x0101,0x0107,0x0107,0x0101,0x0101,
	0x0101,0x0101,0x0107,0x0101,0x0401,0x0404,0x0404,0x0404,

	0x0404,0x0404,0x0104,0x0101,0x0104,0x0101,0x0107,0x0101,
	0x0101,0x0101,0x0101,0x0407,0x0103,0x0701,0x0101,0x0101,
	0x0101,0x0101,0x0101,0x0101,0x0101,0x0101,0x0101,0x0701,
	0x0C06,0x0606,0x0606,0x0C06,0x0C0C,0x0C0C,0x0608,0x0C0C,
	0x0606,0x0808,0x0C0C,0x0C0C,0x0C0C,0x080C,0x0C08,0x0C08,
	0x0808,0x080C,0x080C,0x0808,0x0808,0x0808,0x0808,0x0C0C,
	0x0C08,0x0C08,0x0C0C,0x0808,0x0C0C,0x080C,0x0C0C,0x080C,
	0x0508,0x0F05,0x0805,0x0C0C,0x080C,0x080C,0x0C0C,0x0C0C,

	0x0C0C,0x0C08,0x080C,0x0C0C,0x0C0C,0x0C0C,0x0C0C,0x0C0C,
	0x080C,0x0C0C,0x0C08,0x0C0C,0x0C08,0x0C0C,0x0C0C,0x040A,
	0x0404,0x0404,0x0404,0x0404,0x0A04,0x0407,0x040A,0x040A,
	0x0A0A,0x040A,0x0A07,0x0404,0x0404,0x0A04,0x0A0A,0x0404,
	0x0404,0x0404,0x0404,0x0404,0x0404,0x0404,0x0104,0x0101,
	0x0101,0x0101,0x0701,0x0101,0x0101,0x0701,0x0707,0x0101,
	0x0101,0x0101,0x0107,0x0101,0x0701,0x0404,0x0404,0x0A0A,
	0x0404,0x0404,0x0104,0x0101,0x0401,0x0107,0x0107,0x0707,

	0x0707,0x0707,0x0707,0x0404,0x0101,0x0101,0x0101,0x0701,
	0x0101,0x0101,0x0101,0x0101,0x0101,0x0101,0x0701,0x0101,
	0x0C04,0x0C0C,0x0C0C,0x080C,0x0C0C,0x0C0C,0x0C08,0x0C0C,
	0x0C0C,0x0C0C,0x0C0C,0x0C0C,0x080C,0x0C0C,0x080C,0x0C0C,
	0x080C,0x0C08,0x0C0C,0x080C,0x0808,0x0808,0x080C,0x0C0C,
	0x080C,0x0C08,0x0C0C,0x0C08,0x0C0C,0x0808,0x0505,0x0805,
	0x0505,0x0505,0x0C08,0x030C,0x0C08,0x0C08,0x0C0C,0x0C0C,
	0x080C,0x0C08,0x0C0C,0x080C,0x0C08,0x0C0C,0x0C0C,0x0C0C,

	0x0C0C,0x0C08,0x0C08,0x0C0C,0x0C08,0x0C0C,0x0C0C,0x040A,
	0x0404,0x0404,0x0404,0x0404,0x0404,0x040A,0x0404,0x0404,
	0x0404,0x070A,0x0A04,0x0404,0x0404,0x0A04,0x040A,0x0404,
	0x0404,0x0404,0x0404,0x0404,0x0404,0x0404,0x0104,0x0101,
	0x0101,0x0101,0x0101,0x0101,0x0101,0x0101,0x0701,0x0101,
	0x0101,0x0101,0x0107,0x0101,0x0101,0x0404,0x0404,0x0404,
	0x0404,0x0404,0x0704,0x0101,0x0701,0x0101,0x0101,0x0101,
	0x0101,0x0101,0x0101,0x0401,0x0104,0x0101,0x0107,0x0101,

	0x0101,0x0101,0x0101,0x0707,0x0101,0x0101,0x0101,0x0101,
	0x0C07,0x0606,0x0C0C,0x0C0C,0x0C0C,0x080C,0x0C08,0x0C0C,
	0x080C,0x080C,0x080C,0x080C,0x0C08,0x080C,0x0808,0x0C0C,
	0x0C0C,0x0808,0x0C08,0x080C,0x0808,0x0808,0x0808,0x050C,
	0x050F,0x0C08,0x0808,0x0C0C,0x0C0C,0x0C08,0x0F08,0x0505,
	0x0505,0x0505,0x0502,0x0202,0x080C,0x0C08,0x0C0C,0x050C,
	0x0505,0x0805,0x080C,0x080C,0x050F,0x0808,0x0C0C,0x050C,
	0x0C05,0x0C08,0x0C0C,0x040C,0x0A0A,0x0A04,0x0A04,0x0A0A,

	0x0A0A,0x0A0A,0x0A0A,0x0A0A,0x0404,0x0404,0x040A,0x0404,
	0x0A04,0x0407,0x040A,0x0404,0x040A,0x0404,0x0404,0x0404,
	0x0404,0x0404,0x0404,0x0404,0x0404,0x0304,0x0103,0x0101,
	0x0101,0x0301,0x0101,0x0101,0x0101,0x0101,0x0101,0x0101,
	0x0101,0x0101,0x0101,0x0101,0x0101,0x0101,0x0401,0x0404,
	0x040A,0x0404,0x0404,0x0103,0x0701,0x0707,0x0707,0x0707,
	0x0707,0x0707,0x0707,0x0407,0x0304,0x0101,0x0704,0x0101,
	0x0101,0x0101,0x0101,0x0101,0x0101,0x0101,0x0101,0x0101,

	0x0101,0x0301,0x0101,0x0401,0x0C0C,0x0808,0x0505,0x080C,
	0x0C08,0x0808,0x0505,0x0C05,0x0C0C,0x030C,0x050C,0x0505,
	0x0205,0x0C0C,0x0808,0x0808,0x0805,0x080C,0x0808,0x0505,
	0x0505,0x0505,0x080C,0x0505,0x0C0C,0x080C,0x0505,0x0505,
	0x0505,0x0205,0x0505,0x0505,0x0505,0x0808,0x0502,0x0202,
	0x0505,0x0205,0x0808,0x0502,0x0505,0x0505,0x0C08,0x0505,
	0x0505,0x0C08,0x0C05,0x040C,0x0404,0x0704,0x0404,0x0407,
	0x0404,0x0404,0x0404,0x0404,0x0404,0x0404,0x0404,0x0404,

	0x0704,0x0404,0x0404,0x0404,0x040A,0x0404,0x0404,0x0404,
	0x0404,0x0704,0x0404,0x0404,0x0404,0x0104,0x0101,0x0101,
	0x0101,0x0101,0x0101,0x0101,0x0101,0x0101,0x0101,0x0101,
	0x0101,0x0101,0x0101,0x0101,0x0101,0x0101,0x0707,0x0404,
	0x0404,0x0404,0x0404,0x0104,0x0101,0x0107,0x0101,0x0101,
	0x0101,0x0101,0x0101,0x0101,0x0407,0x0101,0x0701,0x0101,
	0x0101,0x0101,0x0101,0x0101,0x0101,0x0101,0x0101,0x0101,
	0x0101,0x0101,0x0101,0x0401,0x0C0C,0x0508,0x0505,0x0505,

	0x0C08,0x0505,0x0505,0x0505,0x0805,0x0508,0x0205,0x0505,
	0x0F05,0x0805,0x080C,0x0505,0x050F,0x0805,0x050C,0x0505,
	0x0505,0x0505,0x0505,0x0505,0x0505,0x0F02,0x0505,0x0505,
	0x020A,0x0202,0x0505,0x0502,0x0505,0x0205,0x0505,0x0205,
	0x0205,0x0505,0x0202,0x0502,0x0202,0x0505,0x0502,0x0505,
	0x050F,0x0505,0x0505,0x0407,0x0404,0x0404,0x0404,0x0404,
	0x0404,0x0404,0x0404,0x0404,0x0A07,0x0A04,0x0A04,0x0404,
	0x0404,0x0404,0x0404,0x0404,0x040A,0x0404,0x0404,0x0404,

	0x0404,0x0404,0x0404,0x0404,0x0404,0x0104,0x0101,0x0101,
	0x0101,0x0101,0x0101,0x0101,0x0101,0x0101,0x0101,0x0101,
	0x0101,0x0101,0x0101,0x0101,0x0101,0x0101,0x0401,0x0404,
	0x040A,0x0404,0x040A,0x0404,0x0101,0x0707,0x0707,0x0707,
	0x0707,0x0707,0x0707,0x0701,0x0404,0x0104,0x0701,0x0101,
	0x0101,0x0101,0x0101,0x0101,0x0101,0x0701,0x0101,0x0107,
	0x0101,0x0101,0x0101,0x0401,0x0808,0x050F,0x0505,0x0805,
	0x0F08,0x0505,0x0505,0x0505,0x0505,0x0505,0x0505,0x0505,

	0x0505,0x0805,0x0508,0x0F05,0x0505,0x0F05,0x0505,0x0505,
	0x0505,0x0F05,0x0505,0x0505,0x0505,0x050F,0x0505,0x0502,
	0x020E,0x0202,0x0502,0x0202,0x0505,0x0202,0x0205,0x0202,
	0x0502,0x0202,0x0202,0x0202,0x050F,0x0505,0x0502,0x0505,
	0x0F0F,0x0505,0x0505,0x040A,0x0404,0x040A,0x0404,0x0404,
	0x0404,0x0404,0x0A04,0x0404,0x040A,0x0404,0x0404,0x0404,
	0x0707,0x0404,0x0404,0x0404,0x0A0A,0x0A0A,0x0A04,0x0A0A,
	0x040A,0x0A0A,0x0A0A,0x0A0A,0x0A04,0x040A,0x0404,0x0707,

	0x0707,0x0707,0x0704,0x0704,0x0407,0x0404,0x0407,0x0704,
	0x0707,0x0404,0x0407,0x0707,0x0407,0x0707,0x0407,0x0404,
	0x040A,0x0404,0x0404,0x0404,0x0101,0x0401,0x0107,0x0101,
	0x0101,0x0701,0x0101,0x0101,0x0401,0x0104,0x0101,0x0704,
	0x0404,0x0707,0x0704,0x0704,0x0704,0x0707,0x0707,0x0707,
	0x0704,0x0707,0x0707,0x0707,0x050E,0x0505,0x0505,0x0505,
	0x0505,0x0505,0x0505,0x0505,0x0505,0x0505,0x0505,0x0205,
	0x0505,0x0505,0x0508,0x0505,0x0505,0x0505,0x0505,0x0202,

	0x0202,0x020E,0x0505,0x0505,0x050F,0x0505,0x0505,0x0505,
	0x050E,0x0E0E,0x020E,0x0505,0x0205,0x0205,0x0502,0x0E02,
	0x0202,0x0205,0x0202,0x0502,0x0505,0x0505,0x0202,0x0202,
	0x050F,0x0505,0x0405,0x0404,0x0404,0x0404,0x0404,0x0404,
	0x0404,0x0404,0x0A04,0x0404,0x0404,0x0404,0x0A04,0x0704,
	0x0407,0x0404,0x0404,0x0A04,0x040A,0x0404,0x0404,0x0404,
	0x0404,0x040A,0x0404,0x0404,0x0404,0x0704,0x0107,0x0101,
	0x0101,0x0101,0x0101,0x0707,0x0101,0x0101,0x0101,0x0107,

	0x0101,0x0104,0x0101,0x0101,0x0701,0x0101,0x0401,0x0404,
	0x0404,0x0404,0x0404,0x0404,0x0101,0x0101,0x0107,0x0701,
	0x0707,0x0707,0x0707,0x0707,0x0407,0x0704,0x0101,0x0701,
	0x0707,0x0707,0x0107,0x0701,0x0704,0x0101,0x0701,0x0701,
	0x0401,0x0107,0x0101,0x0107,0x0504,0x0502,0x0205,0x0202,
	0x0502,0x0505,0x020F,0x0202,0x0505,0x0505,0x0505,0x0E05,
	0x020E,0x0502,0x0505,0x0205,0x0202,0x0202,0x0205,0x0205,
	0x0202,0x0202,0x0502,0x0F05,0x0505,0x0202,0x0202,0x0502,

	0x0E0A,0x0E0E,0x0205,0x020E,0x0202,0x0202,0x0E0E,0x0E0E,
	0x020E,0x0202,0x0202,0x020E,0x0202,0x0505,0x0205,0x0202,
	0x0505,0x0505,0x0A02,0x0404,0x0404,0x0404,0x0404,0x0404,
	0x0404,0x0404,0x0404,0x0407,0x0404,0x0404,0x0404,0x0404,
	0x0404,0x0404,0x0404,0x0404,0x0404,0x0404,0x0404,0x0404,
	0x0404,0x0404,0x0404,0x0404,0x0404,0x0104,0x0707,0x0101,
	0x0101,0x0101,0x0101,0x0704,0x0107,0x0101,0x0101,0x0107,
	0x0101,0x0707,0x0101,0x0101,0x0701,0x0701,0x0401,0x0407,

	0x0404,0x0404,0x0404,0x0404,0x0104,0x0101,0x0107,0x0101,
	0x0701,0x0101,0x0101,0x0101,0x0101,0x0404,0x0101,0x0401,
	0x0707,0x0101,0x0707,0x0101,0x0707,0x0707,0x0707,0x0107,
	0x0401,0x0707,0x0101,0x0707,0x0204,0x0502,0x0205,0x0202,
	0x0202,0x0205,0x0202,0x0202,0x0502,0x0505,0x0505,0x0205,
	0x020E,0x0502,0x0505,0x0205,0x0202,0x0202,0x0202,0x0202,
	0x0202,0x0202,0x0202,0x0205,0x0202,0x0202,0x0202,0x0202,
	0x0E0E,0x0E0E,0x0E0E,0x0202,0x0202,0x0E02,0x0E02,0x0E0E,

	0x0E0E,0x0202,0x0202,0x0202,0x0202,0x0202,0x0202,0x0202,
	0x0205,0x0502,0x0405,0x0404,0x0404,0x0404,0x0404,0x0404,
	0x0404,0x0404,0x0404,0x040A,0x040A,0x0404,0x040A,0x0704,
	0x040A,0x0A04,0x0A04,0x0A04,0x0404,0x0404,0x0404,0x0404,
	0x0404,0x0404,0x0404,0x0404,0x0404,0x0107,0x0107,0x0107,
	0x0101,0x0101,0x0101,0x0107,0x0107,0x0101,0x0101,0x0107,
	0x0701,0x0107,0x0101,0x0101,0x0701,0x0107,0x0407,0x0404,
	0x0A04,0x0404,0x0404,0x0404,0x0704,0x0101,0x0401,0x0707,

	0x0707,0x0707,0x0101,0x0707,0x0107,0x0404,0x0104,0x0101,
	0x0704,0x0701,0x0707,0x0101,0x0107,0x0707,0x0707,0x0107,
	0x0407,0x0707,0x0701,0x0707,0x0407,0x0502,0x0202,0x0202,
	0x0202,0x0202,0x0202,0x0202,0x0E02,0x0502,0x0E0F,0x0202,
	0x0202,0x0E02,0x0202,0x0202,0x0202,0x0202,0x020E,0x0202,
	0x020E,0x0202,0x0202,0x0202,0x0202,0x0202,0x0202,0x0202,
	0x0E0A,0x0A0E,0x0E0E,0x0E0E,0x0E0E,0x0E0E,0x020E,0x0E0E,
	0x020E,0x020E,0x0202,0x0E0E,0x0E0E,0x0202,0x0202,0x0202,

	0x0202,0x0205,0x0402,0x0404,0x0404,0x0404,0x0404,0x0404,
	0x0404,0x0404,0x0407,0x0404,0x0404,0x0404,0x0404,0x0A04,
	0x0404,0x0404,0x0A04,0x0A04,0x0404,0x0404,0x0404,0x0404,
	0x0404,0x0404,0x0404,0x0404,0x0404,0x0701,0x0707,0x0101,
	0x0701,0x0101,0x0101,0x0101,0x0101,0x0101,0x0101,0x0101,
	0x0701,0x0101,0x0707,0x0101,0x0701,0x0101,0x0401,0x0404,
	0x0A04,0x040A,0x0404,0x0404,0x0404,0x0101,0x0701,0x0707,
	0x0707,0x0101,0x0101,0x0101,0x0101,0x0701,0x0104,0x0101,

	0x0707,0x0707,0x0101,0x0101,0x0107,0x0707,0x0107,0x0101,
	0x0101,0x0701,0x0707,0x0707,0x0407,0x0204,0x0202,0x0202,
	0x0202,0x0E0E,0x0202,0x0E02,0x0202,0x020E,0x0202,0x0202,
	0x0E02,0x0E02,0x0E0E,0x0202,0x0202,0x0202,0x0202,0x0E0E,
	0x020E,0x0202,0x0202,0x0A0E,0x0E0A,0x0E0E,0x0202,0x0202,
	0x0E0E,0x0E0A,0x0E0A,0x0E0E,0x0E02,0x0E0E,0x020E,0x0E0E,
	0x0E0E,0x020E,0x0202,0x0A02,0x0E0E,0x0202,0x0202,0x0202,
	0x0202,0x0202,0x0404,0x0404,0x0404,0x0404,0x0404,0x0404,

	0x0404,0x070A,0x0407,0x0404,0x0404,0x0404,0x0704,0x0404,
	0x0404,0x0404,0x0A04,0x040A,0x0404,0x040A,0x0404,0x0404,
	0x0404,0x0404,0x0404,0x0404,0x0404,0x0107,0x0107,0x0107,
	0x0707,0x0101,0x0701,0x0107,0x0101,0x0701,0x0707,0x0101,
	0x0107,0x0101,0x0701,0x0107,0x0101,0x0107,0x0401,0x0404,
	0x0404,0x0A04,0x0A0A,0x0404,0x0404,0x0104,0x0101,0x0704,
	0x0707,0x0107,0x0707,0x0101,0x0101,0x0707,0x0404,0x0101,
	0x0701,0x0707,0x0107,0x0701,0x0107,0x0107,0x0707,0x0707,

	0x0101,0x0107,0x0707,0x0707,0x0707,0x0204,0x0202,0x0202,
	0x0202,0x0E0E,0x020E,0x0202,0x0202,0x0E02,0x0E0E,0x0202,
	0x0E02,0x020E,0x0E0E,0x0E02,0x0E0E,0x0202,0x0202,0x020E,
	0x0202,0x0E02,0x0E02,0x0E0A,0x0E0E,0x0A0A,0x0202,0x0202,
	0x0E0E,0x0A0A,0x0E0E,0x0E0E,0x0E0E,0x0E0E,0x0E0E,0x0A0E,
	0x0E02,0x0202,0x0A02,0x0E0A,0x0E0E,0x0E0A,0x0202,0x0202,
	0x0202,0x0202,0x0404,0x0404,0x0404,0x0404,0x0404,0x0404,
	0x0404,0x0404,0x0404,0x0404,0x0404,0x0404,0x0407,0x0404,

	0x0404,0x0404,0x0404,0x040A,0x0404,0x0404,0x0404,0x0404,
	0x0404,0x0404,0x0404,0x0404,0x0404,0x0707,0x0107,0x0707,
	0x0707,0x0701,0x0707,0x0707,0x0707,0x0707,0x0107,0x0107,
	0x0701,0x0107,0x0707,0x0707,0x0707,0x0707,0x0407,0x0404,
	0x0404,0x0404,0x0404,0x0404,0x0404,0x0104,0x0101,0x0707,
	0x0107,0x0707,0x0707,0x0707,0x0707,0x0707,0x0404,0x0101,
	0x0401,0x0707,0x0707,0x0707,0x0107,0x0707,0x0707,0x0707,
	0x0107,0x0701,0x0707,0x0707,0x0707,0x0204,0x020E,0x0E0E,

	0x0202,0x0202,0x0E0E,0x0202,0x020E,0x0E02,0x0202,0x0E02,
	0x0E02,0x0E0E,0x0E0E,0x0E0E,0x0E0E,0x0E0E,0x0202,0x0202,
	0x0202,0x0202,0x0E02,0x0A0E,0x0E0E,0x0E0E,0x0202,0x0202,
	0x0E0E,0x0E0E,0x0E0E,0x0E0E,0x0E0E,0x0A0A,0x0E0E,0x0E0E,
	0x0E0E,0x0E0E,0x0E0E,0x0E0E,0x0E0E,0x0E0E,0x0E02,0x040A,
	0x0A0A,0x0A04,0x0A0A,0x0A0A,0x0404,0x0A0A,0x040A,0x0A04,
	0x0A04,0x0404,0x0404,0x040A,0x0404,0x0704,0x0407,0x0404,
	0x0404,0x0404,0x0A0A,0x0A0A,0x040A,0x040A,0x040A,0x0A04,

	0x040A,0x0A0A,0x040A,0x0A04,0x0404,0x0404,0x0404,0x0404,
	0x0404,0x0404,0x0704,0x0404,0x0704,0x0404,0x0704,0x0404,
	0x0404,0x0404,0x0404,0x0404,0x0404,0x0404,0x0404,0x0404,
	0x0404,0x0A0A,0x040A,0x040A,0x0404,0x0704,0x0101,0x0701,
	0x0707,0x0107,0x0101,0x0107,0x0101,0x0701,0x0407,0x0104,
	0x0101,0x0404,0x0404,0x0404,0x0404,0x0404,0x0E04,0x0404,
	0x0404,0x0404,0x0404,0x0404,0x0404,0x0404,0x0E04,0x0E04,
	0x0E04,0x0202,0x0202,0x0202,0x0202,0x0E0E,0x0E0E,0x020A,

	0x0202,0x0E02,0x0E0E,0x0E0E,0x0E0E,0x0E0E,0x0E0E,0x0202,
	0x0202,0x0A02,0x0E0E,0x0E0A,0x0E0E,0x0E0E,0x0A0A,0x0A0E,
	0x0000,0x0000,0x000A,0x0A00,0x0E0A,0x0E0E,0x0E0E,0x0E0E,
	0x0202,0x0A0E,0x0E0E,0x0E0A,0x0E0A,0x0E0E,0x0E0E,0x0E0A,
	0x0404,0x0404,0x0404,0x0404,0x0404,0x0404,0x0404,0x0404,
	0x0404,0x0A04,0x0404,0x0404,0x0404,0x0404,0x0A07,0x0404,
	0x0404,0x0404,0x0404,0x0404,0x0404,0x0404,0x0404,0x0404,
	0x0404,0x0404,0x0404,0x0407,0x0107,0x0101,0x0107,0x0101,

	0x0101,0x0101,0x0101,0x0101,0x0101,0x0101,0x0101,0x0101,
	0x0101,0x0701,0x0107,0x0107,0x0101,0x0101,0x0107,0x0101,
	0x0701,0x0404,0x0404,0x0404,0x0404,0x0404,0x0101,0x0401,
	0x0707,0x0707,0x0707,0x0707,0x0707,0x0704,0x0407,0x0104,
	0x0101,0x0701,0x0101,0x0101,0x0707,0x0101,0x0701,0x0707,
	0x0101,0x0707,0x0707,0x0701,0x0707,0x0707,0x0707,0x0707,
	0x0407,0x0E0E,0x0202,0x0E02,0x0A02,0x0E0E,0x0E0E,0x020A,
	0x0202,0x0202,0x0E0E,0x0E0E,0x0E0E,0x0E0E,0x0E0E,0x020E,

	0x0202,0x0E0E,0x0E0E,0x0A0A,0x0E0E,0x0A0E,0x0A0A,0x0A0A,
	0x0000,0x0000,0x0A0A,0x0A00,0x0A0A,0x0E0A,0x0E0E,0x0A0E,
	0x0E0E,0x0E0E,0x0E0E,0x0E0E,0x0A0E,0x0E0A,0x0A0E,0x0A0A,
	0x0404,0x0A0A,0x0A0A,0x040A,0x040E,0x0404,0x0404,0x0404,
	0x0404,0x0404,0x0404,0x0404,0x0A04,0x0404,0x0404,0x0404,
	0x0404,0x040A,0x0404,0x0404,0x0404,0x0404,0x0404,0x0404,
	0x0404,0x0404,0x0404,0x0404,0x0707,0x0707,0x0707,0x0707,
	0x0707,0x0101,0x0707,0x0701,0x0707,0x0707,0x0101,0x0701,

	0x0107,0x0701,0x0101,0x0701,0x0707,0x0707,0x0707,0x0707,
	0x0407,0x0404,0x0404,0x0404,0x0404,0x0404,0x0101,0x0101,
	0x0704,0x0707,0x0707,0x0701,0x0107,0x0101,0x0707,0x0404,
	0x0101,0x0701,0x0707,0x0707,0x0707,0x0707,0x0707,0x0707,
	0x0707,0x0707,0x0707,0x0707,0x0707,0x0707,0x0707,0x0707,
	0x0407,0x020E,0x0202,0x0E0E,0x0A0E,0x0A0E,0x0A0E,0x0E0E,
	0x0E0E,0x0E02,0x0E0E,0x0E0E,0x0E0E,0x0E0E,0x0E0A,0x0E0E,
	0x0E0E,0x0E0E,0x0E0E,0x0E0E,0x0E0E,0x0A00,0x000A,0x0000,

	0x0000,0x0000,0x0A0A,0x000A,0x0A0A,0x0A00,0x0E0A,0x0A0A,
	0x0E0E,0x0E0E,0x0A0E,0x0E0E,0x0A0E,0x0A0E,0x0A0E,0x0A0A,
	0x0A0E,0x0A0A,0x0A0A,0x0A0A,0x0A04,0x0404,0x040A,0x0404,
	0x0404,0x0404,0x0404,0x0404,0x0404,0x0A07,0x0404,0x0404,
	0x0404,0x0404,0x0404,0x0A04,0x0404,0x0A04,0x0404,0x0404,
	0x040A,0x0404,0x0A04,0x0404,0x0404,0x040E,0x0404,0x040E,
	0x0404,0x040E,0x0404,0x0E04,0x0404,0x0E0E,0x040E,0x0E04,
	0x040E,0x0E04,0x0404,0x0404,0x0404,0x0404,0x0404,0x0404,

	0x0404,0x0404,0x0404,0x0404,0x0404,0x0404,0x0104,0x0101,
	0x0401,0x0707,0x0407,0x0707,0x0707,0x0707,0x0407,0x0404,
	0x0101,0x0101,0x0404,0x040E,0x0404,0x0E04,0x0E04,0x0404,
	0x0404,0x040E,0x040E,0x070E,0x0407,0x0404,0x0E04,0x0404,
	0x0404,0x0E0E,0x0202,0x0E02,0x0E0E,0x0E0E,0x0E0A,0x0E0E,
	0x0E0A,0x0E02,0x0E0E,0x0E0E,0x0A0E,0x0A0A,0x0A0A,0x0E0E,
	0x0E0E,0x0A0E,0x0E0E,0x0E0E,0x0E0E,0x0A0A,0x0A0A,0x0000,
	0x0000,0x0000,0x0A0A,0x000A,0x0A0A,0x0A0A,0x0E0A,0x0E0E,

	0x0A0E,0x0E0A,0x0E0E,0x0A0A,0x0E0A,0x0A0E,0x0A0A,0x0A0A,
	0x0A0A,0x0A0A,0x0A0A,0x0A0A,0x040A,0x0404,0x0404,0x0404,
	0x0404,0x0404,0x0404,0x0404,0x0404,0x0407,0x0404,0x0404,
	0x0404,0x0404,0x0A04,0x0404,0x0404,0x0404,0x0404,0x0704,
	0x0404,0x0404,0x0404,0x0404,0x0704,0x0707,0x0707,0x0707,
	0x0707,0x0707,0x0407,0x0707,0x0707,0x0707,0x0704,0x0707,
	0x0707,0x0707,0x0707,0x0707,0x0407,0x0707,0x0707,0x0704,
	0x0404,0x0404,0x0404,0x0404,0x0404,0x0404,0x0704,0x0701,

	0x0401,0x0707,0x0707,0x0701,0x0707,0x0707,0x0707,0x0E07,
	0x0104,0x0107,0x0704,0x0707,0x0707,0x0707,0x0704,0x0707,
	0x0707,0x0704,0x0707,0x0707,0x0707,0x0707,0x0707,0x0707,
	0x0707,0x0204,0x0E02,0x0E0E,0x0E0E,0x0E0E,0x0E0E,0x0E0E,
	0x0E0E,0x0E0E,0x0E0E,0x0E0E,0x0A0A,0x0A0A,0x0A0A,0x0E0E,
	0x0E0E,0x0E0A,0x0E0A,0x000A,0x0A0A,0x0000,0x0000,0x000A,
	0x0000,0x0000,0x0A00,0x000A,0x0A0A,0x0A0A,0x000A,0x0E0E,
	0x0E0E,0x0A0E,0x0E0E,0x0A0A,0x0A0A,0x0E0E,0x0A0A,0x0A0E,

	0x0A0A,0x0A0A,0x0A0A,0x0A0A,0x040A,0x0404,0x0404,0x0404,
	0x040A,0x0A0A,0x0E0A,0x0404,0x0704,0x0404,0x0404,0x0A0A,
	0x0E0A,0x040E,0x0404,0x0404,0x0404,0x0404,0x0404,0x0404,
	0x0404,0x0404,0x0404,0x0404,0x0707,0x0707,0x0707,0x0707,
	0x0707,0x0707,0x0407,0x0707,0x0707,0x0707,0x0704,0x0707,
	0x0707,0x0707,0x0707,0x0707,0x0E07,0x0707,0x0707,0x0707,
	0x0404,0x0404,0x0404,0x0404,0x0404,0x0404,0x0404,0x0101,
	0x0707,0x0704,0x0707,0x0707,0x0707,0x0707,0x0707,0x0407,

	0x0707,0x0107,0x0401,0x0707,0x0707,0x0707,0x0707,0x0707,
	0x0707,0x0707,0x0707,0x0707,0x0707,0x0704,0x0707,0x0707,
	0x0707,0x040E,0x0E02,0x0E0E,0x0E0E,0x0E0E,0x0A0E,0x0A0E,
	0x0E0E,0x0E0E,0x0E0E,0x0A0E,0x0A0A,0x0A0A,0x0A0A,0x000A,
	0x0000,0x0A0A,0x000E,0x0000,0x0000,0x0000,0x0000,0x0000,
	0x0000,0x0000,0x0A0A,0x0A0A,0x0A0A,0x0A0A,0x0A0A,0x0A0A,
	0x0E0E,0x0A0A,0x0A0A,0x0A0A,0x0A0A,0x0A0A,0x0A0A,0x0A0A,
	0x0A0A,0x0A0A,0x0A0A,0x0A0A,0x0A0A,0x0404,0x040E,0x040E,

	0x0A0A,0x0A0A,0x0A0A,0x0404,0x0407,0x0404,0x0A04,0x000A,
	0x0E0A,0x0E0E,0x0404,0x0404,0x0404,0x0404,0x040E,0x0404,
	0x0404,0x0404,0x0404,0x0404,0x0707,0x0707,0x0707,0x0707,
	0x0707,0x0707,0x0407,0x0707,0x0707,0x0707,0x0707,0x0707,
	0x0707,0x0704,0x0707,0x0707,0x0E07,0x0707,0x0707,0x0704,
	0x0404,0x0404,0x0404,0x0404,0x0404,0x0404,0x0404,0x0707,
	0x0701,0x0707,0x0707,0x0707,0x0701,0x0707,0x0707,0x0707,
	0x070E,0x0701,0x0707,0x0707,0x0704,0x0707,0x0704,0x0707,

	0x0707,0x0707,0x0707,0x0707,0x0707,0x070E,0x0707,0x0707,
	0x0707,0x0404,0x0E02,0x0E0E,0x0E0E,0x0E0E,0x0E0E,0x0E0E,
	0x0E0E,0x0E0E,0x0A0A,0x0A0A,0x0A0A,0x0A0A,0x000A,0x0000,
	0x0A0A,0x0A00,0x000A,0x0000,0x0000,0x000A,0x0000,0x0000,
	0x0000,0x0000,0x0000,0x0A0A,0x0A0A,0x0A0A,0x0A0A,0x0A00,
	0x0E0E,0x0A0A,0x0A0A,0x0A0A,0x0A0A,0x0A0A,0x0A0A,0x0A0A,
	0x0E0A,0x0A0E,0x0A0A,0x0A0A,0x0A0A,0x0A0A,0x0A0A,0x040E,
	0x0A0A,0x0A0A,0x0A0A,0x0A0A,0x0A0A,0x0404,0x0A04,0x0A0A,

	0x0A0A,0x0E0E,0x0E0E,0x0404,0x0404,0x0404,0x0A04,0x0E0A,
	0x0404,0x0404,0x0404,0x0E04,0x0707,0x0707,0x0707,0x0707,
	0x0707,0x0707,0x0707,0x0707,0x0707,0x0A0E,0x070A,0x0707,
	0x0707,0x0707,0x0707,0x0707,0x0407,0x0707,0x0707,0x0407,
	0x0404,0x0407,0x0A04,0x0E0E,0x0E0E,0x0E0E,0x040E,0x0704,
	0x0707,0x0407,0x0707,0x0707,0x0707,0x0707,0x0707,0x0707,
	0x0407,0x0104,0x0701,0x0704,0x0707,0x0707,0x0707,0x0707,
	0x0707,0x0707,0x0707,0x0E07,0x0E0E,0x0E0A,0x070E,0x0707,

	0x0707,0x0407,0x0E0E,0x0E0E,0x0A0A,0x0A00,0x0A0A,0x0E0A,
	0x0E0E,0x0E0E,0x0A0A,0x0A0A,0x0A0A,0x0A0A,0x000A,0x0000,
	0x0A0A,0x0000,0x0000,0x0000,0x0000,0x0000,0x0000,0x0000,
	0x0000,0x0000,0x0A00,0x0000,0x0A0A,0x0000,0x0A0A,0x000A,
	0x0A0A,0x0A0A,0x0A0A,0x0A0A,0x0A0A,0x0A0A,0x0A0A,0x0A0A,
	0x0000,0x0A00,0x0A0E,0x0A0A,0x0A0A,0x0A0A,0x0A0A,0x0A0A,
	0x0A0A,0x0A0A,0x0A0A,0x0A0A,0x0A0A,0x0404,0x0A0A,0x0A0A,
	0x0A0A,0x0E0A,0x0E02,0x0404,0x0404,0x0A04,0x0E0A,0x0E0E,

	0x040E,0x0404,0x0404,0x0E07,0x0E04,0x070A,0x0707,0x0707,
	0x0707,0x0707,0x0701,0x0707,0x0E07,0x0A0A,0x0E0A,0x070E,
	0x0707,0x0707,0x0707,0x0707,0x0707,0x0E0E,0x070E,0x0707,
	0x0404,0x0404,0x0A0A,0x0E0A,0x0E0E,0x0E0E,0x0E04,0x0E0E,
	0x0707,0x0407,0x0707,0x0707,0x0707,0x0707,0x0707,0x0707,
	0x0E07,0x0107,0x0701,0x0707,0x0707,0x0707,0x0707,0x0707,
	0x0707,0x0707,0x0707,0x0A0A,0x0E0E,0x0A0E,0x0A0A,0x0707,
	0x0707,0x0707,0x0E07,0x0A00,0x0A0A,0x000A,0x0000,0x0A0A,

	0x0E0E,0x0E0E,0x0A0A,0x0A0A,0x0A0A,0x0E0A,0x000A,0x0A0A,
	0x000A,0x0A0A,0x0000,0x0A00,0x0000,0x0000,0x000A,0x0000,
	0x0000,0x0000,0x0000,0x000A,0x0A00,0x0000,0x000A,0x0A0A,
	0x0000,0x0A0A,0x0A0A,0x0A0A,0x0A0A,0x0A0A,0x0A0A,0x0A0A,
	0x0000,0x0A0A,0x0A00,0x0A0A,0x040A,0x0A0A,0x0A0A,0x0A0A,
	0x0A0A,0x0A0A,0x0A0A,0x0A0A,0x0A0A,0x0404,0x0A0A,0x0A0A,
	0x0A0A,0x0E0A,0x020E,0x040E,0x0E04,0x0A0E,0x0A0A,0x0E0E,
	0x0E0E,0x040E,0x0404,0x0A04,0x0E0A,0x070A,0x0707,0x0707,

	0x0707,0x0707,0x0707,0x0E07,0x0A07,0x0E0A,0x0A0E,0x040E,
	0x0707,0x0707,0x0707,0x0707,0x0E07,0x0A0A,0x0E0E,0x0707,
	0x0404,0x0407,0x0A0A,0x0E0A,0x0E02,0x0E0E,0x0E0E,0x0A0E,
	0x0701,0x0707,0x0707,0x0707,0x0707,0x0707,0x0707,0x0E0E,
	0x0E0E,0x070E,0x0701,0x0401,0x0704,0x0707,0x0707,0x070E,
	0x0707,0x0707,0x0A0E,0x0A0E,0x0E0E,0x0A0A,0x0A0A,0x070E,
	0x070E,0x0407,0x0E07,0x0A0A,0x0A0A,0x0A0A,0x0A0A,0x000A,
	0x0E0E,0x0A0A,0x0A0A,0x0A0A,0x0A0A,0x0000,0x0000,0x0A00,

	0x000A,0x0A0A,0x0A00,0x0000,0x000A,0x0000,0x0000,0x0000,
	0x0000,0x0000,0x0000,0x0000,0x0000,0x0000,0x0000,0x0A0A,
	0x0000,0x0A0A,0x0A0A,0x0A0A,0x0A0A,0x000A,0x0000,0x0000,
	0x0000,0x0A0A,0x0A00,0x0A0E,0x0A0A,0x0A0E,0x0A0A,0x0A0A,
	0x0A0A,0x0A0A,0x0A0A,0x0A0A,0x0A0A,0x0A0A,0x0A0A,0x0A0A,
	0x0A0A,0x0A0A,0x0E0A,0x0404,0x0A0A,0x0A0A,0x0A0A,0x0A0A,
	0x0E0E,0x040E,0x0404,0x0A0A,0x0A0A,0x0A0A,0x0A0A,0x0707,
	0x0707,0x0707,0x0707,0x0A0A,0x0A0A,0x0A0A,0x0E0E,0x0A0A,

	0x0707,0x0707,0x0707,0x0707,0x0A04,0x0E0A,0x0A0E,0x0E0A,
	0x0407,0x0A0A,0x0A0A,0x0A0A,0x0202,0x0E0E,0x0E0E,0x0E0A,
	0x070A,0x0707,0x0707,0x0707,0x0707,0x0707,0x0707,0x0A0E,
	0x0E0E,0x0E0E,0x010E,0x0701,0x0707,0x0707,0x0A07,0x0A0A,
	0x0A0A,0x070A,0x0A0A,0x0E0A,0x0A0E,0x0A0A,0x0E0A,0x0A0E,
	0x070A,0x0707,0x0A07,0x0A0A,0x0A0A,0x0A0A,0x0A0A,0x0A0A,
	0x0A0A,0x0A0A,0x0A0A,0x0A0A,0x0A0A,0x0000,0x0000,0x0A0A,
	0x0000,0x0000,0x0A00,0x000A,0x0000,0x000A,0x0000,0x0000,

	0x0000,0x0000,0x0000,0x0000,0x0000,0x0A00,0x000A,0x000A,
	0x0000,0x0A00,0x0A0A,0x0A0A,0x0A0A,0x0000,0x0000,0x0000,
	0x0A0A,0x0A0A,0x000A,0x0000,0x0A0E,0x0A0A,0x0A0A,0x0A0A,
	0x0A0A,0x0000,0x0000,0x0A00,0x0A0A,0x0A0A,0x0A0A,0x0A0A,
	0x0A0A,0x0A0A,0x0A0A,0x0A0A,0x0A0A,0x0A0A,0x0A0A,0x0A0A,
	0x0E0A,0x0E0E,0x040A,0x0A0A,0x0A0A,0x0A0A,0x0A0A,0x0E0E,
	0x0707,0x0707,0x0E0E,0x0A0A,0x0E0A,0x0A0A,0x0E0E,0x0E0E,
	0x0E0E,0x0A0A,0x0A0A,0x0E07,0x0A0A,0x0A0A,0x0A04,0x0E0E,

	0x0A0A,0x0A0E,0x0A0A,0x0A0A,0x0A0E,0x0E0A,0x0A0E,0x0A0A,
	0x0E0E,0x0707,0x0707,0x0707,0x0707,0x0707,0x0A0E,0x0E0E,
	0x0E0E,0x0E0E,0x0A0E,0x0107,0x0707,0x0707,0x0A0E,0x0E0A,
	0x0E0E,0x0E0A,0x0A0A,0x0A0A,0x0E0E,0x0E0A,0x0A0E,0x0A0A,
	0x0A0A,0x0A0A,0x0A00,0x0E0A,0x0E0E,0x0A0A,0x0A0A,0x0A0A,
	0x0A0A,0x0A0A,0x0000,0x0A00,0x0A0A,0x0A00,0x0000,0x0000,
	0x000A,0x0000,0x0000,0x0000,0x0000,0x0000,0x0000,0x0000,
	0x0000,0x0000,0x0000,0x0000,0x0000,0x0A00,0x0000,0x000A,

	0x0000,0x0A00,0x0A0A,0x0A0A,0x0A0A,0x0000,0x0000,0x0000,
	0x0A0A,0x0A0A,0x0A0A,0x0A00,0x0E0E,0x0A0A,0x0A0A,0x0A0A,
	0x0A0A,0x0000,0x0000,0x0A00,0x0A0A,0x0A0A,0x0A0A,0x0A0A,
	0x0A0A,0x0A0A,0x0A0A,0x0A0A,0x0A0A,0x0A0A,0x0A0A,0x0E0A,
	0x0A0A,0x0A0A,0x0A0A,0x0A0A,0x0E0A,0x0A0E,0x0A0A,0x0A0A,
	0x0707,0x0707,0x0A0A,0x0A0A,0x0A0A,0x0A0A,0x0E0A,0x0A0E,
	0x0E0E,0x0A0A,0x0A0A,0x0A07,0x0A0A,0x0A0A,0x0A0A,0x0E0E,
	0x0A0A,0x0A0A,0x0A0A,0x0A0A,0x0E0E,0x0A0A,0x0E0A,0x0E0A,

	0x0E0A,0x0707,0x0E07,0x070E,0x0707,0x0707,0x0A0E,0x020E,
	0x0E0E,0x0E0E,0x0E0A,0x0707,0x0104,0x0E07,0x0A0A,0x0A0A,
	0x0E0E,0x0E0A,0x0E0A,0x0E0E,0x0A0E,0x0A0A,0x0A0A,0x0A0A,
	0x0A0A,0x0A0A,0x0A0A,0x0A0A,0x0A0A,0x0A0A,0x0A00,0x0A0A,
	0x0000,0x000A,0x0000,0x0000,0x0000,0x0A00,0x0A0A,0x0A0A,
	0x000A,0x000A,0x0000,0x0000,0x0000,0x0000,0x0000,0x0000,
	0x0000,0x0000,0x0000,0x0000,0x0000,0x0000,0x0000,0x0000,
	0x0000,0x0A00,0x0A0A,0x0A0A,0x0000,0x0000,0x0000,0x0000,

	0x0A00,0x0A0A,0x0A0A,0x0A0A,0x0A00,0x0A0A,0x0E0A,0x000A,
	0x0A00,0x0A0A,0x0A0A,0x000A,0x0000,0x0A0A,0x0A0A,0x0A0A,
	0x0A0A,0x0A0A,0x0E0A,0x0E02,0x0A0E,0x0A0A,0x0A0A,0x0A0A,
	0x0A0E,0x0A0A,0x0A0A,0x0A0A,0x0A0A,0x0E0E,0x0A0E,0x0A0A,
	0x0E0A,0x0A0E,0x0A0A,0x0A0A,0x0A0A,0x0A0A,0x0A0A,0x0A0A,
	0x0A0A,0x0A0A,0x0A0A,0x0A0A,0x0A0A,0x0A0A,0x0A0A,0x0A0A,
	0x0A0A,0x0A0A,0x0A0A,0x0A0A,0x0E0A,0x0A0A,0x0A0A,0x0A0E,
	0x0A0A,0x0E0E,0x0E0E,0x0E0E,0x070A,0x0707,0x020E,0x0E0E,

	0x0E0E,0x0A0A,0x0A0A,0x0A0A,0x010A,0x0A07,0x0E0A,0x0A0A,
	0x0E0E,0x0E0A,0x0E0E,0x0E0E,0x0A0E,0x0E0A,0x0A0A,0x0A0A,
	0x0A0A,0x0A0A,0x0A0A,0x0A0A,0x0A0A,0x0A0A,0x0A0A,0x0A0A,
	0x0A0A,0x0000,0x0000,0x0000,0x0000,0x0A0A,0x0A0A,0x000A,
	0x0000,0x0A00,0x000A,0x0000,0x0000,0x0000,0x0000,0x0000,
	0x0000,0x0000,0x0000,0x0000,0x0A00,0x0A00,0x0A00,0x000A,
	0x0000,0x0000,0x000A,0x0000,0x0000,0x0000,0x0000,0x0A00,
	0x0A00,0x0A0A,0x0A0A,0x0A0A,0x000A,0x0A00,0x0A0E,0x0A00,

	0x0000,0x0000,0x0A0A,0x0A0A,0x0A0A,0x000A,0x0A0A,0x0A0A,
	0x0A0A,0x0E0A,0x0A0E,0x020E,0x0A02,0x0A0A,0x0A0A,0x000E,
	0x0000,0x0A00,0x0A0A,0x0A0A,0x0A0A,0x0E0A,0x0A0E,0x0A0A,
	0x0E0A,0x0A0E,0x0A0A,0x0A0A,0x0A0A,0x0A0A,0x0A0A,0x0A0A,
	0x0A0A,0x0A0E,0x0A0A,0x0A0A,0x0E0A,0x0A0A,0x0A0A,0x0A0A,
	0x0A0A,0x0A0A,0x0A0A,0x0A0A,0x0A0A,0x0A0A,0x0A0A,0x0E0E,
	0x0E0E,0x0E0E,0x0E0E,0x0E0E,0x0E0E,0x040E,0x0A0A,0x0A0A,
	0x0A0A,0x0A0A,0x0A0A,0x0A0A,0x0A0A,0x0A0A,0x0A0A,0x0A0A,

	0x000E,0x0A00,0x000A,0x0A0A,0x0000,0x0E0A,0x0A0A,0x0A0A,
	0x0A0A,0x0A0A,0x0A0A,0x0A0A,0x0A00,0x0A00,0x0A0A,0x0A0A,
	0x000A,0x000A,0x0000,0x0A0A,0x0000,0x0000,0x0000,0x0000,
	0x0000,0x0000,0x0000,0x0000,0x0000,0x0000,0x0000,0x0000,
	0x0000,0x0000,0x0000,0x0000,0x0000,0x0000,0x0A00,0x000A,
	0x0000,0x0A0A,0x000A,0x0000,0x0000,0x0000,0x0000,0x0000,
	0x000A,0x0A0A,0x000A,0x0A0A,0x0A0A,0x0A00,0x000A,0x0000,
	0x0000,0x0000,0x0A0A,0x0A0A,0x0A0A,0x0A0A,0x0A0A,0x0A0A,

	0x0A0A,0x0E0A,0x0E0E,0x0A0E,0x0E0E,0x0A0E,0x0A0A,0x000A,
	0x0A00,0x0000,0x0A0A,0x0A0A,0x0A0A,0x0A0A,0x0A0A,0x0A0A,
	0x0A0A,0x0A0A,0x0A0A,0x0A0E,0x0E0E,0x0A0A,0x0A0A,0x0A0A,
	0x0E0E,0x0A0E,0x0A0A,0x0A0A,0x0A0A,0x0A0A,0x0A0A,0x0A0A,
	0x0A0A,0x0A0A,0x0A0A,0x0A0A,0x0A0A,0x0A0A,0x0A0A,0x0E0A,
	0x0E0E,0x0E0A,0x0E0A,0x0E0E,0x0A0E,0x0A0E,0x0A0A,0x0A0A,
	0x0A0A,0x0A0A,0x0A0E,0x0A0A,0x0A0A,0x0E0A,0x0E0A,0x000A,
	0x0000,0x0A00,0x0A0A,0x0A0A,0x000A,0x0000,0x0A0A,0x0A0A,

	0x0A0A,0x0A0A,0x0A0A,0x0A0A,0x000A,0x0000,0x0000,0x0A0A,
	0x000A,0x0000,0x0A00,0x000A,0x0A00,0x0000,0x0000,0x0000,
	0x000A,0x0A00,0x0000,0x0000,0x0000,0x0000,0x0000,0x0000,
	0x0000,0x0000,0x0000,0x0000,0x0000,0x0000,0x0000,0x0000,
	0x0000,0x0000,0x0000,0x0000,0x0000,0x0000,0x0000,0x0000,
	0x0000,0x0A0A,0x0A0A,0x0A0A,0x0A0A,0x000A,0x0000,0x0A00,
	0x0000,0x0A0A,0x000A,0x0A0A,0x0A0A,0x0A0A,0x0A00,0x0A0A,
	0x0A0A,0x0E0A,0x0E0E,0x0E0E,0x0E0E,0x0A0E,0x0000,0x0000,

	0x0A0A,0x0A0A,0x0000,0x0000,0x0A00,0x0A0A,0x0A0A,0x0A0A,
	0x0A0A,0x0A0A,0x0A0A,0x0A0E,0x0E0E,0x0A0A,0x0A0A,0x0E0A,
	0x0E0E,0x0A0A,0x0A0A,0x0000,0x0000,0x0A00,0x0A0A,0x0A0A,
	0x0A0A,0x0A0A,0x0A0A,0x0E0A,0x0A0A,0x0A0A,0x0A0A,0x0A0E,
	0x0E0E,0x0E0E,0x0E0E,0x0E0E,0x0E0E,0x0A0A,0x0A0A,0x0A0A,
	0x0A0A,0x0A0A,0x0A0A,0x0A0A,0x0A0A,0x0E0A,0x0E0E,0x000A,
	0x000A,0x0A0A,0x0A0A,0x0000,0x000A,0x0000,0x0A0A,0x0A0A,
	0x0A00,0x0A0A,0x0A0A,0x0000,0x0000,0x0A00,0x0000,0x0A00,

	0x0000,0x0000,0x000A,0x0A00,0x000A,0x0000,0x0000,0x0000,
	0x0000,0x0000,0x0000,0x0000,0x0000,0x0000,0x0000,0x0000,
	0x000A,0x0000,0x0000,0x0000,0x0000,0x0000,0x0000,0x0000,
	0x0000,0x0000,0x0000,0x0000,0x0000,0x0000,0x0000,0x0000,
	0x0000,0x0000,0x000A,0x0A0A,0x0A0A,0x0A0A,0x000A,0x0000,
	0x0A00,0x0A00,0x0000,0x0A0A,0x0A0A,0x0A0A,0x0A00,0x0A0A,
	0x0A0A,0x0A0E,0x0E0E,0x0E0E,0x0E0E,0x0E0E,0x0A00,0x0000,
	0x0A00,0x0A0A,0x0000,0x0000,0x0E00,0x0A0A,0x0A0A,0x0A0A,

	0x0A0A,0x0A0A,0x0E0A,0x0E0E,0x0E0E,0x0A0A,0x0A0E,0x0A0A,
	0x0A0A,0x0E0A,0x0A0A,0x0000,0x0000,0x0A0A,0x0A0A,0x0A0A,
	0x0A0A,0x0A0A,0x0A0A,0x0A0A,0x0A0A,0x0A0A,0x0A0A,0x0E0A,
	0x0E0E,0x0E0E,0x0E0E,0x0E0E,0x0A0E,0x0E0A,0x0A0E,0x0A0A,
	0x0A0A,0x0A0A,0x0A0A,0x0A0A,0x0A0A,0x0E0A,0x000E,0x0A0A,
	0x0A0A,0x0A00,0x0000,0x0000,0x0000,0x0A00,0x0000,0x0000,
	0x0A00,0x0A0A,0x0A0A,0x000A,0x0A0A,0x0A0A,0x000A,0x0000,
	0x0000,0x0000,0x0A00,0x0000,0x0000,0x0000,0x0000,0x0000,

	0x0000,0x0000,0x0000,0x0000,0x0000,0x0000,0x0000,0x0000,
	0x000A,0x0000,0x0000,0x0000,0x0000,0x0000,0x0000,0x0000,
	0x0000,0x0000,0x0000,0x0000,0x0000,0x0000,0x0000,0x0000,
	0x0000,0x0000,0x000A,0x0A00,0x0A00,0x0A0A,0x0000,0x0000,
	0x0A00,0x000A,0x0000,0x0000,0x0A00,0x0000,0x0E00,0x000A,
	0x000A,0x0E0E,0x0E0E,0x0E0E,0x0E0E,0x000E,0x0000,0x0A0A,
	0x0A00,0x0A0A,0x0A0A,0x000A,0x0A00,0x0A0A,0x0A0A,0x0A0A,
	0x000A,0x0000,0x0A00,0x0E0E,0x0E0E,0x0A0E,0x0A0A,0x0E0A,

	0x0A0A,0x0000,0x0000,0x0A00,0x0A0A,0x0000,0x000A,0x0A0A,
	0x0A0A,0x0A0A,0x0A0A,0x0A0A,0x0A0A,0x0E0A,0x0000,0x0000,
	0x0000,0x0A0E,0x0E0E,0x0A0A,0x0E0A,0x0A0A,0x0A0E,0x0A0A,
	0x0A0A,0x0E0A,0x0A0E,0x0A0A,0x0A0A,0x0A0A,0x0A00,0x0A0A,
	0x0A0A,0x0A0A,0x0000,0x0000,0x0000,0x0000,0x0000,0x0000,
	0x0000,0x0A0E,0x000A,0x000A,0x0A0A,0x0A0A,0x0A0A,0x000A,
	0x0000,0x0000,0x0A00,0x0000,0x0000,0x0000,0x0000,0x0000,
	0x0A00,0x0000,0x0000,0x0000,0x0000,0x0000,0x0000,0x0000,

	0x0000,0x0000,0x0000,0x0000,0x0000,0x0000,0x0000,0x0000,
	0x0000,0x0A00,0x0000,0x0000,0x0000,0x0000,0x0000,0x0000,
	0x0000,0x0000,0x000A,0x0000,0x000A,0x0A00,0x0000,0x0000,
	0x0000,0x0000,0x0000,0x0000,0x0000,0x000A,0x000A,0x0000,
	0x0A0A,0x0000,0x0E00,0x0E0E,0x000A,0x0000,0x0000,0x0000,
	0x0000,0x0000,0x0A0A,0x0A0A,0x000A,0x0E0E,0x0A0A,0x0000,
	0x0000,0x0A0A,0x0A0A,0x0E00,0x0E0E,0x0E0A,0x0A0E,0x0A0E,
	0x000A,0x0000,0x0000,0x0A00,0x0A0A,0x0A0A,0x0A0A,0x0A0A,

	0x0A0E,0x0A0A,0x0A0A,0x0A0A,0x0A0A,0x0E0E,0x000A,0x0A0A,
	0x0000,0x0E0E,0x0E0E,0x0A0A,0x0A0A,0x0A0A,0x0A0A,0x0A0A,
	0x0A0A,0x0A0A,0x0A0A,0x0A0A,0x0A0A,0x0A0A,0x0A00,0x0A0A,
	0x0A0A,0x0A0A,0x0A0A,0x0000,0x0000,0x0000,0x0000,0x0000,
	0x0000,0x0A0A,0x000A,0x0A0A,0x0A0A,0x000A,0x0A0A,0x000A,
	0x0000,0x0000,0x0000,0x0000,0x0000,0x0000,0x0000,0x0000,
	0x0000,0x0000,0x0000,0x0000,0x0000,0x0000,0x0000,0x0000,
	0x0000,0x0000,0x0000,0x0A00,0x0000,0x0000,0x0000,0x0000,

	0x0000,0x0000,0x0000,0x0000,0x0000,0x0000,0x0000,0x0000,
	0x0000,0x0000,0x0000,0x0000,0x0A00,0x0A00,0x0000,0x0000,
	0x0000,0x0000,0x0000,0x0000,0x0000,0x0000,0x0000,0x000A,
	0x0000,0x000A,0x0E0A,0x0E0E,0x000A,0x0000,0x0000,0x0000,
	0x0A00,0x0000,0x0A0A,0x0A0A,0x0A0A,0x0E0A,0x0A0A,0x0000,
	0x000A,0x0A0A,0x000A,0x0E0A,0x0A0E,0x0E0E,0x0E0E,0x0A0E,
	0x000E,0x0000,0x0000,0x0A00,0x000A,0x0A00,0x0A0A,0x0A00,
	0x0A0A,0x0A0A,0x0E0A,0x0A0A,0x0A0A,0x0000,0x0A00,0x0A0A,

	0x0A0A,0x0000,0x0E00,0x0A0A,0x0A0A,0x0A0A,0x0A0A,0x0A0A,
	0x0A0A,0x0A0A,0x0E0A,0x0A0A,0x0A0A,0x0000,0x0A00,0x000A,
	0x0A00,0x000A,0x0A0A,0x0000,0x000A,0x0000,0x0000,0x0000,
	0x0000,0x0000,0x0A00,0x0A0A,0x0A0A,0x0A0A,0x0A00,0x0A0A,
	0x0000,0x0000,0x0000,0x0000,0x0000,0x0000,0x0000,0x0000,
	0x0000,0x0000,0x0000,0x0000,0x000A,0x0000,0x0000,0x0000,
	0x0000,0x0000,0x0000,0x0000,0x0000,0x0000,0x0000,0x0000,
	0x0000,0x0000,0x0000,0x0000,0x0000,0x0000,0x0000,0x0000,

	0x0000,0x0000,0x0A00,0x0A0A,0x0000,0x0000,0x0000,0x0000,
	0x0000,0x0000,0x000A,0x0000,0x0A00,0x0000,0x0A0A,0x0A00,
	0x0000,0x0A00,0x0A00,0x0000,0x000E,0x0000,0x0000,0x0000,
	0x000A,0x0A00,0x0A00,0x0A0A,0x0A0A,0x0000,0x0000,0x0000,
	0x0A00,0x0000,0x0A0A,0x000A,0x0A0A,0x0E0E,0x0000,0x0E00,
	0x000A,0x0000,0x0000,0x0000,0x0000,0x0A00,0x0A0A,0x000A,
	0x0000,0x0A0A,0x0A0A,0x0A0A,0x000A,0x0A00,0x0A0A,0x0A0A,
	0x000A,0x0A00,0x0000,0x0A0A,0x0A0A,0x0A0A,0x0A0A,0x0A0A,

	0x0A0A,0x0A0A,0x0A0E,0x0A0A,0x0A0A,0x0000,0x0000,0x000A,
	0x000A,0x0A00,0x0000,0x0A00,0x0000,0x0000,0x0000,0x0A00,
	0x0000,0x0000,0x0000,0x0A0A,0x0A0A,0x0A0A,0x0A00,0x0A0A,
	0x0000,0x0000,0x0000,0x0000,0x0000,0x0000,0x0000,0x0000,
	0x0000,0x0000,0x0000,0x0000,0x0000,0x0000,0x0000,0x0000,
	0x0000,0x0000,0x0000,0x0000,0x0000,0x0000,0x0000,0x0000,
	0x000A,0x0000,0x0000,0x0000,0x0000,0x000A,0x0000,0x0000,
	0x0000,0x0000,0x0A00,0x000A,0x0000,0x0000,0x0000,0x0000,

	0x0000,0x0000,0x0000,0x0000,0x0000,0x000A,0x0000,0x0000,
	0x0A0A,0x0A0A,0x0A0A,0x000A,0x0000,0x0000,0x0000,0x0000,
	0x0000,0x0000,0x0000,0x0A00,0x0A0A,0x000A,0x0A00,0x0000,
	0x0000,0x0000,0x0000,0x000A,0x0A0A,0x000A,0x0000,0x0000,
	0x0000,0x0000,0x0000,0x000A,0x0A0A,0x0000,0x0A0A,0x0A0A,
	0x0A0A,0x0A00,0x0A0A,0x0A0E,0x000A,0x0A00,0x0A0A,0x000A,
	0x0000,0x0000,0x0000,0x0A00,0x0A0A,0x0A0A,0x0A0A,0x0A00,
	0x0A0A,0x0A0A,0x000A,0x0000,0x0A0A,0x0000,0x0000,0x000A,

	0x0000,0x0A00,0x0000,0x000A,0x0000,0x0000,0x0000,0x0000,
	0x0000,0x0000,0x0000,0x0000,0x000A,0x000A,0x0000,0x0000,
	0x0000,0x0000,0x0000,0x0000,0x0000,0x0000,0x0000,0x0000,
	0x0000,0x0000,0x0000,0x0000,0x0000,0x0000,0x0000,0x0000,
	0x0000,0x0000,0x0000,0x0000,0x0000,0x0000,0x0000,0x0000,
	0x0000,0x0000,0x0000,0x0000,0x0000,0x0000,0x0000,0x0000,
	0x0000,0x0000,0x0000,0x0000,0x0000,0x0000,0x0000,0x0000,
	0x0000,0x0000,0x0000,0x0000,0x0000,0x0000,0x0000,0x0000,

	0x0A00,0x0A0A,0x0A0A,0x000A,0x0000,0x0000,0x0000,0x0000,
	0x0000,0x0000,0x0000,0x0A00,0x0000,0x000A,0x0000,0x0000,
	0x0000,0x0000,0x0000,0x0000,0x0E0E,0x000E,0x0000,0x0000,
	0x0000,0x0000,0x0A00,0x0000,0x0A0A,0x0000,0x0A00,0x0A0A,
	0x0A0A,0x0A00,0x0A0A,0x0A0A,0x0A00,0x0A00,0x000A,0x0000,
	0x0000,0x0000,0x0000,0x0A00,0x0A0A,0x0A0A,0x0000,0x0000,
	0x0000,0x0A0A,0x000A,0x0000,0x000A,0x0000,0x000A,0x0000,
	0x0000,0x0000,0x0A00,0x0000,0x0000,0x0000,0x0000,0x0A00,

	0x0000,0x0000,0x0000,0x0000,0x0000,0x0000,0x0000,0x0000,
	0x0000,0x0000,0x0000,0x0000,0x0000,0x0000,0x0000,0x0000,
	0x0000,0x0000,0x0000,0x0000,0x0000,0x0000,0x0000,0x0000,
	0x0000,0x0000,0x0000,0x0000,0x0000,0x0000,0x0000,0x0000,
	0x0000,0x0000,0x0000,0x0000,0x0000,0x0000,0x000A,0x0000,
	0x0000,0x0000,0x0000,0x0000,0x0000,0x0000,0x0000,0x0000,
	0x0000,0x0000,0x0000,0x0000,0x0000,0x0000,0x0000,0x0A00,
	0x0000,0x0A00,0x0A0A,0x0A0A,0x000A,0x0000,0x0000,0x0000,

	0x0000,0x0000,0x0000,0x0000,0x0000,0x0000,0x0000,0x0000,
	0x0000,0x0000,0x000A,0x0000,0x0000,0x0000,0x0000,0x0000,
	0x0000,0x0000,0x0000,0x0000,0x0000,0x0000,0x0A00,0x000A,
	0x0000,0x0A00,0x0A0A,0x0A0A,0x0A0A,0x0000,0x000A,0x0000,
	0x0000,0x0000,0x0000,0x0A00,0x000A,0x0000,0x0A00,0x000A,
	0x0000,0x0000,0x0000,0x0000,0x0000,0x0000,0x0000,0x0000,
	0x0000,0x0A00,0x0000,0x0000,0x0000,0x0000,0x0000,0x0000,
	0x0000,0x000A,0x0000,0x0000,0x0000,0x0000,0x0000,0x0000,

	0x0000,0x0000,0x0000,0x0000,0x0000,0x0000,0x0000,0x0000,
	0x0000,0x0000,0x0000,0x0000,0x0000,0x0000,0x0000,0x0000,
	0x0000,0x0000,0x0000,0x0000,0x0000,0x0000,0x0000,0x0000,
	0x0000,0x0000,0x0000,0x0000,0x0000,0x0000,0x000A,0x0000,
	0x0000,0x0000,0x0000,0x0000,0x0000,0x0000,0x0000,0x0000,
	0x0000,0x0000,0x0000,0x0000,0x0000,0x0000,0x0000,0x0000,
	0x0A00,0x0000,0x0000,0x0A0A,0x0000,0x0000,0x0000,0x0000,
	0x0000,0x0000,0x0000,0x0000,0x0000,0x0000,0x0000,0x0000,

	0x0000,0x0000,0x0000,0x0000,0x0000,0x000A,0x0000,0x0000,
	0x0000,0x0000,0x0000,0x0000,0x0000,0x0000,0x0A00,0x0A0A,
	0x0000,0x0A0A,0x0E0A,0x0A0E,0x0000,0x000A,0x0000,0x0A00,
	0x0000,0x0000,0x0000,0x0A00,0x000A,0x0A00,0x0A0A,0x000A,
	0x0000,0x0A00,0x0000,0x0A00,0x0000,0x0000,0x0000,0x0000,
	0x0000,0x0000,0x0000,0x0000,0x0000,0x0000,0x0000,0x0000,
	0x0000,0x0000,0x0000,0x0000,0x0000,0x0000,0x000A,0x0000,
	0x0000,0x0000,0x0000,0x0000,0x0000,0x0000,0x0000,0x0000,

	0x0000,0x0000,0x0000,0x0000,0x0000,0x0000,0x0000,0x0000,
	0x0000,0x0000,0x0000,0x0000,0x0000,0x0000,0x0000,0x0A00,
	0x0000,0x0000,0x0000,0x0000,0x0000,0x0000,0x0000,0x0000,
	0x0000,0x0000,0x0000,0x0000,0x0000,0x0000,0x0000,0x0000,
	0x0000,0x0000,0x000A,0x0000,0x0000,0x0000,0x0000,0x0000,
	0x0000,0x0000,0x0A00,0x0000,0x0A0A,0x0000,0x0000,0x0000,
	0x0000,0x0000,0x0000,0x0000,0x0000,0x0000,0x0000,0x0000,
	0x0000,0x0000,0x0000,0x0000,0x0000,0x0000,0x0000,0x0000,

	0x0000,0x0000,0x0000,0x0000,0x0000,0x0000,0x0000,0x0000,
	0x0000,0x0000,0x0A00,0x0000,0x0000,0x0000,0x0000,0x0000,
	0x0000,0x0000,0x0000,0x0000,0x0000,0x0A00,0x0A0A,0x000A,
	0x0A00,0x0000,0x0000,0x0000,0x0000,0x0000,0x0000,0x0000,
	0x0000,0x0A00,0x0000,0x0000,0x0000,0x0000,0x0000,0x0000,
	0x0000,0x0000,0x0000,0x0000,0x0A00,0x0000,0x0000,0x0000,
	0x0000,0x0000,0x0000,0x0000,0x0000,0x0000,0x0000,0x0000,
	0x0000,0x0000,0x0000,0x0000,0x0000,0x0000,0x0000,0x0000,

	0x0000,0x0000,0x0000,0x0000,0x0000,0x0000,0x0000,0x0000,
	0x0000,0x0000,0x0000,0x0000,0x0000,0x0000,0x0000,0x0000,
	0x0000,0x0000,0x0000,0x0000,0x0000,0x0000,0x0000,0x0000,
	0x0000,0x0000,0x0000,0x0000,0x0000,0x0000,0x0000,0x0000,
	0x0000,0x0A00,0x0A0A,0x000A,0x0000,0x0A00,0x0000,0x0000,
	0x0000,0x0000,0x0000,0x0000,0x0000,0x0000,0x0000,0x0000,
	0x0000,0x0000,0x0000,0x0000,0x0000,0x0000,0x0000,0x000A,
	0x0000,0x0000,0x0000,0x0000,0x0000,0x0000,0x0000,0x0000,

	0x0000,0x0000,0x0000,0x000A,0x0000,0x0000,0x0000,0x0000,
	0x0000,0x0000,0x0000,0x0000,0x0000,0x0A00,0x0000,0x0000,
	0x0000,0x0000,0x0000,0x0000,0x0000,0x0000,0x0000,0x0000,
	0x0000,0x0000,0x0000,0x0000,0x0000,0x0000,0x0000,0x0000,
	0x0000,0x0000,0x0000,0x0000,0x0000,0x0000,0x0000,0x0000,
	0x0000,0x0000,0x0000,0x0000,0x0000,0x0000,0x0000,0x0000,
	0x0000,0x0000,0x0000,0x0000,0x0000,0x0000,0x0000,0x0000,
	0x0000,0x0000,0x0000,0x0000,0x0000,0x0000,0x0000,0x0000,

	0x0000,0x0000,0x0000,0x0000,0x0000,0x0000,0x0000,0x0000,
	0x0000,0x0000,0x0000,0x0000,0x0000,0x0000,0x0000,0x0000,
	0x0000,0x0000,0x0000,0x0000,0x0000,0x0000,0x0000,0x0000,
	0x0000,0x0000,0x0000,0x0000,0x0000,0x0000,0x0000,0x0000,
	0x0000,0x0000,0x000A,0x0000,0x0000,0x0A00,0x0000,0x0000,
	0x0000,0x0000,0x0000,0x0000,0x0000,0x0000,0x0000,0x0000,
	0x0000,0x0000,0x0000,0x0000,0x0000,0x0000,0x0000,0x0000,
	0x0000,0x0000,0x0000,0x000A,0x0000,0x0000,0x0000,0x0000,

	0x0000,0x0000,0x0000,0x0000,0x0000,0x0000,0x0000,0x0000,
	0x0000,0x0000,0x0000,0x0000,0x0000,0x000A,0x0000,0x0000,
	0x0000,0x0000,0x0000,0x0000,0x0000,0x0000,0x0000,0x0000,
	0x0000,0x0000,0x000A,0x0000,0x0000,0x0000,0x0000,0x0000,
	0x0000,0x0000,0x0000,0x000A,0x0000,0x0000,0x0000,0x0000,
	0x0000,0x0000,0x0000,0x0000,0x0000,0x0000,0x0000,0x0000,
	0x0000,0x0000,0x0000,0x0000,0x0000,0x0000,0x0000,0x0000,
	0x0000,0x0000,0x0000,0x0000,0x0000,0x0000,0x0000,0x0000,

	0x0000,0x0000,0x0000,0x0000,0x0000,0x0000,0x0000,0x0000,
	0x0000,0x0000,0x0000,0x0000,0x0000,0x0000,0x0000,0x0000,
	0x0000,0x0000,0x0A00,0x0000,0x0000,0x000A,0x0000,0x0000,
	0x0000,0x0000,0x0000,0x0000,0x0000,0x0000,0x0000,0x0000,
	0x0000,0x0000,0x0000,0x0000,0x0000,0x0000,0x0A00,0x000A,
	0x0000,0x0000,0x0000,0x0000,0x0000,0x0000,0x0000,0x0000,
	0x0000,0x0000,0x0000,0x0000,0x0000,0x0A00,0x0000,0x0000,
	0x0000,0x0000,0x0000,0x0000,0x0000,0x0000,0x0000,0x0000,

	0x0000,0x0000,0x0000,0x0000,0x0000,0x0000,0x0000,0x0000,
	0x0000,0x0000,0x0000,0x0000,0x0000,0x0000,0x0000,0x0000,
	0x0000,0x0000,0x0000,0x0000,0x0000,0x0000,0x0000,0x0000,
	0x0000,0x0000,0x0000,0x0000,0x0000,0x0000,0x0000,0x0000,
	0x0000,0x0000,0x0000,0x0000,0x0000,0x0000,0x0000,0x0000,
	0x0000,0x0000,0x0000,0x0000,0x0000,0x0000,0x0000,0x0000,
	0x0000,0x0000,0x0000,0x0000,0x0000,0x0000,0x0000,0x0000,
	0x0000,0x0000,0x0000,0x0000,0x0000,0x0000,0x0000,0x0000,

	0x0000,0x0000,0x0000,0x0000,0x0000,0x0000,0x0000,0x0000,
	0x0000,0x0000,0x000A,0x0000,0x000A,0x0000,0x0000,0x0000,
	0x0000,0x0000,0x0000,0x000A,0x0000,0x0000,0x0000,0x0000,
	0x0000,0x0000,0x0000,0x0000,0x0000,0x0000,0x0000,0x0000,
	0x0000,0x0000,0x0000,0x0000,0x0000,0x0000,0x0000,0x0000,
	0x0000,0x0000,0x0000,0x0000,0x0000,0x0000,0x0000,0x0000,
	0x0000,0x0000,0x0000,0x0000,0x0000,0x0000,0x0000,0x0000,
	0x0000,0x0000,0x0000,0x0000,0x0000,0x0000,0x0000,0x0000,

	0x0000,0x0000,0x0000,0x0000,0x0000,0x0000,0x0000,0x0000,
	0x0000,0x0000,0x0000,0x0000,0x0000,0x0000,0x000A,0x0000,
	0x0000,0x0000,0x0000,0x0000,0x0000,0x0000,0x0000,0x0000,
	0x0000,0x0000,0x0000,0x0000,0x0000,0x0000,0x0000,0x0000,
	0x0000,0x0000,0x0000,0x0000,0x0000,0x0000,0x0000,0x0000,
	0x0000,0x0000,0x0000,0x0000,0x0000,0x0000,0x0000,0x0000,
	0x0000,0x0000,0x0000,0x0000,0x0000,0x0000,0x0000,0x0A00,
	0x0000,0x0000,0x0000,0x0000,0x0000,0x0000,0x0000,0x0000,

	0x0000,0x0000,0x0000,0x0000,0x0000,0x0000,0x0000,0x0000,
	0x0000,0x0000,0x0000,0x0000,0x0000,0x0000,0x0000,0x0000,
	0x0000,0x0000,0x0000,0x0000,0x0000,0x0000,0x0000,0x0000,
	0x0000,0x0000,0x0000,0x0000,0x0000,0x0000,0x0000,0x0000,
	0x0000,0x0000,0x0000,0x0000,0x0000,0x0000,0x0000,0x0000,
	0x0000,0x0000,0x0000,0x0000,0x0000,0x0000,0x0000,0x0000,
	0x0000,0x0000,0x0000,0x0000,0x0000,0x0000,0x0000,0x0000,
	0x0000,0x0000,0x0000,0x0000,0x0000,0x0000,0x0A00,0x0000,

	0x0000,0x0000,0x0000,0x0000,0x0000,0x0000,0x0000,0x0000,
	0x0000,0x0000,0x0000,0x0000,0x0000,0x0000,0x0000,0x0000,
	0x0000,0x0000,0x0000,0x0000,0x0000,0x0000,0x0000,0x0000,
	0x0000,0x0000,0x0000,0x0000,0x0000,0x0000,0x0000,0x0000,
	0x0000,0x0000,0x0000,0x0000,0x0000,0x0000,0x0000,0x0000,
	0x0000,0x0000,0x0000,0x0000,0x0000,0x0000,0x0000,0x0000,
	0x0000,0x0000,0x0000,0x0000,0x0000,0x0000,0x0000,0x0000,
	0x0000,0x0000,0x0000,0x0000,0x0000,0x0000,0x0000,0x0000,

	0x0000,0x0000,0x0000,0x0000,0x0000,0x0000,0x0000,0x0000,
	0x0000,0x0000,0x0000,0x0000,0x0000,0x0000,0x0000,0x0000,
	0x0000,0x000A,0x0000,0x0000,0x0000,0x0000,0x0000,0x0000,
	0x0000,0x0000,0x0000,0x0000,0x0000,0x0000,0x0000,0x0000,
	0x0000,0x0000,0x0000,0x0000,0x0000,0x000A,0x0000,0x0000,
	0x0000,0x0000,0x0000,0x0000,0x0000,0x0000,0x0000,0x0000,
	0x0000,0x0000,0x0000,0x0000,0x0000,0x0000,0x0000,0x0000,
	0x0000,0x0000,0x0000,0x0000,0x0000,0x0000,0x0000,0x0000,

	0x0000,0x0000,0x0000,0x0000,0x0000,0x0000,0x0000,0x0000,
	0x0000,0x0000,0x0000,0x0000,0x0000,0x0000,0x0000,0x0000,
	0x0000,0x0000,0x0000,0x0000,0x0000,0x0000,0x0000,0x0000,
	0x0000,0x0000,0x0000,0x0000,0x0000,0x0000,0x0000,0x0000,
	0x0000,0x0000,0x0000,0x0000,0x0000,0x0000,0x0000,0x0000,
	0x0000,0x0000,0x0000,0x0000,0x0000,0x0000,0x0000,0x0000,
	0x0000,0x0000,0x0000,0x0000,0x0000,0x0000,0x0000,0x0000,
	0x0000,0x0000,0x0000,0x0000,0x0000,0x0000,0x0000,0x0000,

	0x0000,0x0000,0x0000,0x0000,0x0000,0x0000,0x0000,0x0000,
	0x0000,0x0000,0x0000,0x0000,0x0000,0x0000,0x0000,0x0000,
	0x0000,0x0000,0x0000,0x0000,0x0000,0x0000,0x0000,0x0000,
	0x0000,0x0000,0x0000,0x0000,0x0000,0x0000,0x0000,0x0000,
	0x0000,0x0000,0x0000,0x0000,0x0000,0x0000,0x0000,0x0000,
	0x0000,0x0000,0x0000,0x0000,0x0000,0x0000,0x0000,0x0000,
	0x0000,0x0000,0x0000,0x0000,0x0000,0x0000,0x0000,0x0000,
	0x0000,0x0000,0x0000,0x0000,0x0000,0x0000,0x0000,0x0000,

	0x0000,0x0000,0x0000,0x0000,0x0000,0x0000,0x0000,0x0000,
	0x0000,0x0000,0x0000,0x0000,0x0000,0x0000,0x0000,0x0000,
	0x0000,0x0000,0x0000,0x0000,0x0000,0x0000,0x0000,0x0000,
	0x0000,0x0000,0x0000,0x0000,0x0000,0x0000,0x0000,0x0000,
	0x0000,0x0000,0x0000,0x0000,0x0000,0x0000,0x0000,0x0000,
	0x0000,0x0000,0x0000,0x0000,0x0000,0x0000,0x0000,0x0000,
	0x0000,0x0000,0x0000,0x0000,0x0000,0x0000,0x0000,0x0000,
	0x0000,0x0000,0x0000,0x0000,0x0000,0x0000,0x0000,0x0000,

	0x0000,0x0000,0x0000,0x0000,0x0000,0x0000,0x0000,0x0000,
	0x0000,0x0000,0x0000,0x0000,0x0000,0x0000,0x0000,0x0000,
	0x0000,0x0000,0x0000,0x0000,0x0000,0x0000,0x0000,0x0000,
	0x0000,0x0000,0x0000,0x0000,0x0000,0x0000,0x0000,0x0000,
	0x0000,0x0000,0x0000,0x0000,0x0000,0x0000,0x0000,0x0000,
	0x0000,0x0000,0x0000,0x0000,0x0000,0x0000,0x0000,0x0000,
	0x0000,0x0000,0x0000,0x0000,0x0000,0x0000,0x0000,0x0000,
	0x0000,0x0000,0x0000,0x0000,0x0000,0x0000,0x0000,0x0000,
};

const unsigned short winScreenPal[256] __attribute__((aligned(4)))=
{
	0x1060,0x0CF5,0x216B,0x097B,0x1468,0x29D2,0x1A5E,0x10AE,
	0x1DD7,0x3DCB,0x14A4,0x333F,0x15FC,0x31CF,0x1D07,0x29D4,
	0x0000,0x0000,0x0000,0x0000,0x0000,0x0000,0x0000,0x0000,
	0x0000,0x0000,0x0000,0x0000,0x0000,0x0000,0x0000,0x0000,
	0x0000,0x0000,0x0000,0x0000,0x0000,0x0000,0x0000,0x0000,
	0x0000,0x0000,0x0000,0x0000,0x0000,0x0000,0x0000,0x0000,
	0x0000,0x0000,0x0000,0x0000,0x0000,0x0000,0x0000,0x0000,
	0x0000,0x0000,0x0000,0x0000,0x0000,0x0000,0x0000,0x0000,

	0x0000,0x0000,0x0000,0x0000,0x0000,0x0000,0x0000,0x0000,
	0x0000,0x0000,0x0000,0x0000,0x0000,0x0000,0x0000,0x0000,
	0x0000,0x0000,0x0000,0x0000,0x0000,0x0000,0x0000,0x0000,
	0x0000,0x0000,0x0000,0x0000,0x0000,0x0000,0x0000,0x0000,
	0x0000,0x0000,0x0000,0x0000,0x0000,0x0000,0x0000,0x0000,
	0x0000,0x0000,0x0000,0x0000,0x0000,0x0000,0x0000,0x0000,
	0x0000,0x0000,0x0000,0x0000,0x0000,0x0000,0x0000,0x0000,
	0x0000,0x0000,0x0000,0x0000,0x0000,0x0000,0x0000,0x0000,

	0x0000,0x0000,0x0000,0x0000,0x0000,0x0000,0x0000,0x0000,
	0x0000,0x0000,0x0000,0x0000,0x0000,0x0000,0x0000,0x0000,
	0x0000,0x0000,0x0000,0x0000,0x0000,0x0000,0x0000,0x0000,
	0x0000,0x0000,0x0000,0x0000,0x0000,0x0000,0x0000,0x0000,
	0x0000,0x0000,0x0000,0x0000,0x0000,0x0000,0x0000,0x0000,
	0x0000,0x0000,0x0000,0x0000,0x0000,0x0000,0x0000,0x0000,
	0x0000,0x0000,0x0000,0x0000,0x0000,0x0000,0x0000,0x0000,
	0x0000,0x0000,0x0000,0x0000,0x0000,0x0000,0x0000,0x0000,

	0x0000,0x0000,0x0000,0x0000,0x0000,0x0000,0x0000,0x0000,
	0x0000,0x0000,0x0000,0x0000,0x0000,0x0000,0x0000,0x0000,
	0x0000,0x0000,0x0000,0x0000,0x0000,0x0000,0x0000,0x0000,
	0x0000,0x0000,0x0000,0x0000,0x0000,0x0000,0x0000,0x0000,
	0x0000,0x0000,0x0000,0x0000,0x0000,0x0000,0x0000,0x0000,
	0x0000,0x0000,0x0000,0x0000,0x0000,0x0000,0x0000,0x0000,
	0x0000,0x0000,0x0000,0x0000,0x0000,0x0000,0x0000,0x0000,
	0x0000,0x0000,0x0000,0x0000,0x0000,0x0000,0x0000,0x0000,
};

//}}BLOCK(winScreen)
