
//{{BLOCK(spriteNormal)

//======================================================================
//
//	spriteNormal, 400x504@4, 
//	+ palette 256 entries, not compressed
//	+ 3150 tiles not compressed
//	Total size: 512 + 100800 = 101312
//
//	Time-stamp: 2025-03-26, 15:59:26
//	Exported by Cearn's GBA Image Transmogrifier, v0.8.3
//	( http://www.coranac.com/projects/#grit )
//
//======================================================================

const unsigned short spriteNormalTiles[50400] __attribute__((aligned(4)))=
{
	0x0000,0x0000,0x0000,0x0000,0x4400,0x0440,0x4800,0x4484,
	0x2400,0x4888,0x8400,0x5822,0x4400,0x5828,0x2840,0x448C,
	0x0000,0x0000,0x0000,0x0000,0x0040,0x0000,0x0444,0x0004,
	0x4844,0x0048,0x2885,0x0048,0x8285,0x0044,0xC844,0x0482,
	0x0000,0x0000,0x4400,0x0440,0x4800,0x4484,0x2400,0x4888,
	0x8400,0x5822,0x4400,0x5828,0x2840,0x448C,0x8410,0x8882,
	0x0000,0x0000,0x0040,0x0000,0x0444,0x0004,0x4844,0x0048,
	0x2885,0x0048,0x8285,0x0044,0xC844,0x0482,0x2888,0x0548,

	0x0000,0x0000,0x0000,0x0000,0x4400,0x0440,0x4800,0x4484,
	0x2400,0x4888,0x8400,0x5822,0x4400,0x5828,0x2840,0x448C,
	0x0000,0x0000,0x0000,0x0000,0x0040,0x0000,0x0444,0x0004,
	0x4844,0x0048,0x2885,0x0048,0x8285,0x0044,0xC844,0x0482,
	0x0000,0x0000,0x0000,0x0000,0x0000,0x0000,0x0000,0x0000,
	0x0000,0x0000,0x0000,0x0000,0x0000,0x0000,0x0000,0x0000,
	0x0000,0x0000,0x0000,0x0000,0x0000,0x0000,0x0000,0x0000,
	0x0000,0x0000,0x0000,0x0000,0x0000,0x0000,0x0000,0x0000,

	0x0000,0x0000,0x0000,0x0000,0x0000,0x0000,0x0000,0x0000,
	0x0000,0x0000,0x0000,0x0000,0x0000,0x0000,0x0000,0x0000,
	0x0000,0x0000,0x0000,0x0000,0x0000,0x0000,0x0000,0x0000,
	0x0000,0x0000,0x0000,0x0000,0x0000,0x0000,0x0000,0x0000,
	0x0000,0x0000,0x0000,0x0000,0x0000,0x0000,0x0000,0x0000,
	0x0000,0x0000,0x0000,0x0000,0x0000,0x0000,0x0000,0x0000,
	0x0000,0x0000,0x0000,0x0000,0x0000,0x0000,0x0000,0x0000,
	0x0000,0x0000,0x0000,0x0000,0x0000,0x0000,0x0000,0x0000,

	0x0000,0x0000,0x0000,0x0000,0x0000,0x0000,0x0000,0x0000,
	0x0000,0x0000,0x0000,0x0000,0x0000,0x0000,0x0000,0x0000,
	0x0000,0x0000,0x0000,0x0000,0x0000,0x0000,0x0000,0x0000,
	0x0000,0x0000,0x0000,0x0000,0x0000,0x0000,0x0000,0x0000,
	0x0000,0x0000,0x0000,0x0000,0x0000,0x0000,0x0000,0x0000,
	0x0000,0x0000,0x0000,0x0000,0x0000,0x0000,0x0000,0x0000,
	0x0000,0x0000,0x0000,0x0000,0x0000,0x0000,0x0000,0x0000,
	0x0000,0x0000,0x0000,0x0000,0x0000,0x0000,0x0000,0x0000,

	0x0000,0x0000,0x0000,0x0000,0x0000,0x0000,0x0000,0x0000,
	0x0000,0x0000,0x0000,0x0000,0x0000,0x0000,0x0000,0x0000,
	0x0000,0x0000,0x0000,0x0000,0x0000,0x0000,0x0000,0x0000,
	0x0000,0x0000,0x0000,0x0000,0x0000,0x0000,0x0000,0x0000,
	0x0000,0x0000,0x0000,0x0000,0x0000,0x0000,0x0000,0x0000,
	0x0000,0x0000,0x0000,0x0000,0x0000,0x0000,0x0000,0x0000,
	0x0000,0x0000,0x0000,0x0000,0x0000,0x0000,0x0000,0x0000,
	0x0000,0x0000,0x0000,0x0000,0x0000,0x0000,0x0000,0x0000,

	0x0000,0x0000,0x0000,0x0000,0x0000,0x0000,0x0000,0x0000,
	0x0000,0x0000,0x0000,0x0000,0x0000,0x0000,0x0000,0x0000,
	0x0000,0x0000,0x0000,0x0000,0x0000,0x0000,0x0000,0x0000,
	0x0000,0x0000,0x0000,0x0000,0x0000,0x0000,0x0000,0x0000,
	0x0000,0x0000,0x0000,0x0000,0x0000,0x0000,0x0000,0x0000,
	0x0000,0x0000,0x0000,0x0000,0x0000,0x0000,0x0000,0x0000,
	0x0000,0x0000,0x0000,0x0000,0x0000,0x0000,0x0000,0x0000,
	0x0000,0x0000,0x0000,0x0000,0x0000,0x0000,0x0000,0x0000,

	0x0000,0x0000,0x0000,0x0000,0x0000,0x0000,0x0000,0x0000,
	0x0000,0x0000,0x0000,0x0000,0x0000,0x0000,0x0000,0x0000,
	0x0000,0x0000,0x0000,0x0000,0x0000,0x0000,0x0000,0x0000,
	0x0000,0x0000,0x0000,0x0000,0x0000,0x0000,0x0000,0x0000,
	0x0000,0x0000,0x0000,0x0000,0x0000,0x0000,0x0000,0x0000,
	0x0000,0x0000,0x0000,0x0000,0x0000,0x0000,0x0000,0x0000,
	0x0000,0x0000,0x0000,0x0000,0x0000,0x0000,0x0000,0x0000,
	0x0000,0x0000,0x0000,0x0000,0x0000,0x0000,0x0000,0x0000,

	0x0000,0x0000,0x0000,0x0000,0x0000,0x0000,0x0000,0x0000,
	0x0000,0x0000,0x0000,0x0000,0x0000,0x0000,0x0000,0x0000,
	0x0000,0x0000,0x0000,0x0000,0x0000,0x0000,0x0000,0x0000,
	0x0000,0x0000,0x0000,0x0000,0x0000,0x0000,0x0000,0x0000,
	0x0000,0x0000,0x0000,0x0000,0x0000,0x0000,0x0000,0x0000,
	0x0000,0x0000,0x0000,0x0000,0x0000,0x0000,0x0000,0x0000,
	0x0000,0x0000,0x0000,0x0000,0x0000,0x0000,0x0000,0x0000,
	0x0000,0x0000,0x0000,0x0000,0x0000,0x0000,0x0000,0x0000,

	0x0000,0x0000,0x0000,0x0000,0x0000,0x0000,0x0000,0x0000,
	0x0000,0x0000,0x0000,0x0000,0x0000,0x0000,0x0000,0x0000,
	0x0000,0x0000,0x0000,0x0000,0x0000,0x0000,0x0000,0x0000,
	0x0000,0x0000,0x0000,0x0000,0x0000,0x0000,0x0000,0x0000,
	0x0000,0x0000,0x0000,0x0000,0x0000,0x0000,0x0000,0x0000,
	0x0000,0x0000,0x0000,0x0000,0x0000,0x0000,0x0000,0x0000,
	0x0000,0x0000,0x0000,0x0000,0x0000,0x0000,0x0000,0x0000,
	0x0000,0x0000,0x0000,0x0000,0x0000,0x0000,0x0000,0x0000,

	0x0000,0x0000,0x0000,0x0000,0x0000,0x0000,0x0000,0x0000,
	0x0000,0x0000,0x0000,0x0000,0x0000,0x0000,0x0000,0x0000,
	0x0000,0x0000,0x0000,0x0000,0x0000,0x0000,0x0000,0x0000,
	0x0000,0x0000,0x0000,0x0000,0x0000,0x0000,0x0000,0x0000,
	0x0000,0x0000,0x0000,0x0000,0x0000,0x0000,0x0000,0x0000,
	0x0000,0x0000,0x0000,0x0000,0x0000,0x0000,0x0000,0x0000,
	0x0000,0x0000,0x0000,0x0000,0x0000,0x0000,0x0000,0x0000,
	0x0000,0x0000,0x0000,0x0000,0x0000,0x0000,0x0000,0x0000,

	0x0000,0x0000,0x0000,0x0000,0x0000,0x0000,0x0000,0x0000,
	0x0000,0x0000,0x0000,0x0000,0x0000,0x0000,0x0000,0x0000,
	0x0000,0x0000,0x0000,0x0000,0x0000,0x0000,0x0000,0x0000,
	0x0000,0x0000,0x0000,0x0000,0x0000,0x0000,0x0000,0x0000,
	0x0000,0x0000,0x0000,0x0000,0x0000,0x0000,0x0000,0x0000,
	0x0000,0x0000,0x0000,0x0000,0x0000,0x0000,0x0000,0x0000,
	0x0000,0x0000,0x0000,0x0000,0x0000,0x0000,0x0000,0x0000,
	0x0000,0x0000,0x0000,0x0000,0x0000,0x0000,0x0000,0x0000,

	0x0000,0x0000,0x0000,0x0000,0x0000,0x0000,0x0000,0x0000,
	0x0000,0x0000,0x0000,0x0000,0x0000,0x0000,0x0000,0x0000,
	0x0000,0x0000,0x0000,0x0000,0x0000,0x0000,0x0000,0x0000,
	0x0000,0x0000,0x0000,0x0000,0x0000,0x0000,0x0000,0x0000,
	0x0000,0x0000,0x0000,0x0000,0x0000,0x0000,0x0000,0x0000,
	0x0000,0x0000,0x0000,0x0000,0x0000,0x0000,0x0000,0x0000,
	0x0000,0x0000,0x0000,0x0000,0x0000,0x0000,0x0000,0x0000,
	0x0000,0x0000,0x0000,0x0000,0x0000,0x0000,0x0000,0x0000,

	0x0000,0x0000,0x0000,0x0000,0x0000,0x0000,0x0000,0x0000,
	0x0000,0x0000,0x0000,0x0000,0x0000,0x0000,0x0000,0x0000,
	0x0000,0x0000,0x0000,0x0000,0x0000,0x0000,0x0000,0x0000,
	0x0000,0x0000,0x0000,0x0000,0x0000,0x0000,0x0000,0x0000,
	0x8410,0x8882,0x4560,0x2828,0x5100,0x8844,0x4600,0x8444,
	0x2600,0x4848,0x2000,0x2524,0x4000,0x91C8,0x1000,0xCC24,
	0x2888,0x0548,0x8282,0x0554,0x4442,0x0454,0x8444,0x0054,
	0x8484,0x0452,0x4252,0x0442,0x8C19,0x0044,0x42CC,0x08A1,

	0x4560,0x2828,0x5100,0x8844,0x4000,0x8444,0x2000,0x4848,
	0x2000,0x2524,0x4000,0x91C8,0x1000,0xCC24,0xA100,0x2812,
	0x8282,0x0554,0x4442,0x0454,0x8444,0x0054,0x8484,0x0452,
	0x4252,0x0442,0x8C19,0x0044,0x42CC,0x08A1,0x2182,0x0DAA,
	0x8410,0x8882,0x4560,0x2828,0x5106,0x8844,0x4006,0x8444,
	0x2006,0x4848,0x2006,0x2524,0x4006,0x91C8,0x1000,0xCC24,
	0x2888,0x0548,0x8282,0x0554,0x4442,0x0454,0x8444,0x0054,
	0x8484,0x0452,0x4252,0x0442,0x8C19,0x0044,0x42CC,0x08A1,

	0x0000,0x0000,0x0000,0x0000,0x0000,0x0000,0x0000,0x0000,
	0x0000,0x0000,0x0000,0x0000,0x0000,0x0000,0x0000,0x0000,
	0x0000,0x0000,0x0000,0x0000,0x0000,0x0000,0x0000,0x0000,
	0x0000,0x0000,0x0000,0x0000,0x0000,0x0000,0x0000,0x0000,
	0x0000,0x0000,0x0000,0x0000,0x0000,0x0000,0x0000,0x0000,
	0x0000,0x0000,0x0000,0x0000,0x0000,0x0000,0x0000,0x0000,
	0x0000,0x0000,0x0000,0x0000,0x0000,0x0000,0x0000,0x0000,
	0x0000,0x0000,0x0000,0x0000,0x0000,0x0000,0x0000,0x0000,

	0x0000,0x0000,0x0000,0x0000,0x0000,0x0000,0x0000,0x0000,
	0x0000,0x0000,0x0000,0x0000,0x0000,0x0000,0x0000,0x0000,
	0x0000,0x0000,0x0000,0x0000,0x0000,0x0000,0x0000,0x0000,
	0x0000,0x0000,0x0000,0x0000,0x0000,0x0000,0x0000,0x0000,
	0x0000,0x0000,0x0000,0x0000,0x0000,0x0000,0x0000,0x0000,
	0x0000,0x0000,0x0000,0x0000,0x0000,0x0000,0x0000,0x0000,
	0x0000,0x0000,0x0000,0x0000,0x0000,0x0000,0x0000,0x0000,
	0x0000,0x0000,0x0000,0x0000,0x0000,0x0000,0x0000,0x0000,

	0x0000,0x0000,0x0000,0x0000,0x0000,0x0000,0x0000,0x0000,
	0x0000,0x0000,0x0000,0x0000,0x0000,0x0000,0x0000,0x0000,
	0x0000,0x0000,0x0000,0x0000,0x0000,0x0000,0x0000,0x0000,
	0x0000,0x0000,0x0000,0x0000,0x0000,0x0000,0x0000,0x0000,
	0x0000,0x0000,0x0000,0x0000,0x0000,0x0000,0x0000,0x0000,
	0x0000,0x0000,0x0000,0x0000,0x0000,0x0000,0x0000,0x0000,
	0x0000,0x0000,0x0000,0x0000,0x0000,0x0000,0x0000,0x0000,
	0x0000,0x0000,0x0000,0x0000,0x0000,0x0000,0x0000,0x0000,

	0x0000,0x0000,0x0000,0x0000,0x0000,0x0000,0x0000,0x0000,
	0x0000,0x0000,0x0000,0x0000,0x0000,0x0000,0x0000,0x0000,
	0x0000,0x0000,0x0000,0x0000,0x0000,0x0000,0x0000,0x0000,
	0x0000,0x0000,0x0000,0x0000,0x0000,0x0000,0x0000,0x0000,
	0x0000,0x0000,0x0000,0x0000,0x0000,0x0000,0x0000,0x0000,
	0x0000,0x0000,0x0000,0x0000,0x0000,0x0000,0x0000,0x0000,
	0x0000,0x0000,0x0000,0x0000,0x0000,0x0000,0x0000,0x0000,
	0x0000,0x0000,0x0000,0x0000,0x0000,0x0000,0x0000,0x0000,

	0x0000,0x0000,0x0000,0x0000,0x0000,0x0000,0x0000,0x0000,
	0x0000,0x0000,0x0000,0x0000,0x0000,0x0000,0x0000,0x0000,
	0x0000,0x0000,0x0000,0x0000,0x0000,0x0000,0x0000,0x0000,
	0x0000,0x0000,0x0000,0x0000,0x0000,0x0000,0x0000,0x0000,
	0x0000,0x0000,0x0000,0x0000,0x0000,0x0000,0x0000,0x0000,
	0x0000,0x0000,0x0000,0x0000,0x0000,0x0000,0x0000,0x0000,
	0x0000,0x0000,0x0000,0x0000,0x0000,0x0000,0x0000,0x0000,
	0x0000,0x0000,0x0000,0x0000,0x0000,0x0000,0x0000,0x0000,

	0x0000,0x0000,0x0000,0x0000,0x0000,0x0000,0x0000,0x0000,
	0x0000,0x0000,0x0000,0x0000,0x0000,0x0000,0x0000,0x0000,
	0x0000,0x0000,0x0000,0x0000,0x0000,0x0000,0x0000,0x0000,
	0x0000,0x0000,0x0000,0x0000,0x0000,0x0000,0x0000,0x0000,
	0x0000,0x0000,0x0000,0x0000,0x0000,0x0000,0x0000,0x0000,
	0x0000,0x0000,0x0000,0x0000,0x0000,0x0000,0x0000,0x0000,
	0x0000,0x0000,0x0000,0x0000,0x0000,0x0000,0x0000,0x0000,
	0x0000,0x0000,0x0000,0x0000,0x0000,0x0000,0x0000,0x0000,

	0x0000,0x0000,0x0000,0x0000,0x0000,0x0000,0x0000,0x0000,
	0x0000,0x0000,0x0000,0x0000,0x0000,0x0000,0x0000,0x0000,
	0x0000,0x0000,0x0000,0x0000,0x0000,0x0000,0x0000,0x0000,
	0x0000,0x0000,0x0000,0x0000,0x0000,0x0000,0x0000,0x0000,
	0x0000,0x0000,0x0000,0x0000,0x0000,0x0000,0x0000,0x0000,
	0x0000,0x0000,0x0000,0x0000,0x0000,0x0000,0x0000,0x0000,
	0x0000,0x0000,0x0000,0x0000,0x0000,0x0000,0x0000,0x0000,
	0x0000,0x0000,0x0000,0x0000,0x0000,0x0000,0x0000,0x0000,

	0x0000,0x0000,0x0000,0x0000,0x0000,0x0000,0x0000,0x0000,
	0x0000,0x0000,0x0000,0x0000,0x0000,0x0000,0x0000,0x0000,
	0x0000,0x0000,0x0000,0x0000,0x0000,0x0000,0x0000,0x0000,
	0x0000,0x0000,0x0000,0x0000,0x0000,0x0000,0x0000,0x0000,
	0x0000,0x0000,0x0000,0x0000,0x0000,0x0000,0x0000,0x0000,
	0x0000,0x0000,0x0000,0x0000,0x0000,0x0000,0x0000,0x0000,
	0x0000,0x0000,0x0000,0x0000,0x0000,0x0000,0x0000,0x0000,
	0x0000,0x0000,0x0000,0x0000,0x0000,0x0000,0x0000,0x0000,

	0x0000,0x0000,0x0000,0x0000,0x0000,0x0000,0x0000,0x0000,
	0x0000,0x0000,0x0000,0x0000,0x0000,0x0000,0x0000,0x0000,
	0x0000,0x0000,0x0000,0x0000,0x0000,0x0000,0x0000,0x0000,
	0x0000,0x0000,0x0000,0x0000,0x0000,0x0000,0x0000,0x0000,
	0x0000,0x0000,0x0000,0x0000,0x0000,0x0000,0x0000,0x0000,
	0x0000,0x0000,0x0000,0x0000,0x0000,0x0000,0x0000,0x0000,
	0x0000,0x0000,0x0000,0x0000,0x0000,0x0000,0x0000,0x0000,
	0x0000,0x0000,0x0000,0x0000,0x0000,0x0000,0x0000,0x0000,

	0x0000,0x0000,0x0000,0x0000,0x0000,0x0000,0x0000,0x0000,
	0x0000,0x0000,0x0000,0x0000,0x0000,0x0000,0x0000,0x0000,
	0x0000,0x0000,0x0000,0x0000,0x0000,0x0000,0x0000,0x0000,
	0x0000,0x0000,0x0000,0x0000,0x0000,0x0000,0x0000,0x0000,
	0x0000,0x0000,0x0000,0x0000,0x0000,0x0000,0x0000,0x0000,
	0x0000,0x0000,0x0000,0x0000,0x0000,0x0000,0x0000,0x0000,
	0x0000,0x0000,0x0000,0x0000,0x0000,0x0000,0x0000,0x0000,
	0x0000,0x0000,0x0000,0x0000,0x0000,0x0000,0x0000,0x0000,

	0x0000,0x0000,0x0000,0x0000,0x0000,0x0000,0x0000,0x0000,
	0x0000,0x0000,0x0000,0x0000,0x0000,0x0000,0x0000,0x0000,
	0x0000,0x0000,0x0000,0x0000,0x0000,0x0000,0x0000,0x0000,
	0x0000,0x0000,0x0000,0x0000,0x0000,0x0000,0x0000,0x0000,
	0x0000,0x0000,0x0000,0x0000,0x0000,0x0000,0x0000,0x0000,
	0x0000,0x0000,0x0000,0x0000,0x0000,0x0000,0x0000,0x0000,
	0x0000,0x0000,0x0000,0x0000,0x0000,0x0000,0x0000,0x0000,
	0x0000,0x0000,0x0000,0x0000,0x0000,0x0000,0x0000,0x0000,

	0xA100,0x2812,0xD600,0xA111,0x1600,0x33A1,0x1000,0xAA14,
	0x5610,0xD845,0x4176,0xA548,0x8250,0xF184,0x4400,0xE168,
	0x2182,0x0DAA,0x111A,0x08DD,0x1A33,0x0424,0x11AA,0x0484,
	0x828D,0x0044,0x3451,0x0001,0x181B,0x001A,0x821B,0x00A1,
	0xD600,0xA111,0x1000,0x33A1,0x1060,0xAA11,0x5610,0xD825,
	0x4176,0x1548,0x2450,0xF184,0x4400,0xE174,0x0000,0x1464,
	0x111A,0x00DD,0x1A33,0x0024,0x11AA,0x08C8,0x828D,0x0424,
	0x345A,0x0484,0x181B,0x0545,0x671B,0x0051,0x464A,0x0000,

	0xA100,0x2812,0xD606,0xA111,0x1060,0x33A1,0x1600,0xAA14,
	0x5670,0xD845,0x4116,0x1548,0x8500,0xF184,0x0000,0xE128,
	0x2182,0x0DAA,0x111A,0x00DD,0x4A33,0x0024,0x84AA,0x08C8,
	0x248D,0x0482,0x455A,0x0548,0x581B,0x0054,0x461B,0x00A1,
	0x0000,0x0000,0x0000,0x0000,0x0000,0x0000,0x0000,0x0000,
	0x0000,0x0000,0x0000,0x0000,0x0000,0x0000,0x0000,0x0000,
	0x0000,0x0000,0x0000,0x0000,0x0000,0x0000,0x0000,0x0000,
	0x0000,0x0000,0x0000,0x0000,0x0000,0x0000,0x0000,0x0000,

	0x0000,0x0000,0x0000,0x0000,0x0000,0x0000,0x0000,0x0000,
	0x0000,0x0000,0x0000,0x0000,0x0000,0x0000,0x0000,0x0000,
	0x0000,0x0000,0x0000,0x0000,0x0000,0x0000,0x0000,0x0000,
	0x0000,0x0000,0x0000,0x0000,0x0000,0x0000,0x0000,0x0000,
	0x0000,0x0000,0x0000,0x0000,0x0000,0x0000,0x0000,0x0000,
	0x0000,0x0000,0x0000,0x0000,0x0000,0x0000,0x0000,0x0000,
	0x0000,0x0000,0x0000,0x0000,0x0000,0x0000,0x0000,0x0000,
	0x0000,0x0000,0x0000,0x0000,0x0000,0x0000,0x0000,0x0000,

	0x0000,0x0000,0x0000,0x0000,0x0000,0x0000,0x0000,0x0000,
	0x0000,0x0000,0x0000,0x0000,0x0000,0x0000,0x0000,0x0000,
	0x0000,0x0000,0x0000,0x0000,0x0000,0x0000,0x0000,0x0000,
	0x0000,0x0000,0x0000,0x0000,0x0000,0x0000,0x0000,0x0000,
	0x0000,0x0000,0x0000,0x0000,0x0000,0x0000,0x0000,0x0000,
	0x0000,0x0000,0x0000,0x0000,0x0000,0x0000,0x0000,0x0000,
	0x0000,0x0000,0x0000,0x0000,0x0000,0x0000,0x0000,0x0000,
	0x0000,0x0000,0x0000,0x0000,0x0000,0x0000,0x0000,0x0000,

	0x0000,0x0000,0x0000,0x0000,0x0000,0x0000,0x0000,0x0000,
	0x0000,0x0000,0x0000,0x0000,0x0000,0x0000,0x0000,0x0000,
	0x0000,0x0000,0x0000,0x0000,0x0000,0x0000,0x0000,0x0000,
	0x0000,0x0000,0x0000,0x0000,0x0000,0x0000,0x0000,0x0000,
	0x0000,0x0000,0x0000,0x0000,0x0000,0x0000,0x0000,0x0000,
	0x0000,0x0000,0x0000,0x0000,0x0000,0x0000,0x0000,0x0000,
	0x0000,0x0000,0x0000,0x0000,0x0000,0x0000,0x0000,0x0000,
	0x0000,0x0000,0x0000,0x0000,0x0000,0x0000,0x0000,0x0000,

	0x0000,0x0000,0x0000,0x0000,0x0000,0x0000,0x0000,0x0000,
	0x0000,0x0000,0x0000,0x0000,0x0000,0x0000,0x0000,0x0000,
	0x0000,0x0000,0x0000,0x0000,0x0000,0x0000,0x0000,0x0000,
	0x0000,0x0000,0x0000,0x0000,0x0000,0x0000,0x0000,0x0000,
	0x0000,0x0000,0x0000,0x0000,0x0000,0x0000,0x0000,0x0000,
	0x0000,0x0000,0x0000,0x0000,0x0000,0x0000,0x0000,0x0000,
	0x0000,0x0000,0x0000,0x0000,0x0000,0x0000,0x0000,0x0000,
	0x0000,0x0000,0x0000,0x0000,0x0000,0x0000,0x0000,0x0000,

	0x0000,0x0000,0x0000,0x0000,0x0000,0x0000,0x0000,0x0000,
	0x0000,0x0000,0x0000,0x0000,0x0000,0x0000,0x0000,0x0000,
	0x0000,0x0000,0x0000,0x0000,0x0000,0x0000,0x0000,0x0000,
	0x0000,0x0000,0x0000,0x0000,0x0000,0x0000,0x0000,0x0000,
	0x0000,0x0000,0x0000,0x0000,0x0000,0x0000,0x0000,0x0000,
	0x0000,0x0000,0x0000,0x0000,0x0000,0x0000,0x0000,0x0000,
	0x0000,0x0000,0x0000,0x0000,0x0000,0x0000,0x0000,0x0000,
	0x0000,0x0000,0x0000,0x0000,0x0000,0x0000,0x0000,0x0000,

	0x0000,0x0000,0x0000,0x0000,0x0000,0x0000,0x0000,0x0000,
	0x0000,0x0000,0x0000,0x0000,0x0000,0x0000,0x0000,0x0000,
	0x0000,0x0000,0x0000,0x0000,0x0000,0x0000,0x0000,0x0000,
	0x0000,0x0000,0x0000,0x0000,0x0000,0x0000,0x0000,0x0000,
	0x0000,0x0000,0x0000,0x0000,0x0000,0x0000,0x0000,0x0000,
	0x0000,0x0000,0x0000,0x0000,0x0000,0x0000,0x0000,0x0000,
	0x0000,0x0000,0x0000,0x0000,0x0000,0x0000,0x0000,0x0000,
	0x0000,0x0000,0x0000,0x0000,0x0000,0x0000,0x0000,0x0000,

	0x0000,0x0000,0x0000,0x0000,0x0000,0x0000,0x0000,0x0000,
	0x0000,0x0000,0x0000,0x0000,0x0000,0x0000,0x0000,0x0000,
	0x0000,0x0000,0x0000,0x0000,0x0000,0x0000,0x0000,0x0000,
	0x0000,0x0000,0x0000,0x0000,0x0000,0x0000,0x0000,0x0000,
	0x0000,0x0000,0x0000,0x0000,0x0000,0x0000,0x0000,0x0000,
	0x0000,0x0000,0x0000,0x0000,0x0000,0x0000,0x0000,0x0000,
	0x0000,0x0000,0x0000,0x0000,0x0000,0x0000,0x0000,0x0000,
	0x0000,0x0000,0x0000,0x0000,0x0000,0x0000,0x0000,0x0000,

	0x0000,0x0000,0x0000,0x0000,0x0000,0x0000,0x0000,0x0000,
	0x0000,0x0000,0x0000,0x0000,0x0000,0x0000,0x0000,0x0000,
	0x0000,0x0000,0x0000,0x0000,0x0000,0x0000,0x0000,0x0000,
	0x0000,0x0000,0x0000,0x0000,0x0000,0x0000,0x0000,0x0000,
	0x0000,0x0000,0x0000,0x0000,0x0000,0x0000,0x0000,0x0000,
	0x0000,0x0000,0x0000,0x0000,0x0000,0x0000,0x0000,0x0000,
	0x0000,0x0000,0x0000,0x0000,0x0000,0x0000,0x0000,0x0000,
	0x0000,0x0000,0x0000,0x0000,0x0000,0x0000,0x0000,0x0000,

	0x0000,0x0000,0x0000,0x0000,0x0000,0x0000,0x0000,0x0000,
	0x0000,0x0000,0x0000,0x0000,0x0000,0x0000,0x0000,0x0000,
	0x0000,0x0000,0x0000,0x0000,0x0000,0x0000,0x0000,0x0000,
	0x0000,0x0000,0x0000,0x0000,0x0000,0x0000,0x0000,0x0000,
	0x0000,0x0000,0x0000,0x0000,0x0000,0x0000,0x0000,0x0000,
	0x0000,0x0000,0x0000,0x0000,0x0000,0x0000,0x0000,0x0000,
	0x0000,0x0000,0x0000,0x0000,0x0000,0x0000,0x0000,0x0000,
	0x0000,0x0000,0x0000,0x0000,0x0000,0x0000,0x0000,0x0000,

	0x0000,0x0000,0x0000,0x0000,0x0000,0x0000,0x0000,0x0000,
	0x0000,0x0000,0x0000,0x0000,0x0000,0x0000,0x0000,0x0000,
	0x0000,0x0000,0x0000,0x0000,0x0000,0x0000,0x0000,0x0000,
	0x0000,0x0000,0x0000,0x0000,0x0000,0x0000,0x0000,0x0000,
	0x0000,0x0000,0x0000,0x0000,0x0000,0x0000,0x0000,0x0000,
	0x0000,0x0000,0x0000,0x0000,0x0000,0x0000,0x0000,0x0000,
	0x0000,0x0000,0x0000,0x0000,0x0000,0x0000,0x0000,0x0000,
	0x0000,0x0000,0x0000,0x0000,0x0000,0x0000,0x0000,0x0000,

	0x0000,0x0000,0x0000,0x0000,0x0000,0x0000,0x0000,0x0000,
	0x0000,0x0000,0x0000,0x0000,0x0000,0x0000,0x0000,0x0000,
	0x0000,0x0000,0x0000,0x0000,0x0000,0x0000,0x0000,0x0000,
	0x0000,0x0000,0x0000,0x0000,0x0000,0x0000,0x0000,0x0000,
	0x0000,0xA444,0x5500,0x1BBE,0x5550,0x5444,0x5550,0x5555,
	0x5500,0x5555,0x0000,0x5550,0x0000,0x0000,0x0000,0x0000,
	0x8211,0x0000,0x6741,0x0005,0x4644,0x0054,0xBBB4,0x055E,
	0xEEB5,0x055B,0xBB45,0x0055,0x0000,0x0000,0x0000,0x0000,

	0x0000,0x1444,0xB500,0x44BB,0xB550,0x4BEE,0x4550,0x54BB,
	0x5500,0x5555,0x0000,0x5555,0x0000,0x0000,0x0000,0x0000,
	0x4441,0x0000,0xBB44,0x005B,0xEEB4,0x055B,0xBB45,0x0554,
	0x5555,0x0055,0x5555,0x0000,0x0000,0x0000,0x0000,0x0000,
	0x0000,0x1128,0x5000,0x1476,0x4500,0x4464,0xE550,0x4BBB,
	0xB550,0x5BEE,0x5500,0x54BB,0x0000,0x0000,0x0000,0x0000,
	0x444A,0x0000,0xEBB1,0x0055,0x4445,0x0555,0x5555,0x0555,
	0x5555,0x0055,0x0555,0x0000,0x0000,0x0000,0x0000,0x0000,

	0x0000,0x0000,0x0000,0x0000,0x0000,0x0000,0x0000,0x0000,
	0x0000,0x0000,0x0000,0x0000,0x0000,0x0000,0x0000,0x0000,
	0x0000,0x0000,0x0000,0x0000,0x0000,0x0000,0x0000,0x0000,
	0x0000,0x0000,0x0000,0x0000,0x0000,0x0000,0x0000,0x0000,
	0x0000,0x0000,0x0000,0x0000,0x0000,0x0000,0x0000,0x0000,
	0x0000,0x0000,0x0000,0x0000,0x0000,0x0000,0x0000,0x0000,
	0x0000,0x0000,0x0000,0x0000,0x0000,0x0000,0x0000,0x0000,
	0x0000,0x0000,0x0000,0x0000,0x0000,0x0000,0x0000,0x0000,

	0x0000,0x0000,0x0000,0x0000,0x0000,0x0000,0x0000,0x0000,
	0x0000,0x0000,0x0000,0x0000,0x0000,0x0000,0x0000,0x0000,
	0x0000,0x0000,0x0000,0x0000,0x0000,0x0000,0x0000,0x0000,
	0x0000,0x0000,0x0000,0x0000,0x0000,0x0000,0x0000,0x0000,
	0x0000,0x0000,0x0000,0x0000,0x0000,0x0000,0x0000,0x0000,
	0x0000,0x0000,0x0000,0x0000,0x0000,0x0000,0x0000,0x0000,
	0x0000,0x0000,0x0000,0x0000,0x0000,0x0000,0x0000,0x0000,
	0x0000,0x0000,0x0000,0x0000,0x0000,0x0000,0x0000,0x0000,

	0x0000,0x0000,0x0000,0x0000,0x0000,0x0000,0x0000,0x0000,
	0x0000,0x0000,0x0000,0x0000,0x0000,0x0000,0x0000,0x0000,
	0x0000,0x0000,0x0000,0x0000,0x0000,0x0000,0x0000,0x0000,
	0x0000,0x0000,0x0000,0x0000,0x0000,0x0000,0x0000,0x0000,
	0x0000,0x0000,0x0000,0x0000,0x0000,0x0000,0x0000,0x0000,
	0x0000,0x0000,0x0000,0x0000,0x0000,0x0000,0x0000,0x0000,
	0x0000,0x0000,0x0000,0x0000,0x0000,0x0000,0x0000,0x0000,
	0x0000,0x0000,0x0000,0x0000,0x0000,0x0000,0x0000,0x0000,

	0x0000,0x0000,0x0000,0x0000,0x0000,0x0000,0x0000,0x0000,
	0x0000,0x0000,0x0000,0x0000,0x0000,0x0000,0x0000,0x0000,
	0x0000,0x0000,0x0000,0x0000,0x0000,0x0000,0x0000,0x0000,
	0x0000,0x0000,0x0000,0x0000,0x0000,0x0000,0x0000,0x0000,
	0x0000,0x0000,0x0000,0x0000,0x0000,0x0000,0x0000,0x0000,
	0x0000,0x0000,0x0000,0x0000,0x0000,0x0000,0x0000,0x0000,
	0x0000,0x0000,0x0000,0x0000,0x0000,0x0000,0x0000,0x0000,
	0x0000,0x0000,0x0000,0x0000,0x0000,0x0000,0x0000,0x0000,

	0x0000,0x0000,0x0000,0x0000,0x0000,0x0000,0x0000,0x0000,
	0x0000,0x0000,0x0000,0x0000,0x0000,0x0000,0x0000,0x0000,
	0x0000,0x0000,0x0000,0x0000,0x0000,0x0000,0x0000,0x0000,
	0x0000,0x0000,0x0000,0x0000,0x0000,0x0000,0x0000,0x0000,
	0x0000,0x0000,0x0000,0x0000,0x0000,0x0000,0x0000,0x0000,
	0x0000,0x0000,0x0000,0x0000,0x0000,0x0000,0x0000,0x0000,
	0x0000,0x0000,0x0000,0x0000,0x0000,0x0000,0x0000,0x0000,
	0x0000,0x0000,0x0000,0x0000,0x0000,0x0000,0x0000,0x0000,

	0x0000,0x0000,0x0000,0x0000,0x0000,0x0000,0x0000,0x0000,
	0x0000,0x0000,0x0000,0x0000,0x0000,0x0000,0x0000,0x0000,
	0x0000,0x0000,0x0000,0x0000,0x0000,0x0000,0x0000,0x0000,
	0x0000,0x0000,0x0000,0x0000,0x0000,0x0000,0x0000,0x0000,
	0x0000,0x0000,0x0000,0x0000,0x0000,0x0000,0x0000,0x0000,
	0x0000,0x0000,0x0000,0x0000,0x0000,0x0000,0x0000,0x0000,
	0x0000,0x0000,0x0000,0x0000,0x0000,0x0000,0x0000,0x0000,
	0x0000,0x0000,0x0000,0x0000,0x0000,0x0000,0x0000,0x0000,

	0x0000,0x0000,0x0000,0x0000,0x0000,0x0000,0x0000,0x0000,
	0x0000,0x0000,0x0000,0x0000,0x0000,0x0000,0x0000,0x0000,
	0x0000,0x0000,0x0000,0x0000,0x0000,0x0000,0x0000,0x0000,
	0x0000,0x0000,0x0000,0x0000,0x0000,0x0000,0x0000,0x0000,
	0x0000,0x0000,0x0000,0x0000,0x0000,0x0000,0x0000,0x0000,
	0x0000,0x0000,0x0000,0x0000,0x0000,0x0000,0x0000,0x0000,
	0x0000,0x0000,0x0000,0x0000,0x0000,0x0000,0x0000,0x0000,
	0x0000,0x0000,0x0000,0x0000,0x0000,0x0000,0x0000,0x0000,

	0x0000,0x0000,0x0000,0x0000,0x0000,0x0000,0x0000,0x0000,
	0x0000,0x0000,0x0000,0x0000,0x0000,0x0000,0x0000,0x0000,
	0x0000,0x0000,0x0000,0x0000,0x0000,0x0000,0x0000,0x0000,
	0x0000,0x0000,0x0000,0x0000,0x0000,0x0000,0x0000,0x0000,
	0x0000,0x0000,0x0000,0x0000,0x0000,0x0000,0x0000,0x0000,
	0x0000,0x0000,0x0000,0x0000,0x0000,0x0000,0x0000,0x0000,
	0x0000,0x0000,0x0000,0x0000,0x0000,0x0000,0x0000,0x0000,
	0x0000,0x0000,0x0000,0x0000,0x0000,0x0000,0x0000,0x0000,

	0x0000,0x0000,0x0000,0x0000,0x0000,0x0000,0x0000,0x0000,
	0x0000,0x0000,0x0000,0x0000,0x0000,0x0000,0x0000,0x0000,
	0x0000,0x0000,0x0000,0x0000,0x0000,0x0000,0x0000,0x0000,
	0x0000,0x0000,0x0000,0x0000,0x0000,0x0000,0x0000,0x0000,
	0x0000,0x0000,0x0000,0x0000,0x0000,0x0000,0x0000,0x0000,
	0x0000,0x0000,0x0000,0x0000,0x0000,0x0000,0x0000,0x0000,
	0x0000,0x0000,0x0000,0x0000,0x0000,0x0000,0x0000,0x0000,
	0x0000,0x0000,0x0000,0x0000,0x0000,0x0000,0x0000,0x0000,

	0x0000,0x0000,0x0000,0x0000,0x0000,0x0000,0x0000,0x0000,
	0x0000,0x0000,0x0000,0x0000,0x0000,0x0000,0x0000,0x0000,
	0x0000,0x0000,0x0000,0x0000,0x0000,0x0000,0x0000,0x0000,
	0x0000,0x0000,0x0000,0x0000,0x0000,0x0000,0x0000,0x0000,
	0x0000,0x0000,0x0000,0x0000,0x0000,0x0000,0x0000,0x0000,
	0x0000,0x0000,0x0000,0x0000,0x0000,0x0000,0x0000,0x0000,
	0x0000,0x0000,0x0000,0x0000,0x0000,0x0000,0x0000,0x0000,
	0x0000,0x0000,0x0000,0x0000,0x0000,0x0000,0x0000,0x0000,

	0x0000,0x0000,0x0000,0x0000,0x0000,0x0000,0x0000,0x0000,
	0x0000,0x0000,0x0000,0x0000,0x0000,0x0000,0x0000,0x0000,
	0x0000,0x0000,0x0000,0x0000,0x0000,0x0000,0x0000,0x0000,
	0x0000,0x0000,0x0000,0x0000,0x0000,0x0000,0x0000,0x0000,
	0x0000,0x0000,0x0000,0x0000,0x0000,0x0000,0x0000,0x0000,
	0x0000,0x0000,0x0000,0x0000,0x0000,0x0000,0x0000,0x0000,
	0x0000,0x0000,0x0000,0x0000,0x0000,0x0000,0x0000,0x0000,
	0x0000,0x0000,0x0000,0x0000,0x0000,0x0000,0x0000,0x0000,

	0x0000,0x0000,0x0000,0x0000,0x0000,0x0044,0x0000,0x4444,
	0x0480,0x4484,0x4840,0x5884,0x2840,0x5828,0x2880,0x448C,
	0x0000,0x0000,0x0000,0x0000,0x0040,0x0000,0x4440,0x0000,
	0x4844,0x0104,0x4845,0x1414,0x8285,0x6444,0xC844,0x6482,
	0x0000,0x0000,0x0000,0x0044,0x0000,0x4444,0x0480,0x4484,
	0x4840,0x5884,0x2840,0x5828,0x2880,0x448C,0x8440,0x2828,
	0x0000,0x0000,0x0040,0x0000,0x4440,0x0000,0x4844,0x0104,
	0x4845,0x0414,0x8285,0x6444,0xC844,0x0482,0x8282,0x0448,

	0x0000,0x0000,0x0000,0x0000,0x0000,0x0044,0x0000,0x4444,
	0x0480,0x4484,0x4840,0x5884,0x2840,0x5828,0x2880,0x448C,
	0x0000,0x0000,0x0000,0x0000,0x0040,0x0000,0x4440,0x0000,
	0x4844,0x0004,0x4845,0x0404,0x8285,0x0444,0xC844,0x0482,
	0x0000,0x0000,0x0000,0x0000,0x0000,0x0000,0x0000,0x0000,
	0x0000,0x0000,0x0000,0x0000,0x0000,0x0000,0x0000,0x0000,
	0x0000,0x0000,0x0000,0x0000,0x0000,0x0000,0x0000,0x0000,
	0x0000,0x0000,0x0000,0x0000,0x0000,0x0000,0x0000,0x0000,

	0x0000,0x0000,0x0000,0x0000,0x0000,0x0000,0x0000,0x0000,
	0x0000,0x0000,0x0000,0x0000,0x0000,0x0000,0x0000,0x0000,
	0x0000,0x0000,0x0000,0x0000,0x0000,0x0000,0x0000,0x0000,
	0x0000,0x0000,0x0000,0x0000,0x0000,0x0000,0x0000,0x0000,
	0x0000,0x0000,0x0000,0x0000,0x0000,0x0000,0x0000,0x0000,
	0x0000,0x0000,0x0000,0x0000,0x0000,0x0000,0x0000,0x0000,
	0x0000,0x0000,0x0000,0x0000,0x0000,0x0000,0x0000,0x0000,
	0x0000,0x0000,0x0000,0x0000,0x0000,0x0000,0x0000,0x0000,

	0x0000,0x0000,0x0000,0x0000,0x0000,0x0000,0x0000,0x0000,
	0x0000,0x0000,0x0000,0x0000,0x0000,0x0000,0x0000,0x0000,
	0x0000,0x0000,0x0000,0x0000,0x0000,0x0000,0x0000,0x0000,
	0x0000,0x0000,0x0000,0x0000,0x0000,0x0000,0x0000,0x0000,
	0x0000,0x0000,0x0000,0x0000,0x0000,0x0000,0x0000,0x0000,
	0x0000,0x0000,0x0000,0x0000,0x0000,0x0000,0x0000,0x0000,
	0x0000,0x0000,0x0000,0x0000,0x0000,0x0000,0x0000,0x0000,
	0x0000,0x0000,0x0000,0x0000,0x0000,0x0000,0x0000,0x0000,

	0x0000,0x0000,0x0000,0x0000,0x0000,0x0000,0x0000,0x0000,
	0x0000,0x0000,0x0000,0x0000,0x0000,0x0000,0x0000,0x0000,
	0x0000,0x0000,0x0000,0x0000,0x0000,0x0000,0x0000,0x0000,
	0x0000,0x0000,0x0000,0x0000,0x0000,0x0000,0x0000,0x0000,
	0x0000,0x0000,0x0000,0x0000,0x0000,0x0000,0x0000,0x0000,
	0x0000,0x0000,0x0000,0x0000,0x0000,0x0000,0x0000,0x0000,
	0x0000,0x0000,0x0000,0x0000,0x0000,0x0000,0x0000,0x0000,
	0x0000,0x0000,0x0000,0x0000,0x0000,0x0000,0x0000,0x0000,

	0x0000,0x0000,0x0000,0x0000,0x0000,0x0000,0x0000,0x0000,
	0x0000,0x0000,0x0000,0x0000,0x0000,0x0000,0x0000,0x0000,
	0x0000,0x0000,0x0000,0x0000,0x0000,0x0000,0x0000,0x0000,
	0x0000,0x0000,0x0000,0x0000,0x0000,0x0000,0x0000,0x0000,
	0x0000,0x0000,0x0000,0x0000,0x0000,0x0000,0x0000,0x0000,
	0x0000,0x0000,0x0000,0x0000,0x0000,0x0000,0x0000,0x0000,
	0x0000,0x0000,0x0000,0x0000,0x0000,0x0000,0x0000,0x0000,
	0x0000,0x0000,0x0000,0x0000,0x0000,0x0000,0x0000,0x0000,

	0x0000,0x0000,0x0000,0x0000,0x0000,0x0000,0x0000,0x0000,
	0x0000,0x0000,0x0000,0x0000,0x0000,0x0000,0x0000,0x0000,
	0x0000,0x0000,0x0000,0x0000,0x0000,0x0000,0x0000,0x0000,
	0x0000,0x0000,0x0000,0x0000,0x0000,0x0000,0x0000,0x0000,
	0x0000,0x0000,0x0000,0x0000,0x0000,0x0000,0x0000,0x0000,
	0x0000,0x0000,0x0000,0x0000,0x0000,0x0000,0x0000,0x0000,
	0x0000,0x0000,0x0000,0x0000,0x0000,0x0000,0x0000,0x0000,
	0x0000,0x0000,0x0000,0x0000,0x0000,0x0000,0x0000,0x0000,

	0x0000,0x0000,0x0000,0x0000,0x0000,0x0000,0x0000,0x0000,
	0x0000,0x0000,0x0000,0x0000,0x0000,0x0000,0x0000,0x0000,
	0x0000,0x0000,0x0000,0x0000,0x0000,0x0000,0x0000,0x0000,
	0x0000,0x0000,0x0000,0x0000,0x0000,0x0000,0x0000,0x0000,
	0x0000,0x0000,0x0000,0x0000,0x0000,0x0000,0x0000,0x0000,
	0x0000,0x0000,0x0000,0x0000,0x0000,0x0000,0x0000,0x0000,
	0x0000,0x0000,0x0000,0x0000,0x0000,0x0000,0x0000,0x0000,
	0x0000,0x0000,0x0000,0x0000,0x0000,0x0000,0x0000,0x0000,

	0x0000,0x0000,0x0000,0x0000,0x0000,0x0000,0x0000,0x0000,
	0x0000,0x0000,0x0000,0x0000,0x0000,0x0000,0x0000,0x0000,
	0x0000,0x0000,0x0000,0x0000,0x0000,0x0000,0x0000,0x0000,
	0x0000,0x0000,0x0000,0x0000,0x0000,0x0000,0x0000,0x0000,
	0x0000,0x0000,0x0000,0x0000,0x0000,0x0000,0x0000,0x0000,
	0x0000,0x0000,0x0000,0x0000,0x0000,0x0000,0x0000,0x0000,
	0x0000,0x0000,0x0000,0x0000,0x0000,0x0000,0x0000,0x0000,
	0x0000,0x0000,0x0000,0x0000,0x0000,0x0000,0x0000,0x0000,

	0x0000,0x0000,0x0000,0x0000,0x0000,0x0000,0x0000,0x0000,
	0x0000,0x0000,0x0000,0x0000,0x0000,0x0000,0x0000,0x0000,
	0x0000,0x0000,0x0000,0x0000,0x0000,0x0000,0x0000,0x0000,
	0x0000,0x0000,0x0000,0x0000,0x0000,0x0000,0x0000,0x0000,
	0x0000,0x0000,0x0000,0x0000,0x0000,0x0000,0x0000,0x0000,
	0x0000,0x0000,0x0000,0x0000,0x0000,0x0000,0x0000,0x0000,
	0x0000,0x0000,0x0000,0x0000,0x0000,0x0000,0x0000,0x0000,
	0x0000,0x0000,0x0000,0x0000,0x0000,0x0000,0x0000,0x0000,

	0x0000,0x0000,0x0000,0x0000,0x0000,0x0000,0x0000,0x0000,
	0x0000,0x0000,0x0000,0x0000,0x0000,0x0000,0x0000,0x0000,
	0x0000,0x0000,0x0000,0x0000,0x0000,0x0000,0x0000,0x0000,
	0x0000,0x0000,0x0000,0x0000,0x0000,0x0000,0x0000,0x0000,
	0x0000,0x0000,0x0000,0x0000,0x0000,0x0000,0x0000,0x0000,
	0x0000,0x0000,0x0000,0x0000,0x0000,0x0000,0x0000,0x0000,
	0x0000,0x0000,0x0000,0x0000,0x0000,0x0000,0x0000,0x0000,
	0x0000,0x0000,0x0000,0x0000,0x0000,0x0000,0x0000,0x0000,

	0x0000,0x0000,0x0000,0x0000,0x0000,0x0000,0x0000,0x0000,
	0x0000,0x0000,0x0000,0x0000,0x0000,0x0000,0x0000,0x0000,
	0x0000,0x0000,0x0000,0x0000,0x0000,0x0000,0x0000,0x0000,
	0x0000,0x0000,0x0000,0x0000,0x0000,0x0000,0x0000,0x0000,
	0x0000,0x0000,0x0000,0x0000,0x0000,0x0000,0x0000,0x0000,
	0x0000,0x0000,0x0000,0x0000,0x0000,0x0000,0x0000,0x0000,
	0x0000,0x0000,0x0000,0x0000,0x0000,0x0000,0x0000,0x0000,
	0x0000,0x0000,0x0000,0x0000,0x0000,0x0000,0x0000,0x0000,

	0x0000,0x0000,0x0000,0x0000,0x0000,0x0000,0x0000,0x0000,
	0x0000,0x0000,0x0000,0x0000,0x0000,0x0000,0x0000,0x0000,
	0x0000,0x0000,0x0000,0x0000,0x0000,0x0000,0x0000,0x0000,
	0x0000,0x0000,0x0000,0x0000,0x0000,0x0000,0x0000,0x0000,
	0x8440,0x8882,0x4540,0x2828,0x5440,0x8844,0x5500,0x8455,
	0x5540,0x4555,0x5440,0x5555,0x4400,0x5554,0x4180,0x5554,
	0x2888,0x6648,0x8282,0x6054,0x4442,0x0045,0x5544,0x0055,
	0x5554,0x0455,0x5555,0x0445,0x4555,0x0044,0x4555,0x0814,

	0x4840,0x8844,0x8440,0x8455,0x4400,0x4555,0x5400,0x5555,
	0x5400,0x5555,0x4000,0x5554,0x1180,0x4545,0xAA20,0x4548,
	0x8482,0x6484,0x4844,0x6448,0x5554,0x0055,0x5555,0x0054,
	0x5555,0x0645,0x4555,0x0644,0x4554,0x0811,0x8444,0x02AA,
	0x8440,0x8882,0x4540,0x2828,0x5440,0x8844,0x5500,0x8455,
	0x5540,0x4555,0x5440,0x5555,0x4400,0x5554,0x4180,0x5554,
	0x2888,0x0048,0x8282,0x6054,0x4442,0x6045,0x5544,0x0055,
	0x5554,0x0455,0x5555,0x0445,0x4555,0x0644,0x4555,0x0814,

	0x0000,0x0000,0x0000,0x0000,0x0000,0x0000,0x0000,0x0000,
	0x0000,0x0000,0x0000,0x0000,0x0000,0x0000,0x0000,0x0000,
	0x0000,0x0000,0x0000,0x0000,0x0000,0x0000,0x0000,0x0000,
	0x0000,0x0000,0x0000,0x0000,0x0000,0x0000,0x0000,0x0000,
	0x0000,0x0000,0x0000,0x0000,0x0000,0x0000,0x0000,0x0000,
	0x0000,0x0000,0x0000,0x0000,0x0000,0x0000,0x0000,0x0000,
	0x0000,0x0000,0x0000,0x0000,0x0000,0x0000,0x0000,0x0000,
	0x0000,0x0000,0x0000,0x0000,0x0000,0x0000,0x0000,0x0000,

	0x0000,0x0000,0x0000,0x0000,0x0000,0x0000,0x0000,0x0000,
	0x0000,0x0000,0x0000,0x0000,0x0000,0x0000,0x0000,0x0000,
	0x0000,0x0000,0x0000,0x0000,0x0000,0x0000,0x0000,0x0000,
	0x0000,0x0000,0x0000,0x0000,0x0000,0x0000,0x0000,0x0000,
	0x0000,0x0000,0x0000,0x0000,0x0000,0x0000,0x0000,0x0000,
	0x0000,0x0000,0x0000,0x0000,0x0000,0x0000,0x0000,0x0000,
	0x0000,0x0000,0x0000,0x0000,0x0000,0x0000,0x0000,0x0000,
	0x0000,0x0000,0x0000,0x0000,0x0000,0x0000,0x0000,0x0000,

	0x0000,0x0000,0x0000,0x0000,0x0000,0x0000,0x0000,0x0000,
	0x0000,0x0000,0x0000,0x0000,0x0000,0x0000,0x0000,0x0000,
	0x0000,0x0000,0x0000,0x0000,0x0000,0x0000,0x0000,0x0000,
	0x0000,0x0000,0x0000,0x0000,0x0000,0x0000,0x0000,0x0000,
	0x0000,0x0000,0x0000,0x0000,0x0000,0x0000,0x0000,0x0000,
	0x0000,0x0000,0x0000,0x0000,0x0000,0x0000,0x0000,0x0000,
	0x0000,0x0000,0x0000,0x0000,0x0000,0x0000,0x0000,0x0000,
	0x0000,0x0000,0x0000,0x0000,0x0000,0x0000,0x0000,0x0000,

	0x0000,0x0000,0x0000,0x0000,0x0000,0x0000,0x0000,0x0000,
	0x0000,0x0000,0x0000,0x0000,0x0000,0x0000,0x0000,0x0000,
	0x0000,0x0000,0x0000,0x0000,0x0000,0x0000,0x0000,0x0000,
	0x0000,0x0000,0x0000,0x0000,0x0000,0x0000,0x0000,0x0000,
	0x0000,0x0000,0x0000,0x0000,0x0000,0x0000,0x0000,0x0000,
	0x0000,0x0000,0x0000,0x0000,0x0000,0x0000,0x0000,0x0000,
	0x0000,0x0000,0x0000,0x0000,0x0000,0x0000,0x0000,0x0000,
	0x0000,0x0000,0x0000,0x0000,0x0000,0x0000,0x0000,0x0000,

	0x0000,0x0000,0x0000,0x0000,0x0000,0x0000,0x0000,0x0000,
	0x0000,0x0000,0x0000,0x0000,0x0000,0x0000,0x0000,0x0000,
	0x0000,0x0000,0x0000,0x0000,0x0000,0x0000,0x0000,0x0000,
	0x0000,0x0000,0x0000,0x0000,0x0000,0x0000,0x0000,0x0000,
	0x0000,0x0000,0x0000,0x0000,0x0000,0x0000,0x0000,0x0000,
	0x0000,0x0000,0x0000,0x0000,0x0000,0x0000,0x0000,0x0000,
	0x0000,0x0000,0x0000,0x0000,0x0000,0x0000,0x0000,0x0000,
	0x0000,0x0000,0x0000,0x0000,0x0000,0x0000,0x0000,0x0000,

	0x0000,0x0000,0x0000,0x0000,0x0000,0x0000,0x0000,0x0000,
	0x0000,0x0000,0x0000,0x0000,0x0000,0x0000,0x0000,0x0000,
	0x0000,0x0000,0x0000,0x0000,0x0000,0x0000,0x0000,0x0000,
	0x0000,0x0000,0x0000,0x0000,0x0000,0x0000,0x0000,0x0000,
	0x0000,0x0000,0x0000,0x0000,0x0000,0x0000,0x0000,0x0000,
	0x0000,0x0000,0x0000,0x0000,0x0000,0x0000,0x0000,0x0000,
	0x0000,0x0000,0x0000,0x0000,0x0000,0x0000,0x0000,0x0000,
	0x0000,0x0000,0x0000,0x0000,0x0000,0x0000,0x0000,0x0000,

	0x0000,0x0000,0x0000,0x0000,0x0000,0x0000,0x0000,0x0000,
	0x0000,0x0000,0x0000,0x0000,0x0000,0x0000,0x0000,0x0000,
	0x0000,0x0000,0x0000,0x0000,0x0000,0x0000,0x0000,0x0000,
	0x0000,0x0000,0x0000,0x0000,0x0000,0x0000,0x0000,0x0000,
	0x0000,0x0000,0x0000,0x0000,0x0000,0x0000,0x0000,0x0000,
	0x0000,0x0000,0x0000,0x0000,0x0000,0x0000,0x0000,0x0000,
	0x0000,0x0000,0x0000,0x0000,0x0000,0x0000,0x0000,0x0000,
	0x0000,0x0000,0x0000,0x0000,0x0000,0x0000,0x0000,0x0000,

	0x0000,0x0000,0x0000,0x0000,0x0000,0x0000,0x0000,0x0000,
	0x0000,0x0000,0x0000,0x0000,0x0000,0x0000,0x0000,0x0000,
	0x0000,0x0000,0x0000,0x0000,0x0000,0x0000,0x0000,0x0000,
	0x0000,0x0000,0x0000,0x0000,0x0000,0x0000,0x0000,0x0000,
	0x0000,0x0000,0x0000,0x0000,0x0000,0x0000,0x0000,0x0000,
	0x0000,0x0000,0x0000,0x0000,0x0000,0x0000,0x0000,0x0000,
	0x0000,0x0000,0x0000,0x0000,0x0000,0x0000,0x0000,0x0000,
	0x0000,0x0000,0x0000,0x0000,0x0000,0x0000,0x0000,0x0000,

	0x0000,0x0000,0x0000,0x0000,0x0000,0x0000,0x0000,0x0000,
	0x0000,0x0000,0x0000,0x0000,0x0000,0x0000,0x0000,0x0000,
	0x0000,0x0000,0x0000,0x0000,0x0000,0x0000,0x0000,0x0000,
	0x0000,0x0000,0x0000,0x0000,0x0000,0x0000,0x0000,0x0000,
	0x0000,0x0000,0x0000,0x0000,0x0000,0x0000,0x0000,0x0000,
	0x0000,0x0000,0x0000,0x0000,0x0000,0x0000,0x0000,0x0000,
	0x0000,0x0000,0x0000,0x0000,0x0000,0x0000,0x0000,0x0000,
	0x0000,0x0000,0x0000,0x0000,0x0000,0x0000,0x0000,0x0000,

	0x0000,0x0000,0x0000,0x0000,0x0000,0x0000,0x0000,0x0000,
	0x0000,0x0000,0x0000,0x0000,0x0000,0x0000,0x0000,0x0000,
	0x0000,0x0000,0x0000,0x0000,0x0000,0x0000,0x0000,0x0000,
	0x0000,0x0000,0x0000,0x0000,0x0000,0x0000,0x0000,0x0000,
	0x0000,0x0000,0x0000,0x0000,0x0000,0x0000,0x0000,0x0000,
	0x0000,0x0000,0x0000,0x0000,0x0000,0x0000,0x0000,0x0000,
	0x0000,0x0000,0x0000,0x0000,0x0000,0x0000,0x0000,0x0000,
	0x0000,0x0000,0x0000,0x0000,0x0000,0x0000,0x0000,0x0000,

	0x0000,0x0000,0x0000,0x0000,0x0000,0x0000,0x0000,0x0000,
	0x0000,0x0000,0x0000,0x0000,0x0000,0x0000,0x0000,0x0000,
	0x0000,0x0000,0x0000,0x0000,0x0000,0x0000,0x0000,0x0000,
	0x0000,0x0000,0x0000,0x0000,0x0000,0x0000,0x0000,0x0000,
	0x0000,0x0000,0x0000,0x0000,0x0000,0x0000,0x0000,0x0000,
	0x0000,0x0000,0x0000,0x0000,0x0000,0x0000,0x0000,0x0000,
	0x0000,0x0000,0x0000,0x0000,0x0000,0x0000,0x0000,0x0000,
	0x0000,0x0000,0x0000,0x0000,0x0000,0x0000,0x0000,0x0000,

	0xAA20,0x5545,0xDD00,0x5411,0x4200,0x3AA1,0x8C80,0xAA14,
	0x8240,0xD284,0x8840,0x1545,0x4450,0xA141,0x5500,0x3186,
	0x5441,0x02AA,0x1111,0x48DD,0x1AA3,0x2C84,0x11AA,0x4244,
	0x482D,0x0884,0x3151,0x0001,0x141A,0x001A,0x881A,0x00A1,
	0xDD00,0x4111,0x4200,0x3AA1,0x8C80,0xAA11,0x4240,0xD284,
	0x4850,0x1513,0x5500,0xA141,0x1A00,0x3184,0x0000,0x3164,
	0x1111,0x48DD,0x1AA3,0x2C84,0x11AA,0x8244,0x482D,0x5484,
	0x3151,0x0054,0x141A,0x001A,0x481A,0x00A1,0x461A,0x0000,

	0xAA20,0x5545,0xDD80,0x5411,0x4800,0x3AA1,0x4400,0xAA11,
	0x4000,0xD284,0x1000,0x1513,0xA100,0xA141,0x1A00,0x3188,
	0x5441,0x02AA,0x1111,0x08DD,0x1AA3,0x4C84,0x11AA,0x2244,
	0x482D,0x8844,0x3151,0x5441,0x141A,0x051A,0x681A,0x00A1,
	0x0000,0x0000,0x0000,0x0000,0x0000,0x0000,0x0000,0x0000,
	0x0000,0x0000,0x0000,0x0000,0x0000,0x0000,0x0000,0x0000,
	0x0000,0x0000,0x0000,0x0000,0x0000,0x0000,0x0000,0x0000,
	0x0000,0x0000,0x0000,0x0000,0x0000,0x0000,0x0000,0x0000,

	0x0000,0x0000,0x0000,0x0000,0x0000,0x0000,0x0000,0x0000,
	0x0000,0x0000,0x0000,0x0000,0x0000,0x0000,0x0000,0x0000,
	0x0000,0x0000,0x0000,0x0000,0x0000,0x0000,0x0000,0x0000,
	0x0000,0x0000,0x0000,0x0000,0x0000,0x0000,0x0000,0x0000,
	0x0000,0x0000,0x0000,0x0000,0x0000,0x0000,0x0000,0x0000,
	0x0000,0x0000,0x0000,0x0000,0x0000,0x0000,0x0000,0x0000,
	0x0000,0x0000,0x0000,0x0000,0x0000,0x0000,0x0000,0x0000,
	0x0000,0x0000,0x0000,0x0000,0x0000,0x0000,0x0000,0x0000,

	0x0000,0x0000,0x0000,0x0000,0x0000,0x0000,0x0000,0x0000,
	0x0000,0x0000,0x0000,0x0000,0x0000,0x0000,0x0000,0x0000,
	0x0000,0x0000,0x0000,0x0000,0x0000,0x0000,0x0000,0x0000,
	0x0000,0x0000,0x0000,0x0000,0x0000,0x0000,0x0000,0x0000,
	0x0000,0x0000,0x0000,0x0000,0x0000,0x0000,0x0000,0x0000,
	0x0000,0x0000,0x0000,0x0000,0x0000,0x0000,0x0000,0x0000,
	0x0000,0x0000,0x0000,0x0000,0x0000,0x0000,0x0000,0x0000,
	0x0000,0x0000,0x0000,0x0000,0x0000,0x0000,0x0000,0x0000,

	0x0000,0x0000,0x0000,0x0000,0x0000,0x0000,0x0000,0x0000,
	0x0000,0x0000,0x0000,0x0000,0x0000,0x0000,0x0000,0x0000,
	0x0000,0x0000,0x0000,0x0000,0x0000,0x0000,0x0000,0x0000,
	0x0000,0x0000,0x0000,0x0000,0x0000,0x0000,0x0000,0x0000,
	0x0000,0x0000,0x0000,0x0000,0x0000,0x0000,0x0000,0x0000,
	0x0000,0x0000,0x0000,0x0000,0x0000,0x0000,0x0000,0x0000,
	0x0000,0x0000,0x0000,0x0000,0x0000,0x0000,0x0000,0x0000,
	0x0000,0x0000,0x0000,0x0000,0x0000,0x0000,0x0000,0x0000,

	0x0000,0x0000,0x0000,0x0000,0x0000,0x0000,0x0000,0x0000,
	0x0000,0x0000,0x0000,0x0000,0x0000,0x0000,0x0000,0x0000,
	0x0000,0x0000,0x0000,0x0000,0x0000,0x0000,0x0000,0x0000,
	0x0000,0x0000,0x0000,0x0000,0x0000,0x0000,0x0000,0x0000,
	0x0000,0x0000,0x0000,0x0000,0x0000,0x0000,0x0000,0x0000,
	0x0000,0x0000,0x0000,0x0000,0x0000,0x0000,0x0000,0x0000,
	0x0000,0x0000,0x0000,0x0000,0x0000,0x0000,0x0000,0x0000,
	0x0000,0x0000,0x0000,0x0000,0x0000,0x0000,0x0000,0x0000,

	0x0000,0x0000,0x0000,0x0000,0x0000,0x0000,0x0000,0x0000,
	0x0000,0x0000,0x0000,0x0000,0x0000,0x0000,0x0000,0x0000,
	0x0000,0x0000,0x0000,0x0000,0x0000,0x0000,0x0000,0x0000,
	0x0000,0x0000,0x0000,0x0000,0x0000,0x0000,0x0000,0x0000,
	0x0000,0x0000,0x0000,0x0000,0x0000,0x0000,0x0000,0x0000,
	0x0000,0x0000,0x0000,0x0000,0x0000,0x0000,0x0000,0x0000,
	0x0000,0x0000,0x0000,0x0000,0x0000,0x0000,0x0000,0x0000,
	0x0000,0x0000,0x0000,0x0000,0x0000,0x0000,0x0000,0x0000,

	0x0000,0x0000,0x0000,0x0000,0x0000,0x0000,0x0000,0x0000,
	0x0000,0x0000,0x0000,0x0000,0x0000,0x0000,0x0000,0x0000,
	0x0000,0x0000,0x0000,0x0000,0x0000,0x0000,0x0000,0x0000,
	0x0000,0x0000,0x0000,0x0000,0x0000,0x0000,0x0000,0x0000,
	0x0000,0x0000,0x0000,0x0000,0x0000,0x0000,0x0000,0x0000,
	0x0000,0x0000,0x0000,0x0000,0x0000,0x0000,0x0000,0x0000,
	0x0000,0x0000,0x0000,0x0000,0x0000,0x0000,0x0000,0x0000,
	0x0000,0x0000,0x0000,0x0000,0x0000,0x0000,0x0000,0x0000,

	0x0000,0x0000,0x0000,0x0000,0x0000,0x0000,0x0000,0x0000,
	0x0000,0x0000,0x0000,0x0000,0x0000,0x0000,0x0000,0x0000,
	0x0000,0x0000,0x0000,0x0000,0x0000,0x0000,0x0000,0x0000,
	0x0000,0x0000,0x0000,0x0000,0x0000,0x0000,0x0000,0x0000,
	0x0000,0x0000,0x0000,0x0000,0x0000,0x0000,0x0000,0x0000,
	0x0000,0x0000,0x0000,0x0000,0x0000,0x0000,0x0000,0x0000,
	0x0000,0x0000,0x0000,0x0000,0x0000,0x0000,0x0000,0x0000,
	0x0000,0x0000,0x0000,0x0000,0x0000,0x0000,0x0000,0x0000,

	0x0000,0x0000,0x0000,0x0000,0x0000,0x0000,0x0000,0x0000,
	0x0000,0x0000,0x0000,0x0000,0x0000,0x0000,0x0000,0x0000,
	0x0000,0x0000,0x0000,0x0000,0x0000,0x0000,0x0000,0x0000,
	0x0000,0x0000,0x0000,0x0000,0x0000,0x0000,0x0000,0x0000,
	0x0000,0x0000,0x0000,0x0000,0x0000,0x0000,0x0000,0x0000,
	0x0000,0x0000,0x0000,0x0000,0x0000,0x0000,0x0000,0x0000,
	0x0000,0x0000,0x0000,0x0000,0x0000,0x0000,0x0000,0x0000,
	0x0000,0x0000,0x0000,0x0000,0x0000,0x0000,0x0000,0x0000,

	0x0000,0x0000,0x0000,0x0000,0x0000,0x0000,0x0000,0x0000,
	0x0000,0x0000,0x0000,0x0000,0x0000,0x0000,0x0000,0x0000,
	0x0000,0x0000,0x0000,0x0000,0x0000,0x0000,0x0000,0x0000,
	0x0000,0x0000,0x0000,0x0000,0x0000,0x0000,0x0000,0x0000,
	0x0000,0x0000,0x0000,0x0000,0x0000,0x0000,0x0000,0x0000,
	0x0000,0x0000,0x0000,0x0000,0x0000,0x0000,0x0000,0x0000,
	0x0000,0x0000,0x0000,0x0000,0x0000,0x0000,0x0000,0x0000,
	0x0000,0x0000,0x0000,0x0000,0x0000,0x0000,0x0000,0x0000,

	0x0000,0x0000,0x0000,0x0000,0x0000,0x0000,0x0000,0x0000,
	0x0000,0x0000,0x0000,0x0000,0x0000,0x0000,0x0000,0x0000,
	0x0000,0x0000,0x0000,0x0000,0x0000,0x0000,0x0000,0x0000,
	0x0000,0x0000,0x0000,0x0000,0x0000,0x0000,0x0000,0x0000,
	0x0000,0x0000,0x0000,0x0000,0x0000,0x0000,0x0000,0x0000,
	0x0000,0x0000,0x0000,0x0000,0x0000,0x0000,0x0000,0x0000,
	0x0000,0x0000,0x0000,0x0000,0x0000,0x0000,0x0000,0x0000,
	0x0000,0x0000,0x0000,0x0000,0x0000,0x0000,0x0000,0x0000,

	0x0000,0x0000,0x0000,0x0000,0x0000,0x0000,0x0000,0x0000,
	0x0000,0x0000,0x0000,0x0000,0x0000,0x0000,0x0000,0x0000,
	0x0000,0x0000,0x0000,0x0000,0x0000,0x0000,0x0000,0x0000,
	0x0000,0x0000,0x0000,0x0000,0x0000,0x0000,0x0000,0x0000,
	0x4000,0x3444,0x4500,0xA4BB,0x5550,0x5444,0x5550,0x5555,
	0x5500,0x5555,0x0000,0x5555,0x0000,0x0000,0x0000,0x0000,
	0x884A,0x0000,0x6841,0x0055,0x46B4,0x0554,0x4BB4,0x0554,
	0xBBB4,0x0054,0x4445,0x0005,0x0000,0x0000,0x0000,0x0000,

	0x0000,0xA444,0xE500,0x54BB,0xB550,0x54BB,0x4550,0x54BB,
	0x5500,0x5555,0x0000,0x5555,0x0000,0x0000,0x0000,0x0000,
	0x4441,0x0000,0xBB45,0x005E,0xBB45,0x055B,0xBB45,0x0554,
	0x5555,0x0055,0x5555,0x0000,0x0000,0x0000,0x0000,0x0000,
	0x0000,0x3488,0x5500,0xA486,0x4550,0x4B64,0x4550,0x4BB4,
	0x4500,0x4BBB,0x5000,0x5444,0x0000,0x0000,0x0000,0x0000,
	0x444A,0x0004,0xBB41,0x0054,0x4445,0x0555,0x5555,0x0555,
	0x5555,0x0055,0x5555,0x0000,0x0000,0x0000,0x0000,0x0000,

	0x0000,0x0000,0x0000,0x0000,0x0000,0x0000,0x0000,0x0000,
	0x0000,0x0000,0x0000,0x0000,0x0000,0x0000,0x0000,0x0000,
	0x0000,0x0000,0x0000,0x0000,0x0000,0x0000,0x0000,0x0000,
	0x0000,0x0000,0x0000,0x0000,0x0000,0x0000,0x0000,0x0000,
	0x0000,0x0000,0x0000,0x0000,0x0000,0x0000,0x0000,0x0000,
	0x0000,0x0000,0x0000,0x0000,0x0000,0x0000,0x0000,0x0000,
	0x0000,0x0000,0x0000,0x0000,0x0000,0x0000,0x0000,0x0000,
	0x0000,0x0000,0x0000,0x0000,0x0000,0x0000,0x0000,0x0000,

	0x0000,0x0000,0x0000,0x0000,0x0000,0x0000,0x0000,0x0000,
	0x0000,0x0000,0x0000,0x0000,0x0000,0x0000,0x0000,0x0000,
	0x0000,0x0000,0x0000,0x0000,0x0000,0x0000,0x0000,0x0000,
	0x0000,0x0000,0x0000,0x0000,0x0000,0x0000,0x0000,0x0000,
	0x0000,0x0000,0x0000,0x0000,0x0000,0x0000,0x0000,0x0000,
	0x0000,0x0000,0x0000,0x0000,0x0000,0x0000,0x0000,0x0000,
	0x0000,0x0000,0x0000,0x0000,0x0000,0x0000,0x0000,0x0000,
	0x0000,0x0000,0x0000,0x0000,0x0000,0x0000,0x0000,0x0000,

	0x0000,0x0000,0x0000,0x0000,0x0000,0x0000,0x0000,0x0000,
	0x0000,0x0000,0x0000,0x0000,0x0000,0x0000,0x0000,0x0000,
	0x0000,0x0000,0x0000,0x0000,0x0000,0x0000,0x0000,0x0000,
	0x0000,0x0000,0x0000,0x0000,0x0000,0x0000,0x0000,0x0000,
	0x0000,0x0000,0x0000,0x0000,0x0000,0x0000,0x0000,0x0000,
	0x0000,0x0000,0x0000,0x0000,0x0000,0x0000,0x0000,0x0000,
	0x0000,0x0000,0x0000,0x0000,0x0000,0x0000,0x0000,0x0000,
	0x0000,0x0000,0x0000,0x0000,0x0000,0x0000,0x0000,0x0000,

	0x0000,0x0000,0x0000,0x0000,0x0000,0x0000,0x0000,0x0000,
	0x0000,0x0000,0x0000,0x0000,0x0000,0x0000,0x0000,0x0000,
	0x0000,0x0000,0x0000,0x0000,0x0000,0x0000,0x0000,0x0000,
	0x0000,0x0000,0x0000,0x0000,0x0000,0x0000,0x0000,0x0000,
	0x0000,0x0000,0x0000,0x0000,0x0000,0x0000,0x0000,0x0000,
	0x0000,0x0000,0x0000,0x0000,0x0000,0x0000,0x0000,0x0000,
	0x0000,0x0000,0x0000,0x0000,0x0000,0x0000,0x0000,0x0000,
	0x0000,0x0000,0x0000,0x0000,0x0000,0x0000,0x0000,0x0000,

	0x0000,0x0000,0x0000,0x0000,0x0000,0x0000,0x0000,0x0000,
	0x0000,0x0000,0x0000,0x0000,0x0000,0x0000,0x0000,0x0000,
	0x0000,0x0000,0x0000,0x0000,0x0000,0x0000,0x0000,0x0000,
	0x0000,0x0000,0x0000,0x0000,0x0000,0x0000,0x0000,0x0000,
	0x0000,0x0000,0x0000,0x0000,0x0000,0x0000,0x0000,0x0000,
	0x0000,0x0000,0x0000,0x0000,0x0000,0x0000,0x0000,0x0000,
	0x0000,0x0000,0x0000,0x0000,0x0000,0x0000,0x0000,0x0000,
	0x0000,0x0000,0x0000,0x0000,0x0000,0x0000,0x0000,0x0000,

	0x0000,0x0000,0x0000,0x0000,0x0000,0x0000,0x0000,0x0000,
	0x0000,0x0000,0x0000,0x0000,0x0000,0x0000,0x0000,0x0000,
	0x0000,0x0000,0x0000,0x0000,0x0000,0x0000,0x0000,0x0000,
	0x0000,0x0000,0x0000,0x0000,0x0000,0x0000,0x0000,0x0000,
	0x0000,0x0000,0x0000,0x0000,0x0000,0x0000,0x0000,0x0000,
	0x0000,0x0000,0x0000,0x0000,0x0000,0x0000,0x0000,0x0000,
	0x0000,0x0000,0x0000,0x0000,0x0000,0x0000,0x0000,0x0000,
	0x0000,0x0000,0x0000,0x0000,0x0000,0x0000,0x0000,0x0000,

	0x0000,0x0000,0x0000,0x0000,0x0000,0x0000,0x0000,0x0000,
	0x0000,0x0000,0x0000,0x0000,0x0000,0x0000,0x0000,0x0000,
	0x0000,0x0000,0x0000,0x0000,0x0000,0x0000,0x0000,0x0000,
	0x0000,0x0000,0x0000,0x0000,0x0000,0x0000,0x0000,0x0000,
	0x0000,0x0000,0x0000,0x0000,0x0000,0x0000,0x0000,0x0000,
	0x0000,0x0000,0x0000,0x0000,0x0000,0x0000,0x0000,0x0000,
	0x0000,0x0000,0x0000,0x0000,0x0000,0x0000,0x0000,0x0000,
	0x0000,0x0000,0x0000,0x0000,0x0000,0x0000,0x0000,0x0000,

	0x0000,0x0000,0x0000,0x0000,0x0000,0x0000,0x0000,0x0000,
	0x0000,0x0000,0x0000,0x0000,0x0000,0x0000,0x0000,0x0000,
	0x0000,0x0000,0x0000,0x0000,0x0000,0x0000,0x0000,0x0000,
	0x0000,0x0000,0x0000,0x0000,0x0000,0x0000,0x0000,0x0000,
	0x0000,0x0000,0x0000,0x0000,0x0000,0x0000,0x0000,0x0000,
	0x0000,0x0000,0x0000,0x0000,0x0000,0x0000,0x0000,0x0000,
	0x0000,0x0000,0x0000,0x0000,0x0000,0x0000,0x0000,0x0000,
	0x0000,0x0000,0x0000,0x0000,0x0000,0x0000,0x0000,0x0000,

	0x0000,0x0000,0x0000,0x0000,0x0000,0x0000,0x0000,0x0000,
	0x0000,0x0000,0x0000,0x0000,0x0000,0x0000,0x0000,0x0000,
	0x0000,0x0000,0x0000,0x0000,0x0000,0x0000,0x0000,0x0000,
	0x0000,0x0000,0x0000,0x0000,0x0000,0x0000,0x0000,0x0000,
	0x0000,0x0000,0x0000,0x0000,0x0000,0x0000,0x0000,0x0000,
	0x0000,0x0000,0x0000,0x0000,0x0000,0x0000,0x0000,0x0000,
	0x0000,0x0000,0x0000,0x0000,0x0000,0x0000,0x0000,0x0000,
	0x0000,0x0000,0x0000,0x0000,0x0000,0x0000,0x0000,0x0000,

	0x0000,0x0000,0x0000,0x0000,0x0000,0x0000,0x0000,0x0000,
	0x0000,0x0000,0x0000,0x0000,0x0000,0x0000,0x0000,0x0000,
	0x0000,0x0000,0x0000,0x0000,0x0000,0x0000,0x0000,0x0000,
	0x0000,0x0000,0x0000,0x0000,0x0000,0x0000,0x0000,0x0000,
	0x0000,0x0000,0x0000,0x0000,0x0000,0x0000,0x0000,0x0000,
	0x0000,0x0000,0x0000,0x0000,0x0000,0x0000,0x0000,0x0000,
	0x0000,0x0000,0x0000,0x0000,0x0000,0x0000,0x0000,0x0000,
	0x0000,0x0000,0x0000,0x0000,0x0000,0x0000,0x0000,0x0000,

	0x0000,0x0000,0x0000,0x0000,0x0000,0x0000,0x0000,0x0000,
	0x0000,0x0000,0x0000,0x0000,0x0000,0x0000,0x0000,0x0000,
	0x0000,0x0000,0x0000,0x0000,0x0000,0x0000,0x0000,0x0000,
	0x0000,0x0000,0x0000,0x0000,0x0000,0x0000,0x0000,0x0000,
	0x0000,0x0000,0x0000,0x0000,0x0000,0x0000,0x0000,0x0000,
	0x0000,0x0000,0x0000,0x0000,0x0000,0x0000,0x0000,0x0000,
	0x0000,0x0000,0x0000,0x0000,0x0000,0x0000,0x0000,0x0000,
	0x0000,0x0000,0x0000,0x0000,0x0000,0x0000,0x0000,0x0000,

	0x0000,0x0000,0x0000,0x0000,0x0000,0x0040,0x0000,0x4484,
	0x0000,0x2828,0x4400,0x4884,0x8400,0x8288,0x2400,0x48C2,
	0x0000,0x0000,0x0000,0x0000,0x4440,0x0000,0x4884,0x0044,
	0x5548,0x0044,0x8454,0x4444,0x2844,0x4488,0x2C28,0x4448,
	0x0000,0x0000,0x0000,0x0040,0x0000,0x4484,0x0000,0x2828,
	0x4000,0x4884,0x8400,0x8288,0x2400,0x48C2,0x4400,0x2828,
	0x0000,0x0000,0x4440,0x0000,0x4884,0x0044,0x5548,0x0044,
	0x8454,0x4444,0x2844,0x4488,0x2C28,0x4448,0x482C,0x4554,

	0x0000,0x0000,0x0000,0x0000,0x0000,0x0040,0x0000,0x4484,
	0x0000,0x2828,0x4400,0x4884,0x8400,0x8288,0x2400,0x48C2,
	0x0000,0x0000,0x0000,0x0000,0x4440,0x0000,0x4884,0x0044,
	0x5548,0x0044,0x8454,0x4444,0x2844,0x4488,0x2C28,0x4448,
	0x0000,0x0000,0x0000,0x0000,0x0000,0x0000,0x0000,0x0000,
	0x0000,0x0000,0x0000,0x0000,0x0000,0x0000,0x0000,0x0000,
	0x0000,0x0000,0x0000,0x0000,0x0000,0x0000,0x0000,0x0000,
	0x0000,0x0000,0x0000,0x0000,0x0000,0x0000,0x0000,0x0000,

	0x0000,0x0000,0x0000,0x0000,0x0000,0x0000,0x0000,0x0000,
	0x0000,0x0000,0x0000,0x0000,0x0000,0x0000,0x0000,0x0000,
	0x0000,0x0000,0x0000,0x0000,0x0000,0x0000,0x0000,0x0000,
	0x0000,0x0000,0x0000,0x0000,0x0000,0x0000,0x0000,0x0000,
	0x0000,0x0000,0x0000,0x0000,0x0000,0x0000,0x0000,0x0000,
	0x0000,0x0000,0x0000,0x0000,0x0000,0x0000,0x0000,0x0000,
	0x0000,0x0000,0x0000,0x0000,0x0000,0x0000,0x0000,0x0000,
	0x0000,0x0000,0x0000,0x0000,0x0000,0x0000,0x0000,0x0000,

	0x0000,0x0000,0x0000,0x0000,0x0000,0x0000,0x0000,0x0000,
	0x0000,0x0000,0x0000,0x0000,0x0000,0x0000,0x0000,0x0000,
	0x0000,0x0000,0x0000,0x0000,0x0000,0x0000,0x0000,0x0000,
	0x0000,0x0000,0x0000,0x0000,0x0000,0x0000,0x0000,0x0000,
	0x0000,0x0000,0x0000,0x0000,0x0000,0x0000,0x0000,0x0000,
	0x0000,0x0000,0x0000,0x0000,0x0000,0x0000,0x0000,0x0000,
	0x0000,0x0000,0x0000,0x0000,0x0000,0x0000,0x0000,0x0000,
	0x0000,0x0000,0x0000,0x0000,0x0000,0x0000,0x0000,0x0000,

	0x0000,0x0000,0x0000,0x0000,0x0000,0x0000,0x0000,0x0000,
	0x0000,0x0000,0x0000,0x0000,0x0000,0x0000,0x0000,0x0000,
	0x0000,0x0000,0x0000,0x0000,0x0000,0x0000,0x0000,0x0000,
	0x0000,0x0000,0x0000,0x0000,0x0000,0x0000,0x0000,0x0000,
	0x0000,0x0000,0x0000,0x0000,0x0000,0x0000,0x0000,0x0000,
	0x0000,0x0000,0x0000,0x0000,0x0000,0x0000,0x0000,0x0000,
	0x0000,0x0000,0x0000,0x0000,0x0000,0x0000,0x0000,0x0000,
	0x0000,0x0000,0x0000,0x0000,0x0000,0x0000,0x0000,0x0000,

	0x0000,0x0000,0x0000,0x0000,0x0000,0x0000,0x0000,0x0000,
	0x0000,0x0000,0x0000,0x0000,0x0000,0x0000,0x0000,0x0000,
	0x0000,0x0000,0x0000,0x0000,0x0000,0x0000,0x0000,0x0000,
	0x0000,0x0000,0x0000,0x0000,0x0000,0x0000,0x0000,0x0000,
	0x0000,0x0000,0x0000,0x0000,0x0000,0x0000,0x0000,0x0000,
	0x0000,0x0000,0x0000,0x0000,0x0000,0x0000,0x0000,0x0000,
	0x0000,0x0000,0x0000,0x0000,0x0000,0x0000,0x0000,0x0000,
	0x0000,0x0000,0x0000,0x0000,0x0000,0x0000,0x0000,0x0000,

	0x0000,0x0000,0x0000,0x0000,0x0000,0x0000,0x0000,0x0000,
	0x0000,0x0000,0x0000,0x0000,0x0000,0x0000,0x0000,0x0000,
	0x0000,0x0000,0x0000,0x0000,0x0000,0x0000,0x0000,0x0000,
	0x0000,0x0000,0x0000,0x0000,0x0000,0x0000,0x0000,0x0000,
	0x0000,0x0000,0x0000,0x0000,0x0000,0x0000,0x0000,0x0000,
	0x0000,0x0000,0x0000,0x0000,0x0000,0x0000,0x0000,0x0000,
	0x0000,0x0000,0x0000,0x0000,0x0000,0x0000,0x0000,0x0000,
	0x0000,0x0000,0x0000,0x0000,0x0000,0x0000,0x0000,0x0000,

	0x0000,0x0000,0x0000,0x0000,0x0000,0x0000,0x0000,0x0000,
	0x0000,0x0000,0x0000,0x0000,0x0000,0x0000,0x0000,0x0000,
	0x0000,0x0000,0x0000,0x0000,0x0000,0x0000,0x0000,0x0000,
	0x0000,0x0000,0x0000,0x0000,0x0000,0x0000,0x0000,0x0000,
	0x0000,0x0000,0x0000,0x0000,0x0000,0x0000,0x0000,0x0000,
	0x0000,0x0000,0x0000,0x0000,0x0000,0x0000,0x0000,0x0000,
	0x0000,0x0000,0x0000,0x0000,0x0000,0x0000,0x0000,0x0000,
	0x0000,0x0000,0x0000,0x0000,0x0000,0x0000,0x0000,0x0000,

	0x0000,0x0000,0x0000,0x0000,0x0000,0x0000,0x0000,0x0000,
	0x0000,0x0000,0x0000,0x0000,0x0000,0x0000,0x0000,0x0000,
	0x0000,0x0000,0x0000,0x0000,0x0000,0x0000,0x0000,0x0000,
	0x0000,0x0000,0x0000,0x0000,0x0000,0x0000,0x0000,0x0000,
	0x0000,0x0000,0x0000,0x0000,0x0000,0x0000,0x0000,0x0000,
	0x0000,0x0000,0x0000,0x0000,0x0000,0x0000,0x0000,0x0000,
	0x0000,0x0000,0x0000,0x0000,0x0000,0x0000,0x0000,0x0000,
	0x0000,0x0000,0x0000,0x0000,0x0000,0x0000,0x0000,0x0000,

	0x0000,0x0000,0x0000,0x0000,0x0000,0x0000,0x0000,0x0000,
	0x0000,0x0000,0x0000,0x0000,0x0000,0x0000,0x0000,0x0000,
	0x0000,0x0000,0x0000,0x0000,0x0000,0x0000,0x0000,0x0000,
	0x0000,0x0000,0x0000,0x0000,0x0000,0x0000,0x0000,0x0000,
	0x0000,0x0000,0x0000,0x0000,0x0000,0x0000,0x0000,0x0000,
	0x0000,0x0000,0x0000,0x0000,0x0000,0x0000,0x0000,0x0000,
	0x0000,0x0000,0x0000,0x0000,0x0000,0x0000,0x0000,0x0000,
	0x0000,0x0000,0x0000,0x0000,0x0000,0x0000,0x0000,0x0000,

	0x0000,0x0000,0x0000,0x0000,0x0000,0x0000,0x0000,0x0000,
	0x0000,0x0000,0x0000,0x0000,0x0000,0x0000,0x0000,0x0000,
	0x0000,0x0000,0x0000,0x0000,0x0000,0x0000,0x0000,0x0000,
	0x0000,0x0000,0x0000,0x0000,0x0000,0x0000,0x0000,0x0000,
	0x0000,0x0000,0x0000,0x0000,0x0000,0x0000,0x0000,0x0000,
	0x0000,0x0000,0x0000,0x0000,0x0000,0x0000,0x0000,0x0000,
	0x0000,0x0000,0x0000,0x0000,0x0000,0x0000,0x0000,0x0000,
	0x0000,0x0000,0x0000,0x0000,0x0000,0x0000,0x0000,0x0000,

	0x0000,0x0000,0x0000,0x0000,0x0000,0x0000,0x0000,0x0000,
	0x0000,0x0000,0x0000,0x0000,0x0000,0x0000,0x0000,0x0000,
	0x0000,0x0000,0x0000,0x0000,0x0000,0x0000,0x0000,0x0000,
	0x0000,0x0000,0x0000,0x0000,0x0000,0x0000,0x0000,0x0000,
	0x0000,0x0000,0x0000,0x0000,0x0000,0x0000,0x0000,0x0000,
	0x0000,0x0000,0x0000,0x0000,0x0000,0x0000,0x0000,0x0000,
	0x0000,0x0000,0x0000,0x0000,0x0000,0x0000,0x0000,0x0000,
	0x0000,0x0000,0x0000,0x0000,0x0000,0x0000,0x0000,0x0000,

	0x0000,0x0000,0x0000,0x0000,0x0000,0x0000,0x0000,0x0000,
	0x0000,0x0000,0x0000,0x0000,0x0000,0x0000,0x0000,0x0000,
	0x0000,0x0000,0x0000,0x0000,0x0000,0x0000,0x0000,0x0000,
	0x0000,0x0000,0x0000,0x0000,0x0000,0x0000,0x0000,0x0000,
	0x4400,0x2828,0x4600,0x8242,0x8400,0x4848,0x4400,0x8455,
	0x0000,0x4285,0x0000,0x5C80,0x0000,0x1980,0x0000,0xC280,
	0x482C,0x4554,0x5548,0x4555,0x5555,0x0455,0x5458,0x0455,
	0x5844,0x4555,0x8242,0x0455,0x584C,0x0445,0x182C,0x0045,

	0x4000,0x8242,0x8000,0x4848,0x4400,0x8455,0x0000,0x4285,
	0x0000,0x5C81,0x0000,0x1980,0x0000,0xC280,0x0000,0x2800,
	0x5548,0x4555,0x5555,0x0455,0x5458,0x0455,0x5844,0x4555,
	0x8242,0x0455,0x584C,0x0445,0x182C,0x0045,0x8118,0x0041,
	0x4400,0x2828,0x4000,0x8242,0x8400,0x4848,0x4400,0x8455,
	0x0000,0x4285,0x0060,0x5C81,0x0000,0x1981,0x0000,0xC241,
	0x482C,0x4554,0x5548,0x4555,0x5555,0x0455,0x5458,0x0455,
	0x5844,0x4555,0x8242,0x0455,0x584C,0x0445,0x182C,0x0045,

	0x0000,0x0000,0x0000,0x0000,0x0000,0x0000,0x0000,0x0000,
	0x0000,0x0000,0x0000,0x0000,0x0000,0x0000,0x0000,0x0000,
	0x0000,0x0000,0x0000,0x0000,0x0000,0x0000,0x0000,0x0000,
	0x0000,0x0000,0x0000,0x0000,0x0000,0x0000,0x0000,0x0000,
	0x0000,0x0000,0x0000,0x0000,0x0000,0x0000,0x0000,0x0000,
	0x0000,0x0000,0x0000,0x0000,0x0000,0x0000,0x0000,0x0000,
	0x0000,0x0000,0x0000,0x0000,0x0000,0x0000,0x0000,0x0000,
	0x0000,0x0000,0x0000,0x0000,0x0000,0x0000,0x0000,0x0000,

	0x0000,0x0000,0x0000,0x0000,0x0000,0x0000,0x0000,0x0000,
	0x0000,0x0000,0x0000,0x0000,0x0000,0x0000,0x0000,0x0000,
	0x0000,0x0000,0x0000,0x0000,0x0000,0x0000,0x0000,0x0000,
	0x0000,0x0000,0x0000,0x0000,0x0000,0x0000,0x0000,0x0000,
	0x0000,0x0000,0x0000,0x0000,0x0000,0x0000,0x0000,0x0000,
	0x0000,0x0000,0x0000,0x0000,0x0000,0x0000,0x0000,0x0000,
	0x0000,0x0000,0x0000,0x0000,0x0000,0x0000,0x0000,0x0000,
	0x0000,0x0000,0x0000,0x0000,0x0000,0x0000,0x0000,0x0000,

	0x0000,0x0000,0x0000,0x0000,0x0000,0x0000,0x0000,0x0000,
	0x0000,0x0000,0x0000,0x0000,0x0000,0x0000,0x0000,0x0000,
	0x0000,0x0000,0x0000,0x0000,0x0000,0x0000,0x0000,0x0000,
	0x0000,0x0000,0x0000,0x0000,0x0000,0x0000,0x0000,0x0000,
	0x0000,0x0000,0x0000,0x0000,0x0000,0x0000,0x0000,0x0000,
	0x0000,0x0000,0x0000,0x0000,0x0000,0x0000,0x0000,0x0000,
	0x0000,0x0000,0x0000,0x0000,0x0000,0x0000,0x0000,0x0000,
	0x0000,0x0000,0x0000,0x0000,0x0000,0x0000,0x0000,0x0000,

	0x0000,0x0000,0x0000,0x0000,0x0000,0x0000,0x0000,0x0000,
	0x0000,0x0000,0x0000,0x0000,0x0000,0x0000,0x0000,0x0000,
	0x0000,0x0000,0x0000,0x0000,0x0000,0x0000,0x0000,0x0000,
	0x0000,0x0000,0x0000,0x0000,0x0000,0x0000,0x0000,0x0000,
	0x0000,0x0000,0x0000,0x0000,0x0000,0x0000,0x0000,0x0000,
	0x0000,0x0000,0x0000,0x0000,0x0000,0x0000,0x0000,0x0000,
	0x0000,0x0000,0x0000,0x0000,0x0000,0x0000,0x0000,0x0000,
	0x0000,0x0000,0x0000,0x0000,0x0000,0x0000,0x0000,0x0000,

	0x0000,0x0000,0x0000,0x0000,0x0000,0x0000,0x0000,0x0000,
	0x0000,0x0000,0x0000,0x0000,0x0000,0x0000,0x0000,0x0000,
	0x0000,0x0000,0x0000,0x0000,0x0000,0x0000,0x0000,0x0000,
	0x0000,0x0000,0x0000,0x0000,0x0000,0x0000,0x0000,0x0000,
	0x0000,0x0000,0x0000,0x0000,0x0000,0x0000,0x0000,0x0000,
	0x0000,0x0000,0x0000,0x0000,0x0000,0x0000,0x0000,0x0000,
	0x0000,0x0000,0x0000,0x0000,0x0000,0x0000,0x0000,0x0000,
	0x0000,0x0000,0x0000,0x0000,0x0000,0x0000,0x0000,0x0000,

	0x0000,0x0000,0x0000,0x0000,0x0000,0x0000,0x0000,0x0000,
	0x0000,0x0000,0x0000,0x0000,0x0000,0x0000,0x0000,0x0000,
	0x0000,0x0000,0x0000,0x0000,0x0000,0x0000,0x0000,0x0000,
	0x0000,0x0000,0x0000,0x0000,0x0000,0x0000,0x0000,0x0000,
	0x0000,0x0000,0x0000,0x0000,0x0000,0x0000,0x0000,0x0000,
	0x0000,0x0000,0x0000,0x0000,0x0000,0x0000,0x0000,0x0000,
	0x0000,0x0000,0x0000,0x0000,0x0000,0x0000,0x0000,0x0000,
	0x0000,0x0000,0x0000,0x0000,0x0000,0x0000,0x0000,0x0000,

	0x0000,0x0000,0x0000,0x0000,0x0000,0x0000,0x0000,0x0000,
	0x0000,0x0000,0x0000,0x0000,0x0000,0x0000,0x0000,0x0000,
	0x0000,0x0000,0x0000,0x0000,0x0000,0x0000,0x0000,0x0000,
	0x0000,0x0000,0x0000,0x0000,0x0000,0x0000,0x0000,0x0000,
	0x0000,0x0000,0x0000,0x0000,0x0000,0x0000,0x0000,0x0000,
	0x0000,0x0000,0x0000,0x0000,0x0000,0x0000,0x0000,0x0000,
	0x0000,0x0000,0x0000,0x0000,0x0000,0x0000,0x0000,0x0000,
	0x0000,0x0000,0x0000,0x0000,0x0000,0x0000,0x0000,0x0000,

	0x0000,0x0000,0x0000,0x0000,0x0000,0x0000,0x0000,0x0000,
	0x0000,0x0000,0x0000,0x0000,0x0000,0x0000,0x0000,0x0000,
	0x0000,0x0000,0x0000,0x0000,0x0000,0x0000,0x0000,0x0000,
	0x0000,0x0000,0x0000,0x0000,0x0000,0x0000,0x0000,0x0000,
	0x0000,0x0000,0x0000,0x0000,0x0000,0x0000,0x0000,0x0000,
	0x0000,0x0000,0x0000,0x0000,0x0000,0x0000,0x0000,0x0000,
	0x0000,0x0000,0x0000,0x0000,0x0000,0x0000,0x0000,0x0000,
	0x0000,0x0000,0x0000,0x0000,0x0000,0x0000,0x0000,0x0000,

	0x0000,0x0000,0x0000,0x0000,0x0000,0x0000,0x0000,0x0000,
	0x0000,0x0000,0x0000,0x0000,0x0000,0x0000,0x0000,0x0000,
	0x0000,0x0000,0x0000,0x0000,0x0000,0x0000,0x0000,0x0000,
	0x0000,0x0000,0x0000,0x0000,0x0000,0x0000,0x0000,0x0000,
	0x0000,0x0000,0x0000,0x0000,0x0000,0x0000,0x0000,0x0000,
	0x0000,0x0000,0x0000,0x0000,0x0000,0x0000,0x0000,0x0000,
	0x0000,0x0000,0x0000,0x0000,0x0000,0x0000,0x0000,0x0000,
	0x0000,0x0000,0x0000,0x0000,0x0000,0x0000,0x0000,0x0000,

	0x0000,0x0000,0x0000,0x0000,0x0000,0x0000,0x0000,0x0000,
	0x0000,0x0000,0x0000,0x0000,0x0000,0x0000,0x0000,0x0000,
	0x0000,0x0000,0x0000,0x0000,0x0000,0x0000,0x0000,0x0000,
	0x0000,0x0000,0x0000,0x0000,0x0000,0x0000,0x0000,0x0000,
	0x0000,0x0000,0x0000,0x0000,0x0000,0x0000,0x0000,0x0000,
	0x0000,0x0000,0x0000,0x0000,0x0000,0x0000,0x0000,0x0000,
	0x0000,0x0000,0x0000,0x0000,0x0000,0x0000,0x0000,0x0000,
	0x0000,0x0000,0x0000,0x0000,0x0000,0x0000,0x0000,0x0000,

	0x0000,0x0000,0x0000,0x0000,0x0000,0x0000,0x0000,0x0000,
	0x0000,0x0000,0x0000,0x0000,0x0000,0x0000,0x0000,0x0000,
	0x0000,0x0000,0x0000,0x0000,0x0000,0x0000,0x0000,0x0000,
	0x0000,0x0000,0x0000,0x0000,0x0000,0x0000,0x0000,0x0000,
	0x0000,0x0000,0x0000,0x0000,0x0000,0x0000,0x0000,0x0000,
	0x0000,0x0000,0x0000,0x0000,0x0000,0x0000,0x0000,0x0000,
	0x0000,0x0000,0x0000,0x0000,0x0000,0x0000,0x0000,0x0000,
	0x0000,0x0000,0x0000,0x0000,0x0000,0x0000,0x0000,0x0000,

	0x0000,0x2820,0x5100,0xA185,0x8504,0x3A54,0x4852,0xA158,
	0x4480,0x81A5,0x5500,0x4410,0x0000,0x2850,0x0000,0x8264,
	0x8118,0x0041,0xAA3D,0x0008,0xC2D3,0x0042,0x84A3,0x0489,
	0x82DD,0x0558,0x4411,0x0582,0x4A31,0x0548,0x6A18,0x0155,
	0x0000,0xA155,0x5040,0x3A48,0x8520,0xA184,0x4800,0x84A4,
	0x5000,0x4A35,0x0000,0x45A0,0x0000,0x7050,0x0000,0x4000,
	0xAA3D,0x0008,0x22D3,0x0001,0x18C3,0x0001,0x489D,0x0001,
	0x5548,0x0011,0x5824,0x00A5,0x5484,0x0015,0x4666,0x0050,

	0x0000,0x2820,0x1000,0x3155,0x5140,0xCA48,0x8520,0x9848,
	0x4800,0x2824,0x5000,0x8484,0x0000,0x5555,0x0000,0x3850,
	0x8118,0x0041,0x8A3D,0x0001,0x122D,0x0001,0x1A82,0x0001,
	0x82D8,0x0001,0x1445,0x001A,0x4813,0x0154,0x681A,0x0554,
	0x0000,0x0000,0x0000,0x0000,0x0000,0x0000,0x0000,0x0000,
	0x0000,0x0000,0x0000,0x0000,0x0000,0x0000,0x0000,0x0000,
	0x0000,0x0000,0x0000,0x0000,0x0000,0x0000,0x0000,0x0000,
	0x0000,0x0000,0x0000,0x0000,0x0000,0x0000,0x0000,0x0000,

	0x0000,0x0000,0x0000,0x0000,0x0000,0x0000,0x0000,0x0000,
	0x0000,0x0000,0x0000,0x0000,0x0000,0x0000,0x0000,0x0000,
	0x0000,0x0000,0x0000,0x0000,0x0000,0x0000,0x0000,0x0000,
	0x0000,0x0000,0x0000,0x0000,0x0000,0x0000,0x0000,0x0000,
	0x0000,0x0000,0x0000,0x0000,0x0000,0x0000,0x0000,0x0000,
	0x0000,0x0000,0x0000,0x0000,0x0000,0x0000,0x0000,0x0000,
	0x0000,0x0000,0x0000,0x0000,0x0000,0x0000,0x0000,0x0000,
	0x0000,0x0000,0x0000,0x0000,0x0000,0x0000,0x0000,0x0000,

	0x0000,0x0000,0x0000,0x0000,0x0000,0x0000,0x0000,0x0000,
	0x0000,0x0000,0x0000,0x0000,0x0000,0x0000,0x0000,0x0000,
	0x0000,0x0000,0x0000,0x0000,0x0000,0x0000,0x0000,0x0000,
	0x0000,0x0000,0x0000,0x0000,0x0000,0x0000,0x0000,0x0000,
	0x0000,0x0000,0x0000,0x0000,0x0000,0x0000,0x0000,0x0000,
	0x0000,0x0000,0x0000,0x0000,0x0000,0x0000,0x0000,0x0000,
	0x0000,0x0000,0x0000,0x0000,0x0000,0x0000,0x0000,0x0000,
	0x0000,0x0000,0x0000,0x0000,0x0000,0x0000,0x0000,0x0000,

	0x0000,0x0000,0x0000,0x0000,0x0000,0x0000,0x0000,0x0000,
	0x0000,0x0000,0x0000,0x0000,0x0000,0x0000,0x0000,0x0000,
	0x0000,0x0000,0x0000,0x0000,0x0000,0x0000,0x0000,0x0000,
	0x0000,0x0000,0x0000,0x0000,0x0000,0x0000,0x0000,0x0000,
	0x0000,0x0000,0x0000,0x0000,0x0000,0x0000,0x0000,0x0000,
	0x0000,0x0000,0x0000,0x0000,0x0000,0x0000,0x0000,0x0000,
	0x0000,0x0000,0x0000,0x0000,0x0000,0x0000,0x0000,0x0000,
	0x0000,0x0000,0x0000,0x0000,0x0000,0x0000,0x0000,0x0000,

	0x0000,0x0000,0x0000,0x0000,0x0000,0x0000,0x0000,0x0000,
	0x0000,0x0000,0x0000,0x0000,0x0000,0x0000,0x0000,0x0000,
	0x0000,0x0000,0x0000,0x0000,0x0000,0x0000,0x0000,0x0000,
	0x0000,0x0000,0x0000,0x0000,0x0000,0x0000,0x0000,0x0000,
	0x0000,0x0000,0x0000,0x0000,0x0000,0x0000,0x0000,0x0000,
	0x0000,0x0000,0x0000,0x0000,0x0000,0x0000,0x0000,0x0000,
	0x0000,0x0000,0x0000,0x0000,0x0000,0x0000,0x0000,0x0000,
	0x0000,0x0000,0x0000,0x0000,0x0000,0x0000,0x0000,0x0000,

	0x0000,0x0000,0x0000,0x0000,0x0000,0x0000,0x0000,0x0000,
	0x0000,0x0000,0x0000,0x0000,0x0000,0x0000,0x0000,0x0000,
	0x0000,0x0000,0x0000,0x0000,0x0000,0x0000,0x0000,0x0000,
	0x0000,0x0000,0x0000,0x0000,0x0000,0x0000,0x0000,0x0000,
	0x0000,0x0000,0x0000,0x0000,0x0000,0x0000,0x0000,0x0000,
	0x0000,0x0000,0x0000,0x0000,0x0000,0x0000,0x0000,0x0000,
	0x0000,0x0000,0x0000,0x0000,0x0000,0x0000,0x0000,0x0000,
	0x0000,0x0000,0x0000,0x0000,0x0000,0x0000,0x0000,0x0000,

	0x0000,0x0000,0x0000,0x0000,0x0000,0x0000,0x0000,0x0000,
	0x0000,0x0000,0x0000,0x0000,0x0000,0x0000,0x0000,0x0000,
	0x0000,0x0000,0x0000,0x0000,0x0000,0x0000,0x0000,0x0000,
	0x0000,0x0000,0x0000,0x0000,0x0000,0x0000,0x0000,0x0000,
	0x0000,0x0000,0x0000,0x0000,0x0000,0x0000,0x0000,0x0000,
	0x0000,0x0000,0x0000,0x0000,0x0000,0x0000,0x0000,0x0000,
	0x0000,0x0000,0x0000,0x0000,0x0000,0x0000,0x0000,0x0000,
	0x0000,0x0000,0x0000,0x0000,0x0000,0x0000,0x0000,0x0000,

	0x0000,0x0000,0x0000,0x0000,0x0000,0x0000,0x0000,0x0000,
	0x0000,0x0000,0x0000,0x0000,0x0000,0x0000,0x0000,0x0000,
	0x0000,0x0000,0x0000,0x0000,0x0000,0x0000,0x0000,0x0000,
	0x0000,0x0000,0x0000,0x0000,0x0000,0x0000,0x0000,0x0000,
	0x0000,0x0000,0x0000,0x0000,0x0000,0x0000,0x0000,0x0000,
	0x0000,0x0000,0x0000,0x0000,0x0000,0x0000,0x0000,0x0000,
	0x0000,0x0000,0x0000,0x0000,0x0000,0x0000,0x0000,0x0000,
	0x0000,0x0000,0x0000,0x0000,0x0000,0x0000,0x0000,0x0000,

	0x0000,0x0000,0x0000,0x0000,0x0000,0x0000,0x0000,0x0000,
	0x0000,0x0000,0x0000,0x0000,0x0000,0x0000,0x0000,0x0000,
	0x0000,0x0000,0x0000,0x0000,0x0000,0x0000,0x0000,0x0000,
	0x0000,0x0000,0x0000,0x0000,0x0000,0x0000,0x0000,0x0000,
	0x0000,0x0000,0x0000,0x0000,0x0000,0x0000,0x0000,0x0000,
	0x0000,0x0000,0x0000,0x0000,0x0000,0x0000,0x0000,0x0000,
	0x0000,0x0000,0x0000,0x0000,0x0000,0x0000,0x0000,0x0000,
	0x0000,0x0000,0x0000,0x0000,0x0000,0x0000,0x0000,0x0000,

	0x0000,0x0000,0x0000,0x0000,0x0000,0x0000,0x0000,0x0000,
	0x0000,0x0000,0x0000,0x0000,0x0000,0x0000,0x0000,0x0000,
	0x0000,0x0000,0x0000,0x0000,0x0000,0x0000,0x0000,0x0000,
	0x0000,0x0000,0x0000,0x0000,0x0000,0x0000,0x0000,0x0000,
	0x0000,0x0000,0x0000,0x0000,0x0000,0x0000,0x0000,0x0000,
	0x0000,0x0000,0x0000,0x0000,0x0000,0x0000,0x0000,0x0000,
	0x0000,0x0000,0x0000,0x0000,0x0000,0x0000,0x0000,0x0000,
	0x0000,0x0000,0x0000,0x0000,0x0000,0x0000,0x0000,0x0000,

	0x0000,0x0000,0x0000,0x0000,0x0000,0x0000,0x0000,0x0000,
	0x0000,0x0000,0x0000,0x0000,0x0000,0x0000,0x0000,0x0000,
	0x0000,0x0000,0x0000,0x0000,0x0000,0x0000,0x0000,0x0000,
	0x0000,0x0000,0x0000,0x0000,0x0000,0x0000,0x0000,0x0000,
	0x0000,0x0000,0x0000,0x0000,0x0000,0x0000,0x0000,0x0000,
	0x0000,0x0000,0x0000,0x0000,0x0000,0x0000,0x0000,0x0000,
	0x0000,0x0000,0x0000,0x0000,0x0000,0x0000,0x0000,0x0000,
	0x0000,0x0000,0x0000,0x0000,0x0000,0x0000,0x0000,0x0000,

	0x0000,0x0000,0x0000,0x0000,0x0000,0x0000,0x0000,0x0000,
	0x0000,0x0000,0x0000,0x0000,0x0000,0x0000,0x0000,0x0000,
	0x0000,0x0000,0x0000,0x0000,0x0000,0x0000,0x0000,0x0000,
	0x0000,0x0000,0x0000,0x0000,0x0000,0x0000,0x0000,0x0000,
	0x0000,0x8674,0xBB00,0x44BB,0xEB00,0x4BBE,0x4500,0x54BB,
	0x5000,0x5555,0x0000,0x5550,0x0000,0x0000,0x0000,0x0000,
	0xB144,0x004E,0xBB45,0x054B,0x5555,0x5555,0x5555,0x5555,
	0x5555,0x0555,0x5555,0x0005,0x0000,0x0000,0x0000,0x0000,

	0x0000,0x6440,0x5000,0x4455,0x5500,0xBB45,0x5500,0x4445,
	0x5000,0x5555,0x0000,0x5550,0x0000,0x0000,0x0000,0x0000,
	0x4444,0x0000,0x4BBE,0x0055,0x4BBE,0x0555,0x4444,0x0555,
	0x5555,0x0055,0x5555,0x0005,0x0000,0x0000,0x0000,0x0000,
	0xB000,0xA4BE,0xB000,0x44BB,0x4500,0x5444,0x5500,0x5555,
	0x5000,0x5555,0x0000,0x5550,0x0000,0x0000,0x0000,0x0000,
	0x4611,0x004B,0x8555,0x05BB,0xB455,0x55BE,0xB455,0x555B,
	0x5555,0x0555,0x5555,0x0005,0x0000,0x0000,0x0000,0x0000,

	0x0000,0x0000,0x0000,0x0000,0x0000,0x0000,0x0000,0x0000,
	0x0000,0x0000,0x0000,0x0000,0x0000,0x0000,0x0000,0x0000,
	0x0000,0x0000,0x0000,0x0000,0x0000,0x0000,0x0000,0x0000,
	0x0000,0x0000,0x0000,0x0000,0x0000,0x0000,0x0000,0x0000,
	0x0000,0x0000,0x0000,0x0000,0x0000,0x0000,0x0000,0x0000,
	0x0000,0x0000,0x0000,0x0000,0x0000,0x0000,0x0000,0x0000,
	0x0000,0x0000,0x0000,0x0000,0x0000,0x0000,0x0000,0x0000,
	0x0000,0x0000,0x0000,0x0000,0x0000,0x0000,0x0000,0x0000,

	0x0000,0x0000,0x0000,0x0000,0x0000,0x0000,0x0000,0x0000,
	0x0000,0x0000,0x0000,0x0000,0x0000,0x0000,0x0000,0x0000,
	0x0000,0x0000,0x0000,0x0000,0x0000,0x0000,0x0000,0x0000,
	0x0000,0x0000,0x0000,0x0000,0x0000,0x0000,0x0000,0x0000,
	0x0000,0x0000,0x0000,0x0000,0x0000,0x0000,0x0000,0x0000,
	0x0000,0x0000,0x0000,0x0000,0x0000,0x0000,0x0000,0x0000,
	0x0000,0x0000,0x0000,0x0000,0x0000,0x0000,0x0000,0x0000,
	0x0000,0x0000,0x0000,0x0000,0x0000,0x0000,0x0000,0x0000,

	0x0000,0x0000,0x0000,0x0000,0x0000,0x0000,0x0000,0x0000,
	0x0000,0x0000,0x0000,0x0000,0x0000,0x0000,0x0000,0x0000,
	0x0000,0x0000,0x0000,0x0000,0x0000,0x0000,0x0000,0x0000,
	0x0000,0x0000,0x0000,0x0000,0x0000,0x0000,0x0000,0x0000,
	0x0000,0x0000,0x0000,0x0000,0x0000,0x0000,0x0000,0x0000,
	0x0000,0x0000,0x0000,0x0000,0x0000,0x0000,0x0000,0x0000,
	0x0000,0x0000,0x0000,0x0000,0x0000,0x0000,0x0000,0x0000,
	0x0000,0x0000,0x0000,0x0000,0x0000,0x0000,0x0000,0x0000,

	0x0000,0x0000,0x0000,0x0000,0x0000,0x0000,0x0000,0x0000,
	0x0000,0x0000,0x0000,0x0000,0x0000,0x0000,0x0000,0x0000,
	0x0000,0x0000,0x0000,0x0000,0x0000,0x0000,0x0000,0x0000,
	0x0000,0x0000,0x0000,0x0000,0x0000,0x0000,0x0000,0x0000,
	0x0000,0x0000,0x0000,0x0000,0x0000,0x0000,0x0000,0x0000,
	0x0000,0x0000,0x0000,0x0000,0x0000,0x0000,0x0000,0x0000,
	0x0000,0x0000,0x0000,0x0000,0x0000,0x0000,0x0000,0x0000,
	0x0000,0x0000,0x0000,0x0000,0x0000,0x0000,0x0000,0x0000,

	0x0000,0x0000,0x0000,0x0000,0x0000,0x0000,0x0000,0x0000,
	0x0000,0x0000,0x0000,0x0000,0x0000,0x0000,0x0000,0x0000,
	0x0000,0x0000,0x0000,0x0000,0x0000,0x0000,0x0000,0x0000,
	0x0000,0x0000,0x0000,0x0000,0x0000,0x0000,0x0000,0x0000,
	0x0000,0x0000,0x0000,0x0000,0x0000,0x0000,0x0000,0x0000,
	0x0000,0x0000,0x0000,0x0000,0x0000,0x0000,0x0000,0x0000,
	0x0000,0x0000,0x0000,0x0000,0x0000,0x0000,0x0000,0x0000,
	0x0000,0x0000,0x0000,0x0000,0x0000,0x0000,0x0000,0x0000,

	0x0000,0x0000,0x0000,0x0000,0x0000,0x0000,0x0000,0x0000,
	0x0000,0x0000,0x0000,0x0000,0x0000,0x0000,0x0000,0x0000,
	0x0000,0x0000,0x0000,0x0000,0x0000,0x0000,0x0000,0x0000,
	0x0000,0x0000,0x0000,0x0000,0x0000,0x0000,0x0000,0x0000,
	0x0000,0x0000,0x0000,0x0000,0x0000,0x0000,0x0000,0x0000,
	0x0000,0x0000,0x0000,0x0000,0x0000,0x0000,0x0000,0x0000,
	0x0000,0x0000,0x0000,0x0000,0x0000,0x0000,0x0000,0x0000,
	0x0000,0x0000,0x0000,0x0000,0x0000,0x0000,0x0000,0x0000,

	0x0000,0x0000,0x0000,0x0000,0x0000,0x0000,0x0000,0x0000,
	0x0000,0x0000,0x0000,0x0000,0x0000,0x0000,0x0000,0x0000,
	0x0000,0x0000,0x0000,0x0000,0x0000,0x0000,0x0000,0x0000,
	0x0000,0x0000,0x0000,0x0000,0x0000,0x0000,0x0000,0x0000,
	0x0000,0x0000,0x0000,0x0000,0x0000,0x0000,0x0000,0x0000,
	0x0000,0x0000,0x0000,0x0000,0x0000,0x0000,0x0000,0x0000,
	0x0000,0x0000,0x0000,0x0000,0x0000,0x0000,0x0000,0x0000,
	0x0000,0x0000,0x0000,0x0000,0x0000,0x0000,0x0000,0x0000,

	0x0000,0x0000,0x0000,0x0000,0x0000,0x0000,0x0000,0x0000,
	0x0000,0x0000,0x0000,0x0000,0x0000,0x0000,0x0000,0x0000,
	0x0000,0x0000,0x0000,0x0000,0x0000,0x0000,0x0000,0x0000,
	0x0000,0x0000,0x0000,0x0000,0x0000,0x0000,0x0000,0x0000,
	0x0000,0x0000,0x0000,0x0000,0x0000,0x0000,0x0000,0x0000,
	0x0000,0x0000,0x0000,0x0000,0x0000,0x0000,0x0000,0x0000,
	0x0000,0x0000,0x0000,0x0000,0x0000,0x0000,0x0000,0x0000,
	0x0000,0x0000,0x0000,0x0000,0x0000,0x0000,0x0000,0x0000,

	0x0000,0x0000,0x0000,0x0000,0x0000,0x0000,0x0000,0x0000,
	0x0000,0x0000,0x0000,0x0000,0x0000,0x0000,0x0000,0x0000,
	0x0000,0x0000,0x0000,0x0000,0x0000,0x0000,0x0000,0x0000,
	0x0000,0x0000,0x0000,0x0000,0x0000,0x0000,0x0000,0x0000,
	0x0000,0x0000,0x0000,0x0000,0x0000,0x0000,0x0000,0x0000,
	0x0000,0x0000,0x0000,0x0000,0x0000,0x0000,0x0000,0x0000,
	0x0000,0x0000,0x0000,0x0000,0x0000,0x0000,0x0000,0x0000,
	0x0000,0x0000,0x0000,0x0000,0x0000,0x0000,0x0000,0x0000,

	0x0000,0x0000,0x0000,0x0000,0x0000,0x0000,0x0000,0x0000,
	0x0000,0x0000,0x0000,0x0000,0x0000,0x0000,0x0000,0x0000,
	0x0000,0x0000,0x0000,0x0000,0x0000,0x0000,0x0000,0x0000,
	0x0000,0x0000,0x0000,0x0000,0x0000,0x0000,0x0000,0x0000,
	0x0000,0x0000,0x0000,0x0000,0x0000,0x0000,0x0000,0x0000,
	0x0000,0x0000,0x0000,0x0000,0x0000,0x0000,0x0000,0x0000,
	0x0000,0x0000,0x0000,0x0000,0x0000,0x0000,0x0000,0x0000,
	0x0000,0x0000,0x0000,0x0000,0x0000,0x0000,0x0000,0x0000,

	0x0000,0x0000,0x0000,0x0000,0x0000,0x0000,0x0000,0x0000,
	0x0000,0x0000,0x0000,0x0000,0x0000,0x0000,0x0000,0x0000,
	0x0000,0x0000,0x0000,0x0000,0x0000,0x0000,0x0000,0x0000,
	0x0000,0x0000,0x0000,0x0000,0x0000,0x0000,0x0000,0x0000,
	0x0000,0x0000,0x0000,0x0000,0x0000,0x0000,0x0000,0x0000,
	0x0000,0x0000,0x0000,0x0000,0x0000,0x0000,0x0000,0x0000,
	0x0000,0x0000,0x0000,0x0000,0x0000,0x0000,0x0000,0x0000,
	0x0000,0x0000,0x0000,0x0000,0x0000,0x0000,0x0000,0x0000,

	0x0000,0x0000,0x0000,0x0000,0x0000,0x0444,0x4400,0x4884,
	0x4400,0x8455,0x4444,0x4548,0x8844,0x4482,0x8444,0x82C2,
	0x0000,0x0000,0x0000,0x0000,0x0400,0x0000,0x4844,0x0000,
	0x8282,0x0000,0x4884,0x0000,0x8828,0x0000,0x2C84,0x0000,
	0x0000,0x0000,0x0000,0x0444,0x4400,0x4884,0x4400,0x8455,
	0x4444,0x4548,0x8844,0x4482,0x8444,0x82C2,0x4554,0xC284,
	0x0000,0x0000,0x0400,0x0000,0x4844,0x0000,0x8282,0x0000,
	0x4884,0x0000,0x8828,0x0000,0x2C84,0x0000,0x8282,0x0006,

	0x0000,0x0000,0x0000,0x0000,0x0000,0x0444,0x4400,0x4884,
	0x4400,0x8455,0x4444,0x4548,0x8844,0x4482,0x8444,0x82C2,
	0x0000,0x0000,0x0000,0x0000,0x0400,0x0000,0x4844,0x0000,
	0x8282,0x0000,0x4884,0x0004,0x8828,0x0008,0x2C84,0x0000,
	0x0000,0x0000,0x0000,0x0000,0x0000,0x0000,0x0000,0x0000,
	0x0000,0x0000,0x0000,0x0000,0x0000,0x0000,0x0000,0x0000,
	0x0000,0x0000,0x0000,0x0000,0x0000,0x0000,0x0000,0x0000,
	0x0000,0x0000,0x0000,0x0000,0x0000,0x0000,0x0000,0x0000,

	0x0000,0x0000,0x0000,0x0000,0x0000,0x0000,0x0000,0x0000,
	0x0000,0x0000,0x0000,0x0000,0x0000,0x0000,0x0000,0x0000,
	0x0000,0x0000,0x0000,0x0000,0x0000,0x0000,0x0000,0x0000,
	0x0000,0x0000,0x0000,0x0000,0x0000,0x0000,0x0000,0x0000,
	0x0000,0x0000,0x0000,0x0000,0x0000,0x0000,0x0000,0x0000,
	0x0000,0x0000,0x0000,0x0000,0x0000,0x0000,0x0000,0x0000,
	0x0000,0x0000,0x0000,0x0000,0x0000,0x0000,0x0000,0x0000,
	0x0000,0x0000,0x0000,0x0000,0x0000,0x0000,0x0000,0x0000,

	0x0000,0x0000,0x0000,0x0000,0x0000,0x0000,0x0000,0x0000,
	0x0000,0x0000,0x0000,0x0000,0x0000,0x0000,0x0000,0x0000,
	0x0000,0x0000,0x0000,0x0000,0x0000,0x0000,0x0000,0x0000,
	0x0000,0x0000,0x0000,0x0000,0x0000,0x0000,0x0000,0x0000,
	0x0000,0x0000,0x0000,0x0000,0x0000,0x0000,0x0000,0x0000,
	0x0000,0x0000,0x0000,0x0000,0x0000,0x0000,0x0000,0x0000,
	0x0000,0x0000,0x0000,0x0000,0x0000,0x0000,0x0000,0x0000,
	0x0000,0x0000,0x0000,0x0000,0x0000,0x0000,0x0000,0x0000,

	0x0000,0x0000,0x0000,0x0000,0x0000,0x0000,0x0000,0x0000,
	0x0000,0x0000,0x0000,0x0000,0x0000,0x0000,0x0000,0x0000,
	0x0000,0x0000,0x0000,0x0000,0x0000,0x0000,0x0000,0x0000,
	0x0000,0x0000,0x0000,0x0000,0x0000,0x0000,0x0000,0x0000,
	0x0000,0x0000,0x0000,0x0000,0x0000,0x0000,0x0000,0x0000,
	0x0000,0x0000,0x0000,0x0000,0x0000,0x0000,0x0000,0x0000,
	0x0000,0x0000,0x0000,0x0000,0x0000,0x0000,0x0000,0x0000,
	0x0000,0x0000,0x0000,0x0000,0x0000,0x0000,0x0000,0x0000,

	0x0000,0x0000,0x0000,0x0000,0x0000,0x0000,0x0000,0x0000,
	0x0000,0x0000,0x0000,0x0000,0x0000,0x0000,0x0000,0x0000,
	0x0000,0x0000,0x0000,0x0000,0x0000,0x0000,0x0000,0x0000,
	0x0000,0x0000,0x0000,0x0000,0x0000,0x0000,0x0000,0x0000,
	0x0000,0x0000,0x0000,0x0000,0x0000,0x0000,0x0000,0x0000,
	0x0000,0x0000,0x0000,0x0000,0x0000,0x0000,0x0000,0x0000,
	0x0000,0x0000,0x0000,0x0000,0x0000,0x0000,0x0000,0x0000,
	0x0000,0x0000,0x0000,0x0000,0x0000,0x0000,0x0000,0x0000,

	0x0000,0x0000,0x0000,0x0000,0x0000,0x0000,0x0000,0x0000,
	0x0000,0x0000,0x0000,0x0000,0x0000,0x0000,0x0000,0x0000,
	0x0000,0x0000,0x0000,0x0000,0x0000,0x0000,0x0000,0x0000,
	0x0000,0x0000,0x0000,0x0000,0x0000,0x0000,0x0000,0x0000,
	0x0000,0x0000,0x0000,0x0000,0x0000,0x0000,0x0000,0x0000,
	0x0000,0x0000,0x0000,0x0000,0x0000,0x0000,0x0000,0x0000,
	0x0000,0x0000,0x0000,0x0000,0x0000,0x0000,0x0000,0x0000,
	0x0000,0x0000,0x0000,0x0000,0x0000,0x0000,0x0000,0x0000,

	0x0000,0x0000,0x0000,0x0000,0x0000,0x0000,0x0000,0x0000,
	0x0000,0x0000,0x0000,0x0000,0x0000,0x0000,0x0000,0x0000,
	0x0000,0x0000,0x0000,0x0000,0x0000,0x0000,0x0000,0x0000,
	0x0000,0x0000,0x0000,0x0000,0x0000,0x0000,0x0000,0x0000,
	0x0000,0x0000,0x0000,0x0000,0x0000,0x0000,0x0000,0x0000,
	0x0000,0x0000,0x0000,0x0000,0x0000,0x0000,0x0000,0x0000,
	0x0000,0x0000,0x0000,0x0000,0x0000,0x0000,0x0000,0x0000,
	0x0000,0x0000,0x0000,0x0000,0x0000,0x0000,0x0000,0x0000,

	0x0000,0x0000,0x0000,0x0000,0x0000,0x0000,0x0000,0x0000,
	0x0000,0x0000,0x0000,0x0000,0x0000,0x0000,0x0000,0x0000,
	0x0000,0x0000,0x0000,0x0000,0x0000,0x0000,0x0000,0x0000,
	0x0000,0x0000,0x0000,0x0000,0x0000,0x0000,0x0000,0x0000,
	0x0000,0x0000,0x0000,0x0000,0x0000,0x0000,0x0000,0x0000,
	0x0000,0x0000,0x0000,0x0000,0x0000,0x0000,0x0000,0x0000,
	0x0000,0x0000,0x0000,0x0000,0x0000,0x0000,0x0000,0x0000,
	0x0000,0x0000,0x0000,0x0000,0x0000,0x0000,0x0000,0x0000,

	0x0000,0x0000,0x0000,0x0000,0x0000,0x0000,0x0000,0x0000,
	0x0000,0x0000,0x0000,0x0000,0x0000,0x0000,0x0000,0x0000,
	0x0000,0x0000,0x0000,0x0000,0x0000,0x0000,0x0000,0x0000,
	0x0000,0x0000,0x0000,0x0000,0x0000,0x0000,0x0000,0x0000,
	0x0000,0x0000,0x0000,0x0000,0x0000,0x0000,0x0000,0x0000,
	0x0000,0x0000,0x0000,0x0000,0x0000,0x0000,0x0000,0x0000,
	0x0000,0x0000,0x0000,0x0000,0x0000,0x0000,0x0000,0x0000,
	0x0000,0x0000,0x0000,0x0000,0x0000,0x0000,0x0000,0x0000,

	0x0000,0x0000,0x0000,0x0000,0x0000,0x0000,0x0000,0x0000,
	0x0000,0x0000,0x0000,0x0000,0x0000,0x0000,0x0000,0x0000,
	0x0000,0x0000,0x0000,0x0000,0x0000,0x0000,0x0000,0x0000,
	0x0000,0x0000,0x0000,0x0000,0x0000,0x0000,0x0000,0x0000,
	0x0000,0x0000,0x0000,0x0000,0x0000,0x0000,0x0000,0x0000,
	0x0000,0x0000,0x0000,0x0000,0x0000,0x0000,0x0000,0x0000,
	0x0000,0x0000,0x0000,0x0000,0x0000,0x0000,0x0000,0x0000,
	0x0000,0x0000,0x0000,0x0000,0x0000,0x0000,0x0000,0x0000,

	0x0000,0x0000,0x0000,0x0000,0x0000,0x0000,0x0000,0x0000,
	0x0000,0x0000,0x0000,0x0000,0x0000,0x0000,0x0000,0x0000,
	0x0000,0x0000,0x0000,0x0000,0x0000,0x0000,0x0000,0x0000,
	0x0000,0x0000,0x0000,0x0000,0x0000,0x0000,0x0000,0x0000,
	0x0000,0x0000,0x0000,0x0000,0x0000,0x0000,0x0000,0x0000,
	0x0000,0x0000,0x0000,0x0000,0x0000,0x0000,0x0000,0x0000,
	0x0000,0x0000,0x0000,0x0000,0x0000,0x0000,0x0000,0x0000,
	0x0000,0x0000,0x0000,0x0000,0x0000,0x0000,0x0000,0x0000,

	0x0000,0x0000,0x0000,0x0000,0x0000,0x0000,0x0000,0x0000,
	0x0000,0x0000,0x0000,0x0000,0x0000,0x0000,0x0000,0x0000,
	0x0000,0x0000,0x0000,0x0000,0x0000,0x0000,0x0000,0x0000,
	0x0000,0x0000,0x0000,0x0000,0x0000,0x0000,0x0000,0x0000,
	0x4554,0xC284,0x5554,0x8455,0x5540,0x5555,0x5540,0x8545,
	0x5554,0x4485,0x5540,0x2428,0x5440,0xC485,0x5400,0xC281,
	0x8282,0x0006,0x2428,0x0606,0x8484,0x0600,0x5548,0x0000,
	0x5824,0x0000,0x18C5,0x0000,0x1891,0x0000,0x142C,0x0000,

	0x5554,0x8455,0x5540,0x5555,0x5540,0x8545,0x5554,0x4485,
	0x5540,0x2428,0x5440,0xC485,0x5400,0xC281,0x1400,0x8118,
	0x2428,0x0006,0x8484,0x0000,0x5548,0x0000,0x5824,0x0000,
	0x18C5,0x0000,0x1891,0x0000,0x142C,0x0000,0x0282,0x0000,
	0x4554,0xC284,0x5554,0x8455,0x5540,0x5555,0x5540,0x8545,
	0x5554,0x4485,0x5540,0x2428,0x5440,0xC485,0x5400,0xC281,
	0x8282,0x0006,0x2428,0x0006,0x8484,0x0000,0x5548,0x0000,
	0x5824,0x0000,0x18C5,0x0000,0x1891,0x0000,0x142C,0x0000,

	0x0000,0x0000,0x0000,0x0000,0x0000,0x0000,0x0000,0x0000,
	0x0000,0x0000,0x0000,0x0000,0x0000,0x0000,0x0000,0x0000,
	0x0000,0x0000,0x0000,0x0000,0x0000,0x0000,0x0000,0x0000,
	0x0000,0x0000,0x0000,0x0000,0x0000,0x0000,0x0000,0x0000,
	0x0000,0x0000,0x0000,0x0000,0x0000,0x0000,0x0000,0x0000,
	0x0000,0x0000,0x0000,0x0000,0x0000,0x0000,0x0000,0x0000,
	0x0000,0x0000,0x0000,0x0000,0x0000,0x0000,0x0000,0x0000,
	0x0000,0x0000,0x0000,0x0000,0x0000,0x0000,0x0000,0x0000,

	0x0000,0x0000,0x0000,0x0000,0x0000,0x0000,0x0000,0x0000,
	0x0000,0x0000,0x0000,0x0000,0x0000,0x0000,0x0000,0x0000,
	0x0000,0x0000,0x0000,0x0000,0x0000,0x0000,0x0000,0x0000,
	0x0000,0x0000,0x0000,0x0000,0x0000,0x0000,0x0000,0x0000,
	0x0000,0x0000,0x0000,0x0000,0x0000,0x0000,0x0000,0x0000,
	0x0000,0x0000,0x0000,0x0000,0x0000,0x0000,0x0000,0x0000,
	0x0000,0x0000,0x0000,0x0000,0x0000,0x0000,0x0000,0x0000,
	0x0000,0x0000,0x0000,0x0000,0x0000,0x0000,0x0000,0x0000,

	0x0000,0x0000,0x0000,0x0000,0x0000,0x0000,0x0000,0x0000,
	0x0000,0x0000,0x0000,0x0000,0x0000,0x0000,0x0000,0x0000,
	0x0000,0x0000,0x0000,0x0000,0x0000,0x0000,0x0000,0x0000,
	0x0000,0x0000,0x0000,0x0000,0x0000,0x0000,0x0000,0x0000,
	0x0000,0x0000,0x0000,0x0000,0x0000,0x0000,0x0000,0x0000,
	0x0000,0x0000,0x0000,0x0000,0x0000,0x0000,0x0000,0x0000,
	0x0000,0x0000,0x0000,0x0000,0x0000,0x0000,0x0000,0x0000,
	0x0000,0x0000,0x0000,0x0000,0x0000,0x0000,0x0000,0x0000,

	0x0000,0x0000,0x0000,0x0000,0x0000,0x0000,0x0000,0x0000,
	0x0000,0x0000,0x0000,0x0000,0x0000,0x0000,0x0000,0x0000,
	0x0000,0x0000,0x0000,0x0000,0x0000,0x0000,0x0000,0x0000,
	0x0000,0x0000,0x0000,0x0000,0x0000,0x0000,0x0000,0x0000,
	0x0000,0x0000,0x0000,0x0000,0x0000,0x0000,0x0000,0x0000,
	0x0000,0x0000,0x0000,0x0000,0x0000,0x0000,0x0000,0x0000,
	0x0000,0x0000,0x0000,0x0000,0x0000,0x0000,0x0000,0x0000,
	0x0000,0x0000,0x0000,0x0000,0x0000,0x0000,0x0000,0x0000,

	0x0000,0x0000,0x0000,0x0000,0x0000,0x0000,0x0000,0x0000,
	0x0000,0x0000,0x0000,0x0000,0x0000,0x0000,0x0000,0x0000,
	0x0000,0x0000,0x0000,0x0000,0x0000,0x0000,0x0000,0x0000,
	0x0000,0x0000,0x0000,0x0000,0x0000,0x0000,0x0000,0x0000,
	0x0000,0x0000,0x0000,0x0000,0x0000,0x0000,0x0000,0x0000,
	0x0000,0x0000,0x0000,0x0000,0x0000,0x0000,0x0000,0x0000,
	0x0000,0x0000,0x0000,0x0000,0x0000,0x0000,0x0000,0x0000,
	0x0000,0x0000,0x0000,0x0000,0x0000,0x0000,0x0000,0x0000,

	0x0000,0x0000,0x0000,0x0000,0x0000,0x0000,0x0000,0x0000,
	0x0000,0x0000,0x0000,0x0000,0x0000,0x0000,0x0000,0x0000,
	0x0000,0x0000,0x0000,0x0000,0x0000,0x0000,0x0000,0x0000,
	0x0000,0x0000,0x0000,0x0000,0x0000,0x0000,0x0000,0x0000,
	0x0000,0x0000,0x0000,0x0000,0x0000,0x0000,0x0000,0x0000,
	0x0000,0x0000,0x0000,0x0000,0x0000,0x0000,0x0000,0x0000,
	0x0000,0x0000,0x0000,0x0000,0x0000,0x0000,0x0000,0x0000,
	0x0000,0x0000,0x0000,0x0000,0x0000,0x0000,0x0000,0x0000,

	0x0000,0x0000,0x0000,0x0000,0x0000,0x0000,0x0000,0x0000,
	0x0000,0x0000,0x0000,0x0000,0x0000,0x0000,0x0000,0x0000,
	0x0000,0x0000,0x0000,0x0000,0x0000,0x0000,0x0000,0x0000,
	0x0000,0x0000,0x0000,0x0000,0x0000,0x0000,0x0000,0x0000,
	0x0000,0x0000,0x0000,0x0000,0x0000,0x0000,0x0000,0x0000,
	0x0000,0x0000,0x0000,0x0000,0x0000,0x0000,0x0000,0x0000,
	0x0000,0x0000,0x0000,0x0000,0x0000,0x0000,0x0000,0x0000,
	0x0000,0x0000,0x0000,0x0000,0x0000,0x0000,0x0000,0x0000,

	0x0000,0x0000,0x0000,0x0000,0x0000,0x0000,0x0000,0x0000,
	0x0000,0x0000,0x0000,0x0000,0x0000,0x0000,0x0000,0x0000,
	0x0000,0x0000,0x0000,0x0000,0x0000,0x0000,0x0000,0x0000,
	0x0000,0x0000,0x0000,0x0000,0x0000,0x0000,0x0000,0x0000,
	0x0000,0x0000,0x0000,0x0000,0x0000,0x0000,0x0000,0x0000,
	0x0000,0x0000,0x0000,0x0000,0x0000,0x0000,0x0000,0x0000,
	0x0000,0x0000,0x0000,0x0000,0x0000,0x0000,0x0000,0x0000,
	0x0000,0x0000,0x0000,0x0000,0x0000,0x0000,0x0000,0x0000,

	0x0000,0x0000,0x0000,0x0000,0x0000,0x0000,0x0000,0x0000,
	0x0000,0x0000,0x0000,0x0000,0x0000,0x0000,0x0000,0x0000,
	0x0000,0x0000,0x0000,0x0000,0x0000,0x0000,0x0000,0x0000,
	0x0000,0x0000,0x0000,0x0000,0x0000,0x0000,0x0000,0x0000,
	0x0000,0x0000,0x0000,0x0000,0x0000,0x0000,0x0000,0x0000,
	0x0000,0x0000,0x0000,0x0000,0x0000,0x0000,0x0000,0x0000,
	0x0000,0x0000,0x0000,0x0000,0x0000,0x0000,0x0000,0x0000,
	0x0000,0x0000,0x0000,0x0000,0x0000,0x0000,0x0000,0x0000,

	0x0000,0x0000,0x0000,0x0000,0x0000,0x0000,0x0000,0x0000,
	0x0000,0x0000,0x0000,0x0000,0x0000,0x0000,0x0000,0x0000,
	0x0000,0x0000,0x0000,0x0000,0x0000,0x0000,0x0000,0x0000,
	0x0000,0x0000,0x0000,0x0000,0x0000,0x0000,0x0000,0x0000,
	0x0000,0x0000,0x0000,0x0000,0x0000,0x0000,0x0000,0x0000,
	0x0000,0x0000,0x0000,0x0000,0x0000,0x0000,0x0000,0x0000,
	0x0000,0x0000,0x0000,0x0000,0x0000,0x0000,0x0000,0x0000,
	0x0000,0x0000,0x0000,0x0000,0x0000,0x0000,0x0000,0x0000,

	0x0000,0x0000,0x0000,0x0000,0x0000,0x0000,0x0000,0x0000,
	0x0000,0x0000,0x0000,0x0000,0x0000,0x0000,0x0000,0x0000,
	0x0000,0x0000,0x0000,0x0000,0x0000,0x0000,0x0000,0x0000,
	0x0000,0x0000,0x0000,0x0000,0x0000,0x0000,0x0000,0x0000,
	0x0000,0x0000,0x0000,0x0000,0x0000,0x0000,0x0000,0x0000,
	0x0000,0x0000,0x0000,0x0000,0x0000,0x0000,0x0000,0x0000,
	0x0000,0x0000,0x0000,0x0000,0x0000,0x0000,0x0000,0x0000,
	0x0000,0x0000,0x0000,0x0000,0x0000,0x0000,0x0000,0x0000,

	0x1400,0x8118,0x2000,0x2A3A,0x1000,0x42DD,0x1000,0x28AA,
	0x1000,0xD844,0xA100,0x5441,0x4510,0x3184,0x4550,0xA186,
	0x0282,0x0000,0x5884,0x0001,0x84C2,0x0415,0x482C,0x0258,
	0x4548,0x0084,0x5884,0x0005,0x5A57,0x0000,0x0583,0x0000,
	0x2000,0x233A,0x1000,0x4DD2,0x1000,0x28A1,0x1000,0x8444,
	0x1100,0x5355,0x5A00,0x3A15,0x5100,0xA115,0x0500,0x5554,
	0x5884,0x0001,0x84C2,0x0415,0x485C,0x0258,0x4542,0x0084,
	0x5888,0x0005,0x0A57,0x0000,0x0506,0x0000,0x0044,0x0000,

	0x1400,0x8118,0x2000,0x23AA,0x1400,0x4DD2,0x1840,0x28A1,
	0x1550,0x8444,0x1A50,0x5355,0x5350,0x3A14,0x51A0,0x41A6,
	0x0282,0x0000,0x5814,0x0015,0x4582,0x4158,0x842C,0x2584,
	0x5422,0x0844,0x8884,0x0055,0x0582,0x0000,0x4628,0x0000,
	0x0000,0x0000,0x0000,0x0000,0x0000,0x0000,0x0000,0x0000,
	0x0000,0x0000,0x0000,0x0000,0x0000,0x0000,0x0000,0x0000,
	0x0000,0x0000,0x0000,0x0000,0x0000,0x0000,0x0000,0x0000,
	0x0000,0x0000,0x0000,0x0000,0x0000,0x0000,0x0000,0x0000,

	0x0000,0x0000,0x0000,0x0000,0x0000,0x0000,0x0000,0x0000,
	0x0000,0x0000,0x0000,0x0000,0x0000,0x0000,0x0000,0x0000,
	0x0000,0x0000,0x0000,0x0000,0x0000,0x0000,0x0000,0x0000,
	0x0000,0x0000,0x0000,0x0000,0x0000,0x0000,0x0000,0x0000,
	0x0000,0x0000,0x0000,0x0000,0x0000,0x0000,0x0000,0x0000,
	0x0000,0x0000,0x0000,0x0000,0x0000,0x0000,0x0000,0x0000,
	0x0000,0x0000,0x0000,0x0000,0x0000,0x0000,0x0000,0x0000,
	0x0000,0x0000,0x0000,0x0000,0x0000,0x0000,0x0000,0x0000,

	0x0000,0x0000,0x0000,0x0000,0x0000,0x0000,0x0000,0x0000,
	0x0000,0x0000,0x0000,0x0000,0x0000,0x0000,0x0000,0x0000,
	0x0000,0x0000,0x0000,0x0000,0x0000,0x0000,0x0000,0x0000,
	0x0000,0x0000,0x0000,0x0000,0x0000,0x0000,0x0000,0x0000,
	0x0000,0x0000,0x0000,0x0000,0x0000,0x0000,0x0000,0x0000,
	0x0000,0x0000,0x0000,0x0000,0x0000,0x0000,0x0000,0x0000,
	0x0000,0x0000,0x0000,0x0000,0x0000,0x0000,0x0000,0x0000,
	0x0000,0x0000,0x0000,0x0000,0x0000,0x0000,0x0000,0x0000,

	0x0000,0x0000,0x0000,0x0000,0x0000,0x0000,0x0000,0x0000,
	0x0000,0x0000,0x0000,0x0000,0x0000,0x0000,0x0000,0x0000,
	0x0000,0x0000,0x0000,0x0000,0x0000,0x0000,0x0000,0x0000,
	0x0000,0x0000,0x0000,0x0000,0x0000,0x0000,0x0000,0x0000,
	0x0000,0x0000,0x0000,0x0000,0x0000,0x0000,0x0000,0x0000,
	0x0000,0x0000,0x0000,0x0000,0x0000,0x0000,0x0000,0x0000,
	0x0000,0x0000,0x0000,0x0000,0x0000,0x0000,0x0000,0x0000,
	0x0000,0x0000,0x0000,0x0000,0x0000,0x0000,0x0000,0x0000,

	0x0000,0x0000,0x0000,0x0000,0x0000,0x0000,0x0000,0x0000,
	0x0000,0x0000,0x0000,0x0000,0x0000,0x0000,0x0000,0x0000,
	0x0000,0x0000,0x0000,0x0000,0x0000,0x0000,0x0000,0x0000,
	0x0000,0x0000,0x0000,0x0000,0x0000,0x0000,0x0000,0x0000,
	0x0000,0x0000,0x0000,0x0000,0x0000,0x0000,0x0000,0x0000,
	0x0000,0x0000,0x0000,0x0000,0x0000,0x0000,0x0000,0x0000,
	0x0000,0x0000,0x0000,0x0000,0x0000,0x0000,0x0000,0x0000,
	0x0000,0x0000,0x0000,0x0000,0x0000,0x0000,0x0000,0x0000,

	0x0000,0x0000,0x0000,0x0000,0x0000,0x0000,0x0000,0x0000,
	0x0000,0x0000,0x0000,0x0000,0x0000,0x0000,0x0000,0x0000,
	0x0000,0x0000,0x0000,0x0000,0x0000,0x0000,0x0000,0x0000,
	0x0000,0x0000,0x0000,0x0000,0x0000,0x0000,0x0000,0x0000,
	0x0000,0x0000,0x0000,0x0000,0x0000,0x0000,0x0000,0x0000,
	0x0000,0x0000,0x0000,0x0000,0x0000,0x0000,0x0000,0x0000,
	0x0000,0x0000,0x0000,0x0000,0x0000,0x0000,0x0000,0x0000,
	0x0000,0x0000,0x0000,0x0000,0x0000,0x0000,0x0000,0x0000,

	0x0000,0x0000,0x0000,0x0000,0x0000,0x0000,0x0000,0x0000,
	0x0000,0x0000,0x0000,0x0000,0x0000,0x0000,0x0000,0x0000,
	0x0000,0x0000,0x0000,0x0000,0x0000,0x0000,0x0000,0x0000,
	0x0000,0x0000,0x0000,0x0000,0x0000,0x0000,0x0000,0x0000,
	0x0000,0x0000,0x0000,0x0000,0x0000,0x0000,0x0000,0x0000,
	0x0000,0x0000,0x0000,0x0000,0x0000,0x0000,0x0000,0x0000,
	0x0000,0x0000,0x0000,0x0000,0x0000,0x0000,0x0000,0x0000,
	0x0000,0x0000,0x0000,0x0000,0x0000,0x0000,0x0000,0x0000,

	0x0000,0x0000,0x0000,0x0000,0x0000,0x0000,0x0000,0x0000,
	0x0000,0x0000,0x0000,0x0000,0x0000,0x0000,0x0000,0x0000,
	0x0000,0x0000,0x0000,0x0000,0x0000,0x0000,0x0000,0x0000,
	0x0000,0x0000,0x0000,0x0000,0x0000,0x0000,0x0000,0x0000,
	0x0000,0x0000,0x0000,0x0000,0x0000,0x0000,0x0000,0x0000,
	0x0000,0x0000,0x0000,0x0000,0x0000,0x0000,0x0000,0x0000,
	0x0000,0x0000,0x0000,0x0000,0x0000,0x0000,0x0000,0x0000,
	0x0000,0x0000,0x0000,0x0000,0x0000,0x0000,0x0000,0x0000,

	0x0000,0x0000,0x0000,0x0000,0x0000,0x0000,0x0000,0x0000,
	0x0000,0x0000,0x0000,0x0000,0x0000,0x0000,0x0000,0x0000,
	0x0000,0x0000,0x0000,0x0000,0x0000,0x0000,0x0000,0x0000,
	0x0000,0x0000,0x0000,0x0000,0x0000,0x0000,0x0000,0x0000,
	0x0000,0x0000,0x0000,0x0000,0x0000,0x0000,0x0000,0x0000,
	0x0000,0x0000,0x0000,0x0000,0x0000,0x0000,0x0000,0x0000,
	0x0000,0x0000,0x0000,0x0000,0x0000,0x0000,0x0000,0x0000,
	0x0000,0x0000,0x0000,0x0000,0x0000,0x0000,0x0000,0x0000,

	0x0000,0x0000,0x0000,0x0000,0x0000,0x0000,0x0000,0x0000,
	0x0000,0x0000,0x0000,0x0000,0x0000,0x0000,0x0000,0x0000,
	0x0000,0x0000,0x0000,0x0000,0x0000,0x0000,0x0000,0x0000,
	0x0000,0x0000,0x0000,0x0000,0x0000,0x0000,0x0000,0x0000,
	0x0000,0x0000,0x0000,0x0000,0x0000,0x0000,0x0000,0x0000,
	0x0000,0x0000,0x0000,0x0000,0x0000,0x0000,0x0000,0x0000,
	0x0000,0x0000,0x0000,0x0000,0x0000,0x0000,0x0000,0x0000,
	0x0000,0x0000,0x0000,0x0000,0x0000,0x0000,0x0000,0x0000,

	0x0000,0x0000,0x0000,0x0000,0x0000,0x0000,0x0000,0x0000,
	0x0000,0x0000,0x0000,0x0000,0x0000,0x0000,0x0000,0x0000,
	0x0000,0x0000,0x0000,0x0000,0x0000,0x0000,0x0000,0x0000,
	0x0000,0x0000,0x0000,0x0000,0x0000,0x0000,0x0000,0x0000,
	0x0000,0x0000,0x0000,0x0000,0x0000,0x0000,0x0000,0x0000,
	0x0000,0x0000,0x0000,0x0000,0x0000,0x0000,0x0000,0x0000,
	0x0000,0x0000,0x0000,0x0000,0x0000,0x0000,0x0000,0x0000,
	0x0000,0x0000,0x0000,0x0000,0x0000,0x0000,0x0000,0x0000,

	0x0000,0x0000,0x0000,0x0000,0x0000,0x0000,0x0000,0x0000,
	0x0000,0x0000,0x0000,0x0000,0x0000,0x0000,0x0000,0x0000,
	0x0000,0x0000,0x0000,0x0000,0x0000,0x0000,0x0000,0x0000,
	0x0000,0x0000,0x0000,0x0000,0x0000,0x0000,0x0000,0x0000,
	0xB400,0x1164,0xBB50,0x5558,0xEB55,0x554B,0xB555,0x554B,
	0x5550,0x5555,0x5000,0x5555,0x0000,0x0000,0x0000,0x0000,
	0xEB4A,0x000B,0xBB44,0x000B,0x4444,0x0054,0x5555,0x0055,
	0x5555,0x0005,0x0555,0x0000,0x0000,0x0000,0x0000,0x0000,

	0x0000,0x4444,0x5550,0xEBB4,0x5555,0xEBB4,0x5555,0x4444,
	0x5550,0x5555,0x5000,0x5555,0x0000,0x0000,0x0000,0x0000,
	0x0446,0x0000,0x5544,0x0005,0x54BB,0x0055,0x5444,0x0055,
	0x5555,0x0005,0x0555,0x0000,0x0000,0x0000,0x0000,0x0000,
	0xE410,0x441B,0xB450,0x54BB,0x5555,0x5555,0x5555,0x5555,
	0x5550,0x5555,0x5000,0x5555,0x0000,0x0000,0x0000,0x0000,
	0x4768,0x0000,0xBB44,0x00BB,0xEBB4,0x00BE,0xBB45,0x0054,
	0x5555,0x0005,0x0555,0x0000,0x0000,0x0000,0x0000,0x0000,

	0x0000,0x0000,0x0000,0x0000,0x0000,0x0000,0x0000,0x0000,
	0x0000,0x0000,0x0000,0x0000,0x0000,0x0000,0x0000,0x0000,
	0x0000,0x0000,0x0000,0x0000,0x0000,0x0000,0x0000,0x0000,
	0x0000,0x0000,0x0000,0x0000,0x0000,0x0000,0x0000,0x0000,
	0x0000,0x0000,0x0000,0x0000,0x0000,0x0000,0x0000,0x0000,
	0x0000,0x0000,0x0000,0x0000,0x0000,0x0000,0x0000,0x0000,
	0x0000,0x0000,0x0000,0x0000,0x0000,0x0000,0x0000,0x0000,
	0x0000,0x0000,0x0000,0x0000,0x0000,0x0000,0x0000,0x0000,

	0x0000,0x0000,0x0000,0x0000,0x0000,0x0000,0x0000,0x0000,
	0x0000,0x0000,0x0000,0x0000,0x0000,0x0000,0x0000,0x0000,
	0x0000,0x0000,0x0000,0x0000,0x0000,0x0000,0x0000,0x0000,
	0x0000,0x0000,0x0000,0x0000,0x0000,0x0000,0x0000,0x0000,
	0x0000,0x0000,0x0000,0x0000,0x0000,0x0000,0x0000,0x0000,
	0x0000,0x0000,0x0000,0x0000,0x0000,0x0000,0x0000,0x0000,
	0x0000,0x0000,0x0000,0x0000,0x0000,0x0000,0x0000,0x0000,
	0x0000,0x0000,0x0000,0x0000,0x0000,0x0000,0x0000,0x0000,

	0x0000,0x0000,0x0000,0x0000,0x0000,0x0000,0x0000,0x0000,
	0x0000,0x0000,0x0000,0x0000,0x0000,0x0000,0x0000,0x0000,
	0x0000,0x0000,0x0000,0x0000,0x0000,0x0000,0x0000,0x0000,
	0x0000,0x0000,0x0000,0x0000,0x0000,0x0000,0x0000,0x0000,
	0x0000,0x0000,0x0000,0x0000,0x0000,0x0000,0x0000,0x0000,
	0x0000,0x0000,0x0000,0x0000,0x0000,0x0000,0x0000,0x0000,
	0x0000,0x0000,0x0000,0x0000,0x0000,0x0000,0x0000,0x0000,
	0x0000,0x0000,0x0000,0x0000,0x0000,0x0000,0x0000,0x0000,

	0x0000,0x0000,0x0000,0x0000,0x0000,0x0000,0x0000,0x0000,
	0x0000,0x0000,0x0000,0x0000,0x0000,0x0000,0x0000,0x0000,
	0x0000,0x0000,0x0000,0x0000,0x0000,0x0000,0x0000,0x0000,
	0x0000,0x0000,0x0000,0x0000,0x0000,0x0000,0x0000,0x0000,
	0x0000,0x0000,0x0000,0x0000,0x0000,0x0000,0x0000,0x0000,
	0x0000,0x0000,0x0000,0x0000,0x0000,0x0000,0x0000,0x0000,
	0x0000,0x0000,0x0000,0x0000,0x0000,0x0000,0x0000,0x0000,
	0x0000,0x0000,0x0000,0x0000,0x0000,0x0000,0x0000,0x0000,

	0x0000,0x0000,0x0000,0x0000,0x0000,0x0000,0x0000,0x0000,
	0x0000,0x0000,0x0000,0x0000,0x0000,0x0000,0x0000,0x0000,
	0x0000,0x0000,0x0000,0x0000,0x0000,0x0000,0x0000,0x0000,
	0x0000,0x0000,0x0000,0x0000,0x0000,0x0000,0x0000,0x0000,
	0x0000,0x0000,0x0000,0x0000,0x0000,0x0000,0x0000,0x0000,
	0x0000,0x0000,0x0000,0x0000,0x0000,0x0000,0x0000,0x0000,
	0x0000,0x0000,0x0000,0x0000,0x0000,0x0000,0x0000,0x0000,
	0x0000,0x0000,0x0000,0x0000,0x0000,0x0000,0x0000,0x0000,

	0x0000,0x0000,0x0000,0x0000,0x0000,0x0000,0x0000,0x0000,
	0x0000,0x0000,0x0000,0x0000,0x0000,0x0000,0x0000,0x0000,
	0x0000,0x0000,0x0000,0x0000,0x0000,0x0000,0x0000,0x0000,
	0x0000,0x0000,0x0000,0x0000,0x0000,0x0000,0x0000,0x0000,
	0x0000,0x0000,0x0000,0x0000,0x0000,0x0000,0x0000,0x0000,
	0x0000,0x0000,0x0000,0x0000,0x0000,0x0000,0x0000,0x0000,
	0x0000,0x0000,0x0000,0x0000,0x0000,0x0000,0x0000,0x0000,
	0x0000,0x0000,0x0000,0x0000,0x0000,0x0000,0x0000,0x0000,

	0x0000,0x0000,0x0000,0x0000,0x0000,0x0000,0x0000,0x0000,
	0x0000,0x0000,0x0000,0x0000,0x0000,0x0000,0x0000,0x0000,
	0x0000,0x0000,0x0000,0x0000,0x0000,0x0000,0x0000,0x0000,
	0x0000,0x0000,0x0000,0x0000,0x0000,0x0000,0x0000,0x0000,
	0x0000,0x0000,0x0000,0x0000,0x0000,0x0000,0x0000,0x0000,
	0x0000,0x0000,0x0000,0x0000,0x0000,0x0000,0x0000,0x0000,
	0x0000,0x0000,0x0000,0x0000,0x0000,0x0000,0x0000,0x0000,
	0x0000,0x0000,0x0000,0x0000,0x0000,0x0000,0x0000,0x0000,

	0x0000,0x0000,0x0000,0x0000,0x0000,0x0000,0x0000,0x0000,
	0x0000,0x0000,0x0000,0x0000,0x0000,0x0000,0x0000,0x0000,
	0x0000,0x0000,0x0000,0x0000,0x0000,0x0000,0x0000,0x0000,
	0x0000,0x0000,0x0000,0x0000,0x0000,0x0000,0x0000,0x0000,
	0x0000,0x0000,0x0000,0x0000,0x0000,0x0000,0x0000,0x0000,
	0x0000,0x0000,0x0000,0x0000,0x0000,0x0000,0x0000,0x0000,
	0x0000,0x0000,0x0000,0x0000,0x0000,0x0000,0x0000,0x0000,
	0x0000,0x0000,0x0000,0x0000,0x0000,0x0000,0x0000,0x0000,

	0x0000,0x0000,0x0000,0x0000,0x0000,0x0000,0x0000,0x0000,
	0x0000,0x0000,0x0000,0x0000,0x0000,0x0000,0x0000,0x0000,
	0x0000,0x0000,0x0000,0x0000,0x0000,0x0000,0x0000,0x0000,
	0x0000,0x0000,0x0000,0x0000,0x0000,0x0000,0x0000,0x0000,
	0x0000,0x0000,0x0000,0x0000,0x0000,0x0000,0x0000,0x0000,
	0x0000,0x0000,0x0000,0x0000,0x0000,0x0000,0x0000,0x0000,
	0x0000,0x0000,0x0000,0x0000,0x0000,0x0000,0x0000,0x0000,
	0x0000,0x0000,0x0000,0x0000,0x0000,0x0000,0x0000,0x0000,

	0x0000,0x0000,0x0000,0x0000,0x0000,0x0000,0x0000,0x0000,
	0x0000,0x0000,0x0000,0x0000,0x0000,0x0000,0x0000,0x0000,
	0x0000,0x0000,0x0000,0x0000,0x0000,0x0000,0x0000,0x0000,
	0x0000,0x0000,0x0000,0x0000,0x0000,0x0000,0x0000,0x0000,
	0x0000,0x0000,0x0000,0x0000,0x0000,0x0000,0x0000,0x0000,
	0x0000,0x0000,0x0000,0x0000,0x0000,0x0000,0x0000,0x0000,
	0x0000,0x0000,0x0000,0x0000,0x0000,0x0000,0x0000,0x0000,
	0x0000,0x0000,0x0000,0x0000,0x0000,0x0000,0x0000,0x0000,

	0x0000,0x0000,0x0000,0x0000,0x0000,0x0000,0x0000,0x0000,
	0x0000,0x0000,0x0000,0x0000,0x0000,0x0000,0x0000,0x0000,
	0x0000,0x0000,0x0000,0x0000,0x0000,0x0000,0x0000,0x0000,
	0x0000,0x0000,0x0000,0x0000,0x0000,0x0000,0x0000,0x0000,
	0x0000,0x0000,0x0000,0x0000,0x0000,0x0000,0x0000,0x0000,
	0x0000,0x0000,0x0000,0x0000,0x0000,0x0000,0x0000,0x0000,
	0x0000,0x0000,0x0000,0x0000,0x0000,0x0000,0x0000,0x0000,
	0x0000,0x0000,0x0000,0x0000,0x0000,0x0000,0x0000,0x0000,

	0x0000,0x0000,0x0000,0x0000,0x0000,0x0440,0x0000,0x8444,
	0x4048,0x2848,0x4484,0x4442,0x8284,0x5554,0xC288,0x2842,
	0x0000,0x0000,0x0000,0x0000,0x0444,0x0000,0x0428,0x0000,
	0x4482,0x0044,0x8224,0x0004,0x8844,0x0442,0x2845,0x0448,
	0x0000,0x0000,0x0000,0x0440,0x0000,0x8444,0x4048,0x2848,
	0x4484,0x4442,0x8284,0x5554,0xC288,0x2842,0x2844,0x8828,
	0x0000,0x0000,0x0444,0x0000,0x0428,0x0000,0x4482,0x0044,
	0x8224,0x0004,0x8844,0x0442,0x2845,0x0448,0x8448,0x0444,

	0x0000,0x0000,0x0000,0x0000,0x0000,0x0440,0x0000,0x8444,
	0x4048,0x2848,0x4484,0x4442,0x8284,0x5554,0xC288,0x2842,
	0x0000,0x0000,0x0000,0x0000,0x0444,0x0000,0x0428,0x0000,
	0x4482,0x0044,0x8224,0x0004,0x8844,0x0442,0x2845,0x0448,
	0x0000,0x0000,0x0000,0x0000,0x0000,0x0000,0x0000,0x0000,
	0x0000,0x0000,0x0000,0x0000,0x0000,0x0000,0x0000,0x0000,
	0x0000,0x0000,0x0000,0x0000,0x0000,0x0000,0x0000,0x0000,
	0x0000,0x0000,0x0000,0x0000,0x0000,0x0000,0x0000,0x0000,

	0x0000,0x0000,0x0000,0x0000,0x0000,0x0000,0x0000,0x0000,
	0x0000,0x0000,0x0000,0x0000,0x0000,0x0000,0x0000,0x0000,
	0x0000,0x0000,0x0000,0x0000,0x0000,0x0000,0x0000,0x0000,
	0x0000,0x0000,0x0000,0x0000,0x0000,0x0000,0x0000,0x0000,
	0x0000,0x0000,0x0000,0x0000,0x0000,0x0000,0x0000,0x0000,
	0x0000,0x0000,0x0000,0x0000,0x0000,0x0000,0x0000,0x0000,
	0x0000,0x0000,0x0000,0x0000,0x0000,0x0000,0x0000,0x0000,
	0x0000,0x0000,0x0000,0x0000,0x0000,0x0000,0x0000,0x0000,

	0x0000,0x0000,0x0000,0x0000,0x0000,0x0000,0x0000,0x0000,
	0x0000,0x0000,0x0000,0x0000,0x0000,0x0000,0x0000,0x0000,
	0x0000,0x0000,0x0000,0x0000,0x0000,0x0000,0x0000,0x0000,
	0x0000,0x0000,0x0000,0x0000,0x0000,0x0000,0x0000,0x0000,
	0x0000,0x0000,0x0000,0x0000,0x0000,0x0000,0x0000,0x0000,
	0x0000,0x0000,0x0000,0x0000,0x0000,0x0000,0x0000,0x0000,
	0x0000,0x0000,0x0000,0x0000,0x0000,0x0000,0x0000,0x0000,
	0x0000,0x0000,0x0000,0x0000,0x0000,0x0000,0x0000,0x0000,

	0x0000,0x0000,0x0000,0x0000,0x0000,0x0000,0x0000,0x0000,
	0x0000,0x0000,0x0000,0x0000,0x0000,0x0000,0x0000,0x0000,
	0x0000,0x0000,0x0000,0x0000,0x0000,0x0000,0x0000,0x0000,
	0x0000,0x0000,0x0000,0x0000,0x0000,0x0000,0x0000,0x0000,
	0x0000,0x0000,0x0000,0x0000,0x0000,0x0000,0x0000,0x0000,
	0x0000,0x0000,0x0000,0x0000,0x0000,0x0000,0x0000,0x0000,
	0x0000,0x0000,0x0000,0x0000,0x0000,0x0000,0x0000,0x0000,
	0x0000,0x0000,0x0000,0x0000,0x0000,0x0000,0x0000,0x0000,

	0x0000,0x0000,0x0000,0x0000,0x0000,0x0000,0x0000,0x0000,
	0x0000,0x0000,0x0000,0x0000,0x0000,0x0000,0x0000,0x0000,
	0x0000,0x0000,0x0000,0x0000,0x0000,0x0000,0x0000,0x0000,
	0x0000,0x0000,0x0000,0x0000,0x0000,0x0000,0x0000,0x0000,
	0x0000,0x0000,0x0000,0x0000,0x0000,0x0000,0x0000,0x0000,
	0x0000,0x0000,0x0000,0x0000,0x0000,0x0000,0x0000,0x0000,
	0x0000,0x0000,0x0000,0x0000,0x0000,0x0000,0x0000,0x0000,
	0x0000,0x0000,0x0000,0x0000,0x0000,0x0000,0x0000,0x0000,

	0x0000,0x0000,0x0000,0x0000,0x0000,0x0000,0x0000,0x0000,
	0x0000,0x0000,0x0000,0x0000,0x0000,0x0000,0x0000,0x0000,
	0x0000,0x0000,0x0000,0x0000,0x0000,0x0000,0x0000,0x0000,
	0x0000,0x0000,0x0000,0x0000,0x0000,0x0000,0x0000,0x0000,
	0x0000,0x0000,0x0000,0x0000,0x0000,0x0000,0x0000,0x0000,
	0x0000,0x0000,0x0000,0x0000,0x0000,0x0000,0x0000,0x0000,
	0x0000,0x0000,0x0000,0x0000,0x0000,0x0000,0x0000,0x0000,
	0x0000,0x0000,0x0000,0x0000,0x0000,0x0000,0x0000,0x0000,

	0x0000,0x0000,0x0000,0x0000,0x0000,0x0000,0x0000,0x0000,
	0x0000,0x0000,0x0000,0x0000,0x0000,0x0000,0x0000,0x0000,
	0x0000,0x0000,0x0000,0x0000,0x0000,0x0000,0x0000,0x0000,
	0x0000,0x0000,0x0000,0x0000,0x0000,0x0000,0x0000,0x0000,
	0x0000,0x0000,0x0000,0x0000,0x0000,0x0000,0x0000,0x0000,
	0x0000,0x0000,0x0000,0x0000,0x0000,0x0000,0x0000,0x0000,
	0x0000,0x0000,0x0000,0x0000,0x0000,0x0000,0x0000,0x0000,
	0x0000,0x0000,0x0000,0x0000,0x0000,0x0000,0x0000,0x0000,

	0x0000,0x0000,0x0000,0x0000,0x0000,0x0000,0x0000,0x0000,
	0x0000,0x0000,0x0000,0x0000,0x0000,0x0000,0x0000,0x0000,
	0x0000,0x0000,0x0000,0x0000,0x0000,0x0000,0x0000,0x0000,
	0x0000,0x0000,0x0000,0x0000,0x0000,0x0000,0x0000,0x0000,
	0x0000,0x0000,0x0000,0x0000,0x0000,0x0000,0x0000,0x0000,
	0x0000,0x0000,0x0000,0x0000,0x0000,0x0000,0x0000,0x0000,
	0x0000,0x0000,0x0000,0x0000,0x0000,0x0000,0x0000,0x0000,
	0x0000,0x0000,0x0000,0x0000,0x0000,0x0000,0x0000,0x0000,

	0x0000,0x0000,0x0000,0x0000,0x0000,0x0000,0x0000,0x0000,
	0x0000,0x0000,0x0000,0x0000,0x0000,0x0000,0x0000,0x0000,
	0x0000,0x0000,0x0000,0x0000,0x0000,0x0000,0x0000,0x0000,
	0x0000,0x0000,0x0000,0x0000,0x0000,0x0000,0x0000,0x0000,
	0x0000,0x0000,0x0000,0x0000,0x0000,0x0000,0x0000,0x0000,
	0x0000,0x0000,0x0000,0x0000,0x0000,0x0000,0x0000,0x0000,
	0x0000,0x0000,0x0000,0x0000,0x0000,0x0000,0x0000,0x0000,
	0x0000,0x0000,0x0000,0x0000,0x0000,0x0000,0x0000,0x0000,

	0x0000,0x0000,0x0000,0x0000,0x0000,0x0000,0x0000,0x0000,
	0x0000,0x0000,0x0000,0x0000,0x0000,0x0000,0x0000,0x0000,
	0x0000,0x0000,0x0000,0x0000,0x0000,0x0000,0x0000,0x0000,
	0x0000,0x0000,0x0000,0x0000,0x0000,0x0000,0x0000,0x0000,
	0x0000,0x0000,0x0000,0x0000,0x0000,0x0000,0x0000,0x0000,
	0x0000,0x0000,0x0000,0x0000,0x0000,0x0000,0x0000,0x0000,
	0x0000,0x0000,0x0000,0x0000,0x0000,0x0000,0x0000,0x0000,
	0x0000,0x0000,0x0000,0x0000,0x0000,0x0000,0x0000,0x0000,

	0x0000,0x0000,0x0000,0x0000,0x0000,0x0000,0x0000,0x0000,
	0x0000,0x0000,0x0000,0x0000,0x0000,0x0000,0x0000,0x0000,
	0x0000,0x0000,0x0000,0x0000,0x0000,0x0000,0x0000,0x0000,
	0x0000,0x0000,0x0000,0x0000,0x0000,0x0000,0x0000,0x0000,
	0x0000,0x0000,0x0000,0x0000,0x0000,0x0000,0x0000,0x0000,
	0x0000,0x0000,0x0000,0x0000,0x0000,0x0000,0x0000,0x0000,
	0x0000,0x0000,0x0000,0x0000,0x0000,0x0000,0x0000,0x0000,
	0x0000,0x0000,0x0000,0x0000,0x0000,0x0000,0x0000,0x0000,

	0x0000,0x0000,0x0000,0x0000,0x0000,0x0000,0x0000,0x0000,
	0x0000,0x0000,0x0000,0x0000,0x0000,0x0000,0x0000,0x0000,
	0x0000,0x0000,0x0000,0x0000,0x0000,0x0000,0x0000,0x0000,
	0x0000,0x0000,0x0000,0x0000,0x0000,0x0000,0x0000,0x0000,
	0x2844,0x8828,0x8450,0x4448,0x5444,0x5555,0x5440,0x5555,
	0x5580,0x5555,0x5540,0x5555,0x4440,0x4555,0x1110,0x4544,
	0x8448,0x0444,0x4444,0x0448,0x4455,0x0454,0x5455,0x0045,
	0x5555,0x0004,0x4555,0x0044,0x8554,0x0045,0x5445,0x001A,

	0x8450,0x4448,0x5444,0x5555,0x5440,0x5555,0x5580,0x5555,
	0x5540,0x5555,0x4440,0x4555,0x1110,0x4544,0x1A18,0x4111,
	0x4444,0x0448,0x4455,0x0454,0x5455,0x0045,0x5555,0x0004,
	0x4555,0x0044,0x8554,0x0045,0x5445,0x001A,0x511A,0x0144,
	0x2844,0x8828,0x8450,0x4448,0x5444,0x5555,0x5440,0x5555,
	0x5580,0x5555,0x5540,0x5555,0x4440,0x4555,0x1110,0x4544,
	0x8448,0x0444,0x4444,0x0448,0x4455,0x0454,0x5455,0x0045,
	0x5555,0x0004,0x4555,0x0044,0x8554,0x0045,0x5445,0x001A,

	0x0000,0x0000,0x0000,0x0000,0x0000,0x0000,0x0000,0x0000,
	0x0000,0x0000,0x0000,0x0000,0x0000,0x0000,0x0000,0x0000,
	0x0000,0x0000,0x0000,0x0000,0x0000,0x0000,0x0000,0x0000,
	0x0000,0x0000,0x0000,0x0000,0x0000,0x0000,0x0000,0x0000,
	0x0000,0x0000,0x0000,0x0000,0x0000,0x0000,0x0000,0x0000,
	0x0000,0x0000,0x0000,0x0000,0x0000,0x0000,0x0000,0x0000,
	0x0000,0x0000,0x0000,0x0000,0x0000,0x0000,0x0000,0x0000,
	0x0000,0x0000,0x0000,0x0000,0x0000,0x0000,0x0000,0x0000,

	0x0000,0x0000,0x0000,0x0000,0x0000,0x0000,0x0000,0x0000,
	0x0000,0x0000,0x0000,0x0000,0x0000,0x0000,0x0000,0x0000,
	0x0000,0x0000,0x0000,0x0000,0x0000,0x0000,0x0000,0x0000,
	0x0000,0x0000,0x0000,0x0000,0x0000,0x0000,0x0000,0x0000,
	0x0000,0x0000,0x0000,0x0000,0x0000,0x0000,0x0000,0x0000,
	0x0000,0x0000,0x0000,0x0000,0x0000,0x0000,0x0000,0x0000,
	0x0000,0x0000,0x0000,0x0000,0x0000,0x0000,0x0000,0x0000,
	0x0000,0x0000,0x0000,0x0000,0x0000,0x0000,0x0000,0x0000,

	0x0000,0x0000,0x0000,0x0000,0x0000,0x0000,0x0000,0x0000,
	0x0000,0x0000,0x0000,0x0000,0x0000,0x0000,0x0000,0x0000,
	0x0000,0x0000,0x0000,0x0000,0x0000,0x0000,0x0000,0x0000,
	0x0000,0x0000,0x0000,0x0000,0x0000,0x0000,0x0000,0x0000,
	0x0000,0x0000,0x0000,0x0000,0x0000,0x0000,0x0000,0x0000,
	0x0000,0x0000,0x0000,0x0000,0x0000,0x0000,0x0000,0x0000,
	0x0000,0x0000,0x0000,0x0000,0x0000,0x0000,0x0000,0x0000,
	0x0000,0x0000,0x0000,0x0000,0x0000,0x0000,0x0000,0x0000,

	0x0000,0x0000,0x0000,0x0000,0x0000,0x0000,0x0000,0x0000,
	0x0000,0x0000,0x0000,0x0000,0x0000,0x0000,0x0000,0x0000,
	0x0000,0x0000,0x0000,0x0000,0x0000,0x0000,0x0000,0x0000,
	0x0000,0x0000,0x0000,0x0000,0x0000,0x0000,0x0000,0x0000,
	0x0000,0x0000,0x0000,0x0000,0x0000,0x0000,0x0000,0x0000,
	0x0000,0x0000,0x0000,0x0000,0x0000,0x0000,0x0000,0x0000,
	0x0000,0x0000,0x0000,0x0000,0x0000,0x0000,0x0000,0x0000,
	0x0000,0x0000,0x0000,0x0000,0x0000,0x0000,0x0000,0x0000,

	0x0000,0x0000,0x0000,0x0000,0x0000,0x0000,0x0000,0x0000,
	0x0000,0x0000,0x0000,0x0000,0x0000,0x0000,0x0000,0x0000,
	0x0000,0x0000,0x0000,0x0000,0x0000,0x0000,0x0000,0x0000,
	0x0000,0x0000,0x0000,0x0000,0x0000,0x0000,0x0000,0x0000,
	0x0000,0x0000,0x0000,0x0000,0x0000,0x0000,0x0000,0x0000,
	0x0000,0x0000,0x0000,0x0000,0x0000,0x0000,0x0000,0x0000,
	0x0000,0x0000,0x0000,0x0000,0x0000,0x0000,0x0000,0x0000,
	0x0000,0x0000,0x0000,0x0000,0x0000,0x0000,0x0000,0x0000,

	0x0000,0x0000,0x0000,0x0000,0x0000,0x0000,0x0000,0x0000,
	0x0000,0x0000,0x0000,0x0000,0x0000,0x0000,0x0000,0x0000,
	0x0000,0x0000,0x0000,0x0000,0x0000,0x0000,0x0000,0x0000,
	0x0000,0x0000,0x0000,0x0000,0x0000,0x0000,0x0000,0x0000,
	0x0000,0x0000,0x0000,0x0000,0x0000,0x0000,0x0000,0x0000,
	0x0000,0x0000,0x0000,0x0000,0x0000,0x0000,0x0000,0x0000,
	0x0000,0x0000,0x0000,0x0000,0x0000,0x0000,0x0000,0x0000,
	0x0000,0x0000,0x0000,0x0000,0x0000,0x0000,0x0000,0x0000,

	0x0000,0x0000,0x0000,0x0000,0x0000,0x0000,0x0000,0x0000,
	0x0000,0x0000,0x0000,0x0000,0x0000,0x0000,0x0000,0x0000,
	0x0000,0x0000,0x0000,0x0000,0x0000,0x0000,0x0000,0x0000,
	0x0000,0x0000,0x0000,0x0000,0x0000,0x0000,0x0000,0x0000,
	0x0000,0x0000,0x0000,0x0000,0x0000,0x0000,0x0000,0x0000,
	0x0000,0x0000,0x0000,0x0000,0x0000,0x0000,0x0000,0x0000,
	0x0000,0x0000,0x0000,0x0000,0x0000,0x0000,0x0000,0x0000,
	0x0000,0x0000,0x0000,0x0000,0x0000,0x0000,0x0000,0x0000,

	0x0000,0x0000,0x0000,0x0000,0x0000,0x0000,0x0000,0x0000,
	0x0000,0x0000,0x0000,0x0000,0x0000,0x0000,0x0000,0x0000,
	0x0000,0x0000,0x0000,0x0000,0x0000,0x0000,0x0000,0x0000,
	0x0000,0x0000,0x0000,0x0000,0x0000,0x0000,0x0000,0x0000,
	0x0000,0x0000,0x0000,0x0000,0x0000,0x0000,0x0000,0x0000,
	0x0000,0x0000,0x0000,0x0000,0x0000,0x0000,0x0000,0x0000,
	0x0000,0x0000,0x0000,0x0000,0x0000,0x0000,0x0000,0x0000,
	0x0000,0x0000,0x0000,0x0000,0x0000,0x0000,0x0000,0x0000,

	0x0000,0x0000,0x0000,0x0000,0x0000,0x0000,0x0000,0x0000,
	0x0000,0x0000,0x0000,0x0000,0x0000,0x0000,0x0000,0x0000,
	0x0000,0x0000,0x0000,0x0000,0x0000,0x0000,0x0000,0x0000,
	0x0000,0x0000,0x0000,0x0000,0x0000,0x0000,0x0000,0x0000,
	0x0000,0x0000,0x0000,0x0000,0x0000,0x0000,0x0000,0x0000,
	0x0000,0x0000,0x0000,0x0000,0x0000,0x0000,0x0000,0x0000,
	0x0000,0x0000,0x0000,0x0000,0x0000,0x0000,0x0000,0x0000,
	0x0000,0x0000,0x0000,0x0000,0x0000,0x0000,0x0000,0x0000,

	0x0000,0x0000,0x0000,0x0000,0x0000,0x0000,0x0000,0x0000,
	0x0000,0x0000,0x0000,0x0000,0x0000,0x0000,0x0000,0x0000,
	0x0000,0x0000,0x0000,0x0000,0x0000,0x0000,0x0000,0x0000,
	0x0000,0x0000,0x0000,0x0000,0x0000,0x0000,0x0000,0x0000,
	0x0000,0x0000,0x0000,0x0000,0x0000,0x0000,0x0000,0x0000,
	0x0000,0x0000,0x0000,0x0000,0x0000,0x0000,0x0000,0x0000,
	0x0000,0x0000,0x0000,0x0000,0x0000,0x0000,0x0000,0x0000,
	0x0000,0x0000,0x0000,0x0000,0x0000,0x0000,0x0000,0x0000,

	0x0000,0x0000,0x0000,0x0000,0x0000,0x0000,0x0000,0x0000,
	0x0000,0x0000,0x0000,0x0000,0x0000,0x0000,0x0000,0x0000,
	0x0000,0x0000,0x0000,0x0000,0x0000,0x0000,0x0000,0x0000,
	0x0000,0x0000,0x0000,0x0000,0x0000,0x0000,0x0000,0x0000,
	0x0000,0x0000,0x0000,0x0000,0x0000,0x0000,0x0000,0x0000,
	0x0000,0x0000,0x0000,0x0000,0x0000,0x0000,0x0000,0x0000,
	0x0000,0x0000,0x0000,0x0000,0x0000,0x0000,0x0000,0x0000,
	0x0000,0x0000,0x0000,0x0000,0x0000,0x0000,0x0000,0x0000,

	0x1A18,0x4111,0x23A2,0xAA11,0x88D0,0x3A14,0x2C00,0xAA14,
	0x4400,0x2854,0x8800,0x1548,0x2400,0x1548,0x44B4,0x1454,
	0x511A,0x0144,0x1A33,0x0422,0x41A3,0x0088,0x481A,0x0004,
	0x142D,0x0000,0xA51A,0x0001,0x44A3,0x0001,0x61A3,0x0004,
	0x23A2,0x3A11,0x4DD0,0x33A4,0x4200,0xAA14,0x8C80,0x2854,
	0x4240,0x1154,0x4840,0x1518,0x3400,0x1851,0xA100,0x1845,
	0x1A33,0x0482,0x41A3,0x0088,0x481A,0x0004,0x142D,0x4000,
	0xA51A,0x4001,0x55A3,0x0001,0x61A3,0x0000,0x41AA,0x0000,

	0x1AA8,0x4111,0x8332,0x33A1,0x42D4,0x33A5,0x4842,0xAA11,
	0x5488,0xD285,0x4544,0x1151,0x1000,0x1513,0x3100,0x4451,
	0x511A,0x0144,0x1AA3,0x0482,0x41A3,0x0048,0x481A,0x0005,
	0x142D,0x0000,0xA51A,0x0001,0x551A,0x0001,0x01A1,0x0000,
	0x0000,0x0000,0x0000,0x0000,0x0000,0x0000,0x0000,0x0000,
	0x0000,0x0000,0x0000,0x0000,0x0000,0x0000,0x0000,0x0000,
	0x0000,0x0000,0x0000,0x0000,0x0000,0x0000,0x0000,0x0000,
	0x0000,0x0000,0x0000,0x0000,0x0000,0x0000,0x0000,0x0000,

	0x0000,0x0000,0x0000,0x0000,0x0000,0x0000,0x0000,0x0000,
	0x0000,0x0000,0x0000,0x0000,0x0000,0x0000,0x0000,0x0000,
	0x0000,0x0000,0x0000,0x0000,0x0000,0x0000,0x0000,0x0000,
	0x0000,0x0000,0x0000,0x0000,0x0000,0x0000,0x0000,0x0000,
	0x0000,0x0000,0x0000,0x0000,0x0000,0x0000,0x0000,0x0000,
	0x0000,0x0000,0x0000,0x0000,0x0000,0x0000,0x0000,0x0000,
	0x0000,0x0000,0x0000,0x0000,0x0000,0x0000,0x0000,0x0000,
	0x0000,0x0000,0x0000,0x0000,0x0000,0x0000,0x0000,0x0000,

	0x0000,0x0000,0x0000,0x0000,0x0000,0x0000,0x0000,0x0000,
	0x0000,0x0000,0x0000,0x0000,0x0000,0x0000,0x0000,0x0000,
	0x0000,0x0000,0x0000,0x0000,0x0000,0x0000,0x0000,0x0000,
	0x0000,0x0000,0x0000,0x0000,0x0000,0x0000,0x0000,0x0000,
	0x0000,0x0000,0x0000,0x0000,0x0000,0x0000,0x0000,0x0000,
	0x0000,0x0000,0x0000,0x0000,0x0000,0x0000,0x0000,0x0000,
	0x0000,0x0000,0x0000,0x0000,0x0000,0x0000,0x0000,0x0000,
	0x0000,0x0000,0x0000,0x0000,0x0000,0x0000,0x0000,0x0000,

	0x0000,0x0000,0x0000,0x0000,0x0000,0x0000,0x0000,0x0000,
	0x0000,0x0000,0x0000,0x0000,0x0000,0x0000,0x0000,0x0000,
	0x0000,0x0000,0x0000,0x0000,0x0000,0x0000,0x0000,0x0000,
	0x0000,0x0000,0x0000,0x0000,0x0000,0x0000,0x0000,0x0000,
	0x0000,0x0000,0x0000,0x0000,0x0000,0x0000,0x0000,0x0000,
	0x0000,0x0000,0x0000,0x0000,0x0000,0x0000,0x0000,0x0000,
	0x0000,0x0000,0x0000,0x0000,0x0000,0x0000,0x0000,0x0000,
	0x0000,0x0000,0x0000,0x0000,0x0000,0x0000,0x0000,0x0000,

	0x0000,0x0000,0x0000,0x0000,0x0000,0x0000,0x0000,0x0000,
	0x0000,0x0000,0x0000,0x0000,0x0000,0x0000,0x0000,0x0000,
	0x0000,0x0000,0x0000,0x0000,0x0000,0x0000,0x0000,0x0000,
	0x0000,0x0000,0x0000,0x0000,0x0000,0x0000,0x0000,0x0000,
	0x0000,0x0000,0x0000,0x0000,0x0000,0x0000,0x0000,0x0000,
	0x0000,0x0000,0x0000,0x0000,0x0000,0x0000,0x0000,0x0000,
	0x0000,0x0000,0x0000,0x0000,0x0000,0x0000,0x0000,0x0000,
	0x0000,0x0000,0x0000,0x0000,0x0000,0x0000,0x0000,0x0000,

	0x0000,0x0000,0x0000,0x0000,0x0000,0x0000,0x0000,0x0000,
	0x0000,0x0000,0x0000,0x0000,0x0000,0x0000,0x0000,0x0000,
	0x0000,0x0000,0x0000,0x0000,0x0000,0x0000,0x0000,0x0000,
	0x0000,0x0000,0x0000,0x0000,0x0000,0x0000,0x0000,0x0000,
	0x0000,0x0000,0x0000,0x0000,0x0000,0x0000,0x0000,0x0000,
	0x0000,0x0000,0x0000,0x0000,0x0000,0x0000,0x0000,0x0000,
	0x0000,0x0000,0x0000,0x0000,0x0000,0x0000,0x0000,0x0000,
	0x0000,0x0000,0x0000,0x0000,0x0000,0x0000,0x0000,0x0000,

	0x0000,0x0000,0x0000,0x0000,0x0000,0x0000,0x0000,0x0000,
	0x0000,0x0000,0x0000,0x0000,0x0000,0x0000,0x0000,0x0000,
	0x0000,0x0000,0x0000,0x0000,0x0000,0x0000,0x0000,0x0000,
	0x0000,0x0000,0x0000,0x0000,0x0000,0x0000,0x0000,0x0000,
	0x0000,0x0000,0x0000,0x0000,0x0000,0x0000,0x0000,0x0000,
	0x0000,0x0000,0x0000,0x0000,0x0000,0x0000,0x0000,0x0000,
	0x0000,0x0000,0x0000,0x0000,0x0000,0x0000,0x0000,0x0000,
	0x0000,0x0000,0x0000,0x0000,0x0000,0x0000,0x0000,0x0000,

	0x0000,0x0000,0x0000,0x0000,0x0000,0x0000,0x0000,0x0000,
	0x0000,0x0000,0x0000,0x0000,0x0000,0x0000,0x0000,0x0000,
	0x0000,0x0000,0x0000,0x0000,0x0000,0x0000,0x0000,0x0000,
	0x0000,0x0000,0x0000,0x0000,0x0000,0x0000,0x0000,0x0000,
	0x0000,0x0000,0x0000,0x0000,0x0000,0x0000,0x0000,0x0000,
	0x0000,0x0000,0x0000,0x0000,0x0000,0x0000,0x0000,0x0000,
	0x0000,0x0000,0x0000,0x0000,0x0000,0x0000,0x0000,0x0000,
	0x0000,0x0000,0x0000,0x0000,0x0000,0x0000,0x0000,0x0000,

	0x0000,0x0000,0x0000,0x0000,0x0000,0x0000,0x0000,0x0000,
	0x0000,0x0000,0x0000,0x0000,0x0000,0x0000,0x0000,0x0000,
	0x0000,0x0000,0x0000,0x0000,0x0000,0x0000,0x0000,0x0000,
	0x0000,0x0000,0x0000,0x0000,0x0000,0x0000,0x0000,0x0000,
	0x0000,0x0000,0x0000,0x0000,0x0000,0x0000,0x0000,0x0000,
	0x0000,0x0000,0x0000,0x0000,0x0000,0x0000,0x0000,0x0000,
	0x0000,0x0000,0x0000,0x0000,0x0000,0x0000,0x0000,0x0000,
	0x0000,0x0000,0x0000,0x0000,0x0000,0x0000,0x0000,0x0000,

	0x0000,0x0000,0x0000,0x0000,0x0000,0x0000,0x0000,0x0000,
	0x0000,0x0000,0x0000,0x0000,0x0000,0x0000,0x0000,0x0000,
	0x0000,0x0000,0x0000,0x0000,0x0000,0x0000,0x0000,0x0000,
	0x0000,0x0000,0x0000,0x0000,0x0000,0x0000,0x0000,0x0000,
	0x0000,0x0000,0x0000,0x0000,0x0000,0x0000,0x0000,0x0000,
	0x0000,0x0000,0x0000,0x0000,0x0000,0x0000,0x0000,0x0000,
	0x0000,0x0000,0x0000,0x0000,0x0000,0x0000,0x0000,0x0000,
	0x0000,0x0000,0x0000,0x0000,0x0000,0x0000,0x0000,0x0000,

	0x0000,0x0000,0x0000,0x0000,0x0000,0x0000,0x0000,0x0000,
	0x0000,0x0000,0x0000,0x0000,0x0000,0x0000,0x0000,0x0000,
	0x0000,0x0000,0x0000,0x0000,0x0000,0x0000,0x0000,0x0000,
	0x0000,0x0000,0x0000,0x0000,0x0000,0x0000,0x0000,0x0000,
	0x0000,0x0000,0x0000,0x0000,0x0000,0x0000,0x0000,0x0000,
	0x0000,0x0000,0x0000,0x0000,0x0000,0x0000,0x0000,0x0000,
	0x0000,0x0000,0x0000,0x0000,0x0000,0x0000,0x0000,0x0000,
	0x0000,0x0000,0x0000,0x0000,0x0000,0x0000,0x0000,0x0000,

	0x0000,0x0000,0x0000,0x0000,0x0000,0x0000,0x0000,0x0000,
	0x0000,0x0000,0x0000,0x0000,0x0000,0x0000,0x0000,0x0000,
	0x0000,0x0000,0x0000,0x0000,0x0000,0x0000,0x0000,0x0000,
	0x0000,0x0000,0x0000,0x0000,0x0000,0x0000,0x0000,0x0000,
	0x53E4,0x1485,0xB1B4,0x5444,0xBB45,0x5544,0x4455,0x5544,
	0x5550,0x5555,0x5000,0x5555,0x0000,0x0000,0x0000,0x0000,
	0xB1AA,0x004B,0xB411,0x004E,0x4444,0x0044,0x4455,0x0054,
	0x5555,0x0005,0x0555,0x0000,0x0000,0x0000,0x0000,0x0000,

	0x1100,0x4474,0x4550,0x5664,0xE455,0xBBBE,0x4455,0xBBEB,
	0x5550,0x4444,0x5000,0x5555,0x0000,0x0000,0x0000,0x0000,
	0x4411,0x0000,0x4B45,0x0005,0x5454,0x0055,0x5554,0x0055,
	0x5555,0x0005,0x0555,0x0000,0x0000,0x0000,0x0000,0x0000,
	0xA100,0x4845,0x1150,0x6745,0x5555,0x4455,0x5555,0xB4E4,
	0x5550,0xBBB4,0x5000,0x4B45,0x0000,0x0000,0x0000,0x0000,
	0x0414,0x0000,0x5454,0x0005,0x5554,0x0055,0x5544,0x0055,
	0x5444,0x0005,0x0544,0x0000,0x0000,0x0000,0x0000,0x0000,

	0x0000,0x0000,0x0000,0x0000,0x0000,0x0000,0x0000,0x0000,
	0x0000,0x0000,0x0000,0x0000,0x0000,0x0000,0x0000,0x0000,
	0x0000,0x0000,0x0000,0x0000,0x0000,0x0000,0x0000,0x0000,
	0x0000,0x0000,0x0000,0x0000,0x0000,0x0000,0x0000,0x0000,
	0x0000,0x0000,0x0000,0x0000,0x0000,0x0000,0x0000,0x0000,
	0x0000,0x0000,0x0000,0x0000,0x0000,0x0000,0x0000,0x0000,
	0x0000,0x0000,0x0000,0x0000,0x0000,0x0000,0x0000,0x0000,
	0x0000,0x0000,0x0000,0x0000,0x0000,0x0000,0x0000,0x0000,

	0x0000,0x0000,0x0000,0x0000,0x0000,0x0000,0x0000,0x0000,
	0x0000,0x0000,0x0000,0x0000,0x0000,0x0000,0x0000,0x0000,
	0x0000,0x0000,0x0000,0x0000,0x0000,0x0000,0x0000,0x0000,
	0x0000,0x0000,0x0000,0x0000,0x0000,0x0000,0x0000,0x0000,
	0x0000,0x0000,0x0000,0x0000,0x0000,0x0000,0x0000,0x0000,
	0x0000,0x0000,0x0000,0x0000,0x0000,0x0000,0x0000,0x0000,
	0x0000,0x0000,0x0000,0x0000,0x0000,0x0000,0x0000,0x0000,
	0x0000,0x0000,0x0000,0x0000,0x0000,0x0000,0x0000,0x0000,

	0x0000,0x0000,0x0000,0x0000,0x0000,0x0000,0x0000,0x0000,
	0x0000,0x0000,0x0000,0x0000,0x0000,0x0000,0x0000,0x0000,
	0x0000,0x0000,0x0000,0x0000,0x0000,0x0000,0x0000,0x0000,
	0x0000,0x0000,0x0000,0x0000,0x0000,0x0000,0x0000,0x0000,
	0x0000,0x0000,0x0000,0x0000,0x0000,0x0000,0x0000,0x0000,
	0x0000,0x0000,0x0000,0x0000,0x0000,0x0000,0x0000,0x0000,
	0x0000,0x0000,0x0000,0x0000,0x0000,0x0000,0x0000,0x0000,
	0x0000,0x0000,0x0000,0x0000,0x0000,0x0000,0x0000,0x0000,

	0x0000,0x0000,0x0000,0x0000,0x0000,0x0000,0x0000,0x0000,
	0x0000,0x0000,0x0000,0x0000,0x0000,0x0000,0x0000,0x0000,
	0x0000,0x0000,0x0000,0x0000,0x0000,0x0000,0x0000,0x0000,
	0x0000,0x0000,0x0000,0x0000,0x0000,0x0000,0x0000,0x0000,
	0x0000,0x0000,0x0000,0x0000,0x0000,0x0000,0x0000,0x0000,
	0x0000,0x0000,0x0000,0x0000,0x0000,0x0000,0x0000,0x0000,
	0x0000,0x0000,0x0000,0x0000,0x0000,0x0000,0x0000,0x0000,
	0x0000,0x0000,0x0000,0x0000,0x0000,0x0000,0x0000,0x0000,

	0x0000,0x0000,0x0000,0x0000,0x0000,0x0000,0x0000,0x0000,
	0x0000,0x0000,0x0000,0x0000,0x0000,0x0000,0x0000,0x0000,
	0x0000,0x0000,0x0000,0x0000,0x0000,0x0000,0x0000,0x0000,
	0x0000,0x0000,0x0000,0x0000,0x0000,0x0000,0x0000,0x0000,
	0x0000,0x0000,0x0000,0x0000,0x0000,0x0000,0x0000,0x0000,
	0x0000,0x0000,0x0000,0x0000,0x0000,0x0000,0x0000,0x0000,
	0x0000,0x0000,0x0000,0x0000,0x0000,0x0000,0x0000,0x0000,
	0x0000,0x0000,0x0000,0x0000,0x0000,0x0000,0x0000,0x0000,

	0x0000,0x0000,0x0000,0x0000,0x0000,0x0000,0x0000,0x0000,
	0x0000,0x0000,0x0000,0x0000,0x0000,0x0000,0x0000,0x0000,
	0x0000,0x0000,0x0000,0x0000,0x0000,0x0000,0x0000,0x0000,
	0x0000,0x0000,0x0000,0x0000,0x0000,0x0000,0x0000,0x0000,
	0x0000,0x0000,0x0000,0x0000,0x0000,0x0000,0x0000,0x0000,
	0x0000,0x0000,0x0000,0x0000,0x0000,0x0000,0x0000,0x0000,
	0x0000,0x0000,0x0000,0x0000,0x0000,0x0000,0x0000,0x0000,
	0x0000,0x0000,0x0000,0x0000,0x0000,0x0000,0x0000,0x0000,

	0x0000,0x0000,0x0000,0x0000,0x0000,0x0000,0x0000,0x0000,
	0x0000,0x0000,0x0000,0x0000,0x0000,0x0000,0x0000,0x0000,
	0x0000,0x0000,0x0000,0x0000,0x0000,0x0000,0x0000,0x0000,
	0x0000,0x0000,0x0000,0x0000,0x0000,0x0000,0x0000,0x0000,
	0x0000,0x0000,0x0000,0x0000,0x0000,0x0000,0x0000,0x0000,
	0x0000,0x0000,0x0000,0x0000,0x0000,0x0000,0x0000,0x0000,
	0x0000,0x0000,0x0000,0x0000,0x0000,0x0000,0x0000,0x0000,
	0x0000,0x0000,0x0000,0x0000,0x0000,0x0000,0x0000,0x0000,

	0x0000,0x0000,0x0000,0x0000,0x0000,0x0000,0x0000,0x0000,
	0x0000,0x0000,0x0000,0x0000,0x0000,0x0000,0x0000,0x0000,
	0x0000,0x0000,0x0000,0x0000,0x0000,0x0000,0x0000,0x0000,
	0x0000,0x0000,0x0000,0x0000,0x0000,0x0000,0x0000,0x0000,
	0x0000,0x0000,0x0000,0x0000,0x0000,0x0000,0x0000,0x0000,
	0x0000,0x0000,0x0000,0x0000,0x0000,0x0000,0x0000,0x0000,
	0x0000,0x0000,0x0000,0x0000,0x0000,0x0000,0x0000,0x0000,
	0x0000,0x0000,0x0000,0x0000,0x0000,0x0000,0x0000,0x0000,

	0x0000,0x0000,0x0000,0x0000,0x0000,0x0000,0x0000,0x0000,
	0x0000,0x0000,0x0000,0x0000,0x0000,0x0000,0x0000,0x0000,
	0x0000,0x0000,0x0000,0x0000,0x0000,0x0000,0x0000,0x0000,
	0x0000,0x0000,0x0000,0x0000,0x0000,0x0000,0x0000,0x0000,
	0x0000,0x0000,0x0000,0x0000,0x0000,0x0000,0x0000,0x0000,
	0x0000,0x0000,0x0000,0x0000,0x0000,0x0000,0x0000,0x0000,
	0x0000,0x0000,0x0000,0x0000,0x0000,0x0000,0x0000,0x0000,
	0x0000,0x0000,0x0000,0x0000,0x0000,0x0000,0x0000,0x0000,

	0x0000,0x0000,0x0000,0x0000,0x0000,0x0000,0x0000,0x0000,
	0x0000,0x0000,0x0000,0x0000,0x0000,0x0000,0x0000,0x0000,
	0x0000,0x0000,0x0000,0x0000,0x0000,0x0000,0x0000,0x0000,
	0x0000,0x0000,0x0000,0x0000,0x0000,0x0000,0x0000,0x0000,
	0x0000,0x0000,0x0000,0x0000,0x0000,0x0000,0x0000,0x0000,
	0x0000,0x0000,0x0000,0x0000,0x0000,0x0000,0x0000,0x0000,
	0x0000,0x0000,0x0000,0x0000,0x0000,0x0000,0x0000,0x0000,
	0x0000,0x0000,0x0000,0x0000,0x0000,0x0000,0x0000,0x0000,

	0x0000,0x0000,0x0000,0x0000,0x0000,0x0000,0x0000,0x0000,
	0x0000,0x0000,0x0000,0x0000,0x0000,0x0000,0x0000,0x0000,
	0x0000,0x0000,0x0000,0x0000,0x0000,0x0000,0x0000,0x0000,
	0x0000,0x0000,0x0000,0x0000,0x0000,0x0000,0x0000,0x0000,
	0x0000,0x0000,0x0000,0x0000,0x0000,0x0000,0x0000,0x0000,
	0x0000,0x0000,0x0000,0x0000,0x0000,0x0000,0x0000,0x0000,
	0x0000,0x0000,0x0000,0x0000,0x0000,0x0000,0x0000,0x0000,
	0x0000,0x0000,0x0000,0x0000,0x0000,0x0000,0x0000,0x0000,

	0x0000,0x0000,0x0000,0x0000,0x0000,0x0000,0x0000,0x0000,
	0x0000,0x0000,0x0000,0x0000,0x0000,0x0000,0x0000,0x0000,
	0x0000,0x0000,0x0000,0x0000,0x0000,0x0000,0x0000,0x0000,
	0x0000,0x0000,0x0000,0x0000,0x0000,0x0000,0x0000,0x0000,
	0x0000,0x0000,0x0000,0x0000,0x0000,0x0000,0x0000,0x0000,
	0x0000,0x0000,0x0000,0x0000,0x0000,0x0000,0x0000,0x0000,
	0x0000,0x0000,0x0000,0x0000,0x0000,0x0000,0x0000,0x0000,
	0x0000,0x0000,0x0000,0x0000,0x0000,0x0000,0x0000,0x0000,

	0x0000,0x0000,0x0000,0x0000,0x0000,0x0000,0x0000,0x0000,
	0x0000,0x0000,0x0000,0x0000,0x0000,0x0000,0x0000,0x0000,
	0x0000,0x0000,0x0000,0x0000,0x0000,0x0000,0x0000,0x0000,
	0x0000,0x0000,0x0000,0x0000,0x0000,0x0000,0x0000,0x0000,
	0x0000,0x0000,0x0000,0x0000,0x0000,0x0000,0x0000,0x0000,
	0x0000,0x0000,0x0000,0x0000,0x0000,0x0000,0x0000,0x0000,
	0x0000,0x0000,0x0000,0x0000,0x0000,0x0000,0x0000,0x0000,
	0x0000,0x0000,0x0000,0x0000,0x0000,0x0000,0x0000,0x0000,

	0x0000,0x0000,0x0000,0x0000,0x0000,0x0000,0x0000,0x0000,
	0x0000,0x0000,0x0000,0x0000,0x0000,0x0000,0x0000,0x0000,
	0x0000,0x0000,0x0000,0x0000,0x0000,0x0000,0x0000,0x0000,
	0x0000,0x0000,0x0000,0x0000,0x0000,0x0000,0x0000,0x0000,
	0x0000,0x0000,0x0000,0x0000,0x0000,0x0000,0x0000,0x0000,
	0x0000,0x0000,0x0000,0x0000,0x0000,0x0000,0x0000,0x0000,
	0x0000,0x0000,0x0000,0x0000,0x0000,0x0000,0x0000,0x0000,
	0x0000,0x0000,0x0000,0x0000,0x0000,0x0000,0x0000,0x0000,

	0x0000,0x0000,0x0000,0x0000,0x0000,0x0000,0x0000,0x0000,
	0x0000,0x0000,0x0000,0x0000,0x0000,0x0000,0x0000,0x0000,
	0x0000,0x0000,0x0000,0x0000,0x0000,0x0000,0x0000,0x0000,
	0x0000,0x0000,0x0000,0x0000,0x0000,0x0000,0x0000,0x0000,
	0x0000,0x0000,0x0000,0x0000,0x0000,0x0000,0x0000,0x0000,
	0x0000,0x0000,0x0000,0x0000,0x0000,0x0000,0x0000,0x0000,
	0x0000,0x0000,0x0000,0x0000,0x0000,0x0000,0x0000,0x0000,
	0x0000,0x0000,0x0000,0x0000,0x0000,0x0000,0x0000,0x0000,

	0x0000,0x0000,0x0000,0x0000,0x0000,0x0000,0x0000,0x0000,
	0x0000,0x0000,0x0000,0x0000,0x0000,0x0000,0x0000,0x0000,
	0x0000,0x0000,0x0000,0x0000,0x0000,0x0000,0x0000,0x0000,
	0x0000,0x0000,0x0000,0x0000,0x0000,0x0000,0x0000,0x0000,
	0x0000,0x0000,0x0000,0x0000,0x0000,0x0000,0x0000,0x0000,
	0x0000,0x0000,0x0000,0x0000,0x0000,0x0000,0x0000,0x0000,
	0x0000,0x0000,0x0000,0x0000,0x0000,0x0000,0x0000,0x0000,
	0x0000,0x0000,0x0000,0x0000,0x0000,0x0000,0x0000,0x0000,

	0x0000,0x0000,0x0000,0x0000,0x0000,0x0000,0x0000,0x0000,
	0x0000,0x0000,0x0000,0x0000,0x0000,0x0000,0x0000,0x0000,
	0x0000,0x0000,0x0000,0x0000,0x0000,0x0000,0x0000,0x0000,
	0x0000,0x0000,0x0000,0x0000,0x0000,0x0000,0x0000,0x0000,
	0x0000,0x0000,0x0000,0x0000,0x0000,0x0000,0x0000,0x0000,
	0x0000,0x0000,0x0000,0x0000,0x0000,0x0000,0x0000,0x0000,
	0x0000,0x0000,0x0000,0x0000,0x0000,0x0000,0x0000,0x0000,
	0x0000,0x0000,0x0000,0x0000,0x0000,0x0000,0x0000,0x0000,

	0x0000,0x0000,0x0000,0x0000,0x0000,0x0000,0x0000,0x0000,
	0x0000,0x0000,0x0000,0x0000,0x0000,0x0000,0x0000,0x0000,
	0x0000,0x0000,0x0000,0x0000,0x0000,0x0000,0x0000,0x0000,
	0x0000,0x0000,0x0000,0x0000,0x0000,0x0000,0x0000,0x0000,
	0x0000,0x0000,0x0000,0x0000,0x0000,0x0000,0x0000,0x0000,
	0x0000,0x0000,0x0000,0x0000,0x0000,0x0000,0x0000,0x0000,
	0x0000,0x0000,0x0000,0x0000,0x0000,0x0000,0x0000,0x0000,
	0x0000,0x0000,0x0000,0x0000,0x0000,0x0000,0x0000,0x0000,

	0x0000,0x0000,0x0000,0x0000,0x0000,0x0000,0x0000,0x0000,
	0x0000,0x0000,0x0000,0x0000,0x0000,0x0000,0x0000,0x0000,
	0x0000,0x0000,0x0000,0x0000,0x0000,0x0000,0x0000,0x0000,
	0x0000,0x0000,0x0000,0x0000,0x0000,0x0000,0x0000,0x0000,
	0x0000,0x0000,0x0000,0x0000,0x0000,0x0000,0x0000,0x0000,
	0x0000,0x0000,0x0000,0x0000,0x0000,0x0000,0x0000,0x0000,
	0x0000,0x0000,0x0000,0x0000,0x0000,0x0000,0x0000,0x0000,
	0x0000,0x0000,0x0000,0x0000,0x0000,0x0000,0x0000,0x0000,

	0x0000,0x0000,0x0000,0x0000,0x0000,0x0000,0x0000,0x0000,
	0x0000,0x0000,0x0000,0x0000,0x0000,0x0000,0x0000,0x0000,
	0x0000,0x0000,0x0000,0x0000,0x0000,0x0000,0x0000,0x0000,
	0x0000,0x0000,0x0000,0x0000,0x0000,0x0000,0x0000,0x0000,
	0x0000,0x0000,0x0000,0x0000,0x0000,0x0000,0x0000,0x0000,
	0x0000,0x0000,0x0000,0x0000,0x0000,0x0000,0x0000,0x0000,
	0x0000,0x0000,0x0000,0x0000,0x0000,0x0000,0x0000,0x0000,
	0x0000,0x0000,0x0000,0x0000,0x0000,0x0000,0x0000,0x0000,

	0x0000,0x0000,0x0000,0x0000,0x0000,0x0000,0x0000,0x0000,
	0x0000,0x0000,0x0000,0x0000,0x0000,0x0000,0x0000,0x0000,
	0x0000,0x0000,0x0000,0x0000,0x0000,0x0000,0x0000,0x0000,
	0x0000,0x0000,0x0000,0x0000,0x0000,0x0000,0x0000,0x0000,
	0x0000,0x0000,0x0000,0x0000,0x0000,0x0000,0x0000,0x0000,
	0x0000,0x0000,0x0000,0x0000,0x0000,0x0000,0x0000,0x0000,
	0x0000,0x0000,0x0000,0x0000,0x0000,0x0000,0x0000,0x0000,
	0x0000,0x0000,0x0000,0x0000,0x0000,0x0000,0x0000,0x0000,

	0x0000,0x0000,0x0000,0x0000,0x0000,0x0000,0x0000,0x0000,
	0x0000,0x0000,0x0000,0x0000,0x0000,0x0000,0x0000,0x0000,
	0x0000,0x0000,0x0000,0x0000,0x0000,0x0000,0x0000,0x0000,
	0x0000,0x0000,0x0000,0x0000,0x0000,0x0000,0x0000,0x0000,
	0x0000,0x0000,0x0000,0x0000,0x0000,0x0000,0x0000,0x0000,
	0x0000,0x0000,0x0000,0x0000,0x0000,0x0000,0x0000,0x0000,
	0x0000,0x0000,0x0000,0x0000,0x0000,0x0000,0x0000,0x0000,
	0x0000,0x0000,0x0000,0x0000,0x0000,0x0000,0x0000,0x0000,

	0x0000,0x0000,0x0000,0x0000,0x0000,0x0000,0x0000,0x0000,
	0x0000,0x0000,0x0000,0x0000,0x0000,0x0000,0x0000,0x0000,
	0x0000,0x0000,0x0000,0x0000,0x0000,0x0000,0x0000,0x0000,
	0x0000,0x0000,0x0000,0x0000,0x0000,0x0000,0x0000,0x0000,
	0x0000,0x0000,0x0000,0x0000,0x0000,0x0000,0x0000,0x0000,
	0x0000,0x0000,0x0000,0x0000,0x0000,0x0000,0x0000,0x0000,
	0x0000,0x0000,0x0000,0x0000,0x0000,0x0000,0x0000,0x0000,
	0x0000,0x0000,0x0000,0x0000,0x0000,0x0000,0x0000,0x0000,

	0x0000,0x0000,0x0000,0x0000,0x0000,0x0000,0x0000,0x0000,
	0x0000,0x0000,0x0000,0x0000,0x0000,0x0000,0x0000,0x0000,
	0x0000,0x0000,0x0000,0x0000,0x0000,0x0000,0x0000,0x0000,
	0x0000,0x0000,0x0000,0x0000,0x0000,0x0000,0x0000,0x0000,
	0x0000,0x0000,0x0000,0x0000,0x0000,0x0000,0x0000,0x0000,
	0x0000,0x0000,0x0000,0x0000,0x0000,0x0000,0x0000,0x0000,
	0x0000,0x0000,0x0000,0x0000,0x0000,0x0000,0x0000,0x0000,
	0x0000,0x0000,0x0000,0x0000,0x0000,0x0000,0x0000,0x0000,

	0x0000,0x0000,0x0000,0x0000,0x0000,0x0000,0x0000,0x0000,
	0x0000,0x0000,0x0000,0x0000,0x0000,0x0000,0x0000,0x0000,
	0x0000,0x0000,0x0000,0x0000,0x0000,0x0000,0x0000,0x0000,
	0x0000,0x0000,0x0000,0x0000,0x0000,0x0000,0x0000,0x0000,
	0x0000,0x0000,0x0000,0x0000,0x0000,0x0000,0x0000,0x0000,
	0x0000,0x0000,0x0000,0x0000,0x0000,0x0000,0x0000,0x0000,
	0x0000,0x0000,0x0000,0x0000,0x0000,0x0000,0x0000,0x0000,
	0x0000,0x0000,0x0000,0x0000,0x0000,0x0000,0x0000,0x0000,

	0x0000,0x0000,0x0000,0x0000,0x0000,0x0000,0x0000,0x0000,
	0x0000,0x0000,0x0000,0x0000,0x0000,0x0000,0x0000,0x0000,
	0x0000,0x0000,0x0000,0x0000,0x0000,0x0000,0x0000,0x0000,
	0x0000,0x0000,0x0000,0x0000,0x0000,0x0000,0x0000,0x0000,
	0x0000,0x0000,0x0000,0x0000,0x0000,0x0000,0x0000,0x0000,
	0x0000,0x0000,0x0000,0x0000,0x0000,0x0000,0x0000,0x0000,
	0x0000,0x0000,0x0000,0x0000,0x0000,0x0000,0x0000,0x0000,
	0x0000,0x0000,0x0000,0x0000,0x0000,0x0000,0x0000,0x0000,

	0x0000,0x0000,0x0000,0x0000,0x0000,0x0000,0x0000,0x0000,
	0x0000,0x0000,0x0000,0x0000,0x0000,0x0000,0x0000,0x0000,
	0x0000,0x0000,0x0000,0x0000,0x0000,0x0000,0x0000,0x0000,
	0x0000,0x0000,0x0000,0x0000,0x0000,0x0000,0x0000,0x0000,
	0x0000,0x0000,0x0000,0x0000,0x0000,0x0000,0x0000,0x0000,
	0x0000,0x0000,0x0000,0x0000,0x0000,0x0000,0x0000,0x0000,
	0x0000,0x0000,0x0000,0x0000,0x0000,0x0000,0x0000,0x0000,
	0x0000,0x0000,0x0000,0x0000,0x0000,0x0000,0x0000,0x0000,

	0x0000,0x0000,0x0000,0x0000,0x0000,0x0000,0x0000,0x0000,
	0x0000,0x0000,0x0000,0x0000,0x0000,0x0000,0x0000,0x0000,
	0x0000,0x0000,0x0000,0x0000,0x0000,0x0000,0x0000,0x0000,
	0x0000,0x0000,0x0000,0x0000,0x0000,0x0000,0x0000,0x0000,
	0x0000,0x0000,0x0000,0x0000,0x0000,0x0000,0x0000,0x0000,
	0x0000,0x0000,0x0000,0x0000,0x0000,0x0000,0x0000,0x0000,
	0x0000,0x0000,0x0000,0x0000,0x0000,0x0000,0x0000,0x0000,
	0x0000,0x0000,0x0000,0x0000,0x0000,0x0000,0x0000,0x0000,

	0x0000,0x0000,0x0000,0x0000,0x0000,0x0000,0x0000,0x0000,
	0x0000,0x0000,0x0000,0x0000,0x0000,0x0000,0x0000,0x0000,
	0x0000,0x0000,0x0000,0x0000,0x0000,0x0000,0x0000,0x0000,
	0x0000,0x0000,0x0000,0x0000,0x0000,0x0000,0x0000,0x0000,
	0x0000,0x0000,0x0000,0x0000,0x0000,0x0000,0x0000,0x0000,
	0x0000,0x0000,0x0000,0x0000,0x0000,0x0000,0x0000,0x0000,
	0x0000,0x0000,0x0000,0x0000,0x0000,0x0000,0x0000,0x0000,
	0x0000,0x0000,0x0000,0x0000,0x0000,0x0000,0x0000,0x0000,

	0x0000,0x0000,0x0000,0x0000,0x0000,0x0000,0x0000,0x0000,
	0x0000,0x0000,0x0000,0x0000,0x0000,0x0000,0x0000,0x0000,
	0x0000,0x0000,0x0000,0x0000,0x0000,0x0000,0x0000,0x0000,
	0x0000,0x0000,0x0000,0x0000,0x0000,0x0000,0x0000,0x0000,
	0x0000,0x0000,0x0000,0x0000,0x0000,0x0000,0x0000,0x0000,
	0x0000,0x0000,0x0000,0x0000,0x0000,0x0000,0x0000,0x0000,
	0x0000,0x0000,0x0000,0x0000,0x0000,0x0000,0x0000,0x0000,
	0x0000,0x0000,0x0000,0x0000,0x0000,0x0000,0x0000,0x0000,

	0x0000,0x0000,0x0000,0x0000,0x0000,0x0000,0x0000,0x0000,
	0x0000,0x0000,0x0000,0x0000,0x0000,0x0000,0x0000,0x0000,
	0x0000,0x0000,0x0000,0x0000,0x0000,0x0000,0x0000,0x0000,
	0x0000,0x0000,0x0000,0x0000,0x0000,0x0000,0x0000,0x0000,
	0x0000,0x0000,0x0000,0x0000,0x0000,0x0000,0x0000,0x0000,
	0x0000,0x0000,0x0000,0x0000,0x0000,0x0000,0x0000,0x0000,
	0x0000,0x0000,0x0000,0x0000,0x0000,0x0000,0x0000,0x0000,
	0x0000,0x0000,0x0000,0x0000,0x0000,0x0000,0x0000,0x0000,

	0x0000,0x0000,0x0000,0x0000,0x0000,0x0000,0x0000,0x0000,
	0x0000,0x0000,0x0000,0x0000,0x0000,0x0000,0x0000,0x0000,
	0x0000,0x0000,0x0000,0x0000,0x0000,0x0000,0x0000,0x0000,
	0x0000,0x0000,0x0000,0x0000,0x0000,0x0000,0x0000,0x0000,
	0x0000,0x0000,0x0000,0x0000,0x0000,0x0000,0x0000,0x0000,
	0x0000,0x0000,0x0000,0x0000,0x0000,0x0000,0x0000,0x0000,
	0x0000,0x0000,0x0000,0x0000,0x0000,0x0000,0x0000,0x0000,
	0x0000,0x0000,0x0000,0x0000,0x0000,0x0000,0x0000,0x0000,

	0x0000,0x0000,0x0000,0x0000,0x0000,0x0000,0x0000,0x0000,
	0x0000,0x0000,0x0000,0x0000,0x0000,0x0000,0x0000,0x0000,
	0x0000,0x0000,0x0000,0x0000,0x0000,0x0000,0x0000,0x0000,
	0x0000,0x0000,0x0000,0x0000,0x0000,0x0000,0x0000,0x0000,
	0x0000,0x0000,0x0000,0x0000,0x0000,0x0000,0x0000,0x0000,
	0x0000,0x0000,0x0000,0x0000,0x0000,0x0000,0x0000,0x0000,
	0x0000,0x0000,0x0000,0x0000,0x0000,0x0000,0x0000,0x0000,
	0x0000,0x0000,0x0000,0x0000,0x0000,0x0000,0x0000,0x0000,

	0x0000,0x0000,0x0000,0x0000,0x0000,0x0000,0x0000,0x0000,
	0x0000,0x0000,0x0000,0x0000,0x0000,0x0000,0x0000,0x0000,
	0x0000,0x0000,0x0000,0x0000,0x0000,0x0000,0x0000,0x0000,
	0x0000,0x0000,0x0000,0x0000,0x0000,0x0000,0x0000,0x0000,
	0x0000,0x0000,0x0000,0x0000,0x0000,0x0000,0x0000,0x0000,
	0x0000,0x0000,0x0000,0x0000,0x0000,0x0000,0x0000,0x0000,
	0x0000,0x0000,0x0000,0x0000,0x0000,0x0000,0x0000,0x0000,
	0x0000,0x0000,0x0000,0x0000,0x0000,0x0000,0x0000,0x0000,

	0x0000,0x0000,0x0000,0x0000,0x0000,0x0000,0x0000,0x0000,
	0x0000,0x0000,0x0000,0x0000,0x0000,0x0000,0x0000,0x0000,
	0x0000,0x0000,0x0000,0x0000,0x0000,0x0000,0x0000,0x0000,
	0x0000,0x0000,0x0000,0x0000,0x0000,0x0000,0x0000,0x0000,
	0x0000,0x0000,0x0000,0x0000,0x0000,0x0000,0x0000,0x0000,
	0x0000,0x0000,0x0000,0x0000,0x0000,0x0000,0x0000,0x0000,
	0x0000,0x0000,0x0000,0x0000,0x0000,0x0000,0x0000,0x0000,
	0x0000,0x0000,0x0000,0x0000,0x0000,0x0000,0x0000,0x0000,

	0x0000,0x0000,0x0000,0x0000,0x0000,0x0000,0x0000,0x0000,
	0x0000,0x0000,0x0000,0x0000,0x0000,0x0000,0x0000,0x0000,
	0x0000,0x0000,0x0000,0x0000,0x0000,0x0000,0x0000,0x0000,
	0x0000,0x0000,0x0000,0x0000,0x0000,0x0000,0x0000,0x0000,
	0x0000,0x0000,0x0000,0x0000,0x0000,0x0000,0x0000,0x0000,
	0x0000,0x0000,0x0000,0x0000,0x0000,0x0000,0x0000,0x0000,
	0x0000,0x0000,0x0000,0x0000,0x0000,0x0000,0x0000,0x0000,
	0x0000,0x0000,0x0000,0x0000,0x0000,0x0000,0x0000,0x0000,

	0x0000,0x0000,0x0000,0x0000,0x0000,0x0000,0x0000,0x0000,
	0x0000,0x0000,0x0000,0x0000,0x0000,0x0000,0x0000,0x0000,
	0x0000,0x0000,0x0000,0x0000,0x0000,0x0000,0x0000,0x0000,
	0x0000,0x0000,0x0000,0x0000,0x0000,0x0000,0x0000,0x0000,
	0x0000,0x0000,0x0000,0x0000,0x0000,0x0000,0x0000,0x0000,
	0x0000,0x0000,0x0000,0x0000,0x0000,0x0000,0x0000,0x0000,
	0x0000,0x0000,0x0000,0x0000,0x0000,0x0000,0x0000,0x0000,
	0x0000,0x0000,0x0000,0x0000,0x0000,0x0000,0x0000,0x0000,

	0x0000,0x0000,0x0000,0x0000,0x0000,0x0000,0x0000,0x0000,
	0x0000,0x0000,0x0000,0x0000,0x0000,0x0000,0x0000,0x0000,
	0x0000,0x0000,0x0000,0x0000,0x0000,0x0000,0x0000,0x0000,
	0x0000,0x0000,0x0000,0x0000,0x0000,0x0000,0x0000,0x0000,
	0x0000,0x0000,0x0000,0x0000,0x0000,0x0000,0x0000,0x0000,
	0x0000,0x0000,0x0000,0x0000,0x0000,0x0000,0x0000,0x0000,
	0x0000,0x0000,0x0000,0x0000,0x0000,0x0000,0x0000,0x0000,
	0x0000,0x0000,0x0000,0x0000,0x0000,0x0000,0x0000,0x0000,

	0x0000,0x0000,0x0000,0x0000,0x0000,0x0000,0x0000,0x0000,
	0x0000,0x0000,0x0000,0x0000,0x0000,0x0000,0x0000,0x0000,
	0x0000,0x0000,0x0000,0x0000,0x0000,0x0000,0x0000,0x0000,
	0x0000,0x0000,0x0000,0x0000,0x0000,0x0000,0x0000,0x0000,
	0x0000,0x0000,0x0000,0x0000,0x0000,0x0000,0x0000,0x0000,
	0x0000,0x0000,0x0000,0x0000,0x0000,0x0000,0x0000,0x0000,
	0x0000,0x0000,0x0000,0x0000,0x0000,0x0000,0x0000,0x0000,
	0x0000,0x0000,0x0000,0x0000,0x0000,0x0000,0x0000,0x0000,

	0x0000,0x0000,0x0000,0x0000,0x0000,0x0000,0x0000,0x0000,
	0x0000,0x0000,0x0000,0x0000,0x0000,0x0000,0x0000,0x0000,
	0x0000,0x0000,0x0000,0x0000,0x0000,0x0000,0x0000,0x0000,
	0x0000,0x0000,0x0000,0x0000,0x0000,0x0000,0x0000,0x0000,
	0x0000,0x0000,0x0000,0x0000,0x0000,0x0000,0x0000,0x0000,
	0x0000,0x0000,0x0000,0x0000,0x0000,0x0000,0x0000,0x0000,
	0x0000,0x0000,0x0000,0x0000,0x0000,0x0000,0x0000,0x0000,
	0x0000,0x0000,0x0000,0x0000,0x0000,0x0000,0x0000,0x0000,

	0x0000,0x0000,0x0000,0x0000,0x0000,0x0000,0x0000,0x0000,
	0x0000,0x0000,0x0000,0x0000,0x0000,0x0000,0x0000,0x0000,
	0x0000,0x0000,0x0000,0x0000,0x0000,0x0000,0x0000,0x0000,
	0x0000,0x0000,0x0000,0x0000,0x0000,0x0000,0x0000,0x0000,
	0x0000,0x0000,0x0000,0x0000,0x0000,0x0000,0x0000,0x0000,
	0x0000,0x0000,0x0000,0x0000,0x0000,0x0000,0x0000,0x0000,
	0x0000,0x0000,0x0000,0x0000,0x0000,0x0000,0x0000,0x0000,
	0x0000,0x0000,0x0000,0x0000,0x0000,0x0000,0x0000,0x0000,

	0x0000,0x0000,0x0000,0x0000,0x0000,0x0000,0x0000,0x0000,
	0x0000,0x0000,0x0000,0x0000,0x0000,0x0000,0x0000,0x0000,
	0x0000,0x0000,0x0000,0x0000,0x0000,0x0000,0x0000,0x0000,
	0x0000,0x0000,0x0000,0x0000,0x0000,0x0000,0x0000,0x0000,
	0x0000,0x0000,0x0000,0x0000,0x0000,0x0000,0x0000,0x0000,
	0x0000,0x0000,0x0000,0x0000,0x0000,0x0000,0x0000,0x0000,
	0x0000,0x0000,0x0000,0x0000,0x0000,0x0000,0x0000,0x0000,
	0x0000,0x0000,0x0000,0x0000,0x0000,0x0000,0x0000,0x0000,

	0x0000,0x0000,0x0000,0x0000,0x0000,0x0000,0x0000,0x0000,
	0x0000,0x0000,0x0000,0x0000,0x0000,0x0000,0x0000,0x0000,
	0x0000,0x0000,0x0000,0x0000,0x0000,0x0000,0x0000,0x0000,
	0x0000,0x0000,0x0000,0x0000,0x0000,0x0000,0x0000,0x0000,
	0x0000,0x0000,0x0000,0x0000,0x0000,0x0000,0x0000,0x0000,
	0x0000,0x0000,0x0000,0x0000,0x0000,0x0000,0x0000,0x0000,
	0x0000,0x0000,0x0000,0x0000,0x0000,0x0000,0x0000,0x0000,
	0x0000,0x0000,0x0000,0x0000,0x0000,0x0000,0x0000,0x0000,

	0x0000,0x0000,0x0000,0x0000,0x0000,0x0000,0x0000,0x0000,
	0x0000,0x0000,0x0000,0x0000,0x0000,0x0000,0x0000,0x0000,
	0x0000,0x0000,0x0000,0x0000,0x0000,0x0000,0x0000,0x0000,
	0x0000,0x0000,0x0000,0x0000,0x0000,0x0000,0x0000,0x0000,
	0x0000,0x0000,0x0000,0x0000,0x0000,0x0000,0x0000,0x0000,
	0x0000,0x0000,0x0000,0x0000,0x0000,0x0000,0x0000,0x0000,
	0x0000,0x0000,0x0000,0x0000,0x0000,0x0000,0x0000,0x0000,
	0x0000,0x0000,0x0000,0x0000,0x0000,0x0000,0x0000,0x0000,

	0x0000,0x0000,0x0000,0x0000,0x0000,0x0000,0x0000,0x0000,
	0x0000,0x0000,0x0000,0x0000,0x0000,0x0000,0x0000,0x0000,
	0x0000,0x0000,0x0000,0x0000,0x0000,0x0000,0x0000,0x0000,
	0x0000,0x0000,0x0000,0x0000,0x0000,0x0000,0x0000,0x0000,
	0x0000,0x0000,0x0000,0x0000,0x0000,0x0000,0x0000,0x0000,
	0x0000,0x0000,0x0000,0x0000,0x0000,0x0000,0x0000,0x0000,
	0x0000,0x0000,0x0000,0x0000,0x0000,0x0000,0x0000,0x0000,
	0x0000,0x0000,0x0000,0x0000,0x0000,0x0000,0x0000,0x0000,

	0x0000,0x0000,0x0000,0x0000,0x0000,0x0000,0x0000,0x0000,
	0x0000,0x0000,0x0000,0x0000,0x0000,0x0000,0x0000,0x0000,
	0x0000,0x0000,0x0000,0x0000,0x0000,0x0000,0x0000,0x0000,
	0x0000,0x0000,0x0000,0x0000,0x0000,0x0000,0x0000,0x0000,
	0x0000,0x0000,0x0000,0x0000,0x0000,0x0000,0x0000,0x0000,
	0x0000,0x0000,0x0000,0x0000,0x0000,0x0000,0x0000,0x0000,
	0x0000,0x0000,0x0000,0x0000,0x0000,0x0000,0x0000,0x0000,
	0x0000,0x0000,0x0000,0x0000,0x0000,0x0000,0x0000,0x0000,

	0x0000,0x0000,0x0000,0x0000,0x0000,0x0000,0x0000,0x0000,
	0x0000,0x0000,0x0000,0x0000,0x0000,0x0000,0x0000,0x0000,
	0x0000,0x0000,0x0000,0x0000,0x0000,0x0000,0x0000,0x0000,
	0x0000,0x0000,0x0000,0x0000,0x0000,0x0000,0x0000,0x0000,
	0x0000,0x0000,0x0000,0x0000,0x0000,0x0000,0x0000,0x0000,
	0x0000,0x0000,0x0000,0x0000,0x0000,0x0000,0x0000,0x0000,
	0x0000,0x0000,0x0000,0x0000,0x0000,0x0000,0x0000,0x0000,
	0x0000,0x0000,0x0000,0x0000,0x0000,0x0000,0x0000,0x0000,

	0x0000,0x0000,0x0000,0x0000,0x0000,0x0000,0x0000,0x0000,
	0x0000,0x0000,0x0000,0x0000,0x0000,0x0000,0x0000,0x0000,
	0x0000,0x0000,0x0000,0x0000,0x0000,0x0000,0x0000,0x0000,
	0x0000,0x0000,0x0000,0x0000,0x0000,0x0000,0x0000,0x0000,
	0x0000,0x0000,0x0000,0x0000,0x0000,0x0000,0x0000,0x0000,
	0x0000,0x0000,0x0000,0x0000,0x0000,0x0000,0x0000,0x0000,
	0x0000,0x0000,0x0000,0x0000,0x0000,0x0000,0x0000,0x0000,
	0x0000,0x0000,0x0000,0x0000,0x0000,0x0000,0x0000,0x0000,

	0x0000,0x0000,0x0000,0x0000,0x0000,0x0000,0x0000,0x0000,
	0x0000,0x0000,0x0000,0x0000,0x0000,0x0000,0x0000,0x0000,
	0x0000,0x0000,0x0000,0x0000,0x0000,0x0000,0x0000,0x0000,
	0x0000,0x0000,0x0000,0x0000,0x0000,0x0000,0x0000,0x0000,
	0x0000,0x0000,0x0000,0x0000,0x0000,0x0000,0x0000,0x0000,
	0x0000,0x0000,0x0000,0x0000,0x0000,0x0000,0x0000,0x0000,
	0x0000,0x0000,0x0000,0x0000,0x0000,0x0000,0x0000,0x0000,
	0x0000,0x0000,0x0000,0x0000,0x0000,0x0000,0x0000,0x0000,

	0x0000,0x0000,0x0000,0x0000,0x0000,0x0000,0x0000,0x0000,
	0x0000,0x0000,0x0000,0x0000,0x0000,0x0000,0x0000,0x0000,
	0x0000,0x0000,0x0000,0x0000,0x0000,0x0000,0x0000,0x0000,
	0x0000,0x0000,0x0000,0x0000,0x0000,0x0000,0x0000,0x0000,
	0x0000,0x0000,0x0000,0x0000,0x0000,0x0000,0x0000,0x0000,
	0x0000,0x0000,0x0000,0x0000,0x0000,0x0000,0x0000,0x0000,
	0x0000,0x0000,0x0000,0x0000,0x0000,0x0000,0x0000,0x0000,
	0x0000,0x0000,0x0000,0x0000,0x0000,0x0000,0x0000,0x0000,

	0x0000,0x0000,0x0000,0x0000,0x0000,0x0000,0x0000,0x0000,
	0x0000,0x0000,0x0000,0x0000,0x0000,0x0000,0x0000,0x0000,
	0x0000,0x0000,0x0000,0x0000,0x0000,0x0000,0x0000,0x0000,
	0x0000,0x0000,0x0000,0x0000,0x0000,0x0000,0x0000,0x0000,
	0x0000,0x0000,0x0000,0x0000,0x0000,0x0000,0x0000,0x0000,
	0x0000,0x0000,0x0000,0x0000,0x0000,0x0000,0x0000,0x0000,
	0x0000,0x0000,0x0000,0x0000,0x0000,0x0000,0x0000,0x0000,
	0x0000,0x0000,0x0000,0x0000,0x0000,0x0000,0x0000,0x0000,

	0x0000,0x0000,0x0000,0x0000,0x0000,0x0000,0x0000,0x0000,
	0x0000,0x0000,0x0000,0x0000,0x0000,0x0000,0x0000,0x0000,
	0x0000,0x0000,0x0000,0x0000,0x0000,0x0000,0x0000,0x0000,
	0x0000,0x0000,0x0000,0x0000,0x0000,0x0000,0x0000,0x0000,
	0x0000,0x0000,0x0000,0x0000,0x0000,0x0000,0x0000,0x0000,
	0x0000,0x0000,0x0000,0x0000,0x0000,0x0000,0x0000,0x0000,
	0x0000,0x0000,0x0000,0x0000,0x0000,0x0000,0x0000,0x0000,
	0x0000,0x0000,0x0000,0x0000,0x0000,0x0000,0x0000,0x0000,

	0x0000,0x0000,0x0000,0x0000,0x0000,0x0000,0x0000,0x0000,
	0x0000,0x0000,0x0000,0x0000,0x0000,0x0000,0x0000,0x0000,
	0x0000,0x0000,0x0000,0x0000,0x0000,0x0000,0x0000,0x0000,
	0x0000,0x0000,0x0000,0x0000,0x0000,0x0000,0x0000,0x0000,
	0x0000,0x0000,0x0000,0x0000,0x0000,0x0000,0x0000,0x0000,
	0x0000,0x0000,0x0000,0x0000,0x0000,0x0000,0x0000,0x0000,
	0x0000,0x0000,0x0000,0x0000,0x0000,0x0000,0x0000,0x0000,
	0x0000,0x0000,0x0000,0x0000,0x0000,0x0000,0x0000,0x0000,

	0x0000,0x0000,0x0000,0x0000,0x0000,0x0000,0x0000,0x0000,
	0x0000,0x0000,0x0000,0x0000,0x0000,0x0000,0x0000,0x0000,
	0x0000,0x0000,0x0000,0x0000,0x0000,0x0000,0x0000,0x0000,
	0x0000,0x0000,0x0000,0x0000,0x0000,0x0000,0x0000,0x0000,
	0x0000,0x0000,0x0000,0x0000,0x0000,0x0000,0x0000,0x0000,
	0x0000,0x0000,0x0000,0x0000,0x0000,0x0000,0x0000,0x0000,
	0x0000,0x0000,0x0000,0x0000,0x0000,0x0000,0x0000,0x0000,
	0x0000,0x0000,0x0000,0x0000,0x0000,0x0000,0x0000,0x0000,

	0x0000,0x0000,0x0000,0x0000,0x0000,0x0000,0x0000,0x0000,
	0x0000,0x0000,0x0000,0x0000,0x0000,0x0000,0x0000,0x0000,
	0x0000,0x0000,0x0000,0x0000,0x0000,0x0000,0x0000,0x0000,
	0x0000,0x0000,0x0000,0x0000,0x0000,0x0000,0x0000,0x0000,
	0x0000,0x0000,0x0000,0x0000,0x0000,0x0000,0x0000,0x0000,
	0x0000,0x0000,0x0000,0x0000,0x0000,0x0000,0x0000,0x0000,
	0x0000,0x0000,0x0000,0x0000,0x0000,0x0000,0x0000,0x0000,
	0x0000,0x0000,0x0000,0x0000,0x0000,0x0000,0x0000,0x0000,

	0x0000,0x0000,0x0000,0x0000,0x0000,0x0000,0x0000,0x0000,
	0x0000,0x0000,0x0000,0x0000,0x0000,0x0000,0x0000,0x0000,
	0x0000,0x0000,0x0000,0x0000,0x0000,0x0000,0x0000,0x0000,
	0x0000,0x0000,0x0000,0x0000,0x0000,0x0000,0x0000,0x0000,
	0x0000,0x0000,0x0000,0x0000,0x0000,0x0000,0x0000,0x0000,
	0x0000,0x0000,0x0000,0x0000,0x0000,0x0000,0x0000,0x0000,
	0x0000,0x0000,0x0000,0x0000,0x0000,0x0000,0x0000,0x0000,
	0x0000,0x0000,0x0000,0x0000,0x0000,0x0000,0x0000,0x0000,

	0x0000,0x0000,0x0000,0x0000,0x0000,0x0000,0x0000,0x0000,
	0x0000,0x0000,0x0000,0x0000,0x0000,0x0000,0x0000,0x0000,
	0x0000,0x0000,0x0000,0x0000,0x0000,0x0000,0x0000,0x0000,
	0x0000,0x0000,0x0000,0x0000,0x0000,0x0000,0x0000,0x0000,
	0x0000,0x0000,0x0000,0x0000,0x0000,0x0000,0x0000,0x0000,
	0x0000,0x0000,0x0000,0x0000,0x0000,0x0000,0x0000,0x0000,
	0x0000,0x0000,0x0000,0x0000,0x0000,0x0000,0x0000,0x0000,
	0x0000,0x0000,0x0000,0x0000,0x0000,0x0000,0x0000,0x0000,

	0x0000,0x0000,0x0000,0x0000,0x0000,0x0000,0x0000,0x0000,
	0x0000,0x0000,0x0000,0x0000,0x0000,0x0000,0x0000,0x0000,
	0x0000,0x0000,0x0000,0x0000,0x0000,0x0000,0x0000,0x0000,
	0x0000,0x0000,0x0000,0x0000,0x0000,0x0000,0x0000,0x0000,
	0x0000,0x0000,0x0000,0x0000,0x0000,0x0000,0x0000,0x0000,
	0x0000,0x0000,0x0000,0x0000,0x0000,0x0000,0x0000,0x0000,
	0x0000,0x0000,0x0000,0x0000,0x0000,0x0000,0x0000,0x0000,
	0x0000,0x0000,0x0000,0x0000,0x0000,0x0000,0x0000,0x0000,

	0x0000,0x0000,0x0000,0x0000,0x0000,0x0000,0x0000,0x0000,
	0x0000,0x0000,0x0000,0x0000,0x0000,0x0000,0x0000,0x0000,
	0x0000,0x0000,0x0000,0x0000,0x0000,0x0000,0x0000,0x0000,
	0x0000,0x0000,0x0000,0x0000,0x0000,0x0000,0x0000,0x0000,
	0x0000,0x0000,0x0000,0x0000,0x0000,0x0000,0x0000,0x0000,
	0x0000,0x0000,0x0000,0x0000,0x0000,0x0000,0x0000,0x0000,
	0x0000,0x0000,0x0000,0x0000,0x0000,0x0000,0x0000,0x0000,
	0x0000,0x0000,0x0000,0x0000,0x0000,0x0000,0x0000,0x0000,

	0x0000,0x0000,0x0000,0x0000,0x0000,0x0000,0x0000,0x0000,
	0x0000,0x0000,0x0000,0x0000,0x0000,0x0000,0x0000,0x0000,
	0x0000,0x0000,0x0000,0x0000,0x0000,0x0000,0x0000,0x0000,
	0x0000,0x0000,0x0000,0x0000,0x0000,0x0000,0x0000,0x0000,
	0x0000,0x0000,0x0000,0x0000,0x0000,0x0000,0x0000,0x0000,
	0x0000,0x0000,0x0000,0x0000,0x0000,0x0000,0x0000,0x0000,
	0x0000,0x0000,0x0000,0x0000,0x0000,0x0000,0x0000,0x0000,
	0x0000,0x0000,0x0000,0x0000,0x0000,0x0000,0x0000,0x0000,

	0x0000,0x0000,0x0000,0x0000,0x0000,0x0000,0x0000,0x0000,
	0x0000,0x0000,0x0000,0x0000,0x0000,0x0000,0x0000,0x0000,
	0x0000,0x0000,0x0000,0x0000,0x0000,0x0000,0x0000,0x0000,
	0x0000,0x0000,0x0000,0x0000,0x0000,0x0000,0x0000,0x0000,
	0x0000,0x0000,0x0000,0x0000,0x0000,0x0000,0x0000,0x0000,
	0x0000,0x0000,0x0000,0x0000,0x0000,0x0000,0x0000,0x0000,
	0x0000,0x0000,0x0000,0x0000,0x0000,0x0000,0x0000,0x0000,
	0x0000,0x0000,0x0000,0x0000,0x0000,0x0000,0x0000,0x0000,

	0x0000,0x0000,0x0000,0x0000,0x0000,0x0000,0x0000,0x0000,
	0x0000,0x0000,0x0000,0x0000,0x0000,0x0000,0x0000,0x0000,
	0x0000,0x0000,0x0000,0x0000,0x0000,0x0000,0x0000,0x0000,
	0x0000,0x0000,0x0000,0x0000,0x0000,0x0000,0x0000,0x0000,
	0x0000,0x0000,0x0000,0x0000,0x0000,0x0000,0x0000,0x0000,
	0x0000,0x0000,0x0000,0x0000,0x0000,0x0000,0x0000,0x0000,
	0x0000,0x0000,0x0000,0x0000,0x0000,0x0000,0x0000,0x0000,
	0x0000,0x0000,0x0000,0x0000,0x0000,0x0000,0x0000,0x0000,

	0x0000,0x0000,0x0000,0x0000,0x0000,0x0000,0x0000,0x0000,
	0x0000,0x0000,0x0000,0x0000,0x0000,0x0000,0x0000,0x0000,
	0x0000,0x0000,0x0000,0x0000,0x0000,0x0000,0x0000,0x0000,
	0x0000,0x0000,0x0000,0x0000,0x0000,0x0000,0x0000,0x0000,
	0x0000,0x0000,0x0000,0x0000,0x0000,0x0000,0x0000,0x0000,
	0x0000,0x0000,0x0000,0x0000,0x0000,0x0000,0x0000,0x0000,
	0x0000,0x0000,0x0000,0x0000,0x0000,0x0000,0x0000,0x0000,
	0x0000,0x0000,0x0000,0x0000,0x0000,0x0000,0x0000,0x0000,

	0x0000,0x0000,0x0000,0x0000,0x0000,0x0000,0x0000,0x0000,
	0x0000,0x0000,0x0000,0x0000,0x0000,0x0000,0x0000,0x0000,
	0x0000,0x0000,0x0000,0x0000,0x0000,0x0000,0x0000,0x0000,
	0x0000,0x0000,0x0000,0x0000,0x0000,0x0000,0x0000,0x0000,
	0x0000,0x0000,0x0000,0x0000,0x0000,0x0000,0x0000,0x0000,
	0x0000,0x0000,0x0000,0x0000,0x0000,0x0000,0x0000,0x0000,
	0x0000,0x0000,0x0000,0x0000,0x0000,0x0000,0x0000,0x0000,
	0x0000,0x0000,0x0000,0x0000,0x0000,0x0000,0x0000,0x0000,

	0x0000,0x0000,0x0000,0x0000,0x0000,0x0000,0x0000,0x0000,
	0x0000,0x0000,0x0000,0x0000,0x0000,0x0000,0x0000,0x0000,
	0x0000,0x0000,0x0000,0x0000,0x0000,0x0000,0x0000,0x0000,
	0x0000,0x0000,0x0000,0x0000,0x0000,0x0000,0x0000,0x0000,
	0x0000,0x0000,0x0000,0x0000,0x0000,0x0000,0x0000,0x0000,
	0x0000,0x0000,0x0000,0x0000,0x0000,0x0000,0x0000,0x0000,
	0x0000,0x0000,0x0000,0x0000,0x0000,0x0000,0x0000,0x0000,
	0x0000,0x0000,0x0000,0x0000,0x0000,0x0000,0x0000,0x0000,

	0x0000,0x0000,0x0000,0x0000,0x0000,0x0000,0x0000,0x0000,
	0x0000,0x0000,0x0000,0x0000,0x0000,0x0000,0x0000,0x0000,
	0x0000,0x0000,0x0000,0x0000,0x0000,0x0000,0x0000,0x0000,
	0x0000,0x0000,0x0000,0x0000,0x0000,0x0000,0x0000,0x0000,
	0x0000,0x0000,0x0000,0x0000,0x0000,0x0000,0x0000,0x0000,
	0x0000,0x0000,0x0000,0x0000,0x0000,0x0000,0x0000,0x0000,
	0x0000,0x0000,0x0000,0x0000,0x0000,0x0000,0x0000,0x0000,
	0x0000,0x0000,0x0000,0x0000,0x0000,0x0000,0x0000,0x0000,

	0x0000,0x0000,0x0000,0x0000,0x0000,0x0000,0x0000,0x0000,
	0x0000,0x0000,0x0000,0x0000,0x0000,0x0000,0x0000,0x0000,
	0x0000,0x0000,0x0000,0x0000,0x0000,0x0000,0x0000,0x0000,
	0x0000,0x0000,0x0000,0x0000,0x0000,0x0000,0x0000,0x0000,
	0x0000,0x0000,0x0000,0x0000,0x0000,0x0000,0x0000,0x0000,
	0x0000,0x0000,0x0000,0x0000,0x0000,0x0000,0x0000,0x0000,
	0x0000,0x0000,0x0000,0x0000,0x0000,0x0000,0x0000,0x0000,
	0x0000,0x0000,0x0000,0x0000,0x0000,0x0000,0x0000,0x0000,

	0x0000,0x0000,0x0000,0x0000,0x0000,0x0000,0x0000,0x0000,
	0x0000,0x0000,0x0000,0x0000,0x0000,0x0000,0x0000,0x0000,
	0x0000,0x0000,0x0000,0x0000,0x0000,0x0000,0x0000,0x0000,
	0x0000,0x0000,0x0000,0x0000,0x0000,0x0000,0x0000,0x0000,
	0x0000,0x0000,0x0000,0x0000,0x0000,0x0000,0x0000,0x0000,
	0x0000,0x0000,0x0000,0x0000,0x0000,0x0000,0x0000,0x0000,
	0x0000,0x0000,0x0000,0x0000,0x0000,0x0000,0x0000,0x0000,
	0x0000,0x0000,0x0000,0x0000,0x0000,0x0000,0x0000,0x0000,

	0x0000,0x0000,0x0000,0x0000,0x0000,0x0000,0x0000,0x0000,
	0x0000,0x0000,0x0000,0x0000,0x0000,0x0000,0x0000,0x0000,
	0x0000,0x0000,0x0000,0x0000,0x0000,0x0000,0x0000,0x0000,
	0x0000,0x0000,0x0000,0x0000,0x0000,0x0000,0x0000,0x0000,
	0x0000,0x0000,0x0000,0x0000,0x0000,0x0000,0x0000,0x0000,
	0x0000,0x0000,0x0000,0x0000,0x0000,0x0000,0x0000,0x0000,
	0x0000,0x0000,0x0000,0x0000,0x0000,0x0000,0x0000,0x0000,
	0x0000,0x0000,0x0000,0x0000,0x0000,0x0000,0x0000,0x0000,

	0x0000,0x0000,0x0000,0x0000,0x0000,0x0000,0x0000,0x0000,
	0x0000,0x0000,0x0000,0x0000,0x0000,0x0000,0x0000,0x0000,
	0x0000,0x0000,0x0000,0x0000,0x0000,0x0000,0x0000,0x0000,
	0x0000,0x0000,0x0000,0x0000,0x0000,0x0000,0x0000,0x0000,
	0x0000,0x0000,0x0000,0x0000,0x0000,0x0000,0x0000,0x0000,
	0x0000,0x0000,0x0000,0x0000,0x0000,0x0000,0x0000,0x0000,
	0x0000,0x0000,0x0000,0x0000,0x0000,0x0000,0x0000,0x0000,
	0x0000,0x0000,0x0000,0x0000,0x0000,0x0000,0x0000,0x0000,

	0x0000,0x0000,0x0000,0x0000,0x0000,0x0000,0x0000,0x0000,
	0x0000,0x0000,0x0000,0x0000,0x0000,0x0000,0x0000,0x0000,
	0x0000,0x0000,0x0000,0x0000,0x0000,0x0000,0x0000,0x0000,
	0x0000,0x0000,0x0000,0x0000,0x0000,0x0000,0x0000,0x0000,
	0x0000,0x0000,0x0000,0x0000,0x0000,0x0000,0x0000,0x0000,
	0x0000,0x0000,0x0000,0x0000,0x0000,0x0000,0x0000,0x0000,
	0x0000,0x0000,0x0000,0x0000,0x0000,0x0000,0x0000,0x0000,
	0x0000,0x0000,0x0000,0x0000,0x0000,0x0000,0x0000,0x0000,

	0x0000,0x0000,0x0000,0x0000,0x0000,0x0000,0x0000,0x0000,
	0x0000,0x0000,0x0000,0x0000,0x0000,0x0000,0x0000,0x0000,
	0x0000,0x0000,0x0000,0x0000,0x0000,0x0000,0x0000,0x0000,
	0x0000,0x0000,0x0000,0x0000,0x0000,0x0000,0x0000,0x0000,
	0x0000,0x0000,0x0000,0x0000,0x0000,0x0000,0x0000,0x0000,
	0x0000,0x0000,0x0000,0x0000,0x0000,0x0000,0x0000,0x0000,
	0x0000,0x0000,0x0000,0x0000,0x0000,0x0000,0x0000,0x0000,
	0x0000,0x0000,0x0000,0x0000,0x0000,0x0000,0x0000,0x0000,

	0x0000,0x0000,0x0000,0x0000,0x0000,0x0000,0x0000,0x0000,
	0x0000,0x0000,0x0000,0x0000,0x0000,0x0000,0x0000,0x0000,
	0x0000,0x0000,0x0000,0x0000,0x0000,0x0000,0x0000,0x0000,
	0x0000,0x0000,0x0000,0x0000,0x0000,0x0000,0x0000,0x0000,
	0x0000,0x0000,0x0000,0x0000,0x0000,0x0000,0x0000,0x0000,
	0x0000,0x0000,0x0000,0x0000,0x0000,0x0000,0x0000,0x0000,
	0x0000,0x0000,0x0000,0x0000,0x0000,0x0000,0x0000,0x0000,
	0x0000,0x0000,0x0000,0x0000,0x0000,0x0000,0x0000,0x0000,

	0x0000,0x0000,0x0000,0x0000,0x0000,0x0000,0x0000,0x0000,
	0x0000,0x0000,0x0000,0x0000,0x0000,0x0000,0x0000,0x0000,
	0x0000,0x0000,0x0000,0x0000,0x0000,0x0000,0x0000,0x0000,
	0x0000,0x0000,0x0000,0x0000,0x0000,0x0000,0x0000,0x0000,
	0x0000,0x0000,0x0000,0x0000,0x0000,0x0000,0x0000,0x0000,
	0x0000,0x0000,0x0000,0x0000,0x0000,0x0000,0x0000,0x0000,
	0x0000,0x0000,0x0000,0x0000,0x0000,0x0000,0x0000,0x0000,
	0x0000,0x0000,0x0000,0x0000,0x0000,0x0000,0x0000,0x0000,

	0x0000,0x0000,0x0000,0x0000,0x0000,0x0000,0x0000,0x0000,
	0x0000,0x0000,0x0000,0x0000,0x0000,0x0000,0x0000,0x0000,
	0x0000,0x0000,0x0000,0x0000,0x0000,0x0000,0x0000,0x0000,
	0x0000,0x0000,0x0000,0x0000,0x0000,0x0000,0x0000,0x0000,
	0x0000,0x0000,0x0000,0x0000,0x0000,0x0000,0x0000,0x0000,
	0x0000,0x0000,0x0000,0x0000,0x0000,0x0000,0x0000,0x0000,
	0x0000,0x0000,0x0000,0x0000,0x0000,0x0000,0x0000,0x0000,
	0x0000,0x0000,0x0000,0x0000,0x0000,0x0000,0x0000,0x0000,

	0x0000,0x0000,0x0000,0x0000,0x0000,0x0000,0x0000,0x0000,
	0x0000,0x0000,0x0000,0x0000,0x0000,0x0000,0x0000,0x0000,
	0x0000,0x0000,0x0000,0x0000,0x0000,0x0000,0x0000,0x0000,
	0x0000,0x0000,0x0000,0x0000,0x0000,0x0000,0x0000,0x0000,
	0x0000,0x0000,0x0000,0x0000,0x0000,0x0000,0x0000,0x0000,
	0x0000,0x0000,0x0000,0x0000,0x0000,0x0000,0x0000,0x0000,
	0x0000,0x0000,0x0000,0x0000,0x0000,0x0000,0x0000,0x0000,
	0x0000,0x0000,0x0000,0x0000,0x0000,0x0000,0x0000,0x0000,

	0x0000,0x0000,0x0000,0x0000,0x0000,0x0000,0x0000,0x0000,
	0x0000,0x0000,0x0000,0x0000,0x0000,0x0000,0x0000,0x0000,
	0x0000,0x0000,0x0000,0x0000,0x0000,0x0000,0x0000,0x0000,
	0x0000,0x0000,0x0000,0x0000,0x0000,0x0000,0x0000,0x0000,
	0x0000,0x0000,0x0000,0x0000,0x0000,0x0000,0x0000,0x0000,
	0x0000,0x0000,0x0000,0x0000,0x0000,0x0000,0x0000,0x0000,
	0x0000,0x0000,0x0000,0x0000,0x0000,0x0000,0x0000,0x0000,
	0x0000,0x0000,0x0000,0x0000,0x0000,0x0000,0x0000,0x0000,

	0x0000,0x0000,0x0000,0x0000,0x0000,0x0000,0x0000,0x0000,
	0x0000,0x0000,0x0000,0x0000,0x0000,0x0000,0x0000,0x0000,
	0x0000,0x0000,0x0000,0x0000,0x0000,0x0000,0x0000,0x0000,
	0x0000,0x0000,0x0000,0x0000,0x0000,0x0000,0x0000,0x0000,
	0x0000,0x0000,0x0000,0x0000,0x0000,0x0000,0x0000,0x0000,
	0x0000,0x0000,0x0000,0x0000,0x0000,0x0000,0x0000,0x0000,
	0x0000,0x0000,0x0000,0x0000,0x0000,0x0000,0x0000,0x0000,
	0x0000,0x0000,0x0000,0x0000,0x0000,0x0000,0x0000,0x0000,

	0x0000,0x0000,0x0000,0x0000,0x0000,0x0000,0x0000,0x0000,
	0x0000,0x0000,0x0000,0x0000,0x0000,0x0000,0x0000,0x0000,
	0x0000,0x0000,0x0000,0x0000,0x0000,0x0000,0x0000,0x0000,
	0x0000,0x0000,0x0000,0x0000,0x0000,0x0000,0x0000,0x0000,
	0x0000,0x0000,0x0000,0x0000,0x0000,0x0000,0x0000,0x0000,
	0x0000,0x0000,0x0000,0x0000,0x0000,0x0000,0x0000,0x0000,
	0x0000,0x0000,0x0000,0x0000,0x0000,0x0000,0x0000,0x0000,
	0x0000,0x0000,0x0000,0x0000,0x0000,0x0000,0x0000,0x0000,

	0x0000,0x0000,0x0000,0x0000,0x0000,0x0000,0x0000,0x0000,
	0x0000,0x0000,0x0000,0x0000,0x0000,0x0000,0x0000,0x0000,
	0x0000,0x0000,0x0000,0x0000,0x0000,0x0000,0x0000,0x0000,
	0x0000,0x0000,0x0000,0x0000,0x0000,0x0000,0x0000,0x0000,
	0x0000,0x0000,0x0000,0x0000,0x0000,0x0000,0x0000,0x0000,
	0x0000,0x0000,0x0000,0x0000,0x0000,0x0000,0x0000,0x0000,
	0x0000,0x0000,0x0000,0x0000,0x0000,0x0000,0x0000,0x0000,
	0x0000,0x0000,0x0000,0x0000,0x0000,0x0000,0x0000,0x0000,

	0x0000,0x0000,0x0000,0x0000,0x0000,0x0000,0x0000,0x0000,
	0x0000,0x0000,0x0000,0x0000,0x0000,0x0000,0x0000,0x0000,
	0x0000,0x0000,0x0000,0x0000,0x0000,0x0000,0x0000,0x0000,
	0x0000,0x0000,0x0000,0x0000,0x0000,0x0000,0x0000,0x0000,
	0x0000,0x0000,0x0000,0x0000,0x0000,0x0000,0x0000,0x0000,
	0x0000,0x0000,0x0000,0x0000,0x0000,0x0000,0x0000,0x0000,
	0x0000,0x0000,0x0000,0x0000,0x0000,0x0000,0x0000,0x0000,
	0x0000,0x0000,0x0000,0x0000,0x0000,0x0000,0x0000,0x0000,

	0x0000,0x0000,0x0000,0x0000,0x0000,0x0000,0x0000,0x0000,
	0x0000,0x0000,0x0000,0x0000,0x0000,0x0000,0x0000,0x0000,
	0x0000,0x0000,0x0000,0x0000,0x0000,0x0000,0x0000,0x0000,
	0x0000,0x0000,0x0000,0x0000,0x0000,0x0000,0x0000,0x0000,
	0x0000,0x0000,0x0000,0x0000,0x0000,0x0000,0x0000,0x0000,
	0x0000,0x0000,0x0000,0x0000,0x0000,0x0000,0x0000,0x0000,
	0x0000,0x0000,0x0000,0x0000,0x0000,0x0000,0x0000,0x0000,
	0x0000,0x0000,0x0000,0x0000,0x0000,0x0000,0x0000,0x0000,

	0x0000,0x0000,0x0000,0x0000,0x0000,0x0000,0x0000,0x0000,
	0x0000,0x0000,0x0000,0x0000,0x0000,0x0000,0x0000,0x0000,
	0x0000,0x0000,0x0000,0x0000,0x0000,0x0000,0x0000,0x0000,
	0x0000,0x0000,0x0000,0x0000,0x0000,0x0000,0x0000,0x0000,
	0x0000,0x0000,0x0000,0x0000,0x0000,0x0000,0x0000,0x0000,
	0x0000,0x0000,0x0000,0x0000,0x0000,0x0000,0x0000,0x0000,
	0x0000,0x0000,0x0000,0x0000,0x0000,0x0000,0x0000,0x0000,
	0x0000,0x0000,0x0000,0x0000,0x0000,0x0000,0x0000,0x0000,

	0x0000,0x0000,0x0000,0x0000,0x0000,0x0000,0x0000,0x0000,
	0x0000,0x0000,0x0000,0x0000,0x0000,0x0000,0x0000,0x0000,
	0x0000,0x0000,0x0000,0x0000,0x0000,0x0000,0x0000,0x0000,
	0x0000,0x0000,0x0000,0x0000,0x0000,0x0000,0x0000,0x0000,
	0x0000,0x0000,0x0000,0x0000,0x0000,0x0000,0x0000,0x0000,
	0x0000,0x0000,0x0000,0x0000,0x0000,0x0000,0x0000,0x0000,
	0x0000,0x0000,0x0000,0x0000,0x0000,0x0000,0x0000,0x0000,
	0x0000,0x0000,0x0000,0x0000,0x0000,0x0000,0x0000,0x0000,

	0x0000,0x0000,0x0000,0x0000,0x0000,0x0000,0x0000,0x0000,
	0x0000,0x0000,0x0000,0x0000,0x0000,0x0000,0x0000,0x0000,
	0x0000,0x0000,0x0000,0x0000,0x0000,0x0000,0x0000,0x0000,
	0x0000,0x0000,0x0000,0x0000,0x0000,0x0000,0x0000,0x0000,
	0x0000,0x0000,0x0000,0x0000,0x0000,0x0000,0x0000,0x0000,
	0x0000,0x0000,0x0000,0x0000,0x0000,0x0000,0x0000,0x0000,
	0x0000,0x0000,0x0000,0x0000,0x0000,0x0000,0x0000,0x0000,
	0x0000,0x0000,0x0000,0x0000,0x0000,0x0000,0x0000,0x0000,

	0x0000,0x0000,0x0000,0x0000,0x0000,0x0000,0x0000,0x0000,
	0x0000,0x0000,0x0000,0x0000,0x0000,0x0000,0x0000,0x0000,
	0x0000,0x0000,0x0000,0x0000,0x0000,0x0000,0x0000,0x0000,
	0x0000,0x0000,0x0000,0x0000,0x0000,0x0000,0x0000,0x0000,
	0x0000,0x0000,0x0000,0x0000,0x0000,0x0000,0x0000,0x0000,
	0x0000,0x0000,0x0000,0x0000,0x0000,0x0000,0x0000,0x0000,
	0x0000,0x0000,0x0000,0x0000,0x0000,0x0000,0x0000,0x0000,
	0x0000,0x0000,0x0000,0x0000,0x0000,0x0000,0x0000,0x0000,

	0x0000,0x0000,0x0000,0x0000,0x0000,0x0000,0x0000,0x0000,
	0x0000,0x0000,0x0000,0x0000,0x0000,0x0000,0x0000,0x0000,
	0x0000,0x0000,0x0000,0x0000,0x0000,0x0000,0x0000,0x0000,
	0x0000,0x0000,0x0000,0x0000,0x0000,0x0000,0x0000,0x0000,
	0x0000,0x0000,0x0000,0x0000,0x0000,0x0000,0x0000,0x0000,
	0x0000,0x0000,0x0000,0x0000,0x0000,0x0000,0x0000,0x0000,
	0x0000,0x0000,0x0000,0x0000,0x0000,0x0000,0x0000,0x0000,
	0x0000,0x0000,0x0000,0x0000,0x0000,0x0000,0x0000,0x0000,

	0x0000,0x0000,0x0000,0x0000,0x0000,0x0000,0x0000,0x0000,
	0x0000,0x0000,0x0000,0x0000,0x0000,0x0000,0x0000,0x0000,
	0x0000,0x0000,0x0000,0x0000,0x0000,0x0000,0x0000,0x0000,
	0x0000,0x0000,0x0000,0x0000,0x0000,0x0000,0x0000,0x0000,
	0x0000,0x0000,0x0000,0x0000,0x0000,0x0000,0x0000,0x0000,
	0x0000,0x0000,0x0000,0x0000,0x0000,0x0000,0x0000,0x0000,
	0x0000,0x0000,0x0000,0x0000,0x0000,0x0000,0x0000,0x0000,
	0x0000,0x0000,0x0000,0x0000,0x0000,0x0000,0x0000,0x0000,

	0x0000,0x0000,0x0000,0x0000,0x0000,0x0000,0x0000,0x0000,
	0x0000,0x0000,0x0000,0x0000,0x0000,0x0000,0x0000,0x0000,
	0x0000,0x0000,0x0000,0x0000,0x0000,0x0000,0x0000,0x0000,
	0x0000,0x0000,0x0000,0x0000,0x0000,0x0000,0x0000,0x0000,
	0x0000,0x0000,0x0000,0x0000,0x0000,0x0000,0x0000,0x0000,
	0x0000,0x0000,0x0000,0x0000,0x0000,0x0000,0x0000,0x0000,
	0x0000,0x0000,0x0000,0x0000,0x0000,0x0000,0x0000,0x0000,
	0x0000,0x0000,0x0000,0x0000,0x0000,0x0000,0x0000,0x0000,

	0x0000,0x0000,0x0000,0x0000,0x0000,0x0000,0x0000,0x0000,
	0x0000,0x0000,0x0000,0x0000,0x0000,0x0000,0x0000,0x0000,
	0x0000,0x0000,0x0000,0x0000,0x0000,0x0000,0x0000,0x0000,
	0x0000,0x0000,0x0000,0x0000,0x0000,0x0000,0x0000,0x0000,
	0x0000,0x0000,0x0000,0x0000,0x0000,0x0000,0x0000,0x0000,
	0x0000,0x0000,0x0000,0x0000,0x0000,0x0000,0x0000,0x0000,
	0x0000,0x0000,0x0000,0x0000,0x0000,0x0000,0x0000,0x0000,
	0x0000,0x0000,0x0000,0x0000,0x0000,0x0000,0x0000,0x0000,

	0x0000,0x0000,0x0000,0x0000,0x0000,0x0000,0x0000,0x0000,
	0x0000,0x0000,0x0000,0x0000,0x0000,0x0000,0x0000,0x0000,
	0x0000,0x0000,0x0000,0x0000,0x0000,0x0000,0x0000,0x0000,
	0x0000,0x0000,0x0000,0x0000,0x0000,0x0000,0x0000,0x0000,
	0x0000,0x0000,0x0000,0x0000,0x0000,0x0000,0x0000,0x0000,
	0x0000,0x0000,0x0000,0x0000,0x0000,0x0000,0x0000,0x0000,
	0x0000,0x0000,0x0000,0x0000,0x0000,0x0000,0x0000,0x0000,
	0x0000,0x0000,0x0000,0x0000,0x0000,0x0000,0x0000,0x0000,

	0x0000,0x0000,0x0000,0x0000,0x0000,0x0000,0x0000,0x0000,
	0x0000,0x0000,0x0000,0x0000,0x0000,0x0000,0x0000,0x0000,
	0x0000,0x0000,0x0000,0x0000,0x0000,0x0000,0x0000,0x0000,
	0x0000,0x0000,0x0000,0x0000,0x0000,0x0000,0x0000,0x0000,
	0x0000,0x0000,0x0000,0x0000,0x0000,0x0000,0x0000,0x0000,
	0x0000,0x0000,0x0000,0x0000,0x0000,0x0000,0x0000,0x0000,
	0x0000,0x0000,0x0000,0x0000,0x0000,0x0000,0x0000,0x0000,
	0x0000,0x0000,0x0000,0x0000,0x0000,0x0000,0x0000,0x0000,

	0x0000,0x0000,0x0000,0x0000,0x0000,0x0000,0x0000,0x0000,
	0x0000,0x0000,0x0000,0x0000,0x0000,0x0000,0x0000,0x0000,
	0x0000,0x0000,0x0000,0x0000,0x0000,0x0000,0x0000,0x0000,
	0x0000,0x0000,0x0000,0x0000,0x0000,0x0000,0x0000,0x0000,
	0x0000,0x0000,0x0000,0x0000,0x0000,0x0000,0x0000,0x0000,
	0x0000,0x0000,0x0000,0x0000,0x0000,0x0000,0x0000,0x0000,
	0x0000,0x0000,0x0000,0x0000,0x0000,0x0000,0x0000,0x0000,
	0x0000,0x0000,0x0000,0x0000,0x0000,0x0000,0x0000,0x0000,

	0x0000,0x0000,0x0000,0x0000,0x0000,0x0000,0x0000,0x0000,
	0x0000,0x0000,0x0000,0x0000,0x0000,0x0000,0x0000,0x0000,
	0x0000,0x0000,0x0000,0x0000,0x0000,0x0000,0x0000,0x0000,
	0x0000,0x0000,0x0000,0x0000,0x0000,0x0000,0x0000,0x0000,
	0x0000,0x0000,0x0000,0x0000,0x0000,0x0000,0x0000,0x0000,
	0x0000,0x0000,0x0000,0x0000,0x0000,0x0000,0x0000,0x0000,
	0x0000,0x0000,0x0000,0x0000,0x0000,0x0000,0x0000,0x0000,
	0x0000,0x0000,0x0000,0x0000,0x0000,0x0000,0x0000,0x0000,

	0x0000,0x0000,0x0000,0x0000,0x0000,0x0000,0x0000,0x0000,
	0x0000,0x0000,0x0000,0x0000,0x0000,0x0000,0x0000,0x0000,
	0x0000,0x0000,0x0000,0x0000,0x0000,0x0000,0x0000,0x0000,
	0x0000,0x0000,0x0000,0x0000,0x0000,0x0000,0x0000,0x0000,
	0x0000,0x0000,0x0000,0x0000,0x0000,0x0000,0x0000,0x0000,
	0x0000,0x0000,0x0000,0x0000,0x0000,0x0000,0x0000,0x0000,
	0x0000,0x0000,0x0000,0x0000,0x0000,0x0000,0x0000,0x0000,
	0x0000,0x0000,0x0000,0x0000,0x0000,0x0000,0x0000,0x0000,

	0x0000,0x0000,0x0000,0x0000,0x0000,0x0000,0x0000,0x0000,
	0x0000,0x0000,0x0000,0x0000,0x0000,0x0000,0x0000,0x0000,
	0x0000,0x0000,0x0000,0x0000,0x0000,0x0000,0x0000,0x0000,
	0x0000,0x0000,0x0000,0x0000,0x0000,0x0000,0x0000,0x0000,
	0x0000,0x0000,0x0000,0x0000,0x0000,0x0000,0x0000,0x0000,
	0x0000,0x0000,0x0000,0x0000,0x0000,0x0000,0x0000,0x0000,
	0x0000,0x0000,0x0000,0x0000,0x0000,0x0000,0x0000,0x0000,
	0x0000,0x0000,0x0000,0x0000,0x0000,0x0000,0x0000,0x0000,

	0x0000,0x0000,0x0000,0x0000,0x0000,0x0000,0x0000,0x0000,
	0x0000,0x0000,0x0000,0x0000,0x0000,0x0000,0x0000,0x0000,
	0x0000,0x0000,0x0000,0x0000,0x0000,0x0000,0x0000,0x0000,
	0x0000,0x0000,0x0000,0x0000,0x0000,0x0000,0x0000,0x0000,
	0x0000,0x0000,0x0000,0x0000,0x0000,0x0000,0x0000,0x0000,
	0x0000,0x0000,0x0000,0x0000,0x0000,0x0000,0x0000,0x0000,
	0x0000,0x0000,0x0000,0x0000,0x0000,0x0000,0x0000,0x0000,
	0x0000,0x0000,0x0000,0x0000,0x0000,0x0000,0x0000,0x0000,

	0x0000,0x0000,0x0000,0x0000,0x0000,0x0000,0x0000,0x0000,
	0x0000,0x0000,0x0000,0x0000,0x0000,0x0000,0x0000,0x0000,
	0x0000,0x0000,0x0000,0x0000,0x0000,0x0000,0x0000,0x0000,
	0x0000,0x0000,0x0000,0x0000,0x0000,0x0000,0x0000,0x0000,
	0x0000,0x0000,0x0000,0x0000,0x0000,0x0000,0x0000,0x0000,
	0x0000,0x0000,0x0000,0x0000,0x0000,0x0000,0x0000,0x0000,
	0x0000,0x0000,0x0000,0x0000,0x0000,0x0000,0x0000,0x0000,
	0x0000,0x0000,0x0000,0x0000,0x0000,0x0000,0x0000,0x0000,

	0x0000,0x0000,0x0000,0x0000,0x0000,0x0000,0x0000,0x0000,
	0x0000,0x0000,0x0000,0x0000,0x0000,0x0000,0x0000,0x0000,
	0x0000,0x0000,0x0000,0x0000,0x0000,0x0000,0x0000,0x0000,
	0x0000,0x0000,0x0000,0x0000,0x0000,0x0000,0x0000,0x0000,
	0x0000,0x0000,0x0000,0x0000,0x0000,0x0000,0x0000,0x0000,
	0x0000,0x0000,0x0000,0x0000,0x0000,0x0000,0x0000,0x0000,
	0x0000,0x0000,0x0000,0x0000,0x0000,0x0000,0x0000,0x0000,
	0x0000,0x0000,0x0000,0x0000,0x0000,0x0000,0x0000,0x0000,

	0x0000,0x0000,0x0000,0x0000,0x0000,0x0000,0x0000,0x0000,
	0x0000,0x0000,0x0000,0x0000,0x0000,0x0000,0x0000,0x0000,
	0x0000,0x0000,0x0000,0x0000,0x0000,0x0000,0x0000,0x0000,
	0x0000,0x0000,0x0000,0x0000,0x0000,0x0000,0x0000,0x0000,
	0x0000,0x0000,0x0000,0x0000,0x0000,0x0000,0x0000,0x0000,
	0x0000,0x0000,0x0000,0x0000,0x0000,0x0000,0x0000,0x0000,
	0x0000,0x0000,0x0000,0x0000,0x0000,0x0000,0x0000,0x0000,
	0x0000,0x0000,0x0000,0x0000,0x0000,0x0000,0x0000,0x0000,

	0x0000,0x0000,0x0000,0x0000,0x0000,0x0000,0x0000,0x0000,
	0x0000,0x0000,0x0000,0x0000,0x0000,0x0000,0x0000,0x0000,
	0x0000,0x0000,0x0000,0x0000,0x0000,0x0000,0x0000,0x0000,
	0x0000,0x0000,0x0000,0x0000,0x0000,0x0000,0x0000,0x0000,
	0x0000,0x0000,0x0000,0x0000,0x0000,0x0000,0x0000,0x0000,
	0x0000,0x0000,0x0000,0x0000,0x0000,0x0000,0x0000,0x0000,
	0x0000,0x0000,0x0000,0x0000,0x0000,0x0000,0x0000,0x0000,
	0x0000,0x0000,0x0000,0x0000,0x0000,0x0000,0x0000,0x0000,

	0x0000,0x0000,0x0000,0x0000,0x0000,0x0000,0x0000,0x0000,
	0x0000,0x0000,0x0000,0x0000,0x0000,0x0000,0x0000,0x0000,
	0x0000,0x0000,0x0000,0x0000,0x0000,0x0000,0x0000,0x0000,
	0x0000,0x0000,0x0000,0x0000,0x0000,0x0000,0x0000,0x0000,
	0x0000,0x0000,0x0000,0x0000,0x0000,0x0000,0x0000,0x0000,
	0x0000,0x0000,0x0000,0x0000,0x0000,0x0000,0x0000,0x0000,
	0x0000,0x0000,0x0000,0x0000,0x0000,0x0000,0x0000,0x0000,
	0x0000,0x0000,0x0000,0x0000,0x0000,0x0000,0x0000,0x0000,

	0x0000,0x0000,0x0000,0x0000,0x0000,0x0000,0x0000,0x0000,
	0x0000,0x0000,0x0000,0x0000,0x0000,0x0000,0x0000,0x0000,
	0x0000,0x0000,0x0000,0x0000,0x0000,0x0000,0x0000,0x0000,
	0x0000,0x0000,0x0000,0x0000,0x0000,0x0000,0x0000,0x0000,
	0x0000,0x0000,0x0000,0x0000,0x0000,0x0000,0x0000,0x0000,
	0x0000,0x0000,0x0000,0x0000,0x0000,0x0000,0x0000,0x0000,
	0x0000,0x0000,0x0000,0x0000,0x0000,0x0000,0x0000,0x0000,
	0x0000,0x0000,0x0000,0x0000,0x0000,0x0000,0x0000,0x0000,

	0x0000,0x0000,0x0000,0x0000,0x0000,0x0000,0x0000,0x0000,
	0x0000,0x0000,0x0000,0x0000,0x0000,0x0000,0x0000,0x0000,
	0x0000,0x0000,0x0000,0x0000,0x0000,0x0000,0x0000,0x0000,
	0x0000,0x0000,0x0000,0x0000,0x0000,0x0000,0x0000,0x0000,
	0x0000,0x0000,0x0000,0x0000,0x0000,0x0000,0x0000,0x0000,
	0x0000,0x0000,0x0000,0x0000,0x0000,0x0000,0x0000,0x0000,
	0x0000,0x0000,0x0000,0x0000,0x0000,0x0000,0x0000,0x0000,
	0x0000,0x0000,0x0000,0x0000,0x0000,0x0000,0x0000,0x0000,

	0x0000,0x0000,0x0000,0x0000,0x0000,0x0000,0x0000,0x0000,
	0x0000,0x0000,0x0000,0x0000,0x0000,0x0000,0x0000,0x0000,
	0x0000,0x0000,0x0000,0x0000,0x0000,0x0000,0x0000,0x0000,
	0x0000,0x0000,0x0000,0x0000,0x0000,0x0000,0x0000,0x0000,
	0x0000,0x0000,0x0000,0x0000,0x0000,0x0000,0x0000,0x0000,
	0x0000,0x0000,0x0000,0x0000,0x0000,0x0000,0x0000,0x0000,
	0x0000,0x0000,0x0000,0x0000,0x0000,0x0000,0x0000,0x0000,
	0x0000,0x0000,0x0000,0x0000,0x0000,0x0000,0x0000,0x0000,

	0x0000,0x0000,0x0000,0x0000,0x0000,0x0000,0x0000,0x0000,
	0x0000,0x0000,0x0000,0x0000,0x0000,0x0000,0x0000,0x0000,
	0x0000,0x0000,0x0000,0x0000,0x0000,0x0000,0x0000,0x0000,
	0x0000,0x0000,0x0000,0x0000,0x0000,0x0000,0x0000,0x0000,
	0x0000,0x0000,0x0000,0x0000,0x0000,0x0000,0x0000,0x0000,
	0x0000,0x0000,0x0000,0x0000,0x0000,0x0000,0x0000,0x0000,
	0x0000,0x0000,0x0000,0x0000,0x0000,0x0000,0x0000,0x0000,
	0x0000,0x0000,0x0000,0x0000,0x0000,0x0000,0x0000,0x0000,

	0x0000,0x0000,0x0000,0x0000,0x0000,0x0000,0x0000,0x0000,
	0x0000,0x0000,0x0000,0x0000,0x0000,0x0000,0x0000,0x0000,
	0x0000,0x0000,0x0000,0x0000,0x0000,0x0000,0x0000,0x0000,
	0x0000,0x0000,0x0000,0x0000,0x0000,0x0000,0x0000,0x0000,
	0x0000,0x0000,0x0000,0x0000,0x0000,0x0000,0x0000,0x0000,
	0x0000,0x0000,0x0000,0x0000,0x0000,0x0000,0x0000,0x0000,
	0x0000,0x0000,0x0000,0x0000,0x0000,0x0000,0x0000,0x0000,
	0x0000,0x0000,0x0000,0x0000,0x0000,0x0000,0x0000,0x0000,

	0x0000,0x0000,0x0000,0x0000,0x0000,0x0000,0x0000,0x0000,
	0x0000,0x0000,0x0000,0x0000,0x0000,0x0000,0x0000,0x0000,
	0x0000,0x0000,0x0000,0x0000,0x0000,0x0000,0x0000,0x0000,
	0x0000,0x0000,0x0000,0x0000,0x0000,0x0000,0x0000,0x0000,
	0x0000,0x0000,0x0000,0x0000,0x0000,0x0000,0x0000,0x0000,
	0x0000,0x0000,0x0000,0x0000,0x0000,0x0000,0x0000,0x0000,
	0x0000,0x0000,0x0000,0x0000,0x0000,0x0000,0x0000,0x0000,
	0x0000,0x0000,0x0000,0x0000,0x0000,0x0000,0x0000,0x0000,

	0x0000,0x0000,0x0000,0x0000,0x0000,0x0000,0x0000,0x0000,
	0x0000,0x0000,0x0000,0x0000,0x0000,0x0000,0x0000,0x0000,
	0x0000,0x0000,0x0000,0x0000,0x0000,0x0000,0x0000,0x0000,
	0x0000,0x0000,0x0000,0x0000,0x0000,0x0000,0x0000,0x0000,
	0x0000,0x0000,0x0000,0x0000,0x0000,0x0000,0x0000,0x0000,
	0x0000,0x0000,0x0000,0x0000,0x0000,0x0000,0x0000,0x0000,
	0x0000,0x0000,0x0000,0x0000,0x0000,0x0000,0x0000,0x0000,
	0x0000,0x0000,0x0000,0x0000,0x0000,0x0000,0x0000,0x0000,

	0x0000,0x0000,0x0000,0x0000,0x0000,0x0000,0x0000,0x0000,
	0x0000,0x0000,0x0000,0x0000,0x0000,0x0000,0x0000,0x0000,
	0x0000,0x0000,0x0000,0x0000,0x0000,0x0000,0x0000,0x0000,
	0x0000,0x0000,0x0000,0x0000,0x0000,0x0000,0x0000,0x0000,
	0x0000,0x0000,0x0000,0x0000,0x0000,0x0000,0x0000,0x0000,
	0x0000,0x0000,0x0000,0x0000,0x0000,0x0000,0x0000,0x0000,
	0x0000,0x0000,0x0000,0x0000,0x0000,0x0000,0x0000,0x0000,
	0x0000,0x0000,0x0000,0x0000,0x0000,0x0000,0x0000,0x0000,

	0x0000,0x0000,0x0000,0x0000,0x0000,0x0000,0x0000,0x0000,
	0x0000,0x0000,0x0000,0x0000,0x0000,0x0000,0x0000,0x0000,
	0x0000,0x0000,0x0000,0x0000,0x0000,0x0000,0x0000,0x0000,
	0x0000,0x0000,0x0000,0x0000,0x0000,0x0000,0x0000,0x0000,
	0x0000,0x0000,0x0000,0x0000,0x0000,0x0000,0x0000,0x0000,
	0x0000,0x0000,0x0000,0x0000,0x0000,0x0000,0x0000,0x0000,
	0x0000,0x0000,0x0000,0x0000,0x0000,0x0000,0x0000,0x0000,
	0x0000,0x0000,0x0000,0x0000,0x0000,0x0000,0x0000,0x0000,

	0x0000,0x0000,0x0000,0x0000,0x0000,0x0000,0x0000,0x0000,
	0x0000,0x0000,0x0000,0x0000,0x0000,0x0000,0x0000,0x0000,
	0x0000,0x0000,0x0000,0x0000,0x0000,0x0000,0x0000,0x0000,
	0x0000,0x0000,0x0000,0x0000,0x0000,0x0000,0x0000,0x0000,
	0x0000,0x0000,0x0000,0x0000,0x0000,0x0000,0x0000,0x0000,
	0x0000,0x0000,0x0000,0x0000,0x0000,0x0000,0x0000,0x0000,
	0x0000,0x0000,0x0000,0x0000,0x0000,0x0000,0x0000,0x0000,
	0x0000,0x0000,0x0000,0x0000,0x0000,0x0000,0x0000,0x0000,

	0x0000,0x0000,0x0000,0x0000,0x0000,0x0000,0x0000,0x0000,
	0x0000,0x0000,0x0000,0x0000,0x0000,0x0000,0x0000,0x0000,
	0x0000,0x0000,0x0000,0x0000,0x0000,0x0000,0x0000,0x0000,
	0x0000,0x0000,0x0000,0x0000,0x0000,0x0000,0x0000,0x0000,
	0x0000,0x0000,0x0000,0x0000,0x0000,0x0000,0x0000,0x0000,
	0x0000,0x0000,0x0000,0x0000,0x0000,0x0000,0x0000,0x0000,
	0x0000,0x0000,0x0000,0x0000,0x0000,0x0000,0x0000,0x0000,
	0x0000,0x0000,0x0000,0x0000,0x0000,0x0000,0x0000,0x0000,

	0x0000,0x0000,0x0000,0x0000,0x0000,0x0000,0x0000,0x0000,
	0x0000,0x0000,0x0000,0x0000,0x0000,0x0000,0x0000,0x0000,
	0x0000,0x0000,0x0000,0x0000,0x0000,0x0000,0x0000,0x0000,
	0x0000,0x0000,0x0000,0x0000,0x0000,0x0000,0x0000,0x0000,
	0x0000,0x0000,0x0000,0x0000,0x0000,0x0000,0x0000,0x0000,
	0x0000,0x0000,0x0000,0x0000,0x0000,0x0000,0x0000,0x0000,
	0x0000,0x0000,0x0000,0x0000,0x0000,0x0000,0x0000,0x0000,
	0x0000,0x0000,0x0000,0x0000,0x0000,0x0000,0x0000,0x0000,

	0x0000,0x0000,0x0000,0x0000,0x0000,0x0000,0x0000,0x0000,
	0x0000,0x0000,0x0000,0x0000,0x0000,0x0000,0x0000,0x0000,
	0x0000,0x0000,0x0000,0x0000,0x0000,0x0000,0x0000,0x0000,
	0x0000,0x0000,0x0000,0x0000,0x0000,0x0000,0x0000,0x0000,
	0x0000,0x0000,0x0000,0x0000,0x0000,0x0000,0x0000,0x0000,
	0x0000,0x0000,0x0000,0x0000,0x0000,0x0000,0x0000,0x0000,
	0x0000,0x0000,0x0000,0x0000,0x0000,0x0000,0x0000,0x0000,
	0x0000,0x0000,0x0000,0x0000,0x0000,0x0000,0x0000,0x0000,

	0x0000,0x0000,0x0000,0x0000,0x0000,0x0000,0x0000,0x0000,
	0x0000,0x0000,0x0000,0x0000,0x0000,0x0000,0x0000,0x0000,
	0x0000,0x0000,0x0000,0x0000,0x0000,0x0000,0x0000,0x0000,
	0x0000,0x0000,0x0000,0x0000,0x0000,0x0000,0x0000,0x0000,
	0x0000,0x0000,0x0000,0x0000,0x0000,0x0000,0x0000,0x0000,
	0x0000,0x0000,0x0000,0x0000,0x0000,0x0000,0x0000,0x0000,
	0x0000,0x0000,0x0000,0x0000,0x0000,0x0000,0x0000,0x0000,
	0x0000,0x0000,0x0000,0x0000,0x0000,0x0000,0x0000,0x0000,

	0x0000,0x0000,0x0000,0x0000,0x0000,0x0000,0x0000,0x0000,
	0x0000,0x0000,0x0000,0x0000,0x0000,0x0000,0x0000,0x0000,
	0x0000,0x0000,0x0000,0x0000,0x0000,0x0000,0x0000,0x0000,
	0x0000,0x0000,0x0000,0x0000,0x0000,0x0000,0x0000,0x0000,
	0x0000,0x0000,0x0000,0x0000,0x0000,0x0000,0x0000,0x0000,
	0x0000,0x0000,0x0000,0x0000,0x0000,0x0000,0x0000,0x0000,
	0x0000,0x0000,0x0000,0x0000,0x0000,0x0000,0x0000,0x0000,
	0x0000,0x0000,0x0000,0x0000,0x0000,0x0000,0x0000,0x0000,

	0x0000,0x0000,0x0000,0x0000,0x0000,0x0000,0x0000,0x0000,
	0x0000,0x0000,0x0000,0x0000,0x0000,0x0000,0x0000,0x0000,
	0x0000,0x0000,0x0000,0x0000,0x0000,0x0000,0x0000,0x0000,
	0x0000,0x0000,0x0000,0x0000,0x0000,0x0000,0x0000,0x0000,
	0x0000,0x0000,0x0000,0x0000,0x0000,0x0000,0x0000,0x0000,
	0x0000,0x0000,0x0000,0x0000,0x0000,0x0000,0x0000,0x0000,
	0x0000,0x0000,0x0000,0x0000,0x0000,0x0000,0x0000,0x0000,
	0x0000,0x0000,0x0000,0x0000,0x0000,0x0000,0x0000,0x0000,

	0x0000,0x0000,0x0000,0x0000,0x0000,0x0000,0x0000,0x0000,
	0x0000,0x0000,0x0000,0x0000,0x0000,0x0000,0x0000,0x0000,
	0x0000,0x0000,0x0000,0x0000,0x0000,0x0000,0x0000,0x0000,
	0x0000,0x0000,0x0000,0x0000,0x0000,0x0000,0x0000,0x0000,
	0x0000,0x0000,0x0000,0x0000,0x0000,0x0000,0x0000,0x0000,
	0x0000,0x0000,0x0000,0x0000,0x0000,0x0000,0x0000,0x0000,
	0x0000,0x0000,0x0000,0x0000,0x0000,0x0000,0x0000,0x0000,
	0x0000,0x0000,0x0000,0x0000,0x0000,0x0000,0x0000,0x0000,

	0x0000,0x0000,0x0000,0x0000,0x0000,0x0000,0x0000,0x0000,
	0x0000,0x0000,0x0000,0x0000,0x0000,0x0000,0x0000,0x0000,
	0x0000,0x0000,0x0000,0x0000,0x0000,0x0000,0x0000,0x0000,
	0x0000,0x0000,0x0000,0x0000,0x0000,0x0000,0x0000,0x0000,
	0x0000,0x0000,0x0000,0x0000,0x0000,0x0000,0x0000,0x0000,
	0x0000,0x0000,0x0000,0x0000,0x0000,0x0000,0x0000,0x0000,
	0x0000,0x0000,0x0000,0x0000,0x0000,0x0000,0x0000,0x0000,
	0x0000,0x0000,0x0000,0x0000,0x0000,0x0000,0x0000,0x0000,

	0x0000,0x0000,0x0000,0x0000,0x0000,0x0000,0x0000,0x0000,
	0x0000,0x0000,0x0000,0x0000,0x0000,0x0000,0x0000,0x0000,
	0x0000,0x0000,0x0000,0x0000,0x0000,0x0000,0x0000,0x0000,
	0x0000,0x0000,0x0000,0x0000,0x0000,0x0000,0x0000,0x0000,
	0x0000,0x0000,0x0000,0x0000,0x0000,0x0000,0x0000,0x0000,
	0x0000,0x0000,0x0000,0x0000,0x0000,0x0000,0x0000,0x0000,
	0x0000,0x0000,0x0000,0x0000,0x0000,0x0000,0x0000,0x0000,
	0x0000,0x0000,0x0000,0x0000,0x0000,0x0000,0x0000,0x0000,

	0x0000,0x0000,0x0000,0x0000,0x0000,0x0000,0x0000,0x0000,
	0x0000,0x0000,0x0000,0x0000,0x0000,0x0000,0x0000,0x0000,
	0x0000,0x0000,0x0000,0x0000,0x0000,0x0000,0x0000,0x0000,
	0x0000,0x0000,0x0000,0x0000,0x0000,0x0000,0x0000,0x0000,
	0x0000,0x0000,0x0000,0x0000,0x0000,0x0000,0x0000,0x0000,
	0x0000,0x0000,0x0000,0x0000,0x0000,0x0000,0x0000,0x0000,
	0x0000,0x0000,0x0000,0x0000,0x0000,0x0000,0x0000,0x0000,
	0x0000,0x0000,0x0000,0x0000,0x0000,0x0000,0x0000,0x0000,

	0x0000,0x0000,0x0000,0x0000,0x0000,0x0000,0x0000,0x0000,
	0x0000,0x0000,0x0000,0x0000,0x0000,0x0000,0x0000,0x0000,
	0x0000,0x0000,0x0000,0x0000,0x0000,0x0000,0x0000,0x0000,
	0x0000,0x0000,0x0000,0x0000,0x0000,0x0000,0x0000,0x0000,
	0x0000,0x0000,0x0000,0x0000,0x0000,0x0000,0x0000,0x0000,
	0x0000,0x0000,0x0000,0x0000,0x0000,0x0000,0x0000,0x0000,
	0x0000,0x0000,0x0000,0x0000,0x0000,0x0000,0x0000,0x0000,
	0x0000,0x0000,0x0000,0x0000,0x0000,0x0000,0x0000,0x0000,

	0x0000,0x0000,0x0000,0x0000,0x0000,0x0000,0x0000,0x0000,
	0x0000,0x0000,0x0000,0x0000,0x0000,0x0000,0x0000,0x0000,
	0x0000,0x0000,0x0000,0x0000,0x0000,0x0000,0x0000,0x0000,
	0x0000,0x0000,0x0000,0x0000,0x0000,0x0000,0x0000,0x0000,
	0x0000,0x0000,0x0000,0x0000,0x0000,0x0000,0x0000,0x0000,
	0x0000,0x0000,0x0000,0x0000,0x0000,0x0000,0x0000,0x0000,
	0x0000,0x0000,0x0000,0x0000,0x0000,0x0000,0x0000,0x0000,
	0x0000,0x0000,0x0000,0x0000,0x0000,0x0000,0x0000,0x0000,

	0x0000,0x0000,0x0000,0x0000,0x0000,0x0000,0x0000,0x0000,
	0x0000,0x0000,0x0000,0x0000,0x0000,0x0000,0x0000,0x0000,
	0x0000,0x0000,0x0000,0x0000,0x0000,0x0000,0x0000,0x0000,
	0x0000,0x0000,0x0000,0x0000,0x0000,0x0000,0x0000,0x0000,
	0x0000,0x0000,0x0000,0x0000,0x0000,0x0000,0x0000,0x0000,
	0x0000,0x0000,0x0000,0x0000,0x0000,0x0000,0x0000,0x0000,
	0x0000,0x0000,0x0000,0x0000,0x0000,0x0000,0x0000,0x0000,
	0x0000,0x0000,0x0000,0x0000,0x0000,0x0000,0x0000,0x0000,

	0x0000,0x0000,0x0000,0x0000,0x0000,0x0000,0x0000,0x0000,
	0x0000,0x0000,0x0000,0x0000,0x0000,0x0000,0x0000,0x0000,
	0x0000,0x0000,0x0000,0x0000,0x0000,0x0000,0x0000,0x0000,
	0x0000,0x0000,0x0000,0x0000,0x0000,0x0000,0x0000,0x0000,
	0x0000,0x0000,0x0000,0x0000,0x0000,0x0000,0x0000,0x0000,
	0x0000,0x0000,0x0000,0x0000,0x0000,0x0000,0x0000,0x0000,
	0x0000,0x0000,0x0000,0x0000,0x0000,0x0000,0x0000,0x0000,
	0x0000,0x0000,0x0000,0x0000,0x0000,0x0000,0x0000,0x0000,

	0x0000,0x0000,0x0000,0x0000,0x0000,0x0000,0x0000,0x0000,
	0x0000,0x0000,0x0000,0x0000,0x0000,0x0000,0x0000,0x0000,
	0x0000,0x0000,0x0000,0x0000,0x0000,0x0000,0x0000,0x0000,
	0x0000,0x0000,0x0000,0x0000,0x0000,0x0000,0x0000,0x0000,
	0x0000,0x0000,0x0000,0x0000,0x0000,0x0000,0x0000,0x0000,
	0x0000,0x0000,0x0000,0x0000,0x0000,0x0000,0x0000,0x0000,
	0x0000,0x0000,0x0000,0x0000,0x0000,0x0000,0x0000,0x0000,
	0x0000,0x0000,0x0000,0x0000,0x0000,0x0000,0x0000,0x0000,

	0x0000,0x0000,0x0000,0x0000,0x0000,0x0000,0x0000,0x0000,
	0x0000,0x0000,0x0000,0x0000,0x0000,0x0000,0x0000,0x0000,
	0x0000,0x0000,0x0000,0x0000,0x0000,0x0000,0x0000,0x0000,
	0x0000,0x0000,0x0000,0x0000,0x0000,0x0000,0x0000,0x0000,
	0x0000,0x0000,0x0000,0x0000,0x0000,0x0000,0x0000,0x0000,
	0x0000,0x0000,0x0000,0x0000,0x0000,0x0000,0x0000,0x0000,
	0x0000,0x0000,0x0000,0x0000,0x0000,0x0000,0x0000,0x0000,
	0x0000,0x0000,0x0000,0x0000,0x0000,0x0000,0x0000,0x0000,

	0x0000,0x0000,0x0000,0x0000,0x0000,0x0000,0x0000,0x0000,
	0x0000,0x0000,0x0000,0x0000,0x0000,0x0000,0x0000,0x0000,
	0x0000,0x0000,0x0000,0x0000,0x0000,0x0000,0x0000,0x0000,
	0x0000,0x0000,0x0000,0x0000,0x0000,0x0000,0x0000,0x0000,
	0x0000,0x0000,0x0000,0x0000,0x0000,0x0000,0x0000,0x0000,
	0x0000,0x0000,0x0000,0x0000,0x0000,0x0000,0x0000,0x0000,
	0x0000,0x0000,0x0000,0x0000,0x0000,0x0000,0x0000,0x0000,
	0x0000,0x0000,0x0000,0x0000,0x0000,0x0000,0x0000,0x0000,

	0x0000,0x0000,0x0000,0x0000,0x0000,0x0000,0x0000,0x0000,
	0x0000,0x0000,0x0000,0x0000,0x0000,0x0000,0x0000,0x0000,
	0x0000,0x0000,0x0000,0x0000,0x0000,0x0000,0x0000,0x0000,
	0x0000,0x0000,0x0000,0x0000,0x0000,0x0000,0x0000,0x0000,
	0x0000,0x0000,0x0000,0x0000,0x0000,0x0000,0x0000,0x0000,
	0x0000,0x0000,0x0000,0x0000,0x0000,0x0000,0x0000,0x0000,
	0x0000,0x0000,0x0000,0x0000,0x0000,0x0000,0x0000,0x0000,
	0x0000,0x0000,0x0000,0x0000,0x0000,0x0000,0x0000,0x0000,

	0x0000,0x0000,0x0000,0x0000,0x0000,0x0000,0x0000,0x0000,
	0x0000,0x0000,0x0000,0x0000,0x0000,0x0000,0x0000,0x0000,
	0x0000,0x0000,0x0000,0x0000,0x0000,0x0000,0x0000,0x0000,
	0x0000,0x0000,0x0000,0x0000,0x0000,0x0000,0x0000,0x0000,
	0x0000,0x0000,0x0000,0x0000,0x0000,0x0000,0x0000,0x0000,
	0x0000,0x0000,0x0000,0x0000,0x0000,0x0000,0x0000,0x0000,
	0x0000,0x0000,0x0000,0x0000,0x0000,0x0000,0x0000,0x0000,
	0x0000,0x0000,0x0000,0x0000,0x0000,0x0000,0x0000,0x0000,

	0x0000,0x0000,0x0000,0x0000,0x0000,0x0000,0x0000,0x0000,
	0x0000,0x0000,0x0000,0x0000,0x0000,0x0000,0x0000,0x0000,
	0x0000,0x0000,0x0000,0x0000,0x0000,0x0000,0x0000,0x0000,
	0x0000,0x0000,0x0000,0x0000,0x0000,0x0000,0x0000,0x0000,
	0x0000,0x0000,0x0000,0x0000,0x0000,0x0000,0x0000,0x0000,
	0x0000,0x0000,0x0000,0x0000,0x0000,0x0000,0x0000,0x0000,
	0x0000,0x0000,0x0000,0x0000,0x0000,0x0000,0x0000,0x0000,
	0x0000,0x0000,0x0000,0x0000,0x0000,0x0000,0x0000,0x0000,

	0x0000,0x0000,0x0000,0x0000,0x0000,0x0000,0x0000,0x0000,
	0x0000,0x0000,0x0000,0x0000,0x0000,0x0000,0x0000,0x0000,
	0x0000,0x0000,0x0000,0x0000,0x0000,0x0000,0x0000,0x0000,
	0x0000,0x0000,0x0000,0x0000,0x0000,0x0000,0x0000,0x0000,
	0x0000,0x0000,0x0000,0x0000,0x0000,0x0000,0x0000,0x0000,
	0x0000,0x0000,0x0000,0x0000,0x0000,0x0000,0x0000,0x0000,
	0x0000,0x0000,0x0000,0x0000,0x0000,0x0000,0x0000,0x0000,
	0x0000,0x0000,0x0000,0x0000,0x0000,0x0000,0x0000,0x0000,

	0x0000,0x0000,0x0000,0x0000,0x0000,0x0000,0x0000,0x0000,
	0x0000,0x0000,0x0000,0x0000,0x0000,0x0000,0x0000,0x0000,
	0x0000,0x0000,0x0000,0x0000,0x0000,0x0000,0x0000,0x0000,
	0x0000,0x0000,0x0000,0x0000,0x0000,0x0000,0x0000,0x0000,
	0x0000,0x0000,0x0000,0x0000,0x0000,0x0000,0x0000,0x0000,
	0x0000,0x0000,0x0000,0x0000,0x0000,0x0000,0x0000,0x0000,
	0x0000,0x0000,0x0000,0x0000,0x0000,0x0000,0x0000,0x0000,
	0x0000,0x0000,0x0000,0x0000,0x0000,0x0000,0x0000,0x0000,

	0x0000,0x0000,0x0000,0x0000,0x0000,0x0000,0x0000,0x0000,
	0x0000,0x0000,0x0000,0x0000,0x0000,0x0000,0x0000,0x0000,
	0x0000,0x0000,0x0000,0x0000,0x0000,0x0000,0x0000,0x0000,
	0x0000,0x0000,0x0000,0x0000,0x0000,0x0000,0x0000,0x0000,
	0x0000,0x0000,0x0000,0x0000,0x0000,0x0000,0x0000,0x0000,
	0x0000,0x0000,0x0000,0x0000,0x0000,0x0000,0x0000,0x0000,
	0x0000,0x0000,0x0000,0x0000,0x0000,0x0000,0x0000,0x0000,
	0x0000,0x0000,0x0000,0x0000,0x0000,0x0000,0x0000,0x0000,

	0x0000,0x0000,0x0000,0x0000,0x0000,0x0000,0x0000,0x0000,
	0x0000,0x0000,0x0000,0x0000,0x0000,0x0000,0x0000,0x0000,
	0x0000,0x0000,0x0000,0x0000,0x0000,0x0000,0x0000,0x0000,
	0x0000,0x0000,0x0000,0x0000,0x0000,0x0000,0x0000,0x0000,
	0x0000,0x0000,0x0000,0x0000,0x0000,0x0000,0x0000,0x0000,
	0x0000,0x0000,0x0000,0x0000,0x0000,0x0000,0x0000,0x0000,
	0x0000,0x0000,0x0000,0x0000,0x0000,0x0000,0x0000,0x0000,
	0x0000,0x0000,0x0000,0x0000,0x0000,0x0000,0x0000,0x0000,

	0x0000,0x0000,0x0000,0x0000,0x0000,0x0000,0x0000,0x0000,
	0x0000,0x0000,0x0000,0x0000,0x0000,0x0000,0x0000,0x0000,
	0x0000,0x0000,0x0000,0x0000,0x0000,0x0000,0x0000,0x0000,
	0x0000,0x0000,0x0000,0x0000,0x0000,0x0000,0x0000,0x0000,
	0x0000,0x0000,0x0000,0x0000,0x0000,0x0000,0x0000,0x0000,
	0x0000,0x0000,0x0000,0x0000,0x0000,0x0000,0x0000,0x0000,
	0x0000,0x0000,0x0000,0x0000,0x0000,0x0000,0x0000,0x0000,
	0x0000,0x0000,0x0000,0x0000,0x0000,0x0000,0x0000,0x0000,

	0x0000,0x0000,0x0000,0x0000,0x0000,0x0000,0x0000,0x0000,
	0x0000,0x0000,0x0000,0x0000,0x0000,0x0000,0x0000,0x0000,
	0x0000,0x0000,0x0000,0x0000,0x0000,0x0000,0x0000,0x0000,
	0x0000,0x0000,0x0000,0x0000,0x0000,0x0000,0x0000,0x0000,
	0x0000,0x0000,0x0000,0x0000,0x0000,0x0000,0x0000,0x0000,
	0x0000,0x0000,0x0000,0x0000,0x0000,0x0000,0x0000,0x0000,
	0x0000,0x0000,0x0000,0x0000,0x0000,0x0000,0x0000,0x0000,
	0x0000,0x0000,0x0000,0x0000,0x0000,0x0000,0x0000,0x0000,

	0x0000,0x0000,0x0000,0x0000,0x0000,0x0000,0x0000,0x0000,
	0x0000,0x0000,0x0000,0x0000,0x0000,0x0000,0x0000,0x0000,
	0x0000,0x0000,0x0000,0x0000,0x0000,0x0000,0x0000,0x0000,
	0x0000,0x0000,0x0000,0x0000,0x0000,0x0000,0x0000,0x0000,
	0x0000,0x0000,0x0000,0x0000,0x0000,0x0000,0x0000,0x0000,
	0x0000,0x0000,0x0000,0x0000,0x0000,0x0000,0x0000,0x0000,
	0x0000,0x0000,0x0000,0x0000,0x0000,0x0000,0x0000,0x0000,
	0x0000,0x0000,0x0000,0x0000,0x0000,0x0000,0x0000,0x0000,

	0x0000,0x0000,0x0000,0x0000,0x0000,0x0000,0x0000,0x0000,
	0x0000,0x0000,0x0000,0x0000,0x0000,0x0000,0x0000,0x0000,
	0x0000,0x0000,0x0000,0x0000,0x0000,0x0000,0x0000,0x0000,
	0x0000,0x0000,0x0000,0x0000,0x0000,0x0000,0x0000,0x0000,
	0x0000,0x0000,0x0000,0x0000,0x0000,0x0000,0x0000,0x0000,
	0x0000,0x0000,0x0000,0x0000,0x0000,0x0000,0x0000,0x0000,
	0x0000,0x0000,0x0000,0x0000,0x0000,0x0000,0x0000,0x0000,
	0x0000,0x0000,0x0000,0x0000,0x0000,0x0000,0x0000,0x0000,

	0x0000,0x0000,0x0000,0x0000,0x0000,0x0000,0x0000,0x0000,
	0x0000,0x0000,0x0000,0x0000,0x0000,0x0000,0x0000,0x0000,
	0x0000,0x0000,0x0000,0x0000,0x0000,0x0000,0x0000,0x0000,
	0x0000,0x0000,0x0000,0x0000,0x0000,0x0000,0x0000,0x0000,
	0x0000,0x0000,0x0000,0x0000,0x0000,0x0000,0x0000,0x0000,
	0x0000,0x0000,0x0000,0x0000,0x0000,0x0000,0x0000,0x0000,
	0x0000,0x0000,0x0000,0x0000,0x0000,0x0000,0x0000,0x0000,
	0x0000,0x0000,0x0000,0x0000,0x0000,0x0000,0x0000,0x0000,

	0x0000,0x0000,0x0000,0x0000,0x0000,0x0000,0x0000,0x0000,
	0x0000,0x0000,0x0000,0x0000,0x0000,0x0000,0x0000,0x0000,
	0x0000,0x0000,0x0000,0x0000,0x0000,0x0000,0x0000,0x0000,
	0x0000,0x0000,0x0000,0x0000,0x0000,0x0000,0x0000,0x0000,
	0x0000,0x0000,0x0000,0x0000,0x0000,0x0000,0x0000,0x0000,
	0x0000,0x0000,0x0000,0x0000,0x0000,0x0000,0x0000,0x0000,
	0x0000,0x0000,0x0000,0x0000,0x0000,0x0000,0x0000,0x0000,
	0x0000,0x0000,0x0000,0x0000,0x0000,0x0000,0x0000,0x0000,

	0x0000,0x0000,0x0000,0x0000,0x0000,0x0000,0x0000,0x0000,
	0x0000,0x0000,0x0000,0x0000,0x0000,0x0000,0x0000,0x0000,
	0x0000,0x0000,0x0000,0x0000,0x0000,0x0000,0x0000,0x0000,
	0x0000,0x0000,0x0000,0x0000,0x0000,0x0000,0x0000,0x0000,
	0x0000,0x0000,0x0000,0x0000,0x0000,0x0000,0x0000,0x0000,
	0x0000,0x0000,0x0000,0x0000,0x0000,0x0000,0x0000,0x0000,
	0x0000,0x0000,0x0000,0x0000,0x0000,0x0000,0x0000,0x0000,
	0x0000,0x0000,0x0000,0x0000,0x0000,0x0000,0x0000,0x0000,

	0x0000,0x0000,0x0000,0x0000,0x0000,0x0000,0x0000,0x0000,
	0x0000,0x0000,0x0000,0x0000,0x0000,0x0000,0x0000,0x0000,
	0x0000,0x0000,0x0000,0x0000,0x0000,0x0000,0x0000,0x0000,
	0x0000,0x0000,0x0000,0x0000,0x0000,0x0000,0x0000,0x0000,
	0x0000,0x0000,0x0000,0x0000,0x0000,0x0000,0x0000,0x0000,
	0x0000,0x0000,0x0000,0x0000,0x0000,0x0000,0x0000,0x0000,
	0x0000,0x0000,0x0000,0x0000,0x0000,0x0000,0x0000,0x0000,
	0x0000,0x0000,0x0000,0x0000,0x0000,0x0000,0x0000,0x0000,

	0x0000,0x0000,0x0000,0x0000,0x0000,0x0000,0x0000,0x0000,
	0x0000,0x0000,0x0000,0x0000,0x0000,0x0000,0x0000,0x0000,
	0x0000,0x0000,0x0000,0x0000,0x0000,0x0000,0x0000,0x0000,
	0x0000,0x0000,0x0000,0x0000,0x0000,0x0000,0x0000,0x0000,
	0x0000,0x0000,0x0000,0x0000,0x0000,0x0000,0x0000,0x0000,
	0x0000,0x0000,0x0000,0x0000,0x0000,0x0000,0x0000,0x0000,
	0x0000,0x0000,0x0000,0x0000,0x0000,0x0000,0x0000,0x0000,
	0x0000,0x0000,0x0000,0x0000,0x0000,0x0000,0x0000,0x0000,

	0x0000,0x0000,0x0000,0x0000,0x0000,0x0000,0x0000,0x0000,
	0x0000,0x0000,0x0000,0x0000,0x0000,0x0000,0x0000,0x0000,
	0x0000,0x0000,0x0000,0x0000,0x0000,0x0000,0x0000,0x0000,
	0x0000,0x0000,0x0000,0x0000,0x0000,0x0000,0x0000,0x0000,
	0x0000,0x0000,0x0000,0x0000,0x0000,0x0000,0x0000,0x0000,
	0x0000,0x0000,0x0000,0x0000,0x0000,0x0000,0x0000,0x0000,
	0x0000,0x0000,0x0000,0x0000,0x0000,0x0000,0x0000,0x0000,
	0x0000,0x0000,0x0000,0x0000,0x0000,0x0000,0x0000,0x0000,

	0x0000,0x0000,0x0000,0x0000,0x0000,0x0000,0x0000,0x0000,
	0x0000,0x0000,0x0000,0x0000,0x0000,0x0000,0x0000,0x0000,
	0x0000,0x0000,0x0000,0x0000,0x0000,0x0000,0x0000,0x0000,
	0x0000,0x0000,0x0000,0x0000,0x0000,0x0000,0x0000,0x0000,
	0x0000,0x0000,0x0000,0x0000,0x0000,0x0000,0x0000,0x0000,
	0x0000,0x0000,0x0000,0x0000,0x0000,0x0000,0x0000,0x0000,
	0x0000,0x0000,0x0000,0x0000,0x0000,0x0000,0x0000,0x0000,
	0x0000,0x0000,0x0000,0x0000,0x0000,0x0000,0x0000,0x0000,

	0x0000,0x0000,0x0000,0x0000,0x0000,0x0000,0x0000,0x0000,
	0x0000,0x0000,0x0000,0x0000,0x0000,0x0000,0x0000,0x0000,
	0x0000,0x0000,0x0000,0x0000,0x0000,0x0000,0x0000,0x0000,
	0x0000,0x0000,0x0000,0x0000,0x0000,0x0000,0x0000,0x0000,
	0x0000,0x0000,0x0000,0x0000,0x0000,0x0000,0x0000,0x0000,
	0x0000,0x0000,0x0000,0x0000,0x0000,0x0000,0x0000,0x0000,
	0x0000,0x0000,0x0000,0x0000,0x0000,0x0000,0x0000,0x0000,
	0x0000,0x0000,0x0000,0x0000,0x0000,0x0000,0x0000,0x0000,

	0x0000,0x0000,0x0000,0x0000,0x0000,0x0000,0x0000,0x0000,
	0x0000,0x0000,0x0000,0x0000,0x0000,0x0000,0x0000,0x0000,
	0x0000,0x0000,0x0000,0x0000,0x0000,0x0000,0x0000,0x0000,
	0x0000,0x0000,0x0000,0x0000,0x0000,0x0000,0x0000,0x0000,
	0x0000,0x0000,0x0000,0x0000,0x0000,0x0000,0x0000,0x0000,
	0x0000,0x0000,0x0000,0x0000,0x0000,0x0000,0x0000,0x0000,
	0x0000,0x0000,0x0000,0x0000,0x0000,0x0000,0x0000,0x0000,
	0x0000,0x0000,0x0000,0x0000,0x0000,0x0000,0x0000,0x0000,

	0x0000,0x0000,0x0000,0x0000,0x0000,0x0000,0x0000,0x0000,
	0x0000,0x0000,0x0000,0x0000,0x0000,0x0000,0x0000,0x0000,
	0x0000,0x0000,0x0000,0x0000,0x0000,0x0000,0x0000,0x0000,
	0x0000,0x0000,0x0000,0x0000,0x0000,0x0000,0x0000,0x0000,
	0x0000,0x0000,0x0000,0x0000,0x0000,0x0000,0x0000,0x0000,
	0x0000,0x0000,0x0000,0x0000,0x0000,0x0000,0x0000,0x0000,
	0x0000,0x0000,0x0000,0x0000,0x0000,0x0000,0x0000,0x0000,
	0x0000,0x0000,0x0000,0x0000,0x0000,0x0000,0x0000,0x0000,

	0x0000,0x0000,0x0000,0x0000,0x0000,0x0000,0x0000,0x0000,
	0x0000,0x0000,0x0000,0x0000,0x0000,0x0000,0x0000,0x0000,
	0x0000,0x0000,0x0000,0x0000,0x0000,0x0000,0x0000,0x0000,
	0x0000,0x0000,0x0000,0x0000,0x0000,0x0000,0x0000,0x0000,
	0x0000,0x0000,0x0000,0x0000,0x0000,0x0000,0x0000,0x0000,
	0x0000,0x0000,0x0000,0x0000,0x0000,0x0000,0x0000,0x0000,
	0x0000,0x0000,0x0000,0x0000,0x0000,0x0000,0x0000,0x0000,
	0x0000,0x0000,0x0000,0x0000,0x0000,0x0000,0x0000,0x0000,

	0x0000,0x0000,0x0000,0x0000,0x0000,0x0000,0x0000,0x0000,
	0x0000,0x0000,0x0000,0x0000,0x0000,0x0000,0x0000,0x0000,
	0x0000,0x0000,0x0000,0x0000,0x0000,0x0000,0x0000,0x0000,
	0x0000,0x0000,0x0000,0x0000,0x0000,0x0000,0x0000,0x0000,
	0x0000,0x0000,0x0000,0x0000,0x0000,0x0000,0x0000,0x0000,
	0x0000,0x0000,0x0000,0x0000,0x0000,0x0000,0x0000,0x0000,
	0x0000,0x0000,0x0000,0x0000,0x0000,0x0000,0x0000,0x0000,
	0x0000,0x0000,0x0000,0x0000,0x0000,0x0000,0x0000,0x0000,

	0x0000,0x0000,0x0000,0x0000,0x0000,0x0000,0x0000,0x0000,
	0x0000,0x0000,0x0000,0x0000,0x0000,0x0000,0x0000,0x0000,
	0x0000,0x0000,0x0000,0x0000,0x0000,0x0000,0x0000,0x0000,
	0x0000,0x0000,0x0000,0x0000,0x0000,0x0000,0x0000,0x0000,
	0x0000,0x0000,0x0000,0x0000,0x0000,0x0000,0x0000,0x0000,
	0x0000,0x0000,0x0000,0x0000,0x0000,0x0000,0x0000,0x0000,
	0x0000,0x0000,0x0000,0x0000,0x0000,0x0000,0x0000,0x0000,
	0x0000,0x0000,0x0000,0x0000,0x0000,0x0000,0x0000,0x0000,

	0x0000,0x0000,0x0000,0x0000,0x0000,0x0000,0x0000,0x0000,
	0x0000,0x0000,0x0000,0x0000,0x0000,0x0000,0x0000,0x0000,
	0x0000,0x0000,0x0000,0x0000,0x0000,0x0000,0x0000,0x0000,
	0x0000,0x0000,0x0000,0x0000,0x0000,0x0000,0x0000,0x0000,
	0x0000,0x0000,0x0000,0x0000,0x0000,0x0000,0x0000,0x0000,
	0x0000,0x0000,0x0000,0x0000,0x0000,0x0000,0x0000,0x0000,
	0x0000,0x0000,0x0000,0x0000,0x0000,0x0000,0x0000,0x0000,
	0x0000,0x0000,0x0000,0x0000,0x0000,0x0000,0x0000,0x0000,

	0x0000,0x0000,0x0000,0x0000,0x0000,0x0000,0x0000,0x0000,
	0x0000,0x0000,0x0000,0x0000,0x0000,0x0000,0x0000,0x0000,
	0x0000,0x0000,0x0000,0x0000,0x0000,0x0000,0x0000,0x0000,
	0x0000,0x0000,0x0000,0x0000,0x0000,0x0000,0x0000,0x0000,
	0x0000,0x0000,0x0000,0x0000,0x0000,0x0000,0x0000,0x0000,
	0x0000,0x0000,0x0000,0x0000,0x0000,0x0000,0x0000,0x0000,
	0x0000,0x0000,0x0000,0x0000,0x0000,0x0000,0x0000,0x0000,
	0x0000,0x0000,0x0000,0x0000,0x0000,0x0000,0x0000,0x0000,

	0x0000,0x0000,0x0000,0x0000,0x0000,0x0000,0x0000,0x0000,
	0x0000,0x0000,0x0000,0x0000,0x0000,0x0000,0x0000,0x0000,
	0x0000,0x0000,0x0000,0x0000,0x0000,0x0000,0x0000,0x0000,
	0x0000,0x0000,0x0000,0x0000,0x0000,0x0000,0x0000,0x0000,
	0x0000,0x0000,0x0000,0x0000,0x0000,0x0000,0x0000,0x0000,
	0x0000,0x0000,0x0000,0x0000,0x0000,0x0000,0x0000,0x0000,
	0x0000,0x0000,0x0000,0x0000,0x0000,0x0000,0x0000,0x0000,
	0x0000,0x0000,0x0000,0x0000,0x0000,0x0000,0x0000,0x0000,

	0x0000,0x0000,0x0000,0x0000,0x0000,0x0000,0x0000,0x0000,
	0x0000,0x0000,0x0000,0x0000,0x0000,0x0000,0x0000,0x0000,
	0x0000,0x0000,0x0000,0x0000,0x0000,0x0000,0x0000,0x0000,
	0x0000,0x0000,0x0000,0x0000,0x0000,0x0000,0x0000,0x0000,
	0x0000,0x0000,0x0000,0x0000,0x0000,0x0000,0x0000,0x0000,
	0x0000,0x0000,0x0000,0x0000,0x0000,0x0000,0x0000,0x0000,
	0x0000,0x0000,0x0000,0x0000,0x0000,0x0000,0x0000,0x0000,
	0x0000,0x0000,0x0000,0x0000,0x0000,0x0000,0x0000,0x0000,

	0x0000,0x0000,0x0000,0x0000,0x0000,0x0000,0x0000,0x0000,
	0x0000,0x0000,0x0000,0x0000,0x0000,0x0000,0x0000,0x0000,
	0x0000,0x0000,0x0000,0x0000,0x0000,0x0000,0x0000,0x0000,
	0x0000,0x0000,0x0000,0x0000,0x0000,0x0000,0x0000,0x0000,
	0x0000,0x0000,0x0000,0x0000,0x0000,0x0000,0x0000,0x0000,
	0x0000,0x0000,0x0000,0x0000,0x0000,0x0000,0x0000,0x0000,
	0x0000,0x0000,0x0000,0x0000,0x0000,0x0000,0x0000,0x0000,
	0x0000,0x0000,0x0000,0x0000,0x0000,0x0000,0x0000,0x0000,

	0x0000,0x0000,0x0000,0x0000,0x0000,0x0000,0x0000,0x0000,
	0x0000,0x0000,0x0000,0x0000,0x0000,0x0000,0x0000,0x0000,
	0x0000,0x0000,0x0000,0x0000,0x0000,0x0000,0x0000,0x0000,
	0x0000,0x0000,0x0000,0x0000,0x0000,0x0000,0x0000,0x0000,
	0x0000,0x0000,0x0000,0x0000,0x0000,0x0000,0x0000,0x0000,
	0x0000,0x0000,0x0000,0x0000,0x0000,0x0000,0x0000,0x0000,
	0x0000,0x0000,0x0000,0x0000,0x0000,0x0000,0x0000,0x0000,
	0x0000,0x0000,0x0000,0x0000,0x0000,0x0000,0x0000,0x0000,

	0x0000,0x0000,0x0000,0x0000,0x0000,0x0000,0x0000,0x0000,
	0x0000,0x0000,0x0000,0x0000,0x0000,0x0000,0x0000,0x0000,
	0x0000,0x0000,0x0000,0x0000,0x0000,0x0000,0x0000,0x0000,
	0x0000,0x0000,0x0000,0x0000,0x0000,0x0000,0x0000,0x0000,
	0x0000,0x0000,0x0000,0x0000,0x0000,0x0000,0x0000,0x0000,
	0x0000,0x0000,0x0000,0x0000,0x0000,0x0000,0x0000,0x0000,
	0x0000,0x0000,0x0000,0x0000,0x0000,0x0000,0x0000,0x0000,
	0x0000,0x0000,0x0000,0x0000,0x0000,0x0000,0x0000,0x0000,

	0x0000,0x0000,0x0000,0x0000,0x0000,0x0000,0x0000,0x0000,
	0x0000,0x0000,0x0000,0x0000,0x0000,0x0000,0x0000,0x0000,
	0x0000,0x0000,0x0000,0x0000,0x0000,0x0000,0x0000,0x0000,
	0x0000,0x0000,0x0000,0x0000,0x0000,0x0000,0x0000,0x0000,
	0x0000,0x0000,0x0000,0x0000,0x0000,0x0000,0x0000,0x0000,
	0x0000,0x0000,0x0000,0x0000,0x0000,0x0000,0x0000,0x0000,
	0x0000,0x0000,0x0000,0x0000,0x0000,0x0000,0x0000,0x0000,
	0x0000,0x0000,0x0000,0x0000,0x0000,0x0000,0x0000,0x0000,

	0x0000,0x0000,0x0000,0x0000,0x0000,0x0000,0x0000,0x0000,
	0x0000,0x0000,0x0000,0x0000,0x0000,0x0000,0x0000,0x0000,
	0x0000,0x0000,0x0000,0x0000,0x0000,0x0000,0x0000,0x0000,
	0x0000,0x0000,0x0000,0x0000,0x0000,0x0000,0x0000,0x0000,
	0x0000,0x0000,0x0000,0x0000,0x0000,0x0000,0x0000,0x0000,
	0x0000,0x0000,0x0000,0x0000,0x0000,0x0000,0x0000,0x0000,
	0x0000,0x0000,0x0000,0x0000,0x0000,0x0000,0x0000,0x0000,
	0x0000,0x0000,0x0000,0x0000,0x0000,0x0000,0x0000,0x0000,

	0x0000,0x0000,0x0000,0x0000,0x0000,0x0000,0x0000,0x0000,
	0x0000,0x0000,0x0000,0x0000,0x0000,0x0000,0x0000,0x0000,
	0x0000,0x0000,0x0000,0x0000,0x0000,0x0000,0x0000,0x0000,
	0x0000,0x0000,0x0000,0x0000,0x0000,0x0000,0x0000,0x0000,
	0x0000,0x0000,0x0000,0x0000,0x0000,0x0000,0x0000,0x0000,
	0x0000,0x0000,0x0000,0x0000,0x0000,0x0000,0x0000,0x0000,
	0x0000,0x0000,0x0000,0x0000,0x0000,0x0000,0x0000,0x0000,
	0x0000,0x0000,0x0000,0x0000,0x0000,0x0000,0x0000,0x0000,

	0x0000,0x0000,0x0000,0x0000,0x0000,0x0000,0x0000,0x0000,
	0x0000,0x0000,0x0000,0x0000,0x0000,0x0000,0x0000,0x0000,
	0x0000,0x0000,0x0000,0x0000,0x0000,0x0000,0x0000,0x0000,
	0x0000,0x0000,0x0000,0x0000,0x0000,0x0000,0x0000,0x0000,
	0x0000,0x0000,0x0000,0x0000,0x0000,0x0000,0x0000,0x0000,
	0x0000,0x0000,0x0000,0x0000,0x0000,0x0000,0x0000,0x0000,
	0x0000,0x0000,0x0000,0x0000,0x0000,0x0000,0x0000,0x0000,
	0x0000,0x0000,0x0000,0x0000,0x0000,0x0000,0x0000,0x0000,

	0x0000,0x0000,0x0000,0x0000,0x0000,0x0000,0x0000,0x0000,
	0x0000,0x0000,0x0000,0x0000,0x0000,0x0000,0x0000,0x0000,
	0x0000,0x0000,0x0000,0x0000,0x0000,0x0000,0x0000,0x0000,
	0x0000,0x0000,0x0000,0x0000,0x0000,0x0000,0x0000,0x0000,
	0x0000,0x0000,0x0000,0x0000,0x0000,0x0000,0x0000,0x0000,
	0x0000,0x0000,0x0000,0x0000,0x0000,0x0000,0x0000,0x0000,
	0x0000,0x0000,0x0000,0x0000,0x0000,0x0000,0x0000,0x0000,
	0x0000,0x0000,0x0000,0x0000,0x0000,0x0000,0x0000,0x0000,

	0x0000,0x0000,0x0000,0x0000,0x0000,0x0000,0x0000,0x0000,
	0x0000,0x0000,0x0000,0x0000,0x0000,0x0000,0x0000,0x0000,
	0x0000,0x0000,0x0000,0x0000,0x0000,0x0000,0x0000,0x0000,
	0x0000,0x0000,0x0000,0x0000,0x0000,0x0000,0x0000,0x0000,
	0x0000,0x0000,0x0000,0x0000,0x0000,0x0000,0x0000,0x0000,
	0x0000,0x0000,0x0000,0x0000,0x0000,0x0000,0x0000,0x0000,
	0x0000,0x0000,0x0000,0x0000,0x0000,0x0000,0x0000,0x0000,
	0x0000,0x0000,0x0000,0x0000,0x0000,0x0000,0x0000,0x0000,

	0x0000,0x0000,0x0000,0x0000,0x0000,0x0000,0x0000,0x0000,
	0x0000,0x0000,0x0000,0x0000,0x0000,0x0000,0x0000,0x0000,
	0x0000,0x0000,0x0000,0x0000,0x0000,0x0000,0x0000,0x0000,
	0x0000,0x0000,0x0000,0x0000,0x0000,0x0000,0x0000,0x0000,
	0x0000,0x0000,0x0000,0x0000,0x0000,0x0000,0x0000,0x0000,
	0x0000,0x0000,0x0000,0x0000,0x0000,0x0000,0x0000,0x0000,
	0x0000,0x0000,0x0000,0x0000,0x0000,0x0000,0x0000,0x0000,
	0x0000,0x0000,0x0000,0x0000,0x0000,0x0000,0x0000,0x0000,

	0x0000,0x0000,0x0000,0x0000,0x0000,0x0000,0x0000,0x0000,
	0x0000,0x0000,0x0000,0x0000,0x0000,0x0000,0x0000,0x0000,
	0x0000,0x0000,0x0000,0x0000,0x0000,0x0000,0x0000,0x0000,
	0x0000,0x0000,0x0000,0x0000,0x0000,0x0000,0x0000,0x0000,
	0x0000,0x0000,0x0000,0x0000,0x0000,0x0000,0x0000,0x0000,
	0x0000,0x0000,0x0000,0x0000,0x0000,0x0000,0x0000,0x0000,
	0x0000,0x0000,0x0000,0x0000,0x0000,0x0000,0x0000,0x0000,
	0x0000,0x0000,0x0000,0x0000,0x0000,0x0000,0x0000,0x0000,

	0x0000,0x0000,0x0000,0x0000,0x0000,0x0000,0x0000,0x0000,
	0x0000,0x0000,0x0000,0x0000,0x0000,0x0000,0x0000,0x0000,
	0x0000,0x0000,0x0000,0x0000,0x0000,0x0000,0x0000,0x0000,
	0x0000,0x0000,0x0000,0x0000,0x0000,0x0000,0x0000,0x0000,
	0x0000,0x0000,0x0000,0x0000,0x0000,0x0000,0x0000,0x0000,
	0x0000,0x0000,0x0000,0x0000,0x0000,0x0000,0x0000,0x0000,
	0x0000,0x0000,0x0000,0x0000,0x0000,0x0000,0x0000,0x0000,
	0x0000,0x0000,0x0000,0x0000,0x0000,0x0000,0x0000,0x0000,

	0x0000,0x0000,0x0000,0x0000,0x0000,0x0000,0x0000,0x0000,
	0x0000,0x0000,0x0000,0x0000,0x0000,0x0000,0x0000,0x0000,
	0x0000,0x0000,0x0000,0x0000,0x0000,0x0000,0x0000,0x0000,
	0x0000,0x0000,0x0000,0x0000,0x0000,0x0000,0x0000,0x0000,
	0x0000,0x0000,0x0000,0x0000,0x0000,0x0000,0x0000,0x0000,
	0x0000,0x0000,0x0000,0x0000,0x0000,0x0000,0x0000,0x0000,
	0x0000,0x0000,0x0000,0x0000,0x0000,0x0000,0x0000,0x0000,
	0x0000,0x0000,0x0000,0x0000,0x0000,0x0000,0x0000,0x0000,

	0x0000,0x0000,0x0000,0x0000,0x0000,0x0000,0x0000,0x0000,
	0x0000,0x0000,0x0000,0x0000,0x0000,0x0000,0x0000,0x0000,
	0x0000,0x0000,0x0000,0x0000,0x0000,0x0000,0x0000,0x0000,
	0x0000,0x0000,0x0000,0x0000,0x0000,0x0000,0x0000,0x0000,
	0x0000,0x0000,0x0000,0x0000,0x0000,0x0000,0x0000,0x0000,
	0x0000,0x0000,0x0000,0x0000,0x0000,0x0000,0x0000,0x0000,
	0x0000,0x0000,0x0000,0x0000,0x0000,0x0000,0x0000,0x0000,
	0x0000,0x0000,0x0000,0x0000,0x0000,0x0000,0x0000,0x0000,

	0x0000,0x0000,0x0000,0x0000,0x0000,0x0000,0x0000,0x0000,
	0x0000,0x0000,0x0000,0x0000,0x0000,0x0000,0x0000,0x0000,
	0x0000,0x0000,0x0000,0x0000,0x0000,0x0000,0x0000,0x0000,
	0x0000,0x0000,0x0000,0x0000,0x0000,0x0000,0x0000,0x0000,
	0x0000,0x0000,0x0000,0x0000,0x0000,0x0000,0x0000,0x0000,
	0x0000,0x0000,0x0000,0x0000,0x0000,0x0000,0x0000,0x0000,
	0x0000,0x0000,0x0000,0x0000,0x0000,0x0000,0x0000,0x0000,
	0x0000,0x0000,0x0000,0x0000,0x0000,0x0000,0x0000,0x0000,

	0x0000,0x0000,0x0000,0x0000,0x0000,0x0000,0x0000,0x0000,
	0x0000,0x0000,0x0000,0x0000,0x0000,0x0000,0x0000,0x0000,
	0x0000,0x0000,0x0000,0x0000,0x0000,0x0000,0x0000,0x0000,
	0x0000,0x0000,0x0000,0x0000,0x0000,0x0000,0x0000,0x0000,
	0x0000,0x0000,0x0000,0x0000,0x0000,0x0000,0x0000,0x0000,
	0x0000,0x0000,0x0000,0x0000,0x0000,0x0000,0x0000,0x0000,
	0x0000,0x0000,0x0000,0x0000,0x0000,0x0000,0x0000,0x0000,
	0x0000,0x0000,0x0000,0x0000,0x0000,0x0000,0x0000,0x0000,

	0x0000,0x0000,0x0000,0x0000,0x0000,0x0000,0x0000,0x0000,
	0x0000,0x0000,0x0000,0x0000,0x0000,0x0000,0x0000,0x0000,
	0x0000,0x0000,0x0000,0x0000,0x0000,0x0000,0x0000,0x0000,
	0x0000,0x0000,0x0000,0x0000,0x0000,0x0000,0x0000,0x0000,
	0x0000,0x0000,0x0000,0x0000,0x0000,0x0000,0x0000,0x0000,
	0x0000,0x0000,0x0000,0x0000,0x0000,0x0000,0x0000,0x0000,
	0x0000,0x0000,0x0000,0x0000,0x0000,0x0000,0x0000,0x0000,
	0x0000,0x0000,0x0000,0x0000,0x0000,0x0000,0x0000,0x0000,

	0x0000,0x0000,0x0000,0x0000,0x0000,0x0000,0x0000,0x0000,
	0x0000,0x0000,0x0000,0x0000,0x0000,0x0000,0x0000,0x0000,
	0x0000,0x0000,0x0000,0x0000,0x0000,0x0000,0x0000,0x0000,
	0x0000,0x0000,0x0000,0x0000,0x0000,0x0000,0x0000,0x0000,
	0x0000,0x0000,0x0000,0x0000,0x0000,0x0000,0x0000,0x0000,
	0x0000,0x0000,0x0000,0x0000,0x0000,0x0000,0x0000,0x0000,
	0x0000,0x0000,0x0000,0x0000,0x0000,0x0000,0x0000,0x0000,
	0x0000,0x0000,0x0000,0x0000,0x0000,0x0000,0x0000,0x0000,

	0x0000,0x0000,0x0000,0x0000,0x0000,0x0000,0x0000,0x0000,
	0x0000,0x0000,0x0000,0x0000,0x0000,0x0000,0x0000,0x0000,
	0x0000,0x0000,0x0000,0x0000,0x0000,0x0000,0x0000,0x0000,
	0x0000,0x0000,0x0000,0x0000,0x0000,0x0000,0x0000,0x0000,
	0x0000,0x0000,0x0000,0x0000,0x0000,0x0000,0x0000,0x0000,
	0x0000,0x0000,0x0000,0x0000,0x0000,0x0000,0x0000,0x0000,
	0x0000,0x0000,0x0000,0x0000,0x0000,0x0000,0x0000,0x0000,
	0x0000,0x0000,0x0000,0x0000,0x0000,0x0000,0x0000,0x0000,

	0x0000,0x0000,0x0000,0x0000,0x0000,0x0000,0x0000,0x0000,
	0x0000,0x0000,0x0000,0x0000,0x0000,0x0000,0x0000,0x0000,
	0x0000,0x0000,0x0000,0x0000,0x0000,0x0000,0x0000,0x0000,
	0x0000,0x0000,0x0000,0x0000,0x0000,0x0000,0x0000,0x0000,
	0x0000,0x0000,0x0000,0x0000,0x0000,0x0000,0x0000,0x0000,
	0x0000,0x0000,0x0000,0x0000,0x0000,0x0000,0x0000,0x0000,
	0x0000,0x0000,0x0000,0x0000,0x0000,0x0000,0x0000,0x0000,
	0x0000,0x0000,0x0000,0x0000,0x0000,0x0000,0x0000,0x0000,

	0x0000,0x0000,0x0000,0x0000,0x0000,0x0000,0x0000,0x0000,
	0x0000,0x0000,0x0000,0x0000,0x0000,0x0000,0x0000,0x0000,
	0x0000,0x0000,0x0000,0x0000,0x0000,0x0000,0x0000,0x0000,
	0x0000,0x0000,0x0000,0x0000,0x0000,0x0000,0x0000,0x0000,
	0x0000,0x0000,0x0000,0x0000,0x0000,0x0000,0x0000,0x0000,
	0x0000,0x0000,0x0000,0x0000,0x0000,0x0000,0x0000,0x0000,
	0x0000,0x0000,0x0000,0x0000,0x0000,0x0000,0x0000,0x0000,
	0x0000,0x0000,0x0000,0x0000,0x0000,0x0000,0x0000,0x0000,

	0x0000,0x0000,0x0000,0x0000,0x0000,0x0000,0x0000,0x0000,
	0x0000,0x0000,0x0000,0x0000,0x0000,0x0000,0x0000,0x0000,
	0x0000,0x0000,0x0000,0x0000,0x0000,0x0000,0x0000,0x0000,
	0x0000,0x0000,0x0000,0x0000,0x0000,0x0000,0x0000,0x0000,
	0x0000,0x0000,0x0000,0x0000,0x0000,0x0000,0x0000,0x0000,
	0x0000,0x0000,0x0000,0x0000,0x0000,0x0000,0x0000,0x0000,
	0x0000,0x0000,0x0000,0x0000,0x0000,0x0000,0x0000,0x0000,
	0x0000,0x0000,0x0000,0x0000,0x0000,0x0000,0x0000,0x0000,

	0x0000,0x0000,0x0000,0x0000,0x0000,0x0000,0x0000,0x0000,
	0x0000,0x0000,0x0000,0x0000,0x0000,0x0000,0x0000,0x0000,
	0x0000,0x0000,0x0000,0x0000,0x0000,0x0000,0x0000,0x0000,
	0x0000,0x0000,0x0000,0x0000,0x0000,0x0000,0x0000,0x0000,
	0x0000,0x0000,0x0000,0x0000,0x0000,0x0000,0x0000,0x0000,
	0x0000,0x0000,0x0000,0x0000,0x0000,0x0000,0x0000,0x0000,
	0x0000,0x0000,0x0000,0x0000,0x0000,0x0000,0x0000,0x0000,
	0x0000,0x0000,0x0000,0x0000,0x0000,0x0000,0x0000,0x0000,

	0x0000,0x0000,0x0000,0x0000,0x0000,0x0000,0x0000,0x0000,
	0x0000,0x0000,0x0000,0x0000,0x0000,0x0000,0x0000,0x0000,
	0x0000,0x0000,0x0000,0x0000,0x0000,0x0000,0x0000,0x0000,
	0x0000,0x0000,0x0000,0x0000,0x0000,0x0000,0x0000,0x0000,
	0x0000,0x0000,0x0000,0x0000,0x0000,0x0000,0x0000,0x0000,
	0x0000,0x0000,0x0000,0x0000,0x0000,0x0000,0x0000,0x0000,
	0x0000,0x0000,0x0000,0x0000,0x0000,0x0000,0x0000,0x0000,
	0x0000,0x0000,0x0000,0x0000,0x0000,0x0000,0x0000,0x0000,

	0x0000,0x0000,0x0000,0x0000,0x0000,0x0000,0x0000,0x0000,
	0x0000,0x0000,0x0000,0x0000,0x0000,0x0000,0x0000,0x0000,
	0x0000,0x0000,0x0000,0x0000,0x0000,0x0000,0x0000,0x0000,
	0x0000,0x0000,0x0000,0x0000,0x0000,0x0000,0x0000,0x0000,
	0x0000,0x0000,0x0000,0x0000,0x0000,0x0000,0x0000,0x0000,
	0x0000,0x0000,0x0000,0x0000,0x0000,0x0000,0x0000,0x0000,
	0x0000,0x0000,0x0000,0x0000,0x0000,0x0000,0x0000,0x0000,
	0x0000,0x0000,0x0000,0x0000,0x0000,0x0000,0x0000,0x0000,

	0x0000,0x0000,0x0000,0x0000,0x0000,0x0000,0x0000,0x0000,
	0x0000,0x0000,0x0000,0x0000,0x0000,0x0000,0x0000,0x0000,
	0x0000,0x0000,0x0000,0x0000,0x0000,0x0000,0x0000,0x0000,
	0x0000,0x0000,0x0000,0x0000,0x0000,0x0000,0x0000,0x0000,
	0x0000,0x0000,0x0000,0x0000,0x0000,0x0000,0x0000,0x0000,
	0x0000,0x0000,0x0000,0x0000,0x0000,0x0000,0x0000,0x0000,
	0x0000,0x0000,0x0000,0x0000,0x0000,0x0000,0x0000,0x0000,
	0x0000,0x0000,0x0000,0x0000,0x0000,0x0000,0x0000,0x0000,

	0x0000,0x0000,0x0000,0x0000,0x0000,0x0000,0x0000,0x0000,
	0x0000,0x0000,0x0000,0x0000,0x0000,0x0000,0x0000,0x0000,
	0x0000,0x0000,0x0000,0x0000,0x0000,0x0000,0x0000,0x0000,
	0x0000,0x0000,0x0000,0x0000,0x0000,0x0000,0x0000,0x0000,
	0x0000,0x0000,0x0000,0x0000,0x0000,0x0000,0x0000,0x0000,
	0x0000,0x0000,0x0000,0x0000,0x0000,0x0000,0x0000,0x0000,
	0x0000,0x0000,0x0000,0x0000,0x0000,0x0000,0x0000,0x0000,
	0x0000,0x0000,0x0000,0x0000,0x0000,0x0000,0x0000,0x0000,

	0x0000,0x0000,0x0000,0x0000,0x0000,0x0000,0x0000,0x0000,
	0x0000,0x0000,0x0000,0x0000,0x0000,0x0000,0x0000,0x0000,
	0x0000,0x0000,0x0000,0x0000,0x0000,0x0000,0x0000,0x0000,
	0x0000,0x0000,0x0000,0x0000,0x0000,0x0000,0x0000,0x0000,
	0x0000,0x0000,0x0000,0x0000,0x0000,0x0000,0x0000,0x0000,
	0x0000,0x0000,0x0000,0x0000,0x0000,0x0000,0x0000,0x0000,
	0x0000,0x0000,0x0000,0x0000,0x0000,0x0000,0x0000,0x0000,
	0x0000,0x0000,0x0000,0x0000,0x0000,0x0000,0x0000,0x0000,

	0x0000,0x0000,0x0000,0x0000,0x0000,0x0000,0x0000,0x0000,
	0x0000,0x0000,0x0000,0x0000,0x0000,0x0000,0x0000,0x0000,
	0x0000,0x0000,0x0000,0x0000,0x0000,0x0000,0x0000,0x0000,
	0x0000,0x0000,0x0000,0x0000,0x0000,0x0000,0x0000,0x0000,
	0x0000,0x0000,0x0000,0x0000,0x0000,0x0000,0x0000,0x0000,
	0x0000,0x0000,0x0000,0x0000,0x0000,0x0000,0x0000,0x0000,
	0x0000,0x0000,0x0000,0x0000,0x0000,0x0000,0x0000,0x0000,
	0x0000,0x0000,0x0000,0x0000,0x0000,0x0000,0x0000,0x0000,

	0x0000,0x0000,0x0000,0x0000,0x0000,0x0000,0x0000,0x0000,
	0x0000,0x0000,0x0000,0x0000,0x0000,0x0000,0x0000,0x0000,
	0x0000,0x0000,0x0000,0x0000,0x0000,0x0000,0x0000,0x0000,
	0x0000,0x0000,0x0000,0x0000,0x0000,0x0000,0x0000,0x0000,
	0x0000,0x0000,0x0000,0x0000,0x0000,0x0000,0x0000,0x0000,
	0x0000,0x0000,0x0000,0x0000,0x0000,0x0000,0x0000,0x0000,
	0x0000,0x0000,0x0000,0x0000,0x0000,0x0000,0x0000,0x0000,
	0x0000,0x0000,0x0000,0x0000,0x0000,0x0000,0x0000,0x0000,

	0x0000,0x0000,0x0000,0x0000,0x0000,0x0000,0x0000,0x0000,
	0x0000,0x0000,0x0000,0x0000,0x0000,0x0000,0x0000,0x0000,
	0x0000,0x0000,0x0000,0x0000,0x0000,0x0000,0x0000,0x0000,
	0x0000,0x0000,0x0000,0x0000,0x0000,0x0000,0x0000,0x0000,
	0x0000,0x0000,0x0000,0x0000,0x0000,0x0000,0x0000,0x0000,
	0x0000,0x0000,0x0000,0x0000,0x0000,0x0000,0x0000,0x0000,
	0x0000,0x0000,0x0000,0x0000,0x0000,0x0000,0x0000,0x0000,
	0x0000,0x0000,0x0000,0x0000,0x0000,0x0000,0x0000,0x0000,

	0x0000,0x0000,0x0000,0x0000,0x0000,0x0000,0x0000,0x0000,
	0x0000,0x0000,0x0000,0x0000,0x0000,0x0000,0x0000,0x0000,
	0x0000,0x0000,0x0000,0x0000,0x0000,0x0000,0x0000,0x0000,
	0x0000,0x0000,0x0000,0x0000,0x0000,0x0000,0x0000,0x0000,
	0x0000,0x0000,0x0000,0x0000,0x0000,0x0000,0x0000,0x0000,
	0x0000,0x0000,0x0000,0x0000,0x0000,0x0000,0x0000,0x0000,
	0x0000,0x0000,0x0000,0x0000,0x0000,0x0000,0x0000,0x0000,
	0x0000,0x0000,0x0000,0x0000,0x0000,0x0000,0x0000,0x0000,

	0x0000,0x0000,0x0000,0x0000,0x0000,0x0000,0x0000,0x0000,
	0x0000,0x0000,0x0000,0x0000,0x0000,0x0000,0x0000,0x0000,
	0x0000,0x0000,0x0000,0x0000,0x0000,0x0000,0x0000,0x0000,
	0x0000,0x0000,0x0000,0x0000,0x0000,0x0000,0x0000,0x0000,
	0x0000,0x0000,0x0000,0x0000,0x0000,0x0000,0x0000,0x0000,
	0x0000,0x0000,0x0000,0x0000,0x0000,0x0000,0x0000,0x0000,
	0x0000,0x0000,0x0000,0x0000,0x0000,0x0000,0x0000,0x0000,
	0x0000,0x0000,0x0000,0x0000,0x0000,0x0000,0x0000,0x0000,

	0x0000,0x0000,0x0000,0x0000,0x0000,0x0000,0x0000,0x0000,
	0x0000,0x0000,0x0000,0x0000,0x0000,0x0000,0x0000,0x0000,
	0x0000,0x0000,0x0000,0x0000,0x0000,0x0000,0x0000,0x0000,
	0x0000,0x0000,0x0000,0x0000,0x0000,0x0000,0x0000,0x0000,
	0x0000,0x0000,0x0000,0x0000,0x0000,0x0000,0x0000,0x0000,
	0x0000,0x0000,0x0000,0x0000,0x0000,0x0000,0x0000,0x0000,
	0x0000,0x0000,0x0000,0x0000,0x0000,0x0000,0x0000,0x0000,
	0x0000,0x0000,0x0000,0x0000,0x0000,0x0000,0x0000,0x0000,

	0x0000,0x0000,0x0000,0x0000,0x0000,0x0000,0x0000,0x0000,
	0x0000,0x0000,0x0000,0x0000,0x0000,0x0000,0x0000,0x0000,
	0x0000,0x0000,0x0000,0x0000,0x0000,0x0000,0x0000,0x0000,
	0x0000,0x0000,0x0000,0x0000,0x0000,0x0000,0x0000,0x0000,
	0x0000,0x0000,0x0000,0x0000,0x0000,0x0000,0x0000,0x0000,
	0x0000,0x0000,0x0000,0x0000,0x0000,0x0000,0x0000,0x0000,
	0x0000,0x0000,0x0000,0x0000,0x0000,0x0000,0x0000,0x0000,
	0x0000,0x0000,0x0000,0x0000,0x0000,0x0000,0x0000,0x0000,

	0x0000,0x0000,0x0000,0x0000,0x0000,0x0000,0x0000,0x0000,
	0x0000,0x0000,0x0000,0x0000,0x0000,0x0000,0x0000,0x0000,
	0x0000,0x0000,0x0000,0x0000,0x0000,0x0000,0x0000,0x0000,
	0x0000,0x0000,0x0000,0x0000,0x0000,0x0000,0x0000,0x0000,
	0x0000,0x0000,0x0000,0x0000,0x0000,0x0000,0x0000,0x0000,
	0x0000,0x0000,0x0000,0x0000,0x0000,0x0000,0x0000,0x0000,
	0x0000,0x0000,0x0000,0x0000,0x0000,0x0000,0x0000,0x0000,
	0x0000,0x0000,0x0000,0x0000,0x0000,0x0000,0x0000,0x0000,

	0x0000,0x0000,0x0000,0x0000,0x0000,0x0000,0x0000,0x0000,
	0x0000,0x0000,0x0000,0x0000,0x0000,0x0000,0x0000,0x0000,
	0x0000,0x0000,0x0000,0x0000,0x0000,0x0000,0x0000,0x0000,
	0x0000,0x0000,0x0000,0x0000,0x0000,0x0000,0x0000,0x0000,
	0x0000,0x0000,0x0000,0x0000,0x0000,0x0000,0x0000,0x0000,
	0x0000,0x0000,0x0000,0x0000,0x0000,0x0000,0x0000,0x0000,
	0x0000,0x0000,0x0000,0x0000,0x0000,0x0000,0x0000,0x0000,
	0x0000,0x0000,0x0000,0x0000,0x0000,0x0000,0x0000,0x0000,

	0x0000,0x0000,0x0000,0x0000,0x0000,0x0000,0x0000,0x0000,
	0x0000,0x0000,0x0000,0x0000,0x0000,0x0000,0x0000,0x0000,
	0x0000,0x0000,0x0000,0x0000,0x0000,0x0000,0x0000,0x0000,
	0x0000,0x0000,0x0000,0x0000,0x0000,0x0000,0x0000,0x0000,
	0x0000,0x0000,0x0000,0x0000,0x0000,0x0000,0x0000,0x0000,
	0x0000,0x0000,0x0000,0x0000,0x0000,0x0000,0x0000,0x0000,
	0x0000,0x0000,0x0000,0x0000,0x0000,0x0000,0x0000,0x0000,
	0x0000,0x0000,0x0000,0x0000,0x0000,0x0000,0x0000,0x0000,

	0x0000,0x0000,0x0000,0x0000,0x0000,0x0000,0x0000,0x0000,
	0x0000,0x0000,0x0000,0x0000,0x0000,0x0000,0x0000,0x0000,
	0x0000,0x0000,0x0000,0x0000,0x0000,0x0000,0x0000,0x0000,
	0x0000,0x0000,0x0000,0x0000,0x0000,0x0000,0x0000,0x0000,
	0x0000,0x0000,0x0000,0x0000,0x0000,0x0000,0x0000,0x0000,
	0x0000,0x0000,0x0000,0x0000,0x0000,0x0000,0x0000,0x0000,
	0x0000,0x0000,0x0000,0x0000,0x0000,0x0000,0x0000,0x0000,
	0x0000,0x0000,0x0000,0x0000,0x0000,0x0000,0x0000,0x0000,

	0x0000,0x0000,0x0000,0x0000,0x0000,0x0000,0x0000,0x0000,
	0x0000,0x0000,0x0000,0x0000,0x0000,0x0000,0x0000,0x0000,
	0x0000,0x0000,0x0000,0x0000,0x0000,0x0000,0x0000,0x0000,
	0x0000,0x0000,0x0000,0x0000,0x0000,0x0000,0x0000,0x0000,
	0x0000,0x0000,0x0000,0x0000,0x0000,0x0000,0x0000,0x0000,
	0x0000,0x0000,0x0000,0x0000,0x0000,0x0000,0x0000,0x0000,
	0x0000,0x0000,0x0000,0x0000,0x0000,0x0000,0x0000,0x0000,
	0x0000,0x0000,0x0000,0x0000,0x0000,0x0000,0x0000,0x0000,

	0x0000,0x0000,0x0000,0x0000,0x0000,0x0000,0x0000,0x0000,
	0x0000,0x0000,0x0000,0x0000,0x0000,0x0000,0x0000,0x0000,
	0x0000,0x0000,0x0000,0x0000,0x0000,0x0000,0x0000,0x0000,
	0x0000,0x0000,0x0000,0x0000,0x0000,0x0000,0x0000,0x0000,
	0x0000,0x0000,0x0000,0x0000,0x0000,0x0000,0x0000,0x0000,
	0x0000,0x0000,0x0000,0x0000,0x0000,0x0000,0x0000,0x0000,
	0x0000,0x0000,0x0000,0x0000,0x0000,0x0000,0x0000,0x0000,
	0x0000,0x0000,0x0000,0x0000,0x0000,0x0000,0x0000,0x0000,

	0x0000,0x0000,0x0000,0x0000,0x0000,0x0000,0x0000,0x0000,
	0x0000,0x0000,0x0000,0x0000,0x0000,0x0000,0x0000,0x0000,
	0x0000,0x0000,0x0000,0x0000,0x0000,0x0000,0x0000,0x0000,
	0x0000,0x0000,0x0000,0x0000,0x0000,0x0000,0x0000,0x0000,
	0x0000,0x0000,0x0000,0x0000,0x0000,0x0000,0x0000,0x0000,
	0x0000,0x0000,0x0000,0x0000,0x0000,0x0000,0x0000,0x0000,
	0x0000,0x0000,0x0000,0x0000,0x0000,0x0000,0x0000,0x0000,
	0x0000,0x0000,0x0000,0x0000,0x0000,0x0000,0x0000,0x0000,

	0x0000,0x0000,0x0000,0x0000,0x0000,0x0000,0x0000,0x0000,
	0x0000,0x0000,0x0000,0x0000,0x0000,0x0000,0x0000,0x0000,
	0x0000,0x0000,0x0000,0x0000,0x0000,0x0000,0x0000,0x0000,
	0x0000,0x0000,0x0000,0x0000,0x0000,0x0000,0x0000,0x0000,
	0x0000,0x0000,0x0000,0x0000,0x0000,0x0000,0x0000,0x0000,
	0x0000,0x0000,0x0000,0x0000,0x0000,0x0000,0x0000,0x0000,
	0x0000,0x0000,0x0000,0x0000,0x0000,0x0000,0x0000,0x0000,
	0x0000,0x0000,0x0000,0x0000,0x0000,0x0000,0x0000,0x0000,

	0x0000,0x0000,0x0000,0x0000,0x0000,0x0000,0x0000,0x0000,
	0x0000,0x0000,0x0000,0x0000,0x0000,0x0000,0x0000,0x0000,
	0x0000,0x0000,0x0000,0x0000,0x0000,0x0000,0x0000,0x0000,
	0x0000,0x0000,0x0000,0x0000,0x0000,0x0000,0x0000,0x0000,
	0x0000,0x0000,0x0000,0x0000,0x0000,0x0000,0x0000,0x0000,
	0x0000,0x0000,0x0000,0x0000,0x0000,0x0000,0x0000,0x0000,
	0x0000,0x0000,0x0000,0x0000,0x0000,0x0000,0x0000,0x0000,
	0x0000,0x0000,0x0000,0x0000,0x0000,0x0000,0x0000,0x0000,

	0x0000,0x0000,0x0000,0x0000,0x0000,0x0000,0x0000,0x0000,
	0x0000,0x0000,0x0000,0x0000,0x0000,0x0000,0x0000,0x0000,
	0x0000,0x0000,0x0000,0x0000,0x0000,0x0000,0x0000,0x0000,
	0x0000,0x0000,0x0000,0x0000,0x0000,0x0000,0x0000,0x0000,
	0x0000,0x0000,0x0000,0x0000,0x0000,0x0000,0x0000,0x0000,
	0x0000,0x0000,0x0000,0x0000,0x0000,0x0000,0x0000,0x0000,
	0x0000,0x0000,0x0000,0x0000,0x0000,0x0000,0x0000,0x0000,
	0x0000,0x0000,0x0000,0x0000,0x0000,0x0000,0x0000,0x0000,

	0x0000,0x0000,0x0000,0x0000,0x0000,0x0000,0x0000,0x0000,
	0x0000,0x0000,0x0000,0x0000,0x0000,0x0000,0x0000,0x0000,
	0x0000,0x0000,0x0000,0x0000,0x0000,0x0000,0x0000,0x0000,
	0x0000,0x0000,0x0000,0x0000,0x0000,0x0000,0x0000,0x0000,
	0x0000,0x0000,0x0000,0x0000,0x0000,0x0000,0x0000,0x0000,
	0x0000,0x0000,0x0000,0x0000,0x0000,0x0000,0x0000,0x0000,
	0x0000,0x0000,0x0000,0x0000,0x0000,0x0000,0x0000,0x0000,
	0x0000,0x0000,0x0000,0x0000,0x0000,0x0000,0x0000,0x0000,

	0x0000,0x0000,0x0000,0x0000,0x0000,0x0000,0x0000,0x0000,
	0x0000,0x0000,0x0000,0x0000,0x0000,0x0000,0x0000,0x0000,
	0x0000,0x0000,0x0000,0x0000,0x0000,0x0000,0x0000,0x0000,
	0x0000,0x0000,0x0000,0x0000,0x0000,0x0000,0x0000,0x0000,
	0x0000,0x0000,0x0000,0x0000,0x0000,0x0000,0x0000,0x0000,
	0x0000,0x0000,0x0000,0x0000,0x0000,0x0000,0x0000,0x0000,
	0x0000,0x0000,0x0000,0x0000,0x0000,0x0000,0x0000,0x0000,
	0x0000,0x0000,0x0000,0x0000,0x0000,0x0000,0x0000,0x0000,

	0x0000,0x0000,0x0000,0x0000,0x0000,0x0000,0x0000,0x0000,
	0x0000,0x0000,0x0000,0x0000,0x0000,0x0000,0x0000,0x0000,
	0x0000,0x0000,0x0000,0x0000,0x0000,0x0000,0x0000,0x0000,
	0x0000,0x0000,0x0000,0x0000,0x0000,0x0000,0x0000,0x0000,
	0x0000,0x0000,0x0000,0x0000,0x0000,0x0000,0x0000,0x0000,
	0x0000,0x0000,0x0000,0x0000,0x0000,0x0000,0x0000,0x0000,
	0x0000,0x0000,0x0000,0x0000,0x0000,0x0000,0x0000,0x0000,
	0x0000,0x0000,0x0000,0x0000,0x0000,0x0000,0x0000,0x0000,

	0x0000,0x0000,0x0000,0x0000,0x0000,0x0000,0x0000,0x0000,
	0x0000,0x0000,0x0000,0x0000,0x0000,0x0000,0x0000,0x0000,
	0x0000,0x0000,0x0000,0x0000,0x0000,0x0000,0x0000,0x0000,
	0x0000,0x0000,0x0000,0x0000,0x0000,0x0000,0x0000,0x0000,
	0x0000,0x0000,0x0000,0x0000,0x0000,0x0000,0x0000,0x0000,
	0x0000,0x0000,0x0000,0x0000,0x0000,0x0000,0x0000,0x0000,
	0x0000,0x0000,0x0000,0x0000,0x0000,0x0000,0x0000,0x0000,
	0x0000,0x0000,0x0000,0x0000,0x0000,0x0000,0x0000,0x0000,

	0x0000,0x0000,0x0000,0x0000,0x0000,0x0000,0x0000,0x0000,
	0x0000,0x0000,0x0000,0x0000,0x0000,0x0000,0x0000,0x0000,
	0x0000,0x0000,0x0000,0x0000,0x0000,0x0000,0x0000,0x0000,
	0x0000,0x0000,0x0000,0x0000,0x0000,0x0000,0x0000,0x0000,
	0x0000,0x0000,0x0000,0x0000,0x0000,0x0000,0x0000,0x0000,
	0x0000,0x0000,0x0000,0x0000,0x0000,0x0000,0x0000,0x0000,
	0x0000,0x0000,0x0000,0x0000,0x0000,0x0000,0x0000,0x0000,
	0x0000,0x0000,0x0000,0x0000,0x0000,0x0000,0x0000,0x0000,

	0x0000,0x0000,0x0000,0x0000,0x0000,0x0000,0x0000,0x0000,
	0x0000,0x0000,0x0000,0x0000,0x0000,0x0000,0x0000,0x0000,
	0x0000,0x0000,0x0000,0x0000,0x0000,0x0000,0x0000,0x0000,
	0x0000,0x0000,0x0000,0x0000,0x0000,0x0000,0x0000,0x0000,
	0x0000,0x0000,0x0000,0x0000,0x0000,0x0000,0x0000,0x0000,
	0x0000,0x0000,0x0000,0x0000,0x0000,0x0000,0x0000,0x0000,
	0x0000,0x0000,0x0000,0x0000,0x0000,0x0000,0x0000,0x0000,
	0x0000,0x0000,0x0000,0x0000,0x0000,0x0000,0x0000,0x0000,

	0x0000,0x0000,0x0000,0x0000,0x0000,0x0000,0x0000,0x0000,
	0x0000,0x0000,0x0000,0x0000,0x0000,0x0000,0x0000,0x0000,
	0x0000,0x0000,0x0000,0x0000,0x0000,0x0000,0x0000,0x0000,
	0x0000,0x0000,0x0000,0x0000,0x0000,0x0000,0x0000,0x0000,
	0x0000,0x0000,0x0000,0x0000,0x0000,0x0000,0x0000,0x0000,
	0x0000,0x0000,0x0000,0x0000,0x0000,0x0000,0x0000,0x0000,
	0x0000,0x0000,0x0000,0x0000,0x0000,0x0000,0x0000,0x0000,
	0x0000,0x0000,0x0000,0x0000,0x0000,0x0000,0x0000,0x0000,

	0x0000,0x0000,0x0000,0x0000,0x0000,0x0000,0x0000,0x0000,
	0x0000,0x0000,0x0000,0x0000,0x0000,0x0000,0x0000,0x0000,
	0x0000,0x0000,0x0000,0x0000,0x0000,0x0000,0x0000,0x0000,
	0x0000,0x0000,0x0000,0x0000,0x0000,0x0000,0x0000,0x0000,
	0x0000,0x0000,0x0000,0x0000,0x0000,0x0000,0x0000,0x0000,
	0x0000,0x0000,0x0000,0x0000,0x0000,0x0000,0x0000,0x0000,
	0x0000,0x0000,0x0000,0x0000,0x0000,0x0000,0x0000,0x0000,
	0x0000,0x0000,0x0000,0x0000,0x0000,0x0000,0x0000,0x0000,

	0x0000,0x0000,0x0000,0x0000,0x0000,0x0000,0x0000,0x0000,
	0x0000,0x0000,0x0000,0x0000,0x0000,0x0000,0x0000,0x0000,
	0x0000,0x0000,0x0000,0x0000,0x0000,0x0000,0x0000,0x0000,
	0x0000,0x0000,0x0000,0x0000,0x0000,0x0000,0x0000,0x0000,
	0x0000,0x0000,0x0000,0x0000,0x0000,0x0000,0x0000,0x0000,
	0x0000,0x0000,0x0000,0x0000,0x0000,0x0000,0x0000,0x0000,
	0x0000,0x0000,0x0000,0x0000,0x0000,0x0000,0x0000,0x0000,
	0x0000,0x0000,0x0000,0x0000,0x0000,0x0000,0x0000,0x0000,

	0x0000,0x0000,0x0000,0x0000,0x0000,0x0000,0x0000,0x0000,
	0x0000,0x0000,0x0000,0x0000,0x0000,0x0000,0x0000,0x0000,
	0x0000,0x0000,0x0000,0x0000,0x0000,0x0000,0x0000,0x0000,
	0x0000,0x0000,0x0000,0x0000,0x0000,0x0000,0x0000,0x0000,
	0x0000,0x0000,0x0000,0x0000,0x0000,0x0000,0x0000,0x0000,
	0x0000,0x0000,0x0000,0x0000,0x0000,0x0000,0x0000,0x0000,
	0x0000,0x0000,0x0000,0x0000,0x0000,0x0000,0x0000,0x0000,
	0x0000,0x0000,0x0000,0x0000,0x0000,0x0000,0x0000,0x0000,

	0x0000,0x0000,0x0000,0x0000,0x0000,0x0000,0x0000,0x0000,
	0x0000,0x0000,0x0000,0x0000,0x0000,0x0000,0x0000,0x0000,
	0x0000,0x0000,0x0000,0x0000,0x0000,0x0000,0x0000,0x0000,
	0x0000,0x0000,0x0000,0x0000,0x0000,0x0000,0x0000,0x0000,
	0x0000,0x0000,0x0000,0x0000,0x0000,0x0000,0x0000,0x0000,
	0x0000,0x0000,0x0000,0x0000,0x0000,0x0000,0x0000,0x0000,
	0x0000,0x0000,0x0000,0x0000,0x0000,0x0000,0x0000,0x0000,
	0x0000,0x0000,0x0000,0x0000,0x0000,0x0000,0x0000,0x0000,

	0x0000,0x0000,0x0000,0x0000,0x0000,0x0000,0x0000,0x0000,
	0x0000,0x0000,0x0000,0x0000,0x0000,0x0000,0x0000,0x0000,
	0x0000,0x0000,0x0000,0x0000,0x0000,0x0000,0x0000,0x0000,
	0x0000,0x0000,0x0000,0x0000,0x0000,0x0000,0x0000,0x0000,
	0x0000,0x0000,0x0000,0x0000,0x0000,0x0000,0x0000,0x0000,
	0x0000,0x0000,0x0000,0x0000,0x0000,0x0000,0x0000,0x0000,
	0x0000,0x0000,0x0000,0x0000,0x0000,0x0000,0x0000,0x0000,
	0x0000,0x0000,0x0000,0x0000,0x0000,0x0000,0x0000,0x0000,

	0x0000,0x0000,0x0000,0x0000,0x0000,0x0000,0x0000,0x0000,
	0x0000,0x0000,0x0000,0x0000,0x0000,0x0000,0x0000,0x0000,
	0x0000,0x0000,0x0000,0x0000,0x0000,0x0000,0x0000,0x0000,
	0x0000,0x0000,0x0000,0x0000,0x0000,0x0000,0x0000,0x0000,
	0x0000,0x0000,0x0000,0x0000,0x0000,0x0000,0x0000,0x0000,
	0x0000,0x0000,0x0000,0x0000,0x0000,0x0000,0x0000,0x0000,
	0x0000,0x0000,0x0000,0x0000,0x0000,0x0000,0x0000,0x0000,
	0x0000,0x0000,0x0000,0x0000,0x0000,0x0000,0x0000,0x0000,

	0x0000,0x0000,0x0000,0x0000,0x0000,0x0000,0x0000,0x0000,
	0x0000,0x0000,0x0000,0x0000,0x0000,0x0000,0x0000,0x0000,
	0x0000,0x0000,0x0000,0x0000,0x0000,0x0000,0x0000,0x0000,
	0x0000,0x0000,0x0000,0x0000,0x0000,0x0000,0x0000,0x0000,
	0x0000,0x0000,0x0000,0x0000,0x0000,0x0000,0x0000,0x0000,
	0x0000,0x0000,0x0000,0x0000,0x0000,0x0000,0x0000,0x0000,
	0x0000,0x0000,0x0000,0x0000,0x0000,0x0000,0x0000,0x0000,
	0x0000,0x0000,0x0000,0x0000,0x0000,0x0000,0x0000,0x0000,

	0x0000,0x0000,0x0000,0x0000,0x0000,0x0000,0x0000,0x0000,
	0x0000,0x0000,0x0000,0x0000,0x0000,0x0000,0x0000,0x0000,
	0x0000,0x0000,0x0000,0x0000,0x0000,0x0000,0x0000,0x0000,
	0x0000,0x0000,0x0000,0x0000,0x0000,0x0000,0x0000,0x0000,
	0x0000,0x0000,0x0000,0x0000,0x0000,0x0000,0x0000,0x0000,
	0x0000,0x0000,0x0000,0x0000,0x0000,0x0000,0x0000,0x0000,
	0x0000,0x0000,0x0000,0x0000,0x0000,0x0000,0x0000,0x0000,
	0x0000,0x0000,0x0000,0x0000,0x0000,0x0000,0x0000,0x0000,

	0x0000,0x0000,0x0000,0x0000,0x0000,0x0000,0x0000,0x0000,
	0x0000,0x0000,0x0000,0x0000,0x0000,0x0000,0x0000,0x0000,
	0x0000,0x0000,0x0000,0x0000,0x0000,0x0000,0x0000,0x0000,
	0x0000,0x0000,0x0000,0x0000,0x0000,0x0000,0x0000,0x0000,
	0x0000,0x0000,0x0000,0x0000,0x0000,0x0000,0x0000,0x0000,
	0x0000,0x0000,0x0000,0x0000,0x0000,0x0000,0x0000,0x0000,
	0x0000,0x0000,0x0000,0x0000,0x0000,0x0000,0x0000,0x0000,
	0x0000,0x0000,0x0000,0x0000,0x0000,0x0000,0x0000,0x0000,

	0x0000,0x0000,0x0000,0x0000,0x0000,0x0000,0x0000,0x0000,
	0x0000,0x0000,0x0000,0x0000,0x0000,0x0000,0x0000,0x0000,
	0x0000,0x0000,0x0000,0x0000,0x0000,0x0000,0x0000,0x0000,
	0x0000,0x0000,0x0000,0x0000,0x0000,0x0000,0x0000,0x0000,
	0x0000,0x0000,0x0000,0x0000,0x0000,0x0000,0x0000,0x0000,
	0x0000,0x0000,0x0000,0x0000,0x0000,0x0000,0x0000,0x0000,
	0x0000,0x0000,0x0000,0x0000,0x0000,0x0000,0x0000,0x0000,
	0x0000,0x0000,0x0000,0x0000,0x0000,0x0000,0x0000,0x0000,

	0x0000,0x0000,0x0000,0x0000,0x0000,0x0000,0x0000,0x0000,
	0x0000,0x0000,0x0000,0x0000,0x0000,0x0000,0x0000,0x0000,
	0x0000,0x0000,0x0000,0x0000,0x0000,0x0000,0x0000,0x0000,
	0x0000,0x0000,0x0000,0x0000,0x0000,0x0000,0x0000,0x0000,
	0x0000,0x0000,0x0000,0x0000,0x0000,0x0000,0x0000,0x0000,
	0x0000,0x0000,0x0000,0x0000,0x0000,0x0000,0x0000,0x0000,
	0x0000,0x0000,0x0000,0x0000,0x0000,0x0000,0x0000,0x0000,
	0x0000,0x0000,0x0000,0x0000,0x0000,0x0000,0x0000,0x0000,

	0x0000,0x0000,0x0000,0x0000,0x0000,0x0000,0x0000,0x0000,
	0x0000,0x0000,0x0000,0x0000,0x0000,0x0000,0x0000,0x0000,
	0x0000,0x0000,0x0000,0x0000,0x0000,0x0000,0x0000,0x0000,
	0x0000,0x0000,0x0000,0x0000,0x0000,0x0000,0x0000,0x0000,
	0x0000,0x0000,0x0000,0x0000,0x0000,0x0000,0x0000,0x0000,
	0x0000,0x0000,0x0000,0x0000,0x0000,0x0000,0x0000,0x0000,
	0x0000,0x0000,0x0000,0x0000,0x0000,0x0000,0x0000,0x0000,
	0x0000,0x0000,0x0000,0x0000,0x0000,0x0000,0x0000,0x0000,

	0x0000,0x0000,0x0000,0x0000,0x0000,0x0000,0x0000,0x0000,
	0x0000,0x0000,0x0000,0x0000,0x0000,0x0000,0x0000,0x0000,
	0x0000,0x0000,0x0000,0x0000,0x0000,0x0000,0x0000,0x0000,
	0x0000,0x0000,0x0000,0x0000,0x0000,0x0000,0x0000,0x0000,
	0x0000,0x0000,0x0000,0x0000,0x0000,0x0000,0x0000,0x0000,
	0x0000,0x0000,0x0000,0x0000,0x0000,0x0000,0x0000,0x0000,
	0x0000,0x0000,0x0000,0x0000,0x0000,0x0000,0x0000,0x0000,
	0x0000,0x0000,0x0000,0x0000,0x0000,0x0000,0x0000,0x0000,

	0x0000,0x0000,0x0000,0x0000,0x0000,0x0000,0x0000,0x0000,
	0x0000,0x0000,0x0000,0x0000,0x0000,0x0000,0x0000,0x0000,
	0x0000,0x0000,0x0000,0x0000,0x0000,0x0000,0x0000,0x0000,
	0x0000,0x0000,0x0000,0x0000,0x0000,0x0000,0x0000,0x0000,
	0x0000,0x0000,0x0000,0x0000,0x0000,0x0000,0x0000,0x0000,
	0x0000,0x0000,0x0000,0x0000,0x0000,0x0000,0x0000,0x0000,
	0x0000,0x0000,0x0000,0x0000,0x0000,0x0000,0x0000,0x0000,
	0x0000,0x0000,0x0000,0x0000,0x0000,0x0000,0x0000,0x0000,

	0x0000,0x0000,0x0000,0x0000,0x0000,0x0000,0x0000,0x0000,
	0x0000,0x0000,0x0000,0x0000,0x0000,0x0000,0x0000,0x0000,
	0x0000,0x0000,0x0000,0x0000,0x0000,0x0000,0x0000,0x0000,
	0x0000,0x0000,0x0000,0x0000,0x0000,0x0000,0x0000,0x0000,
	0x0000,0x0000,0x0000,0x0000,0x0000,0x0000,0x0000,0x0000,
	0x0000,0x0000,0x0000,0x0000,0x0000,0x0000,0x0000,0x0000,
	0x0000,0x0000,0x0000,0x0000,0x0000,0x0000,0x0000,0x0000,
	0x0000,0x0000,0x0000,0x0000,0x0000,0x0000,0x0000,0x0000,

	0x0000,0x0000,0x0000,0x0000,0x0000,0x0000,0x0000,0x0000,
	0x0000,0x0000,0x0000,0x0000,0x0000,0x0000,0x0000,0x0000,
	0x0000,0x0000,0x0000,0x0000,0x0000,0x0000,0x0000,0x0000,
	0x0000,0x0000,0x0000,0x0000,0x0000,0x0000,0x0000,0x0000,
	0x0000,0x0000,0x0000,0x0000,0x0000,0x0000,0x0000,0x0000,
	0x0000,0x0000,0x0000,0x0000,0x0000,0x0000,0x0000,0x0000,
	0x0000,0x0000,0x0000,0x0000,0x0000,0x0000,0x0000,0x0000,
	0x0000,0x0000,0x0000,0x0000,0x0000,0x0000,0x0000,0x0000,

	0x0000,0x0000,0x0000,0x0000,0x0000,0x0000,0x0000,0x0000,
	0x0000,0x0000,0x0000,0x0000,0x0000,0x0000,0x0000,0x0000,
	0x0000,0x0000,0x0000,0x0000,0x0000,0x0000,0x0000,0x0000,
	0x0000,0x0000,0x0000,0x0000,0x0000,0x0000,0x0000,0x0000,
	0x0000,0x0000,0x0000,0x0000,0x0000,0x0000,0x0000,0x0000,
	0x0000,0x0000,0x0000,0x0000,0x0000,0x0000,0x0000,0x0000,
	0x0000,0x0000,0x0000,0x0000,0x0000,0x0000,0x0000,0x0000,
	0x0000,0x0000,0x0000,0x0000,0x0000,0x0000,0x0000,0x0000,

	0x0000,0x0000,0x0000,0x0000,0x0000,0x0000,0x0000,0x0000,
	0x0000,0x0000,0x0000,0x0000,0x0000,0x0000,0x0000,0x0000,
	0x0000,0x0000,0x0000,0x0000,0x0000,0x0000,0x0000,0x0000,
	0x0000,0x0000,0x0000,0x0000,0x0000,0x0000,0x0000,0x0000,
	0x0000,0x0000,0x0000,0x0000,0x0000,0x0000,0x0000,0x0000,
	0x0000,0x0000,0x0000,0x0000,0x0000,0x0000,0x0000,0x0000,
	0x0000,0x0000,0x0000,0x0000,0x0000,0x0000,0x0000,0x0000,
	0x0000,0x0000,0x0000,0x0000,0x0000,0x0000,0x0000,0x0000,

	0x0000,0x0000,0x0000,0x0000,0x0000,0x0000,0x0000,0x0000,
	0x0000,0x0000,0x0000,0x0000,0x0000,0x0000,0x0000,0x0000,
	0x0000,0x0000,0x0000,0x0000,0x0000,0x0000,0x0000,0x0000,
	0x0000,0x0000,0x0000,0x0000,0x0000,0x0000,0x0000,0x0000,
	0x0000,0x0000,0x0000,0x0000,0x0000,0x0000,0x0000,0x0000,
	0x0000,0x0000,0x0000,0x0000,0x0000,0x0000,0x0000,0x0000,
	0x0000,0x0000,0x0000,0x0000,0x0000,0x0000,0x0000,0x0000,
	0x0000,0x0000,0x0000,0x0000,0x0000,0x0000,0x0000,0x0000,

	0x0000,0x0000,0x0000,0x0000,0x0000,0x0000,0x0000,0x0000,
	0x0000,0x0000,0x0000,0x0000,0x0000,0x0000,0x0000,0x0000,
	0x0000,0x0000,0x0000,0x0000,0x0000,0x0000,0x0000,0x0000,
	0x0000,0x0000,0x0000,0x0000,0x0000,0x0000,0x0000,0x0000,
	0x0000,0x0000,0x0000,0x0000,0x0000,0x0000,0x0000,0x0000,
	0x0000,0x0000,0x0000,0x0000,0x0000,0x0000,0x0000,0x0000,
	0x0000,0x0000,0x0000,0x0000,0x0000,0x0000,0x0000,0x0000,
	0x0000,0x0000,0x0000,0x0000,0x0000,0x0000,0x0000,0x0000,

	0x0000,0x0000,0x0000,0x0000,0x0000,0x0000,0x0000,0x0000,
	0x0000,0x0000,0x0000,0x0000,0x0000,0x0000,0x0000,0x0000,
	0x0000,0x0000,0x0000,0x0000,0x0000,0x0000,0x0000,0x0000,
	0x0000,0x0000,0x0000,0x0000,0x0000,0x0000,0x0000,0x0000,
	0x0000,0x0000,0x0000,0x0000,0x0000,0x0000,0x0000,0x0000,
	0x0000,0x0000,0x0000,0x0000,0x0000,0x0000,0x0000,0x0000,
	0x0000,0x0000,0x0000,0x0000,0x0000,0x0000,0x0000,0x0000,
	0x0000,0x0000,0x0000,0x0000,0x0000,0x0000,0x0000,0x0000,

	0x0000,0x0000,0x0000,0x0000,0x0000,0x0000,0x0000,0x0000,
	0x0000,0x0000,0x0000,0x0000,0x0000,0x0000,0x0000,0x0000,
	0x0000,0x0000,0x0000,0x0000,0x0000,0x0000,0x0000,0x0000,
	0x0000,0x0000,0x0000,0x0000,0x0000,0x0000,0x0000,0x0000,
	0x0000,0x0000,0x0000,0x0000,0x0000,0x0000,0x0000,0x0000,
	0x0000,0x0000,0x0000,0x0000,0x0000,0x0000,0x0000,0x0000,
	0x0000,0x0000,0x0000,0x0000,0x0000,0x0000,0x0000,0x0000,
	0x0000,0x0000,0x0000,0x0000,0x0000,0x0000,0x0000,0x0000,

	0x0000,0x0000,0x0000,0x0000,0x0000,0x0000,0x0000,0x0000,
	0x0000,0x0000,0x0000,0x0000,0x0000,0x0000,0x0000,0x0000,
	0x0000,0x0000,0x0000,0x0000,0x0000,0x0000,0x0000,0x0000,
	0x0000,0x0000,0x0000,0x0000,0x0000,0x0000,0x0000,0x0000,
	0x0000,0x0000,0x0000,0x0000,0x0000,0x0000,0x0000,0x0000,
	0x0000,0x0000,0x0000,0x0000,0x0000,0x0000,0x0000,0x0000,
	0x0000,0x0000,0x0000,0x0000,0x0000,0x0000,0x0000,0x0000,
	0x0000,0x0000,0x0000,0x0000,0x0000,0x0000,0x0000,0x0000,

	0x0000,0x0000,0x0000,0x0000,0x0000,0x0000,0x0000,0x0000,
	0x0000,0x0000,0x0000,0x0000,0x0000,0x0000,0x0000,0x0000,
	0x0000,0x0000,0x0000,0x0000,0x0000,0x0000,0x0000,0x0000,
	0x0000,0x0000,0x0000,0x0000,0x0000,0x0000,0x0000,0x0000,
	0x0000,0x0000,0x0000,0x0000,0x0000,0x0000,0x0000,0x0000,
	0x0000,0x0000,0x0000,0x0000,0x0000,0x0000,0x0000,0x0000,
	0x0000,0x0000,0x0000,0x0000,0x0000,0x0000,0x0000,0x0000,
	0x0000,0x0000,0x0000,0x0000,0x0000,0x0000,0x0000,0x0000,

	0x0000,0x0000,0x0000,0x0000,0x0000,0x0000,0x0000,0x0000,
	0x0000,0x0000,0x0000,0x0000,0x0000,0x0000,0x0000,0x0000,
	0x0000,0x0000,0x0000,0x0000,0x0000,0x0000,0x0000,0x0000,
	0x0000,0x0000,0x0000,0x0000,0x0000,0x0000,0x0000,0x0000,
	0x0000,0x0000,0x0000,0x0000,0x0000,0x0000,0x0000,0x0000,
	0x0000,0x0000,0x0000,0x0000,0x0000,0x0000,0x0000,0x0000,
	0x0000,0x0000,0x0000,0x0000,0x0000,0x0000,0x0000,0x0000,
	0x0000,0x0000,0x0000,0x0000,0x0000,0x0000,0x0000,0x0000,

	0x0000,0x0000,0x0000,0x0000,0x0000,0x0000,0x0000,0x0000,
	0x0000,0x0000,0x0000,0x0000,0x0000,0x0000,0x0000,0x0000,
	0x0000,0x0000,0x0000,0x0000,0x0000,0x0000,0x0000,0x0000,
	0x0000,0x0000,0x0000,0x0000,0x0000,0x0000,0x0000,0x0000,
	0x0000,0x0000,0x0000,0x0000,0x0000,0x0000,0x0000,0x0000,
	0x0000,0x0000,0x0000,0x0000,0x0000,0x0000,0x0000,0x0000,
	0x0000,0x0000,0x0000,0x0000,0x0000,0x0000,0x0000,0x0000,
	0x0000,0x0000,0x0000,0x0000,0x0000,0x0000,0x0000,0x0000,

	0x0000,0x0000,0x0000,0x0000,0x0000,0x0000,0x0000,0x0000,
	0x0000,0x0000,0x0000,0x0000,0x0000,0x0000,0x0000,0x0000,
	0x0000,0x0000,0x0000,0x0000,0x0000,0x0000,0x0000,0x0000,
	0x0000,0x0000,0x0000,0x0000,0x0000,0x0000,0x0000,0x0000,
	0x0000,0x0000,0x0000,0x0000,0x0000,0x0000,0x0000,0x0000,
	0x0000,0x0000,0x0000,0x0000,0x0000,0x0000,0x0000,0x0000,
	0x0000,0x0000,0x0000,0x0000,0x0000,0x0000,0x0000,0x0000,
	0x0000,0x0000,0x0000,0x0000,0x0000,0x0000,0x0000,0x0000,

	0x0000,0x0000,0x0000,0x0000,0x0000,0x0000,0x0000,0x0000,
	0x0000,0x0000,0x0000,0x0000,0x0000,0x0000,0x0000,0x0000,
	0x0000,0x0000,0x0000,0x0000,0x0000,0x0000,0x0000,0x0000,
	0x0000,0x0000,0x0000,0x0000,0x0000,0x0000,0x0000,0x0000,
	0x0000,0x0000,0x0000,0x0000,0x0000,0x0000,0x0000,0x0000,
	0x0000,0x0000,0x0000,0x0000,0x0000,0x0000,0x0000,0x0000,
	0x0000,0x0000,0x0000,0x0000,0x0000,0x0000,0x0000,0x0000,
	0x0000,0x0000,0x0000,0x0000,0x0000,0x0000,0x0000,0x0000,

	0x0000,0x0000,0x0000,0x0000,0x0000,0x0000,0x0000,0x0000,
	0x0000,0x0000,0x0000,0x0000,0x0000,0x0000,0x0000,0x0000,
	0x0000,0x0000,0x0000,0x0000,0x0000,0x0000,0x0000,0x0000,
	0x0000,0x0000,0x0000,0x0000,0x0000,0x0000,0x0000,0x0000,
	0x0000,0x0000,0x0000,0x0000,0x0000,0x0000,0x0000,0x0000,
	0x0000,0x0000,0x0000,0x0000,0x0000,0x0000,0x0000,0x0000,
	0x0000,0x0000,0x0000,0x0000,0x0000,0x0000,0x0000,0x0000,
	0x0000,0x0000,0x0000,0x0000,0x0000,0x0000,0x0000,0x0000,

	0x0000,0x0000,0x0000,0x0000,0x0000,0x0000,0x0000,0x0000,
	0x0000,0x0000,0x0000,0x0000,0x0000,0x0000,0x0000,0x0000,
	0x0000,0x0000,0x0000,0x0000,0x0000,0x0000,0x0000,0x0000,
	0x0000,0x0000,0x0000,0x0000,0x0000,0x0000,0x0000,0x0000,
	0x0000,0x0000,0x0000,0x0000,0x0000,0x0000,0x0000,0x0000,
	0x0000,0x0000,0x0000,0x0000,0x0000,0x0000,0x0000,0x0000,
	0x0000,0x0000,0x0000,0x0000,0x0000,0x0000,0x0000,0x0000,
	0x0000,0x0000,0x0000,0x0000,0x0000,0x0000,0x0000,0x0000,

	0x0000,0x0000,0x0000,0x0000,0x0000,0x0000,0x0000,0x0000,
	0x0000,0x0000,0x0000,0x0000,0x0000,0x0000,0x0000,0x0000,
	0x0000,0x0000,0x0000,0x0000,0x0000,0x0000,0x0000,0x0000,
	0x0000,0x0000,0x0000,0x0000,0x0000,0x0000,0x0000,0x0000,
	0x0000,0x0000,0x0000,0x0000,0x0000,0x0000,0x0000,0x0000,
	0x0000,0x0000,0x0000,0x0000,0x0000,0x0000,0x0000,0x0000,
	0x0000,0x0000,0x0000,0x0000,0x0000,0x0000,0x0000,0x0000,
	0x0000,0x0000,0x0000,0x0000,0x0000,0x0000,0x0000,0x0000,

	0x0000,0x0000,0x0000,0x0000,0x0000,0x0000,0x0000,0x0000,
	0x0000,0x0000,0x0000,0x0000,0x0000,0x0000,0x0000,0x0000,
	0x0000,0x0000,0x0000,0x0000,0x0000,0x0000,0x0000,0x0000,
	0x0000,0x0000,0x0000,0x0000,0x0000,0x0000,0x0000,0x0000,
	0x0000,0x0000,0x0000,0x0000,0x0000,0x0000,0x0000,0x0000,
	0x0000,0x0000,0x0000,0x0000,0x0000,0x0000,0x0000,0x0000,
	0x0000,0x0000,0x0000,0x0000,0x0000,0x0000,0x0000,0x0000,
	0x0000,0x0000,0x0000,0x0000,0x0000,0x0000,0x0000,0x0000,

	0x0000,0x0000,0x0000,0x0000,0x0000,0x0000,0x0000,0x0000,
	0x0000,0x0000,0x0000,0x0000,0x0000,0x0000,0x0000,0x0000,
	0x0000,0x0000,0x0000,0x0000,0x0000,0x0000,0x0000,0x0000,
	0x0000,0x0000,0x0000,0x0000,0x0000,0x0000,0x0000,0x0000,
	0x0000,0x0000,0x0000,0x0000,0x0000,0x0000,0x0000,0x0000,
	0x0000,0x0000,0x0000,0x0000,0x0000,0x0000,0x0000,0x0000,
	0x0000,0x0000,0x0000,0x0000,0x0000,0x0000,0x0000,0x0000,
	0x0000,0x0000,0x0000,0x0000,0x0000,0x0000,0x0000,0x0000,

	0x0000,0x0000,0x0000,0x0000,0x0000,0x0000,0x0000,0x0000,
	0x0000,0x0000,0x0000,0x0000,0x0000,0x0000,0x0000,0x0000,
	0x0000,0x0000,0x0000,0x0000,0x0000,0x0000,0x0000,0x0000,
	0x0000,0x0000,0x0000,0x0000,0x0000,0x0000,0x0000,0x0000,
	0x0000,0x0000,0x0000,0x0000,0x0000,0x0000,0x0000,0x0000,
	0x0000,0x0000,0x0000,0x0000,0x0000,0x0000,0x0000,0x0000,
	0x0000,0x0000,0x0000,0x0000,0x0000,0x0000,0x0000,0x0000,
	0x0000,0x0000,0x0000,0x0000,0x0000,0x0000,0x0000,0x0000,

	0x0000,0x0000,0x0000,0x0000,0x0000,0x0000,0x0000,0x0000,
	0x0000,0x0000,0x0000,0x0000,0x0000,0x0000,0x0000,0x0000,
	0x0000,0x0000,0x0000,0x0000,0x0000,0x0000,0x0000,0x0000,
	0x0000,0x0000,0x0000,0x0000,0x0000,0x0000,0x0000,0x0000,
	0x0000,0x0000,0x0000,0x0000,0x0000,0x0000,0x0000,0x0000,
	0x0000,0x0000,0x0000,0x0000,0x0000,0x0000,0x0000,0x0000,
	0x0000,0x0000,0x0000,0x0000,0x0000,0x0000,0x0000,0x0000,
	0x0000,0x0000,0x0000,0x0000,0x0000,0x0000,0x0000,0x0000,

	0x0000,0x0000,0x0000,0x0000,0x0000,0x0000,0x0000,0x0000,
	0x0000,0x0000,0x0000,0x0000,0x0000,0x0000,0x0000,0x0000,
	0x0000,0x0000,0x0000,0x0000,0x0000,0x0000,0x0000,0x0000,
	0x0000,0x0000,0x0000,0x0000,0x0000,0x0000,0x0000,0x0000,
	0x0000,0x0000,0x0000,0x0000,0x0000,0x0000,0x0000,0x0000,
	0x0000,0x0000,0x0000,0x0000,0x0000,0x0000,0x0000,0x0000,
	0x0000,0x0000,0x0000,0x0000,0x0000,0x0000,0x0000,0x0000,
	0x0000,0x0000,0x0000,0x0000,0x0000,0x0000,0x0000,0x0000,

	0x0000,0x0000,0x0000,0x0000,0x0000,0x0000,0x0000,0x0000,
	0x0000,0x0000,0x0000,0x0000,0x0000,0x0000,0x0000,0x0000,
	0x0000,0x0000,0x0000,0x0000,0x0000,0x0000,0x0000,0x0000,
	0x0000,0x0000,0x0000,0x0000,0x0000,0x0000,0x0000,0x0000,
	0x0000,0x0000,0x0000,0x0000,0x0000,0x0000,0x0000,0x0000,
	0x0000,0x0000,0x0000,0x0000,0x0000,0x0000,0x0000,0x0000,
	0x0000,0x0000,0x0000,0x0000,0x0000,0x0000,0x0000,0x0000,
	0x0000,0x0000,0x0000,0x0000,0x0000,0x0000,0x0000,0x0000,

	0x0000,0x0000,0x0000,0x0000,0x0000,0x0000,0x0000,0x0000,
	0x0000,0x0000,0x0000,0x0000,0x0000,0x0000,0x0000,0x0000,
	0x0000,0x0000,0x0000,0x0000,0x0000,0x0000,0x0000,0x0000,
	0x0000,0x0000,0x0000,0x0000,0x0000,0x0000,0x0000,0x0000,
	0x0000,0x0000,0x0000,0x0000,0x0000,0x0000,0x0000,0x0000,
	0x0000,0x0000,0x0000,0x0000,0x0000,0x0000,0x0000,0x0000,
	0x0000,0x0000,0x0000,0x0000,0x0000,0x0000,0x0000,0x0000,
	0x0000,0x0000,0x0000,0x0000,0x0000,0x0000,0x0000,0x0000,

	0x0000,0x0000,0x0000,0x0000,0x0000,0x0000,0x0000,0x0000,
	0x0000,0x0000,0x0000,0x0000,0x0000,0x0000,0x0000,0x0000,
	0x0000,0x0000,0x0000,0x0000,0x0000,0x0000,0x0000,0x0000,
	0x0000,0x0000,0x0000,0x0000,0x0000,0x0000,0x0000,0x0000,
	0x0000,0x0000,0x0000,0x0000,0x0000,0x0000,0x0000,0x0000,
	0x0000,0x0000,0x0000,0x0000,0x0000,0x0000,0x0000,0x0000,
	0x0000,0x0000,0x0000,0x0000,0x0000,0x0000,0x0000,0x0000,
	0x0000,0x0000,0x0000,0x0000,0x0000,0x0000,0x0000,0x0000,

	0x0000,0x0000,0x0000,0x0000,0x0000,0x0000,0x0000,0x0000,
	0x0000,0x0000,0x0000,0x0000,0x0000,0x0000,0x0000,0x0000,
	0x0000,0x0000,0x0000,0x0000,0x0000,0x0000,0x0000,0x0000,
	0x0000,0x0000,0x0000,0x0000,0x0000,0x0000,0x0000,0x0000,
	0x0000,0x0000,0x0000,0x0000,0x0000,0x0000,0x0000,0x0000,
	0x0000,0x0000,0x0000,0x0000,0x0000,0x0000,0x0000,0x0000,
	0x0000,0x0000,0x0000,0x0000,0x0000,0x0000,0x0000,0x0000,
	0x0000,0x0000,0x0000,0x0000,0x0000,0x0000,0x0000,0x0000,

	0x0000,0x0000,0x0000,0x0000,0x0000,0x0000,0x0000,0x0000,
	0x0000,0x0000,0x0000,0x0000,0x0000,0x0000,0x0000,0x0000,
	0x0000,0x0000,0x0000,0x0000,0x0000,0x0000,0x0000,0x0000,
	0x0000,0x0000,0x0000,0x0000,0x0000,0x0000,0x0000,0x0000,
	0x0000,0x0000,0x0000,0x0000,0x0000,0x0000,0x0000,0x0000,
	0x0000,0x0000,0x0000,0x0000,0x0000,0x0000,0x0000,0x0000,
	0x0000,0x0000,0x0000,0x0000,0x0000,0x0000,0x0000,0x0000,
	0x0000,0x0000,0x0000,0x0000,0x0000,0x0000,0x0000,0x0000,

	0x0000,0x0000,0x0000,0x0000,0x0000,0x0000,0x0000,0x0000,
	0x0000,0x0000,0x0000,0x0000,0x0000,0x0000,0x0000,0x0000,
	0x0000,0x0000,0x0000,0x0000,0x0000,0x0000,0x0000,0x0000,
	0x0000,0x0000,0x0000,0x0000,0x0000,0x0000,0x0000,0x0000,
	0x0000,0x0000,0x0000,0x0000,0x0000,0x0000,0x0000,0x0000,
	0x0000,0x0000,0x0000,0x0000,0x0000,0x0000,0x0000,0x0000,
	0x0000,0x0000,0x0000,0x0000,0x0000,0x0000,0x0000,0x0000,
	0x0000,0x0000,0x0000,0x0000,0x0000,0x0000,0x0000,0x0000,

	0x0000,0x0000,0x0000,0x0000,0x0000,0x0000,0x0000,0x0000,
	0x0000,0x0000,0x0000,0x0000,0x0000,0x0000,0x0000,0x0000,
	0x0000,0x0000,0x0000,0x0000,0x0000,0x0000,0x0000,0x0000,
	0x0000,0x0000,0x0000,0x0000,0x0000,0x0000,0x0000,0x0000,
	0x0000,0x0000,0x0000,0x0000,0x0000,0x0000,0x0000,0x0000,
	0x0000,0x0000,0x0000,0x0000,0x0000,0x0000,0x0000,0x0000,
	0x0000,0x0000,0x0000,0x0000,0x0000,0x0000,0x0000,0x0000,
	0x0000,0x0000,0x0000,0x0000,0x0000,0x0000,0x0000,0x0000,

	0x0000,0x0000,0x0000,0x0000,0x0000,0x0000,0x0000,0x0000,
	0x0000,0x0000,0x0000,0x0000,0x0000,0x0000,0x0000,0x0000,
	0x0000,0x0000,0x0000,0x0000,0x0000,0x0000,0x0000,0x0000,
	0x0000,0x0000,0x0000,0x0000,0x0000,0x0000,0x0000,0x0000,
	0x0000,0x0000,0x0000,0x0000,0x0000,0x0000,0x0000,0x0000,
	0x0000,0x0000,0x0000,0x0000,0x0000,0x0000,0x0000,0x0000,
	0x0000,0x0000,0x0000,0x0000,0x0000,0x0000,0x0000,0x0000,
	0x0000,0x0000,0x0000,0x0000,0x0000,0x0000,0x0000,0x0000,

	0x0000,0x0000,0x0000,0x0000,0x0000,0x0000,0x0000,0x0000,
	0x0000,0x0000,0x0000,0x0000,0x0000,0x0000,0x0000,0x0000,
	0x0000,0x0000,0x0000,0x0000,0x0000,0x0000,0x0000,0x0000,
	0x0000,0x0000,0x0000,0x0000,0x0000,0x0000,0x0000,0x0000,
	0x0000,0x0000,0x0000,0x0000,0x0000,0x0000,0x0000,0x0000,
	0x0000,0x0000,0x0000,0x0000,0x0000,0x0000,0x0000,0x0000,
	0x0000,0x0000,0x0000,0x0000,0x0000,0x0000,0x0000,0x0000,
	0x0000,0x0000,0x0000,0x0000,0x0000,0x0000,0x0000,0x0000,

	0x0000,0x0000,0x0000,0x0000,0x0000,0x0000,0x0000,0x0000,
	0x0000,0x0000,0x0000,0x0000,0x0000,0x0000,0x0000,0x0000,
	0x0000,0x0000,0x0000,0x0000,0x0000,0x0000,0x0000,0x0000,
	0x0000,0x0000,0x0000,0x0000,0x0000,0x0000,0x0000,0x0000,
	0x0000,0x0000,0x0000,0x0000,0x0000,0x0000,0x0000,0x0000,
	0x0000,0x0000,0x0000,0x0000,0x0000,0x0000,0x0000,0x0000,
	0x0000,0x0000,0x0000,0x0000,0x0000,0x0000,0x0000,0x0000,
	0x0000,0x0000,0x0000,0x0000,0x0000,0x0000,0x0000,0x0000,

	0x0000,0x0000,0x0000,0x0000,0x0000,0x0000,0x0000,0x0000,
	0x0000,0x0000,0x0000,0x0000,0x0000,0x0000,0x0000,0x0000,
	0x0000,0x0000,0x0000,0x0000,0x0000,0x0000,0x0000,0x0000,
	0x0000,0x0000,0x0000,0x0000,0x0000,0x0000,0x0000,0x0000,
	0x0000,0x0000,0x0000,0x0000,0x0000,0x0000,0x0000,0x0000,
	0x0000,0x0000,0x0000,0x0000,0x0000,0x0000,0x0000,0x0000,
	0x0000,0x0000,0x0000,0x0000,0x0000,0x0000,0x0000,0x0000,
	0x0000,0x0000,0x0000,0x0000,0x0000,0x0000,0x0000,0x0000,

	0x0000,0x0000,0x0000,0x0000,0x0000,0x0000,0x0000,0x0000,
	0x0000,0x0000,0x0000,0x0000,0x0000,0x0000,0x0000,0x0000,
	0x0000,0x0000,0x0000,0x0000,0x0000,0x0000,0x0000,0x0000,
	0x0000,0x0000,0x0000,0x0000,0x0000,0x0000,0x0000,0x0000,
	0x0000,0x0000,0x0000,0x0000,0x0000,0x0000,0x0000,0x0000,
	0x0000,0x0000,0x0000,0x0000,0x0000,0x0000,0x0000,0x0000,
	0x0000,0x0000,0x0000,0x0000,0x0000,0x0000,0x0000,0x0000,
	0x0000,0x0000,0x0000,0x0000,0x0000,0x0000,0x0000,0x0000,

	0x0000,0x0000,0x0000,0x0000,0x0000,0x0000,0x0000,0x0000,
	0x0000,0x0000,0x0000,0x0000,0x0000,0x0000,0x0000,0x0000,
	0x0000,0x0000,0x0000,0x0000,0x0000,0x0000,0x0000,0x0000,
	0x0000,0x0000,0x0000,0x0000,0x0000,0x0000,0x0000,0x0000,
	0x0000,0x0000,0x0000,0x0000,0x0000,0x0000,0x0000,0x0000,
	0x0000,0x0000,0x0000,0x0000,0x0000,0x0000,0x0000,0x0000,
	0x0000,0x0000,0x0000,0x0000,0x0000,0x0000,0x0000,0x0000,
	0x0000,0x0000,0x0000,0x0000,0x0000,0x0000,0x0000,0x0000,

	0x0000,0x0000,0x0000,0x0000,0x0000,0x0000,0x0000,0x0000,
	0x0000,0x0000,0x0000,0x0000,0x0000,0x0000,0x0000,0x0000,
	0x0000,0x0000,0x0000,0x0000,0x0000,0x0000,0x0000,0x0000,
	0x0000,0x0000,0x0000,0x0000,0x0000,0x0000,0x0000,0x0000,
	0x0000,0x0000,0x0000,0x0000,0x0000,0x0000,0x0000,0x0000,
	0x0000,0x0000,0x0000,0x0000,0x0000,0x0000,0x0000,0x0000,
	0x0000,0x0000,0x0000,0x0000,0x0000,0x0000,0x0000,0x0000,
	0x0000,0x0000,0x0000,0x0000,0x0000,0x0000,0x0000,0x0000,

	0x0000,0x0000,0x0000,0x0000,0x0000,0x0000,0x0000,0x0000,
	0x0000,0x0000,0x0000,0x0000,0x0000,0x0000,0x0000,0x0000,
	0x0000,0x0000,0x0000,0x0000,0x0000,0x0000,0x0000,0x0000,
	0x0000,0x0000,0x0000,0x0000,0x0000,0x0000,0x0000,0x0000,
	0x0000,0x0000,0x0000,0x0000,0x0000,0x0000,0x0000,0x0000,
	0x0000,0x0000,0x0000,0x0000,0x0000,0x0000,0x0000,0x0000,
	0x0000,0x0000,0x0000,0x0000,0x0000,0x0000,0x0000,0x0000,
	0x0000,0x0000,0x0000,0x0000,0x0000,0x0000,0x0000,0x0000,

	0x0000,0x0000,0x0000,0x0000,0x0000,0x0000,0x0000,0x0000,
	0x0000,0x0000,0x0000,0x0000,0x0000,0x0000,0x0000,0x0000,
	0x0000,0x0000,0x0000,0x0000,0x0000,0x0000,0x0000,0x0000,
	0x0000,0x0000,0x0000,0x0000,0x0000,0x0000,0x0000,0x0000,
	0x0000,0x0000,0x0000,0x0000,0x0000,0x0000,0x0000,0x0000,
	0x0000,0x0000,0x0000,0x0000,0x0000,0x0000,0x0000,0x0000,
	0x0000,0x0000,0x0000,0x0000,0x0000,0x0000,0x0000,0x0000,
	0x0000,0x0000,0x0000,0x0000,0x0000,0x0000,0x0000,0x0000,

	0x0000,0x0000,0x0000,0x0000,0x0000,0x0000,0x0000,0x0000,
	0x0000,0x0000,0x0000,0x0000,0x0000,0x0000,0x0000,0x0000,
	0x0000,0x0000,0x0000,0x0000,0x0000,0x0000,0x0000,0x0000,
	0x0000,0x0000,0x0000,0x0000,0x0000,0x0000,0x0000,0x0000,
	0x0000,0x0000,0x0000,0x0000,0x0000,0x0000,0x0000,0x0000,
	0x0000,0x0000,0x0000,0x0000,0x0000,0x0000,0x0000,0x0000,
	0x0000,0x0000,0x0000,0x0000,0x0000,0x0000,0x0000,0x0000,
	0x0000,0x0000,0x0000,0x0000,0x0000,0x0000,0x0000,0x0000,

	0x0000,0x0000,0x0000,0x0000,0x0000,0x0000,0x0000,0x0000,
	0x0000,0x0000,0x0000,0x0000,0x0000,0x0000,0x0000,0x0000,
	0x0000,0x0000,0x0000,0x0000,0x0000,0x0000,0x0000,0x0000,
	0x0000,0x0000,0x0000,0x0000,0x0000,0x0000,0x0000,0x0000,
	0x0000,0x0000,0x0000,0x0000,0x0000,0x0000,0x0000,0x0000,
	0x0000,0x0000,0x0000,0x0000,0x0000,0x0000,0x0000,0x0000,
	0x0000,0x0000,0x0000,0x0000,0x0000,0x0000,0x0000,0x0000,
	0x0000,0x0000,0x0000,0x0000,0x0000,0x0000,0x0000,0x0000,

	0x0000,0x0000,0x0000,0x0000,0x0000,0x0000,0x0000,0x0000,
	0x0000,0x0000,0x0000,0x0000,0x0000,0x0000,0x0000,0x0000,
	0x0000,0x0000,0x0000,0x0000,0x0000,0x0000,0x0000,0x0000,
	0x0000,0x0000,0x0000,0x0000,0x0000,0x0000,0x0000,0x0000,
	0x0000,0x0000,0x0000,0x0000,0x0000,0x0000,0x0000,0x0000,
	0x0000,0x0000,0x0000,0x0000,0x0000,0x0000,0x0000,0x0000,
	0x0000,0x0000,0x0000,0x0000,0x0000,0x0000,0x0000,0x0000,
	0x0000,0x0000,0x0000,0x0000,0x0000,0x0000,0x0000,0x0000,

	0x0000,0x0000,0x0000,0x0000,0x0000,0x0000,0x0000,0x0000,
	0x0000,0x0000,0x0000,0x0000,0x0000,0x0000,0x0000,0x0000,
	0x0000,0x0000,0x0000,0x0000,0x0000,0x0000,0x0000,0x0000,
	0x0000,0x0000,0x0000,0x0000,0x0000,0x0000,0x0000,0x0000,
	0x0000,0x0000,0x0000,0x0000,0x0000,0x0000,0x0000,0x0000,
	0x0000,0x0000,0x0000,0x0000,0x0000,0x0000,0x0000,0x0000,
	0x0000,0x0000,0x0000,0x0000,0x0000,0x0000,0x0000,0x0000,
	0x0000,0x0000,0x0000,0x0000,0x0000,0x0000,0x0000,0x0000,

	0x0000,0x0000,0x0000,0x0000,0x0000,0x0000,0x0000,0x0000,
	0x0000,0x0000,0x0000,0x0000,0x0000,0x0000,0x0000,0x0000,
	0x0000,0x0000,0x0000,0x0000,0x0000,0x0000,0x0000,0x0000,
	0x0000,0x0000,0x0000,0x0000,0x0000,0x0000,0x0000,0x0000,
	0x0000,0x0000,0x0000,0x0000,0x0000,0x0000,0x0000,0x0000,
	0x0000,0x0000,0x0000,0x0000,0x0000,0x0000,0x0000,0x0000,
	0x0000,0x0000,0x0000,0x0000,0x0000,0x0000,0x0000,0x0000,
	0x0000,0x0000,0x0000,0x0000,0x0000,0x0000,0x0000,0x0000,

	0x0000,0x0000,0x0000,0x0000,0x0000,0x0000,0x0000,0x0000,
	0x0000,0x0000,0x0000,0x0000,0x0000,0x0000,0x0000,0x0000,
	0x0000,0x0000,0x0000,0x0000,0x0000,0x0000,0x0000,0x0000,
	0x0000,0x0000,0x0000,0x0000,0x0000,0x0000,0x0000,0x0000,
	0x0000,0x0000,0x0000,0x0000,0x0000,0x0000,0x0000,0x0000,
	0x0000,0x0000,0x0000,0x0000,0x0000,0x0000,0x0000,0x0000,
	0x0000,0x0000,0x0000,0x0000,0x0000,0x0000,0x0000,0x0000,
	0x0000,0x0000,0x0000,0x0000,0x0000,0x0000,0x0000,0x0000,

	0x0000,0x0000,0x0000,0x0000,0x0000,0x0000,0x0000,0x0000,
	0x0000,0x0000,0x0000,0x0000,0x0000,0x0000,0x0000,0x0000,
	0x0000,0x0000,0x0000,0x0000,0x0000,0x0000,0x0000,0x0000,
	0x0000,0x0000,0x0000,0x0000,0x0000,0x0000,0x0000,0x0000,
	0x0000,0x0000,0x0000,0x0000,0x0000,0x0000,0x0000,0x0000,
	0x0000,0x0000,0x0000,0x0000,0x0000,0x0000,0x0000,0x0000,
	0x0000,0x0000,0x0000,0x0000,0x0000,0x0000,0x0000,0x0000,
	0x0000,0x0000,0x0000,0x0000,0x0000,0x0000,0x0000,0x0000,

	0x0000,0x0000,0x0000,0x0000,0x0000,0x0000,0x0000,0x0000,
	0x0000,0x0000,0x0000,0x0000,0x0000,0x0000,0x0000,0x0000,
	0x0000,0x0000,0x0000,0x0000,0x0000,0x0000,0x0000,0x0000,
	0x0000,0x0000,0x0000,0x0000,0x0000,0x0000,0x0000,0x0000,
	0x0000,0x0000,0x0000,0x0000,0x0000,0x0000,0x0000,0x0000,
	0x0000,0x0000,0x0000,0x0000,0x0000,0x0000,0x0000,0x0000,
	0x0000,0x0000,0x0000,0x0000,0x0000,0x0000,0x0000,0x0000,
	0x0000,0x0000,0x0000,0x0000,0x0000,0x0000,0x0000,0x0000,

	0x0000,0x0000,0x0000,0x0000,0x0000,0x0000,0x0000,0x0000,
	0x0000,0x0000,0x0000,0x0000,0x0000,0x0000,0x0000,0x0000,
	0x0000,0x0000,0x0000,0x0000,0x0000,0x0000,0x0000,0x0000,
	0x0000,0x0000,0x0000,0x0000,0x0000,0x0000,0x0000,0x0000,
	0x0000,0x0000,0x0000,0x0000,0x0000,0x0000,0x0000,0x0000,
	0x0000,0x0000,0x0000,0x0000,0x0000,0x0000,0x0000,0x0000,
	0x0000,0x0000,0x0000,0x0000,0x0000,0x0000,0x0000,0x0000,
	0x0000,0x0000,0x0000,0x0000,0x0000,0x0000,0x0000,0x0000,

	0x0000,0x0000,0x0000,0x0000,0x0000,0x0000,0x0000,0x0000,
	0x0000,0x0000,0x0000,0x0000,0x0000,0x0000,0x0000,0x0000,
	0x0000,0x0000,0x0000,0x0000,0x0000,0x0000,0x0000,0x0000,
	0x0000,0x0000,0x0000,0x0000,0x0000,0x0000,0x0000,0x0000,
	0x0000,0x0000,0x0000,0x0000,0x0000,0x0000,0x0000,0x0000,
	0x0000,0x0000,0x0000,0x0000,0x0000,0x0000,0x0000,0x0000,
	0x0000,0x0000,0x0000,0x0000,0x0000,0x0000,0x0000,0x0000,
	0x0000,0x0000,0x0000,0x0000,0x0000,0x0000,0x0000,0x0000,

	0x0000,0x0000,0x0000,0x0000,0x0000,0x0000,0x0000,0x0000,
	0x0000,0x0000,0x0000,0x0000,0x0000,0x0000,0x0000,0x0000,
	0x0000,0x0000,0x0000,0x0000,0x0000,0x0000,0x0000,0x0000,
	0x0000,0x0000,0x0000,0x0000,0x0000,0x0000,0x0000,0x0000,
	0x0000,0x0000,0x0000,0x0000,0x0000,0x0000,0x0000,0x0000,
	0x0000,0x0000,0x0000,0x0000,0x0000,0x0000,0x0000,0x0000,
	0x0000,0x0000,0x0000,0x0000,0x0000,0x0000,0x0000,0x0000,
	0x0000,0x0000,0x0000,0x0000,0x0000,0x0000,0x0000,0x0000,

	0x0000,0x0000,0x0000,0x0000,0x0000,0x0000,0x0000,0x0000,
	0x0000,0x0000,0x0000,0x0000,0x0000,0x0000,0x0000,0x0000,
	0x0000,0x0000,0x0000,0x0000,0x0000,0x0000,0x0000,0x0000,
	0x0000,0x0000,0x0000,0x0000,0x0000,0x0000,0x0000,0x0000,
	0x0000,0x0000,0x0000,0x0000,0x0000,0x0000,0x0000,0x0000,
	0x0000,0x0000,0x0000,0x0000,0x0000,0x0000,0x0000,0x0000,
	0x0000,0x0000,0x0000,0x0000,0x0000,0x0000,0x0000,0x0000,
	0x0000,0x0000,0x0000,0x0000,0x0000,0x0000,0x0000,0x0000,

	0x0000,0x0000,0x0000,0x0000,0x0000,0x0000,0x0000,0x0000,
	0x0000,0x0000,0x0000,0x0000,0x0000,0x0000,0x0000,0x0000,
	0x0000,0x0000,0x0000,0x0000,0x0000,0x0000,0x0000,0x0000,
	0x0000,0x0000,0x0000,0x0000,0x0000,0x0000,0x0000,0x0000,
	0x0000,0x0000,0x0000,0x0000,0x0000,0x0000,0x0000,0x0000,
	0x0000,0x0000,0x0000,0x0000,0x0000,0x0000,0x0000,0x0000,
	0x0000,0x0000,0x0000,0x0000,0x0000,0x0000,0x0000,0x0000,
	0x0000,0x0000,0x0000,0x0000,0x0000,0x0000,0x0000,0x0000,

	0x0000,0x0000,0x0000,0x0000,0x0000,0x0000,0x0000,0x0000,
	0x0000,0x0000,0x0000,0x0000,0x0000,0x0000,0x0000,0x0000,
	0x0000,0x0000,0x0000,0x0000,0x0000,0x0000,0x0000,0x0000,
	0x0000,0x0000,0x0000,0x0000,0x0000,0x0000,0x0000,0x0000,
	0x0000,0x0000,0x0000,0x0000,0x0000,0x0000,0x0000,0x0000,
	0x0000,0x0000,0x0000,0x0000,0x0000,0x0000,0x0000,0x0000,
	0x0000,0x0000,0x0000,0x0000,0x0000,0x0000,0x0000,0x0000,
	0x0000,0x0000,0x0000,0x0000,0x0000,0x0000,0x0000,0x0000,

	0x0000,0x0000,0x0000,0x0000,0x0000,0x0000,0x0000,0x0000,
	0x0000,0x0000,0x0000,0x0000,0x0000,0x0000,0x0000,0x0000,
	0x0000,0x0000,0x0000,0x0000,0x0000,0x0000,0x0000,0x0000,
	0x0000,0x0000,0x0000,0x0000,0x0000,0x0000,0x0000,0x0000,
	0x0000,0x0000,0x0000,0x0000,0x0000,0x0000,0x0000,0x0000,
	0x0000,0x0000,0x0000,0x0000,0x0000,0x0000,0x0000,0x0000,
	0x0000,0x0000,0x0000,0x0000,0x0000,0x0000,0x0000,0x0000,
	0x0000,0x0000,0x0000,0x0000,0x0000,0x0000,0x0000,0x0000,

	0x0000,0x0000,0x0000,0x0000,0x0000,0x0000,0x0000,0x0000,
	0x0000,0x0000,0x0000,0x0000,0x0000,0x0000,0x0000,0x0000,
	0x0000,0x0000,0x0000,0x0000,0x0000,0x0000,0x0000,0x0000,
	0x0000,0x0000,0x0000,0x0000,0x0000,0x0000,0x0000,0x0000,
	0x0000,0x0000,0x0000,0x0000,0x0000,0x0000,0x0000,0x0000,
	0x0000,0x0000,0x0000,0x0000,0x0000,0x0000,0x0000,0x0000,
	0x0000,0x0000,0x0000,0x0000,0x0000,0x0000,0x0000,0x0000,
	0x0000,0x0000,0x0000,0x0000,0x0000,0x0000,0x0000,0x0000,

	0x0000,0x0000,0x0000,0x0000,0x0000,0x0000,0x0000,0x0000,
	0x0000,0x0000,0x0000,0x0000,0x0000,0x0000,0x0000,0x0000,
	0x0000,0x0000,0x0000,0x0000,0x0000,0x0000,0x0000,0x0000,
	0x0000,0x0000,0x0000,0x0000,0x0000,0x0000,0x0000,0x0000,
	0x0000,0x0000,0x0000,0x0000,0x0000,0x0000,0x0000,0x0000,
	0x0000,0x0000,0x0000,0x0000,0x0000,0x0000,0x0000,0x0000,
	0x0000,0x0000,0x0000,0x0000,0x0000,0x0000,0x0000,0x0000,
	0x0000,0x0000,0x0000,0x0000,0x0000,0x0000,0x0000,0x0000,

	0x0000,0x0000,0x0000,0x0000,0x0000,0x0000,0x0000,0x0000,
	0x0000,0x0000,0x0000,0x0000,0x0000,0x0000,0x0000,0x0000,
	0x0000,0x0000,0x0000,0x0000,0x0000,0x0000,0x0000,0x0000,
	0x0000,0x0000,0x0000,0x0000,0x0000,0x0000,0x0000,0x0000,
	0x0000,0x0000,0x0000,0x0000,0x0000,0x0000,0x0000,0x0000,
	0x0000,0x0000,0x0000,0x0000,0x0000,0x0000,0x0000,0x0000,
	0x0000,0x0000,0x0000,0x0000,0x0000,0x0000,0x0000,0x0000,
	0x0000,0x0000,0x0000,0x0000,0x0000,0x0000,0x0000,0x0000,

	0x0000,0x0000,0x0000,0x0000,0x0000,0x0000,0x0000,0x0000,
	0x0000,0x0000,0x0000,0x0000,0x0000,0x0000,0x0000,0x0000,
	0x0000,0x0000,0x0000,0x0000,0x0000,0x0000,0x0000,0x0000,
	0x0000,0x0000,0x0000,0x0000,0x0000,0x0000,0x0000,0x0000,
	0x0000,0x0000,0x0000,0x0000,0x0000,0x0000,0x0000,0x0000,
	0x0000,0x0000,0x0000,0x0000,0x0000,0x0000,0x0000,0x0000,
	0x0000,0x0000,0x0000,0x0000,0x0000,0x0000,0x0000,0x0000,
	0x0000,0x0000,0x0000,0x0000,0x0000,0x0000,0x0000,0x0000,

	0x0000,0x0000,0x0000,0x0000,0x0000,0x0000,0x0000,0x0000,
	0x0000,0x0000,0x0000,0x0000,0x0000,0x0000,0x0000,0x0000,
	0x0000,0x0000,0x0000,0x0000,0x0000,0x0000,0x0000,0x0000,
	0x0000,0x0000,0x0000,0x0000,0x0000,0x0000,0x0000,0x0000,
	0x0000,0x0000,0x0000,0x0000,0x0000,0x0000,0x0000,0x0000,
	0x0000,0x0000,0x0000,0x0000,0x0000,0x0000,0x0000,0x0000,
	0x0000,0x0000,0x0000,0x0000,0x0000,0x0000,0x0000,0x0000,
	0x0000,0x0000,0x0000,0x0000,0x0000,0x0000,0x0000,0x0000,

	0x0000,0x0000,0x0000,0x0000,0x0000,0x0000,0x0000,0x0000,
	0x0000,0x0000,0x0000,0x0000,0x0000,0x0000,0x0000,0x0000,
	0x0000,0x0000,0x0000,0x0000,0x0000,0x0000,0x0000,0x0000,
	0x0000,0x0000,0x0000,0x0000,0x0000,0x0000,0x0000,0x0000,
	0x0000,0x0000,0x0000,0x0000,0x0000,0x0000,0x0000,0x0000,
	0x0000,0x0000,0x0000,0x0000,0x0000,0x0000,0x0000,0x0000,
	0x0000,0x0000,0x0000,0x0000,0x0000,0x0000,0x0000,0x0000,
	0x0000,0x0000,0x0000,0x0000,0x0000,0x0000,0x0000,0x0000,

	0x0000,0x0000,0x0000,0x0000,0x0000,0x0000,0x0000,0x0000,
	0x0000,0x0000,0x0000,0x0000,0x0000,0x0000,0x0000,0x0000,
	0x0000,0x0000,0x0000,0x0000,0x0000,0x0000,0x0000,0x0000,
	0x0000,0x0000,0x0000,0x0000,0x0000,0x0000,0x0000,0x0000,
	0x0000,0x0000,0x0000,0x0000,0x0000,0x0000,0x0000,0x0000,
	0x0000,0x0000,0x0000,0x0000,0x0000,0x0000,0x0000,0x0000,
	0x0000,0x0000,0x0000,0x0000,0x0000,0x0000,0x0000,0x0000,
	0x0000,0x0000,0x0000,0x0000,0x0000,0x0000,0x0000,0x0000,

	0x0000,0x0000,0x0000,0x0000,0x0000,0x0000,0x0000,0x0000,
	0x0000,0x0000,0x0000,0x0000,0x0000,0x0000,0x0000,0x0000,
	0x0000,0x0000,0x0000,0x0000,0x0000,0x0000,0x0000,0x0000,
	0x0000,0x0000,0x0000,0x0000,0x0000,0x0000,0x0000,0x0000,
	0x0000,0x0000,0x0000,0x0000,0x0000,0x0000,0x0000,0x0000,
	0x0000,0x0000,0x0000,0x0000,0x0000,0x0000,0x0000,0x0000,
	0x0000,0x0000,0x0000,0x0000,0x0000,0x0000,0x0000,0x0000,
	0x0000,0x0000,0x0000,0x0000,0x0000,0x0000,0x0000,0x0000,

	0x0000,0x0000,0x0000,0x0000,0x0000,0x0000,0x0000,0x0000,
	0x0000,0x0000,0x0000,0x0000,0x0000,0x0000,0x0000,0x0000,
	0x0000,0x0000,0x0000,0x0000,0x0000,0x0000,0x0000,0x0000,
	0x0000,0x0000,0x0000,0x0000,0x0000,0x0000,0x0000,0x0000,
	0x0000,0x0000,0x0000,0x0000,0x0000,0x0000,0x0000,0x0000,
	0x0000,0x0000,0x0000,0x0000,0x0000,0x0000,0x0000,0x0000,
	0x0000,0x0000,0x0000,0x0000,0x0000,0x0000,0x0000,0x0000,
	0x0000,0x0000,0x0000,0x0000,0x0000,0x0000,0x0000,0x0000,

	0x0000,0x0000,0x0000,0x0000,0x0000,0x0000,0x0000,0x0000,
	0x0000,0x0000,0x0000,0x0000,0x0000,0x0000,0x0000,0x0000,
	0x0000,0x0000,0x0000,0x0000,0x0000,0x0000,0x0000,0x0000,
	0x0000,0x0000,0x0000,0x0000,0x0000,0x0000,0x0000,0x0000,
	0x0000,0x0000,0x0000,0x0000,0x0000,0x0000,0x0000,0x0000,
	0x0000,0x0000,0x0000,0x0000,0x0000,0x0000,0x0000,0x0000,
	0x0000,0x0000,0x0000,0x0000,0x0000,0x0000,0x0000,0x0000,
	0x0000,0x0000,0x0000,0x0000,0x0000,0x0000,0x0000,0x0000,

	0x0000,0x0000,0x0000,0x0000,0x0000,0x0000,0x0000,0x0000,
	0x0000,0x0000,0x0000,0x0000,0x0000,0x0000,0x0000,0x0000,
	0x0000,0x0000,0x0000,0x0000,0x0000,0x0000,0x0000,0x0000,
	0x0000,0x0000,0x0000,0x0000,0x0000,0x0000,0x0000,0x0000,
	0x0000,0x0000,0x0000,0x0000,0x0000,0x0000,0x0000,0x0000,
	0x0000,0x0000,0x0000,0x0000,0x0000,0x0000,0x0000,0x0000,
	0x0000,0x0000,0x0000,0x0000,0x0000,0x0000,0x0000,0x0000,
	0x0000,0x0000,0x0000,0x0000,0x0000,0x0000,0x0000,0x0000,

	0x0000,0x0000,0x0000,0x0000,0x0000,0x0000,0x0000,0x0000,
	0x0000,0x0000,0x0000,0x0000,0x0000,0x0000,0x0000,0x0000,
	0x0000,0x0000,0x0000,0x0000,0x0000,0x0000,0x0000,0x0000,
	0x0000,0x0000,0x0000,0x0000,0x0000,0x0000,0x0000,0x0000,
	0x0000,0x0000,0x0000,0x0000,0x0000,0x0000,0x0000,0x0000,
	0x0000,0x0000,0x0000,0x0000,0x0000,0x0000,0x0000,0x0000,
	0x0000,0x0000,0x0000,0x0000,0x0000,0x0000,0x0000,0x0000,
	0x0000,0x0000,0x0000,0x0000,0x0000,0x0000,0x0000,0x0000,

	0x0000,0x0000,0x0000,0x0000,0x0000,0x0000,0x0000,0x0000,
	0x0000,0x0000,0x0000,0x0000,0x0000,0x0000,0x0000,0x0000,
	0x0000,0x0000,0x0000,0x0000,0x0000,0x0000,0x0000,0x0000,
	0x0000,0x0000,0x0000,0x0000,0x0000,0x0000,0x0000,0x0000,
	0x0000,0x0000,0x0000,0x0000,0x0000,0x0000,0x0000,0x0000,
	0x0000,0x0000,0x0000,0x0000,0x0000,0x0000,0x0000,0x0000,
	0x0000,0x0000,0x0000,0x0000,0x0000,0x0000,0x0000,0x0000,
	0x0000,0x0000,0x0000,0x0000,0x0000,0x0000,0x0000,0x0000,

	0x0000,0x0000,0x0000,0x0000,0x0000,0x0000,0x0000,0x0000,
	0x0000,0x0000,0x0000,0x0000,0x0000,0x0000,0x0000,0x0000,
	0x0000,0x0000,0x0000,0x0000,0x0000,0x0000,0x0000,0x0000,
	0x0000,0x0000,0x0000,0x0000,0x0000,0x0000,0x0000,0x0000,
	0x0000,0x0000,0x0000,0x0000,0x0000,0x0000,0x0000,0x0000,
	0x0000,0x0000,0x0000,0x0000,0x0000,0x0000,0x0000,0x0000,
	0x0000,0x0000,0x0000,0x0000,0x0000,0x0000,0x0000,0x0000,
	0x0000,0x0000,0x0000,0x0000,0x0000,0x0000,0x0000,0x0000,

	0x0000,0x0000,0x0000,0x0000,0x0000,0x0000,0x0000,0x0000,
	0x0000,0x0000,0x0000,0x0000,0x0000,0x0000,0x0000,0x0000,
	0x0000,0x0000,0x0000,0x0000,0x0000,0x0000,0x0000,0x0000,
	0x0000,0x0000,0x0000,0x0000,0x0000,0x0000,0x0000,0x0000,
	0x0000,0x0000,0x0000,0x0000,0x0000,0x0000,0x0000,0x0000,
	0x0000,0x0000,0x0000,0x0000,0x0000,0x0000,0x0000,0x0000,
	0x0000,0x0000,0x0000,0x0000,0x0000,0x0000,0x0000,0x0000,
	0x0000,0x0000,0x0000,0x0000,0x0000,0x0000,0x0000,0x0000,

	0x0000,0x0000,0x0000,0x0000,0x0000,0x0000,0x0000,0x0000,
	0x0000,0x0000,0x0000,0x0000,0x0000,0x0000,0x0000,0x0000,
	0x0000,0x0000,0x0000,0x0000,0x0000,0x0000,0x0000,0x0000,
	0x0000,0x0000,0x0000,0x0000,0x0000,0x0000,0x0000,0x0000,
	0x0000,0x0000,0x0000,0x0000,0x0000,0x0000,0x0000,0x0000,
	0x0000,0x0000,0x0000,0x0000,0x0000,0x0000,0x0000,0x0000,
	0x0000,0x0000,0x0000,0x0000,0x0000,0x0000,0x0000,0x0000,
	0x0000,0x0000,0x0000,0x0000,0x0000,0x0000,0x0000,0x0000,

	0x0000,0x0000,0x0000,0x0000,0x0000,0x0000,0x0000,0x0000,
	0x0000,0x0000,0x0000,0x0000,0x0000,0x0000,0x0000,0x0000,
	0x0000,0x0000,0x0000,0x0000,0x0000,0x0000,0x0000,0x0000,
	0x0000,0x0000,0x0000,0x0000,0x0000,0x0000,0x0000,0x0000,
	0x0000,0x0000,0x0000,0x0000,0x0000,0x0000,0x0000,0x0000,
	0x0000,0x0000,0x0000,0x0000,0x0000,0x0000,0x0000,0x0000,
	0x0000,0x0000,0x0000,0x0000,0x0000,0x0000,0x0000,0x0000,
	0x0000,0x0000,0x0000,0x0000,0x0000,0x0000,0x0000,0x0000,

	0x0000,0x0000,0x0000,0x0000,0x0000,0x0000,0x0000,0x0000,
	0x0000,0x0000,0x0000,0x0000,0x0000,0x0000,0x0000,0x0000,
	0x0000,0x0000,0x0000,0x0000,0x0000,0x0000,0x0000,0x0000,
	0x0000,0x0000,0x0000,0x0000,0x0000,0x0000,0x0000,0x0000,
	0x0000,0x0000,0x0000,0x0000,0x0000,0x0000,0x0000,0x0000,
	0x0000,0x0000,0x0000,0x0000,0x0000,0x0000,0x0000,0x0000,
	0x0000,0x0000,0x0000,0x0000,0x0000,0x0000,0x0000,0x0000,
	0x0000,0x0000,0x0000,0x0000,0x0000,0x0000,0x0000,0x0000,

	0x0000,0x0000,0x0000,0x0000,0x0000,0x0000,0x0000,0x0000,
	0x0000,0x0000,0x0000,0x0000,0x0000,0x0000,0x0000,0x0000,
	0x0000,0x0000,0x0000,0x0000,0x0000,0x0000,0x0000,0x0000,
	0x0000,0x0000,0x0000,0x0000,0x0000,0x0000,0x0000,0x0000,
	0x0000,0x0000,0x0000,0x0000,0x0000,0x0000,0x0000,0x0000,
	0x0000,0x0000,0x0000,0x0000,0x0000,0x0000,0x0000,0x0000,
	0x0000,0x0000,0x0000,0x0000,0x0000,0x0000,0x0000,0x0000,
	0x0000,0x0000,0x0000,0x0000,0x0000,0x0000,0x0000,0x0000,

	0x0000,0x0000,0x0000,0x0000,0x0000,0x0000,0x0000,0x0000,
	0x0000,0x0000,0x0000,0x0000,0x0000,0x0000,0x0000,0x0000,
	0x0000,0x0000,0x0000,0x0000,0x0000,0x0000,0x0000,0x0000,
	0x0000,0x0000,0x0000,0x0000,0x0000,0x0000,0x0000,0x0000,
	0x0000,0x0000,0x0000,0x0000,0x0000,0x0000,0x0000,0x0000,
	0x0000,0x0000,0x0000,0x0000,0x0000,0x0000,0x0000,0x0000,
	0x0000,0x0000,0x0000,0x0000,0x0000,0x0000,0x0000,0x0000,
	0x0000,0x0000,0x0000,0x0000,0x0000,0x0000,0x0000,0x0000,

	0x0000,0x0000,0x0000,0x0000,0x0000,0x0000,0x0000,0x0000,
	0x0000,0x0000,0x0000,0x0000,0x0000,0x0000,0x0000,0x0000,
	0x0000,0x0000,0x0000,0x0000,0x0000,0x0000,0x0000,0x0000,
	0x0000,0x0000,0x0000,0x0000,0x0000,0x0000,0x0000,0x0000,
	0x0000,0x0000,0x0000,0x0000,0x0000,0x0000,0x0000,0x0000,
	0x0000,0x0000,0x0000,0x0000,0x0000,0x0000,0x0000,0x0000,
	0x0000,0x0000,0x0000,0x0000,0x0000,0x0000,0x0000,0x0000,
	0x0000,0x0000,0x0000,0x0000,0x0000,0x0000,0x0000,0x0000,

	0x0000,0x0000,0x0000,0x0000,0x0000,0x0000,0x0000,0x0000,
	0x0000,0x0000,0x0000,0x0000,0x0000,0x0000,0x0000,0x0000,
	0x0000,0x0000,0x0000,0x0000,0x0000,0x0000,0x0000,0x0000,
	0x0000,0x0000,0x0000,0x0000,0x0000,0x0000,0x0000,0x0000,
	0x0000,0x0000,0x0000,0x0000,0x0000,0x0000,0x0000,0x0000,
	0x0000,0x0000,0x0000,0x0000,0x0000,0x0000,0x0000,0x0000,
	0x0000,0x0000,0x0000,0x0000,0x0000,0x0000,0x0000,0x0000,
	0x0000,0x0000,0x0000,0x0000,0x0000,0x0000,0x0000,0x0000,

	0x0000,0x0000,0x0000,0x0000,0x0000,0x0000,0x0000,0x0000,
	0x0000,0x0000,0x0000,0x0000,0x0000,0x0000,0x0000,0x0000,
	0x0000,0x0000,0x0000,0x0000,0x0000,0x0000,0x0000,0x0000,
	0x0000,0x0000,0x0000,0x0000,0x0000,0x0000,0x0000,0x0000,
	0x0000,0x0000,0x0000,0x0000,0x0000,0x0000,0x0000,0x0000,
	0x0000,0x0000,0x0000,0x0000,0x0000,0x0000,0x0000,0x0000,
	0x0000,0x0000,0x0000,0x0000,0x0000,0x0000,0x0000,0x0000,
	0x0000,0x0000,0x0000,0x0000,0x0000,0x0000,0x0000,0x0000,

	0x0000,0x0000,0x0000,0x0000,0x0000,0x0000,0x0000,0x0000,
	0x0000,0x0000,0x0000,0x0000,0x0000,0x0000,0x0000,0x0000,
	0x0000,0x0000,0x0000,0x0000,0x0000,0x0000,0x0000,0x0000,
	0x0000,0x0000,0x0000,0x0000,0x0000,0x0000,0x0000,0x0000,
	0x0000,0x0000,0x0000,0x0000,0x0000,0x0000,0x0000,0x0000,
	0x0000,0x0000,0x0000,0x0000,0x0000,0x0000,0x0000,0x0000,
	0x0000,0x0000,0x0000,0x0000,0x0000,0x0000,0x0000,0x0000,
	0x0000,0x0000,0x0000,0x0000,0x0000,0x0000,0x0000,0x0000,

	0x0000,0x0000,0x0000,0x0000,0x0000,0x0000,0x0000,0x0000,
	0x0000,0x0000,0x0000,0x0000,0x0000,0x0000,0x0000,0x0000,
	0x0000,0x0000,0x0000,0x0000,0x0000,0x0000,0x0000,0x0000,
	0x0000,0x0000,0x0000,0x0000,0x0000,0x0000,0x0000,0x0000,
	0x0000,0x0000,0x0000,0x0000,0x0000,0x0000,0x0000,0x0000,
	0x0000,0x0000,0x0000,0x0000,0x0000,0x0000,0x0000,0x0000,
	0x0000,0x0000,0x0000,0x0000,0x0000,0x0000,0x0000,0x0000,
	0x0000,0x0000,0x0000,0x0000,0x0000,0x0000,0x0000,0x0000,

	0x0000,0x0000,0x0000,0x0000,0x0000,0x0000,0x0000,0x0000,
	0x0000,0x0000,0x0000,0x0000,0x0000,0x0000,0x0000,0x0000,
	0x0000,0x0000,0x0000,0x0000,0x0000,0x0000,0x0000,0x0000,
	0x0000,0x0000,0x0000,0x0000,0x0000,0x0000,0x0000,0x0000,
	0x0000,0x0000,0x0000,0x0000,0x0000,0x0000,0x0000,0x0000,
	0x0000,0x0000,0x0000,0x0000,0x0000,0x0000,0x0000,0x0000,
	0x0000,0x0000,0x0000,0x0000,0x0000,0x0000,0x0000,0x0000,
	0x0000,0x0000,0x0000,0x0000,0x0000,0x0000,0x0000,0x0000,

	0x0000,0x0000,0x0000,0x0000,0x0000,0x0000,0x0000,0x0000,
	0x0000,0x0000,0x0000,0x0000,0x0000,0x0000,0x0000,0x0000,
	0x0000,0x0000,0x0000,0x0000,0x0000,0x0000,0x0000,0x0000,
	0x0000,0x0000,0x0000,0x0000,0x0000,0x0000,0x0000,0x0000,
	0x0000,0x0000,0x0000,0x0000,0x0000,0x0000,0x0000,0x0000,
	0x0000,0x0000,0x0000,0x0000,0x0000,0x0000,0x0000,0x0000,
	0x0000,0x0000,0x0000,0x0000,0x0000,0x0000,0x0000,0x0000,
	0x0000,0x0000,0x0000,0x0000,0x0000,0x0000,0x0000,0x0000,

	0x0000,0x0000,0x0000,0x0000,0x0000,0x0000,0x0000,0x0000,
	0x0000,0x0000,0x0000,0x0000,0x0000,0x0000,0x0000,0x0000,
	0x0000,0x0000,0x0000,0x0000,0x0000,0x0000,0x0000,0x0000,
	0x0000,0x0000,0x0000,0x0000,0x0000,0x0000,0x0000,0x0000,
	0x0000,0x0000,0x0000,0x0000,0x0000,0x0000,0x0000,0x0000,
	0x0000,0x0000,0x0000,0x0000,0x0000,0x0000,0x0000,0x0000,
	0x0000,0x0000,0x0000,0x0000,0x0000,0x0000,0x0000,0x0000,
	0x0000,0x0000,0x0000,0x0000,0x0000,0x0000,0x0000,0x0000,

	0x0000,0x0000,0x0000,0x0000,0x0000,0x0000,0x0000,0x0000,
	0x0000,0x0000,0x0000,0x0000,0x0000,0x0000,0x0000,0x0000,
	0x0000,0x0000,0x0000,0x0000,0x0000,0x0000,0x0000,0x0000,
	0x0000,0x0000,0x0000,0x0000,0x0000,0x0000,0x0000,0x0000,
	0x0000,0x0000,0x0000,0x0000,0x0000,0x0000,0x0000,0x0000,
	0x0000,0x0000,0x0000,0x0000,0x0000,0x0000,0x0000,0x0000,
	0x0000,0x0000,0x0000,0x0000,0x0000,0x0000,0x0000,0x0000,
	0x0000,0x0000,0x0000,0x0000,0x0000,0x0000,0x0000,0x0000,

	0x0000,0x0000,0x0000,0x0000,0x0000,0x0000,0x0000,0x0000,
	0x0000,0x0000,0x0000,0x0000,0x0000,0x0000,0x0000,0x0000,
	0x0000,0x0000,0x0000,0x0000,0x0000,0x0000,0x0000,0x0000,
	0x0000,0x0000,0x0000,0x0000,0x0000,0x0000,0x0000,0x0000,
	0x0000,0x0000,0x0000,0x0000,0x0000,0x0000,0x0000,0x0000,
	0x0000,0x0000,0x0000,0x0000,0x0000,0x0000,0x0000,0x0000,
	0x0000,0x0000,0x0000,0x0000,0x0000,0x0000,0x0000,0x0000,
	0x0000,0x0000,0x0000,0x0000,0x0000,0x0000,0x0000,0x0000,

	0x0000,0x0000,0x0000,0x0000,0x0000,0x0000,0x0000,0x0000,
	0x0000,0x0000,0x0000,0x0000,0x0000,0x0000,0x0000,0x0000,
	0x0000,0x0000,0x0000,0x0000,0x0000,0x0000,0x0000,0x0000,
	0x0000,0x0000,0x0000,0x0000,0x0000,0x0000,0x0000,0x0000,
	0x0000,0x0000,0x0000,0x0000,0x0000,0x0000,0x0000,0x0000,
	0x0000,0x0000,0x0000,0x0000,0x0000,0x0000,0x0000,0x0000,
	0x0000,0x0000,0x0000,0x0000,0x0000,0x0000,0x0000,0x0000,
	0x0000,0x0000,0x0000,0x0000,0x0000,0x0000,0x0000,0x0000,

	0x0000,0x0000,0x0000,0x0000,0x0000,0x0000,0x0000,0x0000,
	0x0000,0x0000,0x0000,0x0000,0x0000,0x0000,0x0000,0x0000,
	0x0000,0x0000,0x0000,0x0000,0x0000,0x0000,0x0000,0x0000,
	0x0000,0x0000,0x0000,0x0000,0x0000,0x0000,0x0000,0x0000,
	0x0000,0x0000,0x0000,0x0000,0x0000,0x0000,0x0000,0x0000,
	0x0000,0x0000,0x0000,0x0000,0x0000,0x0000,0x0000,0x0000,
	0x0000,0x0000,0x0000,0x0000,0x0000,0x0000,0x0000,0x0000,
	0x0000,0x0000,0x0000,0x0000,0x0000,0x0000,0x0000,0x0000,

	0x0000,0x0000,0x0000,0x0000,0x0000,0x0000,0x0000,0x0000,
	0x0000,0x0000,0x0000,0x0000,0x0000,0x0000,0x0000,0x0000,
	0x0000,0x0000,0x0000,0x0000,0x0000,0x0000,0x0000,0x0000,
	0x0000,0x0000,0x0000,0x0000,0x0000,0x0000,0x0000,0x0000,
	0x0000,0x0000,0x0000,0x0000,0x0000,0x0000,0x0000,0x0000,
	0x0000,0x0000,0x0000,0x0000,0x0000,0x0000,0x0000,0x0000,
	0x0000,0x0000,0x0000,0x0000,0x0000,0x0000,0x0000,0x0000,
	0x0000,0x0000,0x0000,0x0000,0x0000,0x0000,0x0000,0x0000,

	0x0000,0x0000,0x0000,0x0000,0x0000,0x0000,0x0000,0x0000,
	0x0000,0x0000,0x0000,0x0000,0x0000,0x0000,0x0000,0x0000,
	0x0000,0x0000,0x0000,0x0000,0x0000,0x0000,0x0000,0x0000,
	0x0000,0x0000,0x0000,0x0000,0x0000,0x0000,0x0000,0x0000,
	0x0000,0x0000,0x0000,0x0000,0x0000,0x0000,0x0000,0x0000,
	0x0000,0x0000,0x0000,0x0000,0x0000,0x0000,0x0000,0x0000,
	0x0000,0x0000,0x0000,0x0000,0x0000,0x0000,0x0000,0x0000,
	0x0000,0x0000,0x0000,0x0000,0x0000,0x0000,0x0000,0x0000,

	0x0000,0x0000,0x0000,0x0000,0x0000,0x0000,0x0000,0x0000,
	0x0000,0x0000,0x0000,0x0000,0x0000,0x0000,0x0000,0x0000,
	0x0000,0x0000,0x0000,0x0000,0x0000,0x0000,0x0000,0x0000,
	0x0000,0x0000,0x0000,0x0000,0x0000,0x0000,0x0000,0x0000,
	0x0000,0x0000,0x0000,0x0000,0x0000,0x0000,0x0000,0x0000,
	0x0000,0x0000,0x0000,0x0000,0x0000,0x0000,0x0000,0x0000,
	0x0000,0x0000,0x0000,0x0000,0x0000,0x0000,0x0000,0x0000,
	0x0000,0x0000,0x0000,0x0000,0x0000,0x0000,0x0000,0x0000,

	0x0000,0x0000,0x0000,0x0000,0x0000,0x0000,0x0000,0x0000,
	0x0000,0x0000,0x0000,0x0000,0x0000,0x4000,0x0000,0x4000,
	0x0000,0x0000,0x0000,0x0000,0x0000,0x0000,0x0000,0x0000,
	0x0400,0x4400,0x4840,0x8844,0x8240,0x8228,0x2C84,0x4882,
	0x0000,0x0000,0x0000,0x0000,0x0000,0x0000,0x0000,0x0000,
	0x0004,0x0000,0x0444,0x0000,0x0048,0x0000,0x0445,0x0000,
	0x0000,0x0000,0x0000,0x0000,0x0000,0x0000,0x0000,0x0000,
	0x0000,0x0000,0x0000,0x0000,0x0000,0x0000,0x0000,0x0000,

	0x0000,0x0000,0x0000,0x0000,0x0000,0x0000,0x0000,0x0000,
	0x0000,0x4000,0x0000,0x8000,0x0000,0x4000,0x0000,0x4000,
	0x0000,0x0000,0x0000,0x0000,0x0000,0x0000,0x0000,0x0000,
	0x4404,0x0400,0x4844,0x4444,0x8882,0x8444,0x8228,0x8855,
	0x0000,0x0000,0x0000,0x0000,0x0000,0x0000,0x0000,0x0000,
	0x0000,0x0000,0x0040,0x0000,0x0484,0x0000,0x0482,0x0000,
	0x0000,0x0000,0x0000,0x0000,0x0000,0x0000,0x0000,0x0000,
	0x0000,0x0000,0x0000,0x0000,0x0000,0x0000,0x0000,0x0000,

	0x0000,0x0000,0x0000,0x0000,0x0000,0x0000,0x0000,0x0000,
	0x0000,0x0000,0x0000,0x4800,0x0000,0x8400,0x0000,0x8400,
	0x0000,0x0000,0x0000,0x0000,0x0000,0x0000,0x0440,0x0400,
	0x4440,0x4404,0x4840,0x8444,0x8844,0x8455,0x8282,0x2855,
	0x0000,0x0000,0x0000,0x0000,0x0000,0x0000,0x0000,0x0000,
	0x2224,0x0002,0xC144,0x0022,0x4144,0x0226,0x4448,0x22C6,
	0x0000,0x0000,0x0000,0x0000,0x0000,0x0000,0x0000,0x0000,
	0x0000,0x0000,0x0000,0x0000,0x0000,0x0000,0x0000,0x0000,

	0x0000,0x0000,0x0000,0x0000,0x0000,0x0000,0x0000,0x0000,
	0x0000,0x4000,0x0000,0x4440,0x0000,0x8400,0x0000,0x5440,
	0x0000,0x0000,0x0000,0x0000,0x0000,0x0000,0x0000,0x0000,
	0x0044,0x0040,0x4488,0x0484,0x8228,0x0428,0x2884,0x48C2,
	0x0000,0x0000,0x0000,0x0000,0x0000,0x0000,0x0000,0x0000,
	0x0000,0x0000,0x0000,0x0000,0x0004,0x0000,0x0004,0x0000,
	0x0000,0x0000,0x0000,0x0000,0x0000,0x0000,0x0000,0x0000,
	0x0000,0x0000,0x0000,0x0000,0x0000,0x0000,0x0000,0x4000,

	0x0000,0x0000,0x0000,0x0000,0x0000,0x0000,0x0000,0x0000,
	0x0000,0x0000,0x0000,0x0000,0x0000,0x0000,0x4404,0x0400,
	0x0000,0x0000,0x0000,0x0000,0x0000,0x0000,0x0000,0x0000,
	0x0000,0x0000,0x0000,0x0000,0x0000,0x0000,0x0000,0x0000,
	0x0000,0x0000,0x0000,0x0000,0x0000,0x0000,0x0000,0x0000,
	0x0000,0x0000,0x0000,0x0000,0x0000,0x0000,0x0000,0x0000,
	0x0000,0x0000,0x0000,0x0000,0x0000,0x0000,0x0000,0x0000,
	0x0000,0x0000,0x0000,0x0000,0x0000,0x0000,0x0000,0x0000,

	0x0000,0x0000,0x0000,0x0000,0x0000,0x0000,0x0000,0x0000,
	0x0000,0x0000,0x0000,0x0000,0x0000,0x0000,0x0000,0x0000,
	0x0000,0x0000,0x0000,0x0000,0x0000,0x0000,0x0000,0x0000,
	0x0000,0x0000,0x0000,0x0000,0x0000,0x0000,0x0000,0x0000,
	0x0000,0x0000,0x0000,0x0000,0x0000,0x0000,0x0000,0x0000,
	0x0000,0x0000,0x0000,0x0000,0x0000,0x0000,0x0000,0x0000,
	0x0000,0x0000,0x0000,0x0000,0x0000,0x0000,0x0000,0x0000,
	0x0000,0x0000,0x0000,0x0000,0x0000,0x0000,0x0000,0x0000,

	0x0000,0x0000,0x0000,0x0000,0x0000,0x0000,0x0000,0x0000,
	0x0000,0x0000,0x0000,0x0000,0x0000,0x0000,0x0000,0x0000,
	0x0000,0x0000,0x0000,0x0000,0x0000,0x0000,0x0000,0x0000,
	0x0000,0x0000,0x0000,0x0000,0x0000,0x0000,0x0000,0x0000,
	0x0000,0x0000,0x0000,0x0000,0x0000,0x0000,0x0000,0x0000,
	0x0000,0x0000,0x0000,0x0000,0x0000,0x0000,0x0000,0x0000,
	0x0000,0x0000,0x0000,0x0000,0x0000,0x0000,0x0000,0x0000,
	0x0000,0x0000,0x0000,0x0000,0x0000,0x0000,0x0000,0x0000,

	0x0000,0x0000,0x0000,0x0000,0x0000,0x0000,0x0000,0x0000,
	0x0000,0x0000,0x0000,0x0000,0x0000,0x0000,0x0000,0x0000,
	0x0000,0x0000,0x0000,0x0000,0x0000,0x0000,0x0000,0x0000,
	0x0000,0x0000,0x0000,0x0000,0x0000,0x0000,0x0000,0x0000,
	0x0000,0x0000,0x0000,0x0000,0x0000,0x0000,0x0000,0x0000,
	0x0000,0x0000,0x0000,0x0000,0x0000,0x0000,0x0000,0x0000,
	0x0000,0x0000,0x0000,0x0000,0x0000,0x0000,0x0000,0x0000,
	0x0000,0x0000,0x0000,0x0000,0x0000,0x0000,0x0000,0x0000,

	0x0000,0x0000,0x0000,0x0000,0x0000,0x0000,0x0000,0x0000,
	0x0000,0x0000,0x0000,0x0000,0x0000,0x0000,0x0000,0x0000,
	0x0000,0x0000,0x0000,0x0000,0x0000,0x0000,0x0000,0x0000,
	0x0000,0x0000,0x0000,0x0000,0x0000,0x0000,0x0000,0x0000,
	0x0000,0x0000,0x0000,0x0000,0x0000,0x0000,0x0000,0x0000,
	0x0000,0x0000,0x0000,0x0000,0x0000,0x0000,0x0000,0x0000,
	0x0000,0x0000,0x0000,0x0000,0x0000,0x0000,0x0000,0x0000,
	0x0000,0x0000,0x0000,0x0000,0x0000,0x0000,0x0000,0x0000,

	0x0000,0x0000,0x0000,0x0000,0x0000,0x0000,0x0000,0x0000,
	0x0000,0x0000,0x0000,0x0000,0x0000,0x0000,0x0000,0x0000,
	0x0000,0x0000,0x0000,0x0000,0x0000,0x0000,0x0000,0x0000,
	0x0000,0x0000,0x0000,0x0000,0x0000,0x0000,0x0000,0x0000,
	0x0000,0x0000,0x0000,0x0000,0x0000,0x0000,0x0000,0x0000,
	0x0000,0x0000,0x0000,0x0000,0x0000,0x0000,0x0000,0x0000,
	0x0000,0x0000,0x0000,0x0000,0x0000,0x0000,0x0000,0x0000,
	0x0000,0x0000,0x0000,0x0000,0x0000,0x0000,0x0000,0x0000,

	0x0000,0x0000,0x0000,0x0000,0x0000,0x0000,0x0000,0x0000,
	0x0000,0x0000,0x0000,0x0000,0x0000,0x0000,0x0000,0x0000,
	0x0000,0x0000,0x0000,0x0000,0x0000,0x0000,0x0000,0x0000,
	0x0000,0x0000,0x0000,0x0000,0x0000,0x0000,0x0000,0x0000,
	0x0000,0x0000,0x0000,0x0000,0x0000,0x0000,0x0000,0x0000,
	0x0000,0x0000,0x0000,0x0000,0x0000,0x0000,0x0000,0x0000,
	0x0000,0x0000,0x0000,0x0000,0x0000,0x0000,0x0000,0x0000,
	0x0000,0x0000,0x0000,0x0000,0x0000,0x0000,0x0000,0x0000,

	0x0000,0x0000,0x0000,0x0000,0x0000,0x0000,0x0000,0x0000,
	0x0000,0x0000,0x0000,0x0000,0x0000,0x0000,0x0000,0x0000,
	0x0000,0x0000,0x0000,0x0000,0x0000,0x0000,0x0000,0x0000,
	0x0000,0x0000,0x0000,0x0000,0x0000,0x0000,0x0000,0x0000,
	0x0000,0x0000,0x0000,0x0000,0x0000,0x0000,0x0000,0x0000,
	0x0000,0x0000,0x0000,0x0000,0x0000,0x0000,0x0000,0x0000,
	0x0000,0x0000,0x0000,0x0000,0x0000,0x0000,0x0000,0x0000,
	0x0000,0x0000,0x0000,0x0000,0x0000,0x0000,0x0000,0x0000,

	0x0000,0x0000,0x0000,0x0000,0x0000,0x0000,0x0000,0x0000,
	0x0000,0x0000,0x0000,0x0000,0x0000,0x0000,0x0000,0x0000,
	0x0000,0x0000,0x0000,0x0000,0x0000,0x0000,0x0000,0x0000,
	0x0000,0x0000,0x0000,0x0000,0x0000,0x0000,0x0000,0x0000,
	0x0000,0x8400,0x0000,0x2400,0x0000,0x8400,0x0000,0x8400,
	0x0000,0x4000,0x0000,0x4000,0x0000,0x0000,0x0000,0x0000,
	0x2C84,0x4882,0x8228,0x8548,0x22C2,0xC888,0x2828,0x2282,
	0x2824,0x8888,0x8585,0x4442,0x4244,0x4848,0x8C58,0x2425,

	0x4445,0x0000,0x4488,0x0000,0x4482,0x0000,0x4888,0x0000,
	0x5448,0x0000,0x0544,0x0000,0x4552,0x0000,0x5545,0x0004,
	0x0000,0x0000,0x0000,0x0000,0x0000,0x0000,0x0000,0x0000,
	0x0000,0x0000,0x0000,0x0000,0x0000,0x0000,0x0000,0x0000,
	0x0000,0x4000,0x0000,0x8400,0x0000,0x4500,0x0000,0x4500,
	0x0000,0x5400,0x0000,0x5000,0x0000,0x5400,0x0000,0x4400,
	0x8284,0x2855,0x48C2,0x8444,0x8828,0x8888,0x8284,0x2822,
	0x8445,0x4428,0x4444,0x4448,0x8482,0x4844,0x5242,0x2522,

	0x0488,0x0000,0x044C,0x0000,0x4822,0x0000,0x5488,0x0000,
	0x4544,0x0000,0x0548,0x0000,0x4528,0x0000,0x0444,0x0000,
	0x0000,0x0000,0x0000,0x0000,0x0000,0x0000,0x0000,0x0000,
	0x0000,0x0000,0x0000,0x0000,0x0000,0x0000,0x0000,0x0000,
	0x0000,0x8800,0x0000,0x4400,0x0000,0x5400,0x0000,0x4400,
	0x0000,0x5000,0x0000,0x5400,0x0000,0x4400,0x0000,0x4000,
	0x48C2,0x8444,0x8828,0x8888,0x8284,0x2822,0x8445,0x4428,
	0x4555,0x5448,0x5555,0x5544,0x5555,0x5555,0x5544,0x5555,

	0x482C,0xC796,0x9482,0x9996,0x7548,0x9996,0x7454,0x9C91,
	0x7555,0xC221,0x4555,0x2221,0x4455,0x0055,0x8444,0x0054,
	0x0002,0x0000,0x002C,0x0000,0x002C,0x0000,0x02C9,0x0000,
	0x02C9,0x0000,0x2CCC,0x0000,0x2CC2,0x0000,0x2C20,0x0000,
	0x0000,0x5444,0x0000,0x8844,0x0000,0x2844,0x0000,0x8884,
	0x0000,0x8445,0x0000,0x4450,0x0000,0x2554,0x0000,0x5455,
	0x2884,0x48C2,0x8458,0x8228,0x888C,0x2C22,0x2822,0x8282,
	0x8888,0x4282,0x2444,0x5858,0x8484,0x4444,0x5242,0x8528,

	0x0004,0x0000,0x0004,0x0000,0x0048,0x0000,0x0008,0x0000,
	0x0004,0x0000,0x0004,0x0000,0x0000,0x0000,0x0000,0x0000,
	0x0000,0x8000,0x0000,0x4000,0x0000,0x4000,0x0000,0x4000,
	0x0000,0x8400,0x0000,0x4500,0x0000,0x4500,0x0000,0x5400,
	0x4844,0x4444,0x8882,0x8444,0x8228,0x8855,0x8284,0x2855,
	0x48C2,0x8444,0x8828,0x8888,0x8284,0x2822,0x8445,0x4428,
	0x0040,0x0000,0x0484,0x0000,0x0482,0x0000,0x0488,0x0000,
	0x044C,0x0000,0x4822,0x0000,0x5488,0x0000,0x4544,0x0000,

	0x0000,0x0000,0x0000,0x0000,0x0000,0x0000,0x0000,0x0000,
	0x0000,0x0000,0x0000,0x0000,0x0000,0x0000,0x0000,0x0000,
	0x0000,0x0000,0x0000,0x0000,0x0000,0x0000,0x0000,0x0000,
	0x0000,0x0000,0x0000,0x0000,0x0000,0x0000,0x0000,0x0000,
	0x0000,0x0000,0x0000,0x0000,0x0000,0x0000,0x0000,0x0000,
	0x0000,0x0000,0x0000,0x0000,0x0000,0x0000,0x0000,0x0000,
	0x0000,0x0000,0x0000,0x0000,0x0000,0x0000,0x0000,0x0000,
	0x0000,0x0000,0x0000,0x0000,0x0000,0x0000,0x0000,0x0000,

	0x0000,0x0000,0x0000,0x0000,0x0000,0x0000,0x0000,0x0000,
	0x0000,0x0000,0x0000,0x0000,0x0000,0x0000,0x0000,0x0000,
	0x0000,0x0000,0x0000,0x0000,0x0000,0x0000,0x0000,0x0000,
	0x0000,0x0000,0x0000,0x0000,0x0000,0x0000,0x0000,0x0000,
	0x0000,0x0000,0x0000,0x0000,0x0000,0x0000,0x0000,0x0000,
	0x0000,0x0000,0x0000,0x0000,0x0000,0x0000,0x0000,0x0000,
	0x0000,0x0000,0x0000,0x0000,0x0000,0x0000,0x0000,0x0000,
	0x0000,0x0000,0x0000,0x0000,0x0000,0x0000,0x0000,0x0000,

	0x0000,0x0000,0x0000,0x0000,0x0000,0x0000,0x0000,0x0000,
	0x0000,0x0000,0x0000,0x0000,0x0000,0x0000,0x0000,0x0000,
	0x0000,0x0000,0x0000,0x0000,0x0000,0x0000,0x0000,0x0000,
	0x0000,0x0000,0x0000,0x0000,0x0000,0x0000,0x0000,0x0000,
	0x0000,0x0000,0x0000,0x0000,0x0000,0x0000,0x0000,0x0000,
	0x0000,0x0000,0x0000,0x0000,0x0000,0x0000,0x0000,0x0000,
	0x0000,0x0000,0x0000,0x0000,0x0000,0x0000,0x0000,0x0000,
	0x0000,0x0000,0x0000,0x0000,0x0000,0x0000,0x0000,0x0000,

	0x0000,0x0000,0x0000,0x0000,0x0000,0x0000,0x0000,0x0000,
	0x0000,0x0000,0x0000,0x0000,0x0000,0x0000,0x0000,0x0000,
	0x0000,0x0000,0x0000,0x0000,0x0000,0x0000,0x0000,0x0000,
	0x0000,0x0000,0x0000,0x0000,0x0000,0x0000,0x0000,0x0000,
	0x0000,0x0000,0x0000,0x0000,0x0000,0x0000,0x0000,0x0000,
	0x0000,0x0000,0x0000,0x0000,0x0000,0x0000,0x0000,0x0000,
	0x0000,0x0000,0x0000,0x0000,0x0000,0x0000,0x0000,0x0000,
	0x0000,0x0000,0x0000,0x0000,0x0000,0x0000,0x0000,0x0000,

	0x0000,0x0000,0x0000,0x0000,0x0000,0x0000,0x0000,0x0000,
	0x0000,0x0000,0x0000,0x0000,0x0000,0x0000,0x0000,0x0000,
	0x0000,0x0000,0x0000,0x0000,0x0000,0x0000,0x0000,0x0000,
	0x0000,0x0000,0x0000,0x0000,0x0000,0x0000,0x0000,0x0000,
	0x0000,0x0000,0x0000,0x0000,0x0000,0x0000,0x0000,0x0000,
	0x0000,0x0000,0x0000,0x0000,0x0000,0x0000,0x0000,0x0000,
	0x0000,0x0000,0x0000,0x0000,0x0000,0x0000,0x0000,0x0000,
	0x0000,0x0000,0x0000,0x0000,0x0000,0x0000,0x0000,0x0000,

	0x0000,0x0000,0x0000,0x0000,0x0000,0x0000,0x0000,0x0000,
	0x0000,0x0000,0x0000,0x0000,0x0000,0x0000,0x0000,0x0000,
	0x0000,0x0000,0x0000,0x0000,0x0000,0x0000,0x0000,0x0000,
	0x0000,0x0000,0x0000,0x0000,0x0000,0x0000,0x0000,0x0000,
	0x0000,0x0000,0x0000,0x0000,0x0000,0x0000,0x0000,0x0000,
	0x0000,0x0000,0x0000,0x0000,0x0000,0x0000,0x0000,0x0000,
	0x0000,0x0000,0x0000,0x0000,0x0000,0x0000,0x0000,0x0000,
	0x0000,0x0000,0x0000,0x0000,0x0000,0x0000,0x0000,0x0000,

	0x0000,0x0000,0x0000,0x0000,0x0000,0x0000,0x0000,0x0000,
	0x0000,0x0000,0x0000,0x0000,0x0000,0x0000,0x0000,0x0000,
	0x0000,0x0000,0x0000,0x0000,0x0000,0x0000,0x0000,0x0000,
	0x0000,0x0000,0x0000,0x0000,0x0000,0x0000,0x0000,0x0000,
	0x0000,0x0000,0x0000,0x0000,0x0000,0x0000,0x0000,0x0000,
	0x0000,0x0000,0x0000,0x0000,0x0000,0x0000,0x0000,0x0000,
	0x0000,0x0000,0x0000,0x0000,0x0000,0x0000,0x0000,0x0000,
	0x0000,0x0000,0x0000,0x0000,0x0000,0x0000,0x0000,0x0000,

	0x0000,0x0000,0x0000,0x0000,0x0000,0x0000,0x0000,0x0000,
	0x0000,0x0000,0x0000,0x0000,0x0000,0x0000,0x0000,0x0000,
	0x0000,0x0000,0x0000,0x0000,0x0000,0x0000,0x0000,0x0000,
	0x0000,0x0000,0x0000,0x0000,0x0000,0x0000,0x0000,0x0000,
	0x0000,0x0000,0x0000,0x0000,0x0000,0x0000,0x0000,0x0000,
	0x0000,0x0000,0x0000,0x0000,0x0000,0x0000,0x0000,0x0000,
	0x0000,0x0000,0x0000,0x0000,0x0000,0x0000,0x0000,0x0000,
	0x0000,0x0000,0x0000,0x0000,0x0000,0x0000,0x0000,0x0000,

	0x0000,0x0000,0x0000,0x1000,0x0000,0x2000,0x0000,0x4000,
	0x0000,0x4410,0x0000,0x8260,0x0000,0x8810,0x0000,0x8170,
	0xC918,0x88C1,0xC28A,0x82CC,0x812D,0x1822,0xA188,0x1AA3,
	0x3A82,0xA339,0x8A14,0xAAA2,0x4114,0x8DD5,0x18A4,0x41A3,
	0x4454,0x0000,0x1155,0x0008,0xA3A8,0x0002,0xDD21,0x0048,
	0x2811,0x0448,0x8141,0x4484,0x0042,0x4824,0x0014,0x0440,
	0x0000,0x0000,0x0000,0x0000,0x0000,0x0000,0x0000,0x0000,
	0x0000,0x0000,0x0000,0x0000,0x0000,0x0000,0x0000,0x0020,

	0x0000,0x4000,0x0000,0x1800,0x0000,0xA200,0x0000,0xD900,
	0x0000,0x0000,0x0000,0x0000,0x0000,0x1000,0x0000,0x1000,
	0x1C84,0xC199,0xC241,0x2CCC,0x8121,0x1822,0x3A1D,0xA333,
	0xA141,0x1AAA,0x5581,0x28DD,0x4828,0x4515,0x4814,0x81B5,
	0x8118,0x0000,0x2A14,0x0000,0x8DD2,0x0000,0x4241,0x0000,
	0x4841,0x0000,0x0448,0x0000,0x0013,0x0000,0x01A1,0x0000,
	0x0000,0x0000,0x0000,0x0000,0x0000,0x0000,0x0000,0x0000,
	0x0000,0x0000,0x0000,0x0000,0x0000,0x0000,0x0000,0x0000,

	0x0000,0x1800,0x0000,0xA200,0x0000,0xD000,0x0000,0x2000,
	0x0000,0xC200,0x0000,0x8840,0x0000,0x4424,0x0000,0x5584,
	0x5544,0x5555,0x545A,0x4415,0x411D,0x1115,0xAA14,0xAA33,
	0xA148,0x1AAA,0x2844,0x82DD,0x5454,0x1511,0x1410,0x41AA,
	0x8144,0x0058,0x2AA5,0x0005,0x52D1,0x0000,0x0041,0x0000,
	0x0041,0x0000,0x0044,0x0000,0x0013,0x0000,0x01A1,0x0000,
	0xCC20,0x0002,0xC200,0x0002,0xC220,0x0002,0xC200,0x0002,
	0xC200,0x0002,0xC200,0x0002,0x2C20,0x0000,0x2C20,0x0000,

	0x0000,0x4544,0x0000,0x5510,0x0000,0xAA18,0x0000,0x43A2,
	0x0000,0x24D8,0x0000,0xC840,0x0000,0x8444,0x0000,0x6790,
	0x1C88,0x819C,0xCC28,0x82CC,0x2818,0x4482,0xAA14,0x11A3,
	0xA148,0x1A39,0x1182,0x4111,0x8448,0x12D2,0x1AA1,0xA311,
	0x0000,0x0000,0x0084,0x0000,0x08C4,0x0000,0x0824,0x0000,
	0x0444,0x0000,0x0448,0x0000,0x0004,0x0000,0x0001,0x0000,
	0x0000,0x5000,0x0000,0x5400,0x0000,0x4400,0x0000,0x4000,
	0x0000,0x1800,0x0000,0xA200,0x0000,0xD900,0x0000,0x0000,

	0x4444,0x4448,0x8482,0x4844,0x5242,0x2522,0x1C84,0xC199,
	0xC241,0x2CCC,0x8121,0x1822,0x3A1D,0xA333,0xA141,0x1AAA,
	0x0548,0x0000,0x4528,0x0000,0x0444,0x0000,0x8118,0x0000,
	0x2A14,0x0000,0x8DD2,0x0000,0x4241,0x0000,0x4841,0x0000,
	0x0000,0x0000,0x0000,0x0000,0x0000,0x0000,0x0000,0x0000,
	0x0000,0x0000,0x0000,0x0000,0x0000,0x0000,0x0000,0x0000,
	0x0000,0x0000,0x0000,0x0000,0x0000,0x0000,0x0000,0x0000,
	0x0000,0x0000,0x0000,0x0000,0x0000,0x0000,0x0000,0x0000,

	0x0000,0x0000,0x0000,0x0000,0x0000,0x0000,0x0000,0x0000,
	0x0000,0x0000,0x0000,0x0000,0x0000,0x0000,0x0000,0x0000,
	0x0000,0x0000,0x0000,0x0000,0x0000,0x0000,0x0000,0x0000,
	0x0000,0x0000,0x0000,0x0000,0x0000,0x0000,0x0000,0x0000,
	0x0000,0x0000,0x0000,0x0000,0x0000,0x0000,0x0000,0x0000,
	0x0000,0x0000,0x0000,0x0000,0x0000,0x0000,0x0000,0x0000,
	0x0000,0x0000,0x0000,0x0000,0x0000,0x0000,0x0000,0x0000,
	0x0000,0x0000,0x0000,0x0000,0x0000,0x0000,0x0000,0x0000,

	0x0000,0x0000,0x0000,0x0000,0x0000,0x0000,0x0000,0x0000,
	0x0000,0x0000,0x0000,0x0000,0x0000,0x0000,0x0000,0x0000,
	0x0000,0x0000,0x0000,0x0000,0x0000,0x0000,0x0000,0x0000,
	0x0000,0x0000,0x0000,0x0000,0x0000,0x0000,0x0000,0x0000,
	0x0000,0x0000,0x0000,0x0000,0x0000,0x0000,0x0000,0x0000,
	0x0000,0x0000,0x0000,0x0000,0x0000,0x0000,0x0000,0x0000,
	0x0000,0x0000,0x0000,0x0000,0x0000,0x0000,0x0000,0x0000,
	0x0000,0x0000,0x0000,0x0000,0x0000,0x0000,0x0000,0x0000,

	0x0000,0x0000,0x0000,0x0000,0x0000,0x0000,0x0000,0x0000,
	0x0000,0x0000,0x0000,0x0000,0x0000,0x0000,0x0000,0x0000,
	0x0000,0x0000,0x0000,0x0000,0x0000,0x0000,0x0000,0x0000,
	0x0000,0x0000,0x0000,0x0000,0x0000,0x0000,0x0000,0x0000,
	0x0000,0x0000,0x0000,0x0000,0x0000,0x0000,0x0000,0x0000,
	0x0000,0x0000,0x0000,0x0000,0x0000,0x0000,0x0000,0x0000,
	0x0000,0x0000,0x0000,0x0000,0x0000,0x0000,0x0000,0x0000,
	0x0000,0x0000,0x0000,0x0000,0x0000,0x0000,0x0000,0x0000,

	0x0000,0x0000,0x0000,0x0000,0x0000,0x0000,0x0000,0x0000,
	0x0000,0x0000,0x0000,0x0000,0x0000,0x0000,0x0000,0x0000,
	0x0000,0x0000,0x0000,0x0000,0x0000,0x0000,0x0000,0x0000,
	0x0000,0x0000,0x0000,0x0000,0x0000,0x0000,0x0000,0x0000,
	0x0000,0x0000,0x0000,0x0000,0x0000,0x0000,0x0000,0x0000,
	0x0000,0x0000,0x0000,0x0000,0x0000,0x0000,0x0000,0x0000,
	0x0000,0x0000,0x0000,0x0000,0x0000,0x0000,0x0000,0x0000,
	0x0000,0x0000,0x0000,0x0000,0x0000,0x0000,0x0000,0x0000,

	0x0000,0x0000,0x0000,0x0000,0x0000,0x0000,0x0000,0x0000,
	0x0000,0x0000,0x0000,0x0000,0x0000,0x0000,0x0000,0x0000,
	0x0000,0x0000,0x0000,0x0000,0x0000,0x0000,0x0000,0x0000,
	0x0000,0x0000,0x0000,0x0000,0x0000,0x0000,0x0000,0x0000,
	0x0000,0x0000,0x0000,0x0000,0x0000,0x0000,0x0000,0x0000,
	0x0000,0x0000,0x0000,0x0000,0x0000,0x0000,0x0000,0x0000,
	0x0000,0x0000,0x0000,0x0000,0x0000,0x0000,0x0000,0x0000,
	0x0000,0x0000,0x0000,0x0000,0x0000,0x0000,0x0000,0x0000,

	0x0000,0x0000,0x0000,0x0000,0x0000,0x0000,0x0000,0x0000,
	0x0000,0x0000,0x0000,0x0000,0x0000,0x0000,0x0000,0x0000,
	0x0000,0x0000,0x0000,0x0000,0x0000,0x0000,0x0000,0x0000,
	0x0000,0x0000,0x0000,0x0000,0x0000,0x0000,0x0000,0x0000,
	0x0000,0x0000,0x0000,0x0000,0x0000,0x0000,0x0000,0x0000,
	0x0000,0x0000,0x0000,0x0000,0x0000,0x0000,0x0000,0x0000,
	0x0000,0x0000,0x0000,0x0000,0x0000,0x0000,0x0000,0x0000,
	0x0000,0x0000,0x0000,0x0000,0x0000,0x0000,0x0000,0x0000,

	0x0000,0x0000,0x0000,0x0000,0x0000,0x0000,0x0000,0x0000,
	0x0000,0x0000,0x0000,0x0000,0x0000,0x0000,0x0000,0x0000,
	0x0000,0x0000,0x0000,0x0000,0x0000,0x0000,0x0000,0x0000,
	0x0000,0x0000,0x0000,0x0000,0x0000,0x0000,0x0000,0x0000,
	0x0000,0x0000,0x0000,0x0000,0x0000,0x0000,0x0000,0x0000,
	0x0000,0x0000,0x0000,0x0000,0x0000,0x0000,0x0000,0x0000,
	0x0000,0x0000,0x0000,0x0000,0x0000,0x0000,0x0000,0x0000,
	0x0000,0x0000,0x0000,0x0000,0x0000,0x0000,0x0000,0x0000,

	0x0000,0x0000,0x0000,0x0000,0x0000,0x0000,0x0000,0x0000,
	0x0000,0x0000,0x0000,0x0000,0x0000,0x0000,0x0000,0x0000,
	0x0000,0x0000,0x0000,0x0000,0x0000,0x0000,0x0000,0x0000,
	0x0000,0x0000,0x0000,0x0000,0x0000,0x0000,0x0000,0x0000,
	0x0000,0x4167,0x7600,0x4166,0x6960,0x0116,0x6696,0x0101,
	0x1679,0x5000,0x0167,0x5000,0x0011,0x0000,0x0000,0x0000,
	0x3213,0x881F,0xA15A,0x8281,0x1000,0x4674,0x4555,0x4648,
	0x4555,0x4B44,0xB455,0x4BBE,0xE455,0x4BBE,0xB500,0x54BB,

	0x0111,0x0000,0x1A35,0x0000,0x1A14,0x0000,0x1155,0x0000,
	0x5554,0x0005,0x5555,0x0005,0x5555,0x0000,0x0055,0x0000,
	0x0000,0x0200,0x0000,0x2200,0x0000,0x0000,0x0000,0x0000,
	0x0000,0x0000,0x0000,0x0000,0x0000,0x0000,0x0000,0x0000,
	0x0002,0x1000,0x0022,0x0000,0x22C2,0x5000,0xC9C2,0x5522,
	0x9C22,0x222C,0xC200,0xC9C9,0x2200,0x999C,0x0000,0x9CC2,
	0x1796,0x21B5,0x9610,0x211A,0x1765,0x7411,0x2922,0x6445,
	0xC922,0xBB42,0xC992,0xEB52,0x9979,0xB42C,0x9979,0x002C,

	0x0A18,0x0000,0x0008,0x0000,0x0056,0x0000,0x0544,0x0000,
	0x55EB,0x0000,0x55BE,0x0000,0x055B,0x0000,0x0000,0x0000,
	0x0000,0x0000,0x0000,0x0000,0x0000,0x0000,0x0000,0x0000,
	0x0000,0x0000,0x0000,0x0000,0x0000,0x0000,0x0000,0x0000,
	0x0000,0x0550,0x0000,0x0000,0x0000,0x5000,0x0000,0x5500,
	0x0000,0x5500,0x0000,0x5000,0x0000,0x0000,0x0000,0x0000,
	0x1864,0x81A3,0x4444,0x84A3,0x4BB4,0x841A,0x4445,0x6B45,
	0x5555,0xBB45,0x5555,0xBE45,0x5550,0xBE45,0x0000,0x4440,

	0x0A18,0x0000,0x0008,0x0000,0x0556,0x0000,0x5544,0x0000,
	0x5544,0x0000,0x054B,0x0000,0x0054,0x0000,0x0004,0x0000,
	0x0220,0x0000,0x0002,0x0000,0x0000,0x0000,0x0200,0x0000,
	0x0000,0x0000,0x0000,0x0000,0x0000,0x0000,0x0000,0x0000,
	0x0000,0x9610,0x0000,0x6610,0x0000,0x7610,0x0000,0x7710,
	0x0000,0x9910,0x0000,0x9715,0x0000,0x7615,0x0000,0x6150,
	0x13A1,0x3144,0x1311,0xA148,0x8141,0x1442,0x8441,0x8448,
	0x7766,0x4554,0xBEB6,0x454B,0xEEB6,0x554B,0x44B1,0x5554,

	0x001A,0x0000,0x0013,0x0000,0x4411,0x0004,0xEEB6,0x0004,
	0xBBEB,0x0004,0x4BBB,0x0000,0x0444,0x0000,0x0005,0x0000,
	0x0000,0x0000,0x0000,0x1000,0x0000,0x1000,0x0000,0x1000,
	0x0000,0x0000,0x0000,0x5000,0x0000,0x5500,0x0000,0x5500,
	0x5581,0x28DD,0x4828,0x4515,0x4814,0x81B5,0x1796,0x21B5,
	0x9610,0x211A,0x1765,0x7411,0x6965,0x6445,0x7965,0xBB45,
	0x0448,0x0000,0x0013,0x0000,0x01A1,0x0000,0x0A18,0x0000,
	0x0008,0x0000,0x0056,0x0000,0x0544,0x0000,0x55EB,0x0000,

	0x0000,0x0000,0x0000,0x0000,0x0000,0x0000,0x0000,0x0000,
	0x0000,0x0000,0x0000,0x0000,0x0000,0x0000,0x0000,0x0000,
	0x0000,0x0000,0x0000,0x0000,0x0000,0x0000,0x0000,0x0000,
	0x0000,0x0000,0x0000,0x0000,0x0000,0x0000,0x0000,0x0000,
	0x0000,0x0000,0x0000,0x0000,0x0000,0x0000,0x0000,0x0000,
	0x0000,0x0000,0x0000,0x0000,0x0000,0x0000,0x0000,0x0000,
	0x0000,0x0000,0x0000,0x0000,0x0000,0x0000,0x0000,0x0000,
	0x0000,0x0000,0x0000,0x0000,0x0000,0x0000,0x0000,0x0000,

	0x0000,0x0000,0x0000,0x0000,0x0000,0x0000,0x0000,0x0000,
	0x0000,0x0000,0x0000,0x0000,0x0000,0x0000,0x0000,0x0000,
	0x0000,0x0000,0x0000,0x0000,0x0000,0x0000,0x0000,0x0000,
	0x0000,0x0000,0x0000,0x0000,0x0000,0x0000,0x0000,0x0000,
	0x0000,0x0000,0x0000,0x0000,0x0000,0x0000,0x0000,0x0000,
	0x0000,0x0000,0x0000,0x0000,0x0000,0x0000,0x0000,0x0000,
	0x0000,0x0000,0x0000,0x0000,0x0000,0x0000,0x0000,0x0000,
	0x0000,0x0000,0x0000,0x0000,0x0000,0x0000,0x0000,0x0000,

	0x0000,0x0000,0x0000,0x0000,0x0000,0x0000,0x0000,0x0000,
	0x0000,0x0000,0x0000,0x0000,0x0000,0x0000,0x0000,0x0000,
	0x0000,0x0000,0x0000,0x0000,0x0000,0x0000,0x0000,0x0000,
	0x0000,0x0000,0x0000,0x0000,0x0000,0x0000,0x0000,0x0000,
	0x0000,0x0000,0x0000,0x0000,0x0000,0x0000,0x0000,0x0000,
	0x0000,0x0000,0x0000,0x0000,0x0000,0x0000,0x0000,0x0000,
	0x0000,0x0000,0x0000,0x0000,0x0000,0x0000,0x0000,0x0000,
	0x0000,0x0000,0x0000,0x0000,0x0000,0x0000,0x0000,0x0000,

	0x0000,0x0000,0x0000,0x0000,0x0000,0x0000,0x0000,0x0000,
	0x0000,0x0000,0x0000,0x0000,0x0000,0x0000,0x0000,0x0000,
	0x0000,0x0000,0x0000,0x0000,0x0000,0x0000,0x0000,0x0000,
	0x0000,0x0000,0x0000,0x0000,0x0000,0x0000,0x0000,0x0000,
	0x0000,0x0000,0x0000,0x0000,0x0000,0x0000,0x0000,0x0000,
	0x0000,0x0000,0x0000,0x0000,0x0000,0x0000,0x0000,0x0000,
	0x0000,0x0000,0x0000,0x0000,0x0000,0x0000,0x0000,0x0000,
	0x0000,0x0000,0x0000,0x0000,0x0000,0x0000,0x0000,0x0000,

	0x0000,0x0000,0x0000,0x0000,0x0000,0x0000,0x0000,0x0000,
	0x0000,0x0000,0x0000,0x0000,0x0000,0x0000,0x0000,0x0000,
	0x0000,0x0000,0x0000,0x0000,0x0000,0x0000,0x0000,0x0000,
	0x0000,0x0000,0x0000,0x0000,0x0000,0x0000,0x0000,0x0000,
	0x0000,0x0000,0x0000,0x0000,0x0000,0x0000,0x0000,0x0000,
	0x0000,0x0000,0x0000,0x0000,0x0000,0x0000,0x0000,0x0000,
	0x0000,0x0000,0x0000,0x0000,0x0000,0x0000,0x0000,0x0000,
	0x0000,0x0000,0x0000,0x0000,0x0000,0x0000,0x0000,0x0000,

	0x0000,0x0000,0x0000,0x0000,0x0000,0x0000,0x0000,0x0000,
	0x0000,0x0000,0x0000,0x0000,0x0000,0x0000,0x0000,0x0000,
	0x0000,0x0000,0x0000,0x0000,0x0000,0x0000,0x0000,0x0000,
	0x0000,0x0000,0x0000,0x0000,0x0000,0x0000,0x0000,0x0000,
	0x0000,0x0000,0x0000,0x0000,0x0000,0x0000,0x0000,0x0000,
	0x0000,0x0000,0x0000,0x0000,0x0000,0x0000,0x0000,0x0000,
	0x0000,0x0000,0x0000,0x0000,0x0000,0x0000,0x0000,0x0000,
	0x0000,0x0000,0x0000,0x0000,0x0000,0x0000,0x0000,0x0000,

	0x0000,0x0000,0x0000,0x0000,0x0000,0x0000,0x0000,0x0000,
	0x0000,0x0000,0x0000,0x0000,0x0000,0x0000,0x0000,0x0000,
	0x0000,0x0000,0x0000,0x0000,0x0000,0x0000,0x0000,0x0000,
	0x0000,0x0000,0x0000,0x0000,0x0000,0x0000,0x0000,0x0000,
	0x0000,0x0000,0x0000,0x0000,0x0000,0x0000,0x0000,0x0000,
	0x0000,0x0000,0x0000,0x0000,0x0000,0x0000,0x0000,0x0000,
	0x0000,0x0000,0x0000,0x0000,0x0000,0x0000,0x0000,0x0000,
	0x0000,0x0000,0x0000,0x0000,0x0000,0x0000,0x0000,0x0000,

	0x0000,0x0000,0x0000,0x0000,0x0000,0x0000,0x0000,0x0000,
	0x0000,0x0000,0x0000,0x0000,0x0000,0x0000,0x0000,0x0000,
	0x0000,0x0000,0x0000,0x0000,0x0000,0x0000,0x0000,0x0000,
	0x0000,0x0000,0x0000,0x0000,0x0000,0x0000,0x0000,0x0000,
	0x0000,0x0000,0x0000,0x0000,0x0000,0x0000,0x0000,0x0000,
	0x0000,0x0000,0x0000,0x0000,0x0000,0x0000,0x0000,0x0000,
	0x0000,0x0000,0x0000,0x0000,0x0000,0x0000,0x0000,0x0000,
	0x0000,0x0000,0x0000,0x0000,0x0000,0x0000,0x0000,0x0000,

	0x0000,0x0000,0x0000,0x0000,0x0000,0x0000,0x0000,0x0000,
	0x0000,0x0000,0x0000,0x4000,0x0000,0x0000,0x0000,0x4000,
	0x4000,0x0044,0x0000,0x0000,0x0000,0x0000,0x0000,0x0000,
	0x4440,0x4000,0x8844,0x8444,0x2884,0x2882,0x8454,0xC228,
	0x0000,0x0000,0x0000,0x0000,0x0000,0x0000,0x0000,0x0000,
	0x0000,0x0000,0x0004,0x0000,0x0404,0x0000,0x0448,0x0000,
	0x0000,0x0000,0x0000,0x0000,0x0000,0x0000,0x0000,0x0000,
	0x0000,0x0000,0x0000,0x0000,0x0000,0x0000,0x0000,0x0000,

	0x0000,0xC200,0x0000,0x2200,0x0000,0x0000,0x0000,0x0000,
	0x0000,0x0000,0x0000,0x4000,0x0000,0x0000,0x0000,0x4000,
	0xC999,0x0002,0x0222,0x0000,0x0000,0x0000,0x0000,0x0000,
	0x4440,0x4000,0x8844,0x8444,0x2884,0x2882,0x8454,0xC228,
	0x0000,0x0000,0x0000,0x0000,0x0000,0x0000,0x0000,0x0000,
	0x0000,0x0000,0x0004,0x0000,0x0404,0x0000,0x0448,0x0000,
	0x0000,0x0000,0x0000,0x0000,0x0000,0x0000,0x0000,0x0000,
	0x0000,0x0000,0x0000,0x0000,0x0000,0x0000,0x0000,0x0000,

	0x0000,0x0000,0x0000,0x0000,0x0000,0x0000,0x0000,0x0000,
	0x0000,0x0000,0x0000,0x0000,0x0000,0x0480,0x0000,0x4840,
	0x0000,0x0000,0x0000,0x0000,0x0000,0x0000,0x0000,0x0000,
	0x4400,0x4440,0x4440,0x4288,0x8484,0x4822,0x4424,0x2244,
	0x0000,0x0000,0x0000,0x0000,0x0000,0x0000,0x0000,0x0000,
	0x0000,0x0000,0x0000,0x0000,0x0444,0x0000,0x0048,0x0000,
	0x0000,0x0000,0x0000,0x0000,0x0000,0x0000,0x0000,0x0000,
	0x0000,0x0000,0x0000,0x0000,0x0000,0x0000,0x0000,0x0000,

	0x0000,0x1000,0x0000,0x0000,0x0000,0x0000,0x0000,0x0000,
	0x0000,0x4000,0x0000,0x4440,0x0000,0x8400,0x0000,0x5440,
	0x0000,0x0000,0x0000,0x0000,0x0000,0x0000,0x0000,0x0000,
	0x0044,0x0040,0x4488,0x0484,0x8228,0x0428,0x2884,0x48C2,
	0x0000,0x0000,0x0000,0x0000,0x0000,0x0000,0x0000,0x0000,
	0x0000,0x0000,0x0000,0x0000,0x0004,0x0000,0x0004,0x0000,
	0x0000,0x5000,0x0000,0x0000,0x0000,0x0000,0x0000,0x0000,
	0x0000,0x0000,0x0000,0x0000,0x0000,0x0000,0x0000,0x0000,

	0x6975,0xEB55,0x1760,0xB455,0x1610,0x0000,0x0100,0x0000,
	0x0000,0x0000,0x0000,0x0000,0x0440,0x0400,0x4440,0x4404,
	0x55BE,0x0000,0x055B,0x0000,0x0000,0x0000,0x0000,0x0000,
	0x0000,0x0000,0x1000,0x0000,0x6100,0x0001,0x7104,0x0016,
	0x0000,0x0000,0x0000,0x0000,0x0000,0x0000,0x0000,0x0000,
	0x0000,0x0000,0x0000,0x0000,0x0000,0x0000,0x0000,0x0000,
	0x0000,0x0000,0x0000,0x0000,0x0000,0x0000,0x0000,0x0000,
	0x0000,0x0000,0x0000,0x0000,0x0000,0x0000,0x0000,0x0000,

	0x0000,0x0000,0x0000,0x0000,0x0000,0x0000,0x0000,0x0000,
	0x0000,0x0000,0x0000,0x0000,0x0000,0x0000,0x0000,0x0000,
	0x0000,0x0000,0x0000,0x0000,0x0000,0x0000,0x0000,0x0000,
	0x0000,0x0000,0x0000,0x0000,0x0000,0x0000,0x0000,0x0000,
	0x0000,0x0000,0x0000,0x0000,0x0000,0x0000,0x0000,0x0000,
	0x0000,0x0000,0x0000,0x0000,0x0000,0x0000,0x0000,0x0000,
	0x0000,0x0000,0x0000,0x0000,0x0000,0x0000,0x0000,0x0000,
	0x0000,0x0000,0x0000,0x0000,0x0000,0x0000,0x0000,0x0000,

	0x0000,0x0000,0x0000,0x0000,0x0000,0x0000,0x0000,0x0000,
	0x0000,0x0000,0x0000,0x0000,0x0000,0x0000,0x0000,0x0000,
	0x0000,0x0000,0x0000,0x0000,0x0000,0x0000,0x0000,0x0000,
	0x0000,0x0000,0x0000,0x0000,0x0000,0x0000,0x0000,0x0000,
	0x0000,0x0000,0x0000,0x0000,0x0000,0x0000,0x0000,0x0000,
	0x0000,0x0000,0x0000,0x0000,0x0000,0x0000,0x0000,0x0000,
	0x0000,0x0000,0x0000,0x0000,0x0000,0x0000,0x0000,0x0000,
	0x0000,0x0000,0x0000,0x0000,0x0000,0x0000,0x0000,0x0000,

	0x0000,0x0000,0x0000,0x0000,0x0000,0x0000,0x0000,0x0000,
	0x0000,0x0000,0x0000,0x0000,0x0000,0x0000,0x0000,0x0000,
	0x0000,0x0000,0x0000,0x0000,0x0000,0x0000,0x0000,0x0000,
	0x0000,0x0000,0x0000,0x0000,0x0000,0x0000,0x0000,0x0000,
	0x0000,0x0000,0x0000,0x0000,0x0000,0x0000,0x0000,0x0000,
	0x0000,0x0000,0x0000,0x0000,0x0000,0x0000,0x0000,0x0000,
	0x0000,0x0000,0x0000,0x0000,0x0000,0x0000,0x0000,0x0000,
	0x0000,0x0000,0x0000,0x0000,0x0000,0x0000,0x0000,0x0000,

	0x0000,0x0000,0x0000,0x0000,0x0000,0x0000,0x0000,0x0000,
	0x0000,0x0000,0x0000,0x0000,0x0000,0x0000,0x0000,0x0000,
	0x0000,0x0000,0x0000,0x0000,0x0000,0x0000,0x0000,0x0000,
	0x0000,0x0000,0x0000,0x0000,0x0000,0x0000,0x0000,0x0000,
	0x0000,0x0000,0x0000,0x0000,0x0000,0x0000,0x0000,0x0000,
	0x0000,0x0000,0x0000,0x0000,0x0000,0x0000,0x0000,0x0000,
	0x0000,0x0000,0x0000,0x0000,0x0000,0x0000,0x0000,0x0000,
	0x0000,0x0000,0x0000,0x0000,0x0000,0x0000,0x0000,0x0000,

	0x0000,0x0000,0x0000,0x0000,0x0000,0x0000,0x0000,0x0000,
	0x0000,0x0000,0x0000,0x0000,0x0000,0x0000,0x0000,0x0000,
	0x0000,0x0000,0x0000,0x0000,0x0000,0x0000,0x0000,0x0000,
	0x0000,0x0000,0x0000,0x0000,0x0000,0x0000,0x0000,0x0000,
	0x0000,0x0000,0x0000,0x0000,0x0000,0x0000,0x0000,0x0000,
	0x0000,0x0000,0x0000,0x0000,0x0000,0x0000,0x0000,0x0000,
	0x0000,0x0000,0x0000,0x0000,0x0000,0x0000,0x0000,0x0000,
	0x0000,0x0000,0x0000,0x0000,0x0000,0x0000,0x0000,0x0000,

	0x0000,0x0000,0x0000,0x0000,0x0000,0x0000,0x0000,0x0000,
	0x0000,0x0000,0x0000,0x0000,0x0000,0x0000,0x0000,0x0000,
	0x0000,0x0000,0x0000,0x0000,0x0000,0x0000,0x0000,0x0000,
	0x0000,0x0000,0x0000,0x0000,0x0000,0x0000,0x0000,0x0000,
	0x0000,0x0000,0x0000,0x0000,0x0000,0x0000,0x0000,0x0000,
	0x0000,0x0000,0x0000,0x0000,0x0000,0x0000,0x0000,0x0000,
	0x0000,0x0000,0x0000,0x0000,0x0000,0x0000,0x0000,0x0000,
	0x0000,0x0000,0x0000,0x0000,0x0000,0x0000,0x0000,0x0000,

	0x0000,0x0000,0x0000,0x0000,0x0000,0x0000,0x0000,0x0000,
	0x0000,0x0000,0x0000,0x0000,0x0000,0x0000,0x0000,0x0000,
	0x0000,0x0000,0x0000,0x0000,0x0000,0x0000,0x0000,0x0000,
	0x0000,0x0000,0x0000,0x0000,0x0000,0x0000,0x0000,0x0000,
	0x0000,0x0000,0x0000,0x0000,0x0000,0x0000,0x0000,0x0000,
	0x0000,0x0000,0x0000,0x0000,0x0000,0x0000,0x0000,0x0000,
	0x0000,0x0000,0x0000,0x0000,0x0000,0x0000,0x0000,0x0000,
	0x0000,0x0000,0x0000,0x0000,0x0000,0x0000,0x0000,0x0000,

	0x0000,0x0000,0x0000,0x0000,0x0000,0x0000,0x0000,0x0000,
	0x0000,0x0000,0x0000,0x0000,0x0000,0x0000,0x0000,0x0000,
	0x0000,0x0000,0x0000,0x0000,0x0000,0x0000,0x0000,0x0000,
	0x0000,0x0000,0x0000,0x0000,0x0000,0x0000,0x0000,0x0000,
	0x0000,0x4400,0x0000,0x4400,0x0000,0x4400,0x0000,0x8400,
	0x0000,0x4500,0x0000,0x5000,0x0000,0x5400,0x0000,0x5500,
	0x8454,0xC228,0x5888,0x2884,0x8C28,0x2288,0x2288,0x8228,
	0x8884,0x8288,0x4444,0x5824,0x8425,0x4484,0x4254,0x2852,

	0x0448,0x0000,0x0482,0x0000,0x482C,0x0000,0x0882,0x0000,
	0x0442,0x0000,0x0458,0x0000,0x0044,0x0000,0x0085,0x0000,
	0x0000,0x0000,0x0000,0x0000,0x0000,0x0000,0x0000,0x0000,
	0x0000,0x0000,0x0000,0x0000,0x0000,0x0000,0x0000,0x0000,
	0x0000,0x4400,0x0000,0x4400,0x0000,0x4400,0x0000,0x8400,
	0x0000,0x4500,0x0000,0x5000,0x0000,0x5400,0x0000,0x5500,
	0x8454,0xC228,0x5888,0x2884,0x8C28,0x2288,0x2288,0x8228,
	0x8884,0x8288,0x4444,0x5824,0x8425,0x4484,0x4254,0x2852,

	0x0448,0x0000,0x0482,0x0000,0x482C,0x0000,0x0882,0x0000,
	0x0442,0x0000,0x0458,0x0000,0x0044,0x0000,0x0085,0x0000,
	0x0000,0x0000,0x0000,0x0000,0x0000,0x0000,0x0000,0x0000,
	0x0000,0x0000,0x0000,0x0000,0x0000,0x0000,0x0000,0x0000,
	0x2000,0x2842,0x6200,0x2887,0x7600,0x8442,0xC720,0x4569,
	0x9970,0x4449,0x9970,0x4469,0x9700,0x5879,0x9000,0x5779,
	0x5548,0x8445,0x842C,0x8452,0x8282,0x4488,0x4488,0x4444,
	0x4444,0x4555,0x5455,0x4555,0x5555,0x5555,0x5555,0x5555,

	0x4428,0x0000,0x4482,0x0002,0x4448,0x0002,0x4484,0x2022,
	0x4544,0x02C9,0xC455,0x2C99,0x2245,0x2CCC,0x2444,0xC222,
	0x0000,0x0000,0x0000,0x0000,0x0000,0x0000,0x0000,0x0000,
	0x0000,0x0000,0x0000,0x0000,0x0002,0x0000,0x2002,0x0000,
	0x0000,0x5444,0x0000,0x8844,0x0000,0x2844,0x0000,0x8884,
	0x0000,0x8445,0x0000,0x4450,0x0000,0x2554,0x0000,0x5455,
	0x2884,0x48C2,0x8458,0x8228,0x888C,0x2C22,0x2822,0x8282,
	0x8888,0x4282,0x2444,0x5858,0x8484,0x4444,0x5242,0x8528,

	0x0004,0x0000,0x0004,0x0000,0x0048,0x0000,0x0008,0x0000,
	0x0004,0x0000,0x0004,0x0000,0x0000,0x0000,0x0000,0x0000,
	0x0000,0x4800,0x0000,0x8400,0x0000,0x8400,0x0000,0x8800,
	0x0000,0x4400,0x0000,0x5400,0x0000,0x4400,0x0000,0x5000,
	0x4840,0x8444,0x8844,0x8455,0x8282,0x2855,0x48C2,0x8444,
	0x8828,0x8888,0x8284,0x2822,0x8445,0x4428,0x4555,0x5448,
	0x9644,0x0016,0x4644,0x0016,0x4448,0x0016,0x482C,0x0001,
	0x9482,0x0001,0x7548,0x0001,0x7454,0x0001,0x7555,0x0001,

	0x0000,0x0000,0x0000,0x0000,0x0000,0x0000,0x0000,0x0000,
	0x0000,0x0000,0x0000,0x0000,0x0000,0x0000,0x0000,0x0000,
	0x0000,0x0000,0x0000,0x0000,0x0000,0x0000,0x0000,0x0000,
	0x0000,0x0000,0x0000,0x0000,0x0000,0x0000,0x0000,0x0000,
	0x0000,0x0000,0x0000,0x0000,0x0000,0x0000,0x0000,0x0000,
	0x0000,0x0000,0x0000,0x0000,0x0000,0x0000,0x0000,0x0000,
	0x0000,0x0000,0x0000,0x0000,0x0000,0x0000,0x0000,0x0000,
	0x0000,0x0000,0x0000,0x0000,0x0000,0x0000,0x0000,0x0000,

	0x0000,0x0000,0x0000,0x0000,0x0000,0x0000,0x0000,0x0000,
	0x0000,0x0000,0x0000,0x0000,0x0000,0x0000,0x0000,0x0000,
	0x0000,0x0000,0x0000,0x0000,0x0000,0x0000,0x0000,0x0000,
	0x0000,0x0000,0x0000,0x0000,0x0000,0x0000,0x0000,0x0000,
	0x0000,0x0000,0x0000,0x0000,0x0000,0x0000,0x0000,0x0000,
	0x0000,0x0000,0x0000,0x0000,0x0000,0x0000,0x0000,0x0000,
	0x0000,0x0000,0x0000,0x0000,0x0000,0x0000,0x0000,0x0000,
	0x0000,0x0000,0x0000,0x0000,0x0000,0x0000,0x0000,0x0000,

	0x0000,0x0000,0x0000,0x0000,0x0000,0x0000,0x0000,0x0000,
	0x0000,0x0000,0x0000,0x0000,0x0000,0x0000,0x0000,0x0000,
	0x0000,0x0000,0x0000,0x0000,0x0000,0x0000,0x0000,0x0000,
	0x0000,0x0000,0x0000,0x0000,0x0000,0x0000,0x0000,0x0000,
	0x0000,0x0000,0x0000,0x0000,0x0000,0x0000,0x0000,0x0000,
	0x0000,0x0000,0x0000,0x0000,0x0000,0x0000,0x0000,0x0000,
	0x0000,0x0000,0x0000,0x0000,0x0000,0x0000,0x0000,0x0000,
	0x0000,0x0000,0x0000,0x0000,0x0000,0x0000,0x0000,0x0000,

	0x0000,0x0000,0x0000,0x0000,0x0000,0x0000,0x0000,0x0000,
	0x0000,0x0000,0x0000,0x0000,0x0000,0x0000,0x0000,0x0000,
	0x0000,0x0000,0x0000,0x0000,0x0000,0x0000,0x0000,0x0000,
	0x0000,0x0000,0x0000,0x0000,0x0000,0x0000,0x0000,0x0000,
	0x0000,0x0000,0x0000,0x0000,0x0000,0x0000,0x0000,0x0000,
	0x0000,0x0000,0x0000,0x0000,0x0000,0x0000,0x0000,0x0000,
	0x0000,0x0000,0x0000,0x0000,0x0000,0x0000,0x0000,0x0000,
	0x0000,0x0000,0x0000,0x0000,0x0000,0x0000,0x0000,0x0000,

	0x0000,0x0000,0x0000,0x0000,0x0000,0x0000,0x0000,0x0000,
	0x0000,0x0000,0x0000,0x0000,0x0000,0x0000,0x0000,0x0000,
	0x0000,0x0000,0x0000,0x0000,0x0000,0x0000,0x0000,0x0000,
	0x0000,0x0000,0x0000,0x0000,0x0000,0x0000,0x0000,0x0000,
	0x0000,0x0000,0x0000,0x0000,0x0000,0x0000,0x0000,0x0000,
	0x0000,0x0000,0x0000,0x0000,0x0000,0x0000,0x0000,0x0000,
	0x0000,0x0000,0x0000,0x0000,0x0000,0x0000,0x0000,0x0000,
	0x0000,0x0000,0x0000,0x0000,0x0000,0x0000,0x0000,0x0000,

	0x0000,0x0000,0x0000,0x0000,0x0000,0x0000,0x0000,0x0000,
	0x0000,0x0000,0x0000,0x0000,0x0000,0x0000,0x0000,0x0000,
	0x0000,0x0000,0x0000,0x0000,0x0000,0x0000,0x0000,0x0000,
	0x0000,0x0000,0x0000,0x0000,0x0000,0x0000,0x0000,0x0000,
	0x0000,0x0000,0x0000,0x0000,0x0000,0x0000,0x0000,0x0000,
	0x0000,0x0000,0x0000,0x0000,0x0000,0x0000,0x0000,0x0000,
	0x0000,0x0000,0x0000,0x0000,0x0000,0x0000,0x0000,0x0000,
	0x0000,0x0000,0x0000,0x0000,0x0000,0x0000,0x0000,0x0000,

	0x0000,0x0000,0x0000,0x0000,0x0000,0x0000,0x0000,0x0000,
	0x0000,0x0000,0x0000,0x0000,0x0000,0x0000,0x0000,0x0000,
	0x0000,0x0000,0x0000,0x0000,0x0000,0x0000,0x0000,0x0000,
	0x0000,0x0000,0x0000,0x0000,0x0000,0x0000,0x0000,0x0000,
	0x0000,0x0000,0x0000,0x0000,0x0000,0x0000,0x0000,0x0000,
	0x0000,0x0000,0x0000,0x0000,0x0000,0x0000,0x0000,0x0000,
	0x0000,0x0000,0x0000,0x0000,0x0000,0x0000,0x0000,0x0000,
	0x0000,0x0000,0x0000,0x0000,0x0000,0x0000,0x0000,0x0000,

	0x0000,0x0000,0x0000,0x0000,0x0000,0x0000,0x0000,0x0000,
	0x0000,0x0000,0x0000,0x0000,0x0000,0x0000,0x0000,0x0000,
	0x0000,0x0000,0x0000,0x0000,0x0000,0x0000,0x0000,0x0000,
	0x0000,0x0000,0x0000,0x0000,0x0000,0x0000,0x0000,0x0000,
	0x0000,0x0000,0x0000,0x0000,0x0000,0x0000,0x0000,0x0000,
	0x0000,0x0000,0x0000,0x0000,0x0000,0x0000,0x0000,0x0000,
	0x0000,0x0000,0x0000,0x0000,0x0000,0x0000,0x0000,0x0000,
	0x0000,0x0000,0x0000,0x0000,0x0000,0x0000,0x0000,0x0000,

	0x0000,0x4400,0x0000,0x1000,0x0000,0xA180,0x0000,0x3A20,
	0x0000,0xDD80,0x0000,0x0000,0x0000,0x0000,0x0000,0x0000,
	0x8845,0x9C1C,0x2855,0xCCCC,0x118A,0x8228,0xA11D,0x1A3A,
	0x3488,0xA394,0x2C28,0x8844,0x4284,0x4482,0x5541,0x5888,
	0x0481,0x0000,0x4482,0x0000,0x8844,0x0004,0x4440,0x0004,
	0x4400,0x0000,0x0144,0x0000,0x0628,0x0000,0x0188,0x0000,
	0x0000,0x0000,0x0000,0x0000,0x0000,0x0000,0x0000,0x0000,
	0x0000,0x0000,0x0000,0x0000,0x0000,0x0000,0x0000,0x0000,

	0x0000,0x4400,0x0000,0x1000,0x0000,0xA180,0x0000,0x3A20,
	0x0000,0xDD80,0x0000,0x0000,0x0000,0x0000,0x0000,0x0000,
	0x8845,0x9C1C,0x2855,0xCCCC,0x118A,0x8228,0xA11D,0x1A3A,
	0x3488,0xA394,0x2C28,0x8844,0x4284,0x4482,0x5541,0x5888,
	0x0481,0x0000,0x4482,0x0000,0x8844,0x0004,0x4440,0x0004,
	0x4400,0x0000,0x0144,0x0000,0x0628,0x0000,0x0188,0x0000,
	0x0000,0x0000,0x0000,0x0000,0x0000,0x0000,0x0000,0x0000,
	0x0000,0x0000,0x0000,0x0000,0x0000,0x0000,0x0000,0x0000,

	0x0000,0x7799,0x0000,0x7990,0x0000,0x9900,0x0000,0xA200,
	0x0000,0xD000,0x0000,0x0000,0x0000,0x0000,0x0000,0x0000,
	0x5554,0x5544,0x5441,0x4454,0x111A,0x11A4,0x1123,0x33AA,
	0x1488,0xA33A,0x142C,0x1AAA,0x5444,0x2D28,0x4888,0x1A15,
	0x1458,0x2200,0x1A15,0x0000,0x0851,0x0000,0x001A,0x0000,
	0x0041,0x0000,0x0048,0x0000,0x0014,0x0000,0x01A5,0x0000,
	0x002C,0x0002,0x0222,0x0002,0x0200,0x0000,0x0000,0x0000,
	0x0000,0x0000,0x0000,0x0000,0x0000,0x0000,0x0000,0x0000,

	0x0000,0x4544,0x0000,0x5510,0x0000,0xAA18,0x0000,0x43A2,
	0x0000,0x84D8,0x0000,0x2240,0x0000,0xC844,0x0000,0x8490,
	0x1C88,0x819C,0xCC28,0x82CC,0x2818,0x4482,0xAA14,0x11A3,
	0xA148,0x1A39,0x1182,0x4111,0x8448,0x12D2,0x1AA4,0xA311,
	0x0000,0x0000,0x0004,0x0000,0x0084,0x0000,0x0824,0x0000,
	0x0484,0x0000,0x0448,0x0000,0x0044,0x0000,0x0001,0x0000,
	0x0000,0x5400,0x0000,0x4400,0x0000,0x4000,0x0000,0x1800,
	0x0000,0xA200,0x0000,0xD000,0x0000,0x2000,0x0000,0xC200,

	0x5555,0x5544,0x5555,0x5555,0x5544,0x5555,0x5544,0x5555,
	0x545A,0x4415,0x411D,0x1115,0xAA14,0xAA33,0xA148,0x1AAA,
	0x4555,0x0001,0x4455,0x0055,0x8444,0x0054,0x8144,0x0058,
	0x2AA5,0x0005,0x52D1,0x0000,0x0041,0x0000,0x0041,0x0000,
	0x0000,0x0000,0x0000,0x0000,0x0000,0x0000,0x0000,0x0000,
	0x0000,0x0000,0x0000,0x0000,0x0000,0x0000,0x0000,0x0000,
	0x0000,0x0000,0x0000,0x0000,0x0000,0x0000,0x0000,0x0000,
	0x0000,0x0000,0x0000,0x0000,0x0000,0x0000,0x0000,0x0000,

	0x0000,0x0000,0x0000,0x0000,0x0000,0x0000,0x0000,0x0000,
	0x0000,0x0000,0x0000,0x0000,0x0000,0x0000,0x0000,0x0000,
	0x0000,0x0000,0x0000,0x0000,0x0000,0x0000,0x0000,0x0000,
	0x0000,0x0000,0x0000,0x0000,0x0000,0x0000,0x0000,0x0000,
	0x0000,0x0000,0x0000,0x0000,0x0000,0x0000,0x0000,0x0000,
	0x0000,0x0000,0x0000,0x0000,0x0000,0x0000,0x0000,0x0000,
	0x0000,0x0000,0x0000,0x0000,0x0000,0x0000,0x0000,0x0000,
	0x0000,0x0000,0x0000,0x0000,0x0000,0x0000,0x0000,0x0000,

	0x0000,0x0000,0x0000,0x0000,0x0000,0x0000,0x0000,0x0000,
	0x0000,0x0000,0x0000,0x0000,0x0000,0x0000,0x0000,0x0000,
	0x0000,0x0000,0x0000,0x0000,0x0000,0x0000,0x0000,0x0000,
	0x0000,0x0000,0x0000,0x0000,0x0000,0x0000,0x0000,0x0000,
	0x0000,0x0000,0x0000,0x0000,0x0000,0x0000,0x0000,0x0000,
	0x0000,0x0000,0x0000,0x0000,0x0000,0x0000,0x0000,0x0000,
	0x0000,0x0000,0x0000,0x0000,0x0000,0x0000,0x0000,0x0000,
	0x0000,0x0000,0x0000,0x0000,0x0000,0x0000,0x0000,0x0000,

	0x0000,0x0000,0x0000,0x0000,0x0000,0x0000,0x0000,0x0000,
	0x0000,0x0000,0x0000,0x0000,0x0000,0x0000,0x0000,0x0000,
	0x0000,0x0000,0x0000,0x0000,0x0000,0x0000,0x0000,0x0000,
	0x0000,0x0000,0x0000,0x0000,0x0000,0x0000,0x0000,0x0000,
	0x0000,0x0000,0x0000,0x0000,0x0000,0x0000,0x0000,0x0000,
	0x0000,0x0000,0x0000,0x0000,0x0000,0x0000,0x0000,0x0000,
	0x0000,0x0000,0x0000,0x0000,0x0000,0x0000,0x0000,0x0000,
	0x0000,0x0000,0x0000,0x0000,0x0000,0x0000,0x0000,0x0000,

	0x0000,0x0000,0x0000,0x0000,0x0000,0x0000,0x0000,0x0000,
	0x0000,0x0000,0x0000,0x0000,0x0000,0x0000,0x0000,0x0000,
	0x0000,0x0000,0x0000,0x0000,0x0000,0x0000,0x0000,0x0000,
	0x0000,0x0000,0x0000,0x0000,0x0000,0x0000,0x0000,0x0000,
	0x0000,0x0000,0x0000,0x0000,0x0000,0x0000,0x0000,0x0000,
	0x0000,0x0000,0x0000,0x0000,0x0000,0x0000,0x0000,0x0000,
	0x0000,0x0000,0x0000,0x0000,0x0000,0x0000,0x0000,0x0000,
	0x0000,0x0000,0x0000,0x0000,0x0000,0x0000,0x0000,0x0000,

	0x0000,0x0000,0x0000,0x0000,0x0000,0x0000,0x0000,0x0000,
	0x0000,0x0000,0x0000,0x0000,0x0000,0x0000,0x0000,0x0000,
	0x0000,0x0000,0x0000,0x0000,0x0000,0x0000,0x0000,0x0000,
	0x0000,0x0000,0x0000,0x0000,0x0000,0x0000,0x0000,0x0000,
	0x0000,0x0000,0x0000,0x0000,0x0000,0x0000,0x0000,0x0000,
	0x0000,0x0000,0x0000,0x0000,0x0000,0x0000,0x0000,0x0000,
	0x0000,0x0000,0x0000,0x0000,0x0000,0x0000,0x0000,0x0000,
	0x0000,0x0000,0x0000,0x0000,0x0000,0x0000,0x0000,0x0000,

	0x0000,0x0000,0x0000,0x0000,0x0000,0x0000,0x0000,0x0000,
	0x0000,0x0000,0x0000,0x0000,0x0000,0x0000,0x0000,0x0000,
	0x0000,0x0000,0x0000,0x0000,0x0000,0x0000,0x0000,0x0000,
	0x0000,0x0000,0x0000,0x0000,0x0000,0x0000,0x0000,0x0000,
	0x0000,0x0000,0x0000,0x0000,0x0000,0x0000,0x0000,0x0000,
	0x0000,0x0000,0x0000,0x0000,0x0000,0x0000,0x0000,0x0000,
	0x0000,0x0000,0x0000,0x0000,0x0000,0x0000,0x0000,0x0000,
	0x0000,0x0000,0x0000,0x0000,0x0000,0x0000,0x0000,0x0000,

	0x0000,0x0000,0x0000,0x0000,0x0000,0x0000,0x0000,0x0000,
	0x0000,0x0000,0x0000,0x0000,0x0000,0x0000,0x0000,0x0000,
	0x0000,0x0000,0x0000,0x0000,0x0000,0x0000,0x0000,0x0000,
	0x0000,0x0000,0x0000,0x0000,0x0000,0x0000,0x0000,0x0000,
	0x0000,0x0000,0x0000,0x0000,0x0000,0x0000,0x0000,0x0000,
	0x0000,0x0000,0x0000,0x0000,0x0000,0x0000,0x0000,0x0000,
	0x0000,0x0000,0x0000,0x0000,0x0000,0x0000,0x0000,0x0000,
	0x0000,0x0000,0x0000,0x0000,0x0000,0x0000,0x0000,0x0000,

	0x0000,0x0000,0x0000,0x0000,0x0000,0x0000,0x0000,0x0000,
	0x0000,0x0000,0x0000,0x0000,0x0000,0x0000,0x0000,0x0000,
	0x0000,0x0000,0x0000,0x0000,0x0000,0x0000,0x0000,0x0000,
	0x0000,0x0000,0x0000,0x0000,0x0000,0x0000,0x0000,0x0000,
	0x0000,0x1000,0x0000,0xA100,0x0000,0x3100,0x0000,0x1100,
	0x0000,0x4450,0x0000,0x4550,0x0000,0x5500,0x0000,0x0000,
	0xB41A,0x4555,0x4453,0x68AB,0xA181,0x4413,0x1464,0xB441,
	0x544B,0x4445,0x54B4,0x4455,0x5555,0x5555,0x5555,0x5555,

	0x0718,0x0000,0x7614,0x0000,0x6614,0x0007,0x611E,0x0676,
	0x141B,0x6966,0x0544,0x9661,0x0055,0x7610,0x0000,0x6100,
	0x0000,0x0000,0x0000,0x0000,0x0000,0x0000,0x0000,0x0000,
	0x0000,0x0000,0x0006,0x0000,0x0009,0x0000,0x0007,0x0000,
	0x0200,0x1000,0x0000,0xA100,0x0200,0x3120,0x0000,0x12C2,
	0x0000,0x2C22,0x0000,0x2220,0x0000,0xC200,0x0000,0x0000,
	0xB41A,0x4555,0x4453,0x68AB,0xA181,0x4413,0x1464,0xB441,
	0x544B,0x4445,0x222C,0x4455,0x999C,0x22CC,0x99C2,0x9999,

	0x0718,0x0000,0x7614,0x0000,0x9614,0x0067,0x911E,0x0699,
	0x741B,0x6979,0x2244,0x979C,0xCC22,0x7999,0x99CC,0x2799,
	0x0000,0x0000,0x0000,0x0000,0x0000,0x0000,0x0000,0x0000,
	0x0000,0x0000,0x0000,0x0000,0x0000,0x0000,0x0000,0x0000,
	0x0000,0x0000,0x0000,0xB000,0x0000,0xEBB0,0x0000,0xEFB0,
	0x0000,0xB440,0x0000,0x5500,0x0000,0x5000,0x0000,0x0000,
	0x4824,0xA315,0x5444,0xA314,0x8553,0xAA14,0x44B1,0x1155,
	0x44BB,0x5555,0x5444,0x5555,0x5555,0x5555,0x5550,0x5555,

	0x0144,0x0000,0xB661,0x0000,0xBB41,0x000B,0xEBB4,0x0004,
	0xBB44,0x0004,0x4455,0x0005,0x0555,0x0000,0x0005,0x0000,
	0x0000,0x0000,0x0000,0x0000,0x0000,0x0000,0x0000,0x0000,
	0x0000,0x0000,0x0000,0x0000,0x0000,0x0000,0x0000,0x0000,
	0x0000,0x9610,0x0000,0x6610,0x0000,0x7610,0x0000,0x7710,
	0x0000,0x9910,0x0000,0x9715,0x0000,0x7615,0x0000,0x6150,
	0x13A1,0x3144,0x1311,0xA148,0x8141,0x1442,0x8441,0x8448,
	0x7766,0x4554,0xBEB6,0x454B,0xEEB6,0x554B,0x44B1,0x5554,

	0x001A,0x0000,0x0013,0x0000,0x0011,0x0000,0xBBB6,0x000B,
	0xEEEB,0x000B,0xBBBB,0x000B,0x4444,0x0000,0x0555,0x0000,
	0x0000,0x8840,0x0000,0x4424,0x0000,0x5584,0x0000,0x0550,
	0x0000,0x0000,0x0000,0x5000,0x0000,0x5500,0x0000,0x5500,
	0x2844,0x82DD,0x5454,0x1511,0x1410,0x41AA,0x1864,0x81A3,
	0x4444,0x84A3,0x4BB4,0x841A,0x4445,0x6B45,0x5555,0xBB45,
	0x0044,0x0000,0x0013,0x0000,0x01A1,0x0000,0x0A18,0x0000,
	0x0008,0x0000,0x0556,0x0000,0x5544,0x0000,0x5544,0x0000,

	0x0000,0x0000,0x0000,0x0000,0x0000,0x0000,0x0000,0x0000,
	0x0000,0x0000,0x0000,0x0000,0x0000,0x0000,0x0000,0x0000,
	0x0000,0x0000,0x0000,0x0000,0x0000,0x0000,0x0000,0x0000,
	0x0000,0x0000,0x0000,0x0000,0x0000,0x0000,0x0000,0x0000,
	0x0000,0x0000,0x0000,0x0000,0x0000,0x0000,0x0000,0x0000,
	0x0000,0x0000,0x0000,0x0000,0x0000,0x0000,0x0000,0x0000,
	0x0000,0x0000,0x0000,0x0000,0x0000,0x0000,0x0000,0x0000,
	0x0000,0x0000,0x0000,0x0000,0x0000,0x0000,0x0000,0x0000,

	0x0000,0x0000,0x0000,0x0000,0x0000,0x0000,0x0000,0x0000,
	0x0000,0x0000,0x0000,0x0000,0x0000,0x0000,0x0000,0x0000,
	0x0000,0x0000,0x0000,0x0000,0x0000,0x0000,0x0000,0x0000,
	0x0000,0x0000,0x0000,0x0000,0x0000,0x0000,0x0000,0x0000,
	0x0000,0x0000,0x0000,0x0000,0x0000,0x0000,0x0000,0x0000,
	0x0000,0x0000,0x0000,0x0000,0x0000,0x0000,0x0000,0x0000,
	0x0000,0x0000,0x0000,0x0000,0x0000,0x0000,0x0000,0x0000,
	0x0000,0x0000,0x0000,0x0000,0x0000,0x0000,0x0000,0x0000,

	0x0000,0x0000,0x0000,0x0000,0x0000,0x0000,0x0000,0x0000,
	0x0000,0x0000,0x0000,0x0000,0x0000,0x0000,0x0000,0x0000,
	0x0000,0x0000,0x0000,0x0000,0x0000,0x0000,0x0000,0x0000,
	0x0000,0x0000,0x0000,0x0000,0x0000,0x0000,0x0000,0x0000,
	0x0000,0x0000,0x0000,0x0000,0x0000,0x0000,0x0000,0x0000,
	0x0000,0x0000,0x0000,0x0000,0x0000,0x0000,0x0000,0x0000,
	0x0000,0x0000,0x0000,0x0000,0x0000,0x0000,0x0000,0x0000,
	0x0000,0x0000,0x0000,0x0000,0x0000,0x0000,0x0000,0x0000,

	0x0000,0x0000,0x0000,0x0000,0x0000,0x0000,0x0000,0x0000,
	0x0000,0x0000,0x0000,0x0000,0x0000,0x0000,0x0000,0x0000,
	0x0000,0x0000,0x0000,0x0000,0x0000,0x0000,0x0000,0x0000,
	0x0000,0x0000,0x0000,0x0000,0x0000,0x0000,0x0000,0x0000,
	0x0000,0x0000,0x0000,0x0000,0x0000,0x0000,0x0000,0x0000,
	0x0000,0x0000,0x0000,0x0000,0x0000,0x0000,0x0000,0x0000,
	0x0000,0x0000,0x0000,0x0000,0x0000,0x0000,0x0000,0x0000,
	0x0000,0x0000,0x0000,0x0000,0x0000,0x0000,0x0000,0x0000,

	0x0000,0x0000,0x0000,0x0000,0x0000,0x0000,0x0000,0x0000,
	0x0000,0x0000,0x0000,0x0000,0x0000,0x0000,0x0000,0x0000,
	0x0000,0x0000,0x0000,0x0000,0x0000,0x0000,0x0000,0x0000,
	0x0000,0x0000,0x0000,0x0000,0x0000,0x0000,0x0000,0x0000,
	0x0000,0x0000,0x0000,0x0000,0x0000,0x0000,0x0000,0x0000,
	0x0000,0x0000,0x0000,0x0000,0x0000,0x0000,0x0000,0x0000,
	0x0000,0x0000,0x0000,0x0000,0x0000,0x0000,0x0000,0x0000,
	0x0000,0x0000,0x0000,0x0000,0x0000,0x0000,0x0000,0x0000,

	0x0000,0x0000,0x0000,0x0000,0x0000,0x0000,0x0000,0x0000,
	0x0000,0x0000,0x0000,0x0000,0x0000,0x0000,0x0000,0x0000,
	0x0000,0x0000,0x0000,0x0000,0x0000,0x0000,0x0000,0x0000,
	0x0000,0x0000,0x0000,0x0000,0x0000,0x0000,0x0000,0x0000,
	0x0000,0x0000,0x0000,0x0000,0x0000,0x0000,0x0000,0x0000,
	0x0000,0x0000,0x0000,0x0000,0x0000,0x0000,0x0000,0x0000,
	0x0000,0x0000,0x0000,0x0000,0x0000,0x0000,0x0000,0x0000,
	0x0000,0x0000,0x0000,0x0000,0x0000,0x0000,0x0000,0x0000,

	0x0000,0x0000,0x0000,0x0000,0x0000,0x0000,0x0000,0x0000,
	0x0000,0x0000,0x0000,0x0000,0x0000,0x0000,0x0000,0x0000,
	0x0000,0x0000,0x0000,0x0000,0x0000,0x0000,0x0000,0x0000,
	0x0000,0x0000,0x0000,0x0000,0x0000,0x0000,0x0000,0x0000,
	0x0000,0x0000,0x0000,0x0000,0x0000,0x0000,0x0000,0x0000,
	0x0000,0x0000,0x0000,0x0000,0x0000,0x0000,0x0000,0x0000,
	0x0000,0x0000,0x0000,0x0000,0x0000,0x0000,0x0000,0x0000,
	0x0000,0x0000,0x0000,0x0000,0x0000,0x0000,0x0000,0x0000,

	0x0000,0x0000,0x0000,0x0000,0x0000,0x0000,0x0000,0x0000,
	0x0000,0x0000,0x0000,0x0000,0x0000,0x0000,0x0000,0x0000,
	0x0000,0x0000,0x0000,0x0000,0x0000,0x0000,0x0000,0x0000,
	0x0000,0x0000,0x0000,0x0000,0x0000,0x0000,0x0000,0x0000,
	0x0000,0x0000,0x0000,0x0000,0x0000,0x0000,0x0000,0x0000,
	0x0000,0x0000,0x0000,0x0000,0x0000,0x0000,0x0000,0x0000,
	0x0000,0x0000,0x0000,0x0000,0x0000,0x0000,0x0000,0x0000,
	0x0000,0x0000,0x0000,0x0000,0x0000,0x0000,0x0000,0x0000,

	0x0000,0x0000,0x0000,0x0000,0x0000,0x0000,0x0000,0x0000,
	0x0000,0x0000,0x0000,0x0000,0x0000,0x0480,0x0000,0x4840,
	0x0000,0x0000,0x0000,0x0000,0x0000,0x0000,0x0000,0x0000,
	0x4400,0x4440,0x4440,0x4288,0x8484,0x4822,0x4424,0x2244,
	0x0000,0x1000,0x0000,0x0000,0x0000,0x0000,0x0000,0x0000,
	0x0000,0x0000,0x0000,0x0000,0x0444,0x0000,0x0048,0x0000,
	0x0001,0x0000,0x0000,0x0000,0x0000,0x0000,0x0000,0x0000,
	0x0000,0x0000,0x0000,0x0000,0x0000,0x0000,0x0000,0x0000,

	0x0000,0x0000,0x0000,0x0000,0x0000,0x0000,0x0000,0x0000,
	0x0000,0x4400,0x0000,0x8444,0x0000,0x5544,0x4400,0x4844,
	0xC200,0x999C,0x0000,0xCC20,0x0000,0x0000,0x0000,0x0000,
	0x0004,0x0004,0x4448,0x0048,0x8284,0x0082,0x8445,0x4448,
	0x9999,0x0279,0x77CC,0x0027,0x0000,0x0000,0x0000,0x0000,
	0x0000,0x0000,0x0000,0x0000,0x0000,0x0000,0x0000,0x0000,
	0x0000,0x0000,0x0000,0x0000,0x0000,0x0000,0x0000,0x0000,
	0x0000,0x0000,0x0000,0x0000,0x0000,0x0000,0x0000,0x0000,

	0x0000,0x0000,0x0000,0x0000,0x0000,0x0000,0x0000,0x0000,
	0x0000,0x0000,0x0000,0x0000,0x0000,0x0000,0x0000,0x0000,
	0x0000,0x0000,0x0000,0x0000,0x0000,0x0000,0x0000,0x0000,
	0x0000,0x0040,0x0000,0x4484,0x0000,0x2828,0x4400,0x4884,
	0x0000,0x0000,0x0000,0x0000,0x0000,0x0000,0x0000,0x0000,
	0x4440,0x0000,0x4884,0x0044,0x5548,0x0044,0x8454,0x4444,
	0x0000,0x0000,0x0000,0x0000,0x0000,0x0000,0x0000,0x0000,
	0x0000,0x0000,0x0000,0x0000,0x0000,0x0000,0x0000,0x0000,

	0x0000,0x1000,0x0000,0x0000,0x0000,0x0000,0x0000,0x0000,
	0x0000,0x0000,0x0000,0x0000,0x0000,0x0000,0x0000,0x0000,
	0x0000,0x0000,0x0000,0x0000,0x0000,0x0000,0x0000,0x0000,
	0x0000,0x0000,0x0000,0x0000,0x0000,0x0000,0x0000,0x0000,
	0x0000,0x0000,0x0000,0x0000,0x0000,0x0000,0x0000,0x0000,
	0x0000,0x0000,0x0000,0x0000,0x0000,0x0000,0x0000,0x0000,
	0x0000,0x5000,0x0000,0x0000,0x0000,0x0000,0x0000,0x0000,
	0x0000,0x0000,0x0000,0x0000,0x0000,0x0000,0x0000,0x0000,

	0x5555,0xBE45,0x5550,0xBE45,0x0000,0x4440,0x0000,0x0000,
	0x0000,0x0000,0x0000,0x0000,0x0000,0x0040,0x0000,0x4484,
	0x054B,0x0000,0x0054,0x0000,0x0004,0x0000,0x0000,0x0000,
	0x0000,0x0000,0x0000,0x0000,0x4440,0x0000,0x4884,0x0044,
	0x0000,0x0000,0x0000,0x0000,0x0000,0x0000,0x0000,0x0000,
	0x0000,0x0000,0x0000,0x0000,0x0000,0x0000,0x0000,0x0000,
	0x0000,0x0000,0x0000,0x0000,0x0000,0x0000,0x0000,0x0000,
	0x0000,0x0000,0x0000,0x0000,0x0000,0x0000,0x0000,0x0000,

	0x0000,0x0000,0x0000,0x0000,0x0000,0x0000,0x0000,0x0000,
	0x0000,0x0000,0x0000,0x0000,0x0000,0x0000,0x0000,0x0000,
	0x0000,0x0000,0x0000,0x0000,0x0000,0x0000,0x0000,0x0000,
	0x0000,0x0000,0x0000,0x0000,0x0000,0x0000,0x0000,0x0000,
	0x0000,0x0000,0x0000,0x0000,0x0000,0x0000,0x0000,0x0000,
	0x0000,0x0000,0x0000,0x0000,0x0000,0x0000,0x0000,0x0000,
	0x0000,0x0000,0x0000,0x0000,0x0000,0x0000,0x0000,0x0000,
	0x0000,0x0000,0x0000,0x0000,0x0000,0x0000,0x0000,0x0000,

	0x0000,0x0000,0x0000,0x0000,0x0000,0x0000,0x0000,0x0000,
	0x0000,0x0000,0x0000,0x0000,0x0000,0x0000,0x0000,0x0000,
	0x0000,0x0000,0x0000,0x0000,0x0000,0x0000,0x0000,0x0000,
	0x0000,0x0000,0x0000,0x0000,0x0000,0x0000,0x0000,0x0000,
	0x0000,0x0000,0x0000,0x0000,0x0000,0x0000,0x0000,0x0000,
	0x0000,0x0000,0x0000,0x0000,0x0000,0x0000,0x0000,0x0000,
	0x0000,0x0000,0x0000,0x0000,0x0000,0x0000,0x0000,0x0000,
	0x0000,0x0000,0x0000,0x0000,0x0000,0x0000,0x0000,0x0000,

	0x0000,0x0000,0x0000,0x0000,0x0000,0x0000,0x0000,0x0000,
	0x0000,0x0000,0x0000,0x0000,0x0000,0x0000,0x0000,0x0000,
	0x0000,0x0000,0x0000,0x0000,0x0000,0x0000,0x0000,0x0000,
	0x0000,0x0000,0x0000,0x0000,0x0000,0x0000,0x0000,0x0000,
	0x0000,0x0000,0x0000,0x0000,0x0000,0x0000,0x0000,0x0000,
	0x0000,0x0000,0x0000,0x0000,0x0000,0x0000,0x0000,0x0000,
	0x0000,0x0000,0x0000,0x0000,0x0000,0x0000,0x0000,0x0000,
	0x0000,0x0000,0x0000,0x0000,0x0000,0x0000,0x0000,0x0000,

	0x0000,0x0000,0x0000,0x0000,0x0000,0x0000,0x0000,0x0000,
	0x0000,0x0000,0x0000,0x0000,0x0000,0x0000,0x0000,0x0000,
	0x0000,0x0000,0x0000,0x0000,0x0000,0x0000,0x0000,0x0000,
	0x0000,0x0000,0x0000,0x0000,0x0000,0x0000,0x0000,0x0000,
	0x0000,0x0000,0x0000,0x0000,0x0000,0x0000,0x0000,0x0000,
	0x0000,0x0000,0x0000,0x0000,0x0000,0x0000,0x0000,0x0000,
	0x0000,0x0000,0x0000,0x0000,0x0000,0x0000,0x0000,0x0000,
	0x0000,0x0000,0x0000,0x0000,0x0000,0x0000,0x0000,0x0000,

	0x0000,0x0000,0x0000,0x0000,0x0000,0x0000,0x0000,0x0000,
	0x0000,0x0000,0x0000,0x0000,0x0000,0x0000,0x0000,0x0000,
	0x0000,0x0000,0x0000,0x0000,0x0000,0x0000,0x0000,0x0000,
	0x0000,0x0000,0x0000,0x0000,0x0000,0x0000,0x0000,0x0000,
	0x0000,0x0000,0x0000,0x0000,0x0000,0x0000,0x0000,0x0000,
	0x0000,0x0000,0x0000,0x0000,0x0000,0x0000,0x0000,0x0000,
	0x0000,0x0000,0x0000,0x0000,0x0000,0x0000,0x0000,0x0000,
	0x0000,0x0000,0x0000,0x0000,0x0000,0x0000,0x0000,0x0000,

	0x0000,0x0000,0x0000,0x0000,0x0000,0x0000,0x0000,0x0000,
	0x0000,0x0000,0x0000,0x0000,0x0000,0x0000,0x0000,0x0000,
	0x0000,0x0000,0x0000,0x0000,0x0000,0x0000,0x0000,0x0000,
	0x0000,0x0000,0x0000,0x0000,0x0000,0x0000,0x0000,0x0000,
	0x0000,0x0000,0x0000,0x0000,0x0000,0x0000,0x0000,0x0000,
	0x0000,0x0000,0x0000,0x0000,0x0000,0x0000,0x0000,0x0000,
	0x0000,0x0000,0x0000,0x0000,0x0000,0x0000,0x0000,0x0000,
	0x0000,0x0000,0x0000,0x0000,0x0000,0x0000,0x0000,0x0000,

	0x0000,0x0000,0x0000,0x0000,0x0000,0x0000,0x0000,0x0000,
	0x0000,0x0000,0x0000,0x0000,0x0000,0x0000,0x0000,0x0000,
	0x0000,0x0000,0x0000,0x0000,0x0000,0x0000,0x0000,0x0000,
	0x0000,0x0000,0x0000,0x0000,0x0000,0x0000,0x0000,0x0000,
	0x0000,0x0000,0x0000,0x0000,0x0000,0x0000,0x0000,0x0000,
	0x0000,0x0000,0x0000,0x0000,0x0000,0x0000,0x0000,0x0000,
	0x0000,0x0000,0x0000,0x0000,0x0000,0x0000,0x0000,0x0000,
	0x0000,0x0000,0x0000,0x0000,0x0000,0x0000,0x0000,0x0000,

	0x0000,0x0000,0x0000,0x0000,0x0000,0x0000,0x0000,0x0000,
	0x0000,0x0000,0x0000,0x0000,0x0000,0x0000,0x0000,0x0000,
	0x0000,0x0000,0x0000,0x0000,0x0000,0x0000,0x0000,0x0000,
	0x0000,0x0000,0x0000,0x0000,0x0000,0x0000,0x0000,0x0000,
	0x9900,0x2840,0x6700,0x2887,0x6600,0x8446,0x6100,0x4566,
	0x1000,0x4446,0x0000,0x4461,0x0000,0x5810,0x0000,0x5400,
	0x5548,0x8445,0x842C,0x8452,0x8282,0x4488,0x4488,0x4444,
	0x4444,0x4555,0x5455,0x4555,0x5555,0x5555,0x5555,0x5555,

	0x4428,0x0000,0x4482,0x0000,0x4448,0x0000,0x4484,0x0000,
	0x4544,0x0000,0x0455,0x0000,0x0045,0x0000,0x0444,0x0000,
	0x0000,0x0000,0x0000,0x0000,0x0000,0x0000,0x0000,0x0000,
	0x0000,0x0000,0x0000,0x0000,0x0000,0x0000,0x0000,0x0000,
	0x4400,0x8288,0x4400,0xC284,0x5400,0x8445,0x5400,0x5555,
	0x4000,0x5555,0x4000,0x4555,0x5400,0x8555,0x4000,0x2855,
	0x2844,0x4888,0x8482,0x422C,0x82C2,0x4482,0x2884,0x0424,
	0x8455,0x4884,0x4885,0x4455,0x2444,0x0058,0xC524,0x0008,

	0x0000,0x0000,0x0000,0x0000,0x0000,0x0000,0x0000,0x0000,
	0x0000,0x0000,0x0000,0x0000,0x0000,0x0000,0x0000,0x0000,
	0x0000,0x0000,0x0000,0x0000,0x0000,0x0000,0x0000,0x0000,
	0x0000,0x0000,0x0000,0x0000,0x0000,0x0000,0x0000,0x2000,
	0x0000,0x0000,0x0000,0x0000,0x0000,0x0000,0x0000,0x2222,
	0x2200,0xCCCC,0xCC20,0x2CCC,0x9CC2,0x222C,0xC9CC,0x0022,
	0x8400,0x8288,0x2400,0x48C2,0x4422,0x2828,0x422C,0x8242,
	0x84C2,0x4848,0x4422,0x8455,0x0200,0x4285,0x0000,0x5C80,

	0x2844,0x4488,0x2C28,0x4448,0x482C,0x4554,0x5548,0x4555,
	0x5555,0x0455,0x5458,0x0455,0x5844,0x4555,0x8242,0x0455,
	0x0000,0x0000,0x0000,0x0000,0x0000,0x0000,0x0000,0x0000,
	0x0000,0x0000,0x0000,0x0000,0x0000,0x0000,0x0000,0x0000,
	0x0000,0x0000,0x0000,0x0000,0x0000,0x0000,0x0000,0x0000,
	0x0000,0x0000,0x0000,0x0000,0x0000,0x0000,0x0000,0x0000,
	0x0000,0x0000,0x0000,0x0000,0x0000,0x0000,0x0000,0x0000,
	0x0000,0x0000,0x0000,0x0000,0x0000,0x0000,0x0000,0x0000,

	0x0000,0x0000,0x0000,0x0000,0x0000,0x0000,0x0000,0x0000,
	0x0000,0x0000,0x0000,0x0000,0x0000,0x0000,0x0000,0x0000,
	0x0000,0x0000,0x0000,0x0000,0x0000,0x0000,0x0000,0x0000,
	0x0000,0x0000,0x0000,0x0000,0x0000,0x0000,0x0000,0x0000,
	0x0000,0x2828,0x4400,0x4884,0x8400,0x8288,0x2400,0x48C2,
	0x4400,0x2828,0x4000,0x8242,0x8400,0x4848,0x4400,0x8455,
	0x5548,0x0044,0x8454,0x4444,0x2844,0x4488,0x2C28,0x4448,
	0x482C,0x4554,0x5548,0x4555,0x5555,0x0455,0x5458,0x0455,

	0x0000,0x0000,0x0000,0x0000,0x0000,0x0000,0x0000,0x0000,
	0x0000,0x0000,0x0000,0x0000,0x0000,0x0000,0x0000,0x0000,
	0x0000,0x0000,0x0000,0x0000,0x0000,0x0000,0x0000,0x0000,
	0x0000,0x0000,0x0000,0x0000,0x0000,0x0000,0x0000,0x0000,
	0x0000,0x0000,0x0000,0x0000,0x0000,0x0000,0x0000,0x0000,
	0x0000,0x0000,0x0000,0x0000,0x0000,0x0000,0x0000,0x0000,
	0x0000,0x0000,0x0000,0x0000,0x0000,0x0000,0x0000,0x0000,
	0x0000,0x0000,0x0000,0x0000,0x0000,0x0000,0x0000,0x0000,

	0x0000,0x0000,0x0000,0x0000,0x0000,0x0000,0x0000,0x0000,
	0x0000,0x0000,0x0000,0x0000,0x0000,0x0000,0x0000,0x0000,
	0x0000,0x0000,0x0000,0x0000,0x0000,0x0000,0x0000,0x0000,
	0x0000,0x0000,0x0000,0x0000,0x0000,0x0000,0x0000,0x0000,
	0x0000,0x0000,0x0000,0x0000,0x0000,0x0000,0x0000,0x0000,
	0x0000,0x0000,0x0000,0x0000,0x0000,0x0000,0x0000,0x0000,
	0x0000,0x0000,0x0000,0x0000,0x0000,0x0000,0x0000,0x0000,
	0x0000,0x0000,0x0000,0x0000,0x0000,0x0000,0x0000,0x0000,

	0x0000,0x0000,0x0000,0x0000,0x0000,0x0000,0x0000,0x0000,
	0x0000,0x0000,0x0000,0x0000,0x0000,0x0000,0x0000,0x0000,
	0x0000,0x0000,0x0000,0x0000,0x0000,0x0000,0x0000,0x0000,
	0x0000,0x0000,0x0000,0x0000,0x0000,0x0000,0x0000,0x0000,
	0x0000,0x0000,0x0000,0x0000,0x0000,0x0000,0x0000,0x0000,
	0x0000,0x0000,0x0000,0x0000,0x0000,0x0000,0x0000,0x0000,
	0x0000,0x0000,0x0000,0x0000,0x0000,0x0000,0x0000,0x0000,
	0x0000,0x0000,0x0000,0x0000,0x0000,0x0000,0x0000,0x0000,

	0x0000,0x0000,0x0000,0x0000,0x0000,0x0000,0x0000,0x0000,
	0x0000,0x0000,0x0000,0x0000,0x0000,0x0000,0x0000,0x0000,
	0x0000,0x0000,0x0000,0x0000,0x0000,0x0000,0x0000,0x0000,
	0x0000,0x0000,0x0000,0x0000,0x0000,0x0000,0x0000,0x0000,
	0x0000,0x0000,0x0000,0x0000,0x0000,0x0000,0x0000,0x0000,
	0x0000,0x0000,0x0000,0x0000,0x0000,0x0000,0x0000,0x0000,
	0x0000,0x0000,0x0000,0x0000,0x0000,0x0000,0x0000,0x0000,
	0x0000,0x0000,0x0000,0x0000,0x0000,0x0000,0x0000,0x0000,

	0x0000,0x0000,0x0000,0x0000,0x0000,0x0000,0x0000,0x0000,
	0x0000,0x0000,0x0000,0x0000,0x0000,0x0000,0x0000,0x0000,
	0x0000,0x0000,0x0000,0x0000,0x0000,0x0000,0x0000,0x0000,
	0x0000,0x0000,0x0000,0x0000,0x0000,0x0000,0x0000,0x0000,
	0x0000,0x0000,0x0000,0x0000,0x0000,0x0000,0x0000,0x0000,
	0x0000,0x0000,0x0000,0x0000,0x0000,0x0000,0x0000,0x0000,
	0x0000,0x0000,0x0000,0x0000,0x0000,0x0000,0x0000,0x0000,
	0x0000,0x0000,0x0000,0x0000,0x0000,0x0000,0x0000,0x0000,

	0x0000,0x0000,0x0000,0x0000,0x0000,0x0000,0x0000,0x0000,
	0x0000,0x0000,0x0000,0x0000,0x0000,0x0000,0x0000,0x0000,
	0x0000,0x0000,0x0000,0x0000,0x0000,0x0000,0x0000,0x0000,
	0x0000,0x0000,0x0000,0x0000,0x0000,0x0000,0x0000,0x0000,
	0x0000,0x0000,0x0000,0x0000,0x0000,0x0000,0x0000,0x0000,
	0x0000,0x0000,0x0000,0x0000,0x0000,0x0000,0x0000,0x0000,
	0x0000,0x0000,0x0000,0x0000,0x0000,0x0000,0x0000,0x0000,
	0x0000,0x0000,0x0000,0x0000,0x0000,0x0000,0x0000,0x0000,

	0x0000,0x0000,0x0000,0x0000,0x0000,0x0000,0x0000,0x0000,
	0x0000,0x0000,0x0000,0x0000,0x0000,0x0000,0x0000,0x0000,
	0x0000,0x0000,0x0000,0x0000,0x0000,0x0000,0x0000,0x0000,
	0x0000,0x0000,0x0000,0x0000,0x0000,0x0000,0x0000,0x0000,
	0x0000,0x0000,0x0000,0x0000,0x0000,0x0000,0x0000,0x0000,
	0x0000,0x0000,0x0000,0x0000,0x0000,0x0000,0x0000,0x0000,
	0x0000,0x0000,0x0000,0x0000,0x0000,0x0000,0x0000,0x0000,
	0x0000,0x0000,0x0000,0x0000,0x0000,0x0000,0x0000,0x0000,

	0x0000,0x0000,0x0000,0x0000,0x0000,0x0000,0x0000,0x0000,
	0x0000,0x0000,0x0000,0x0000,0x0000,0x0000,0x0000,0x0000,
	0x0000,0x0000,0x0000,0x0000,0x0000,0x0000,0x0000,0x0000,
	0x0000,0x0000,0x0000,0x0000,0x0000,0x0000,0x0000,0x0000,
	0x0000,0x0000,0x0000,0x0000,0x0000,0x0000,0x0000,0x0000,
	0x0000,0x0000,0x0000,0x0000,0x0000,0x0000,0x0000,0x0000,
	0x0000,0x0000,0x0000,0x0000,0x0000,0x0000,0x0000,0x0000,
	0x0000,0x0000,0x0000,0x0000,0x0000,0x0000,0x0000,0x0000,

	0x0000,0x4400,0x0000,0x1000,0x0000,0x1800,0x0000,0xA200,
	0x0000,0xD000,0x0000,0x0000,0x0000,0x0000,0x0000,0x0000,
	0x5554,0x5544,0x5441,0x4454,0x111A,0x11A4,0x1123,0x33AA,
	0x1488,0xA33A,0x142C,0x1AAA,0x5444,0x2D28,0x4888,0x1A15,
	0x1458,0x0000,0x1A15,0x0000,0x0851,0x0000,0x001A,0x0000,
	0x0041,0x0000,0x0048,0x0000,0x0014,0x0000,0x01A5,0x0000,
	0x0000,0x0000,0x0000,0x0000,0x0000,0x0000,0x0000,0x0000,
	0x0000,0x0000,0x0000,0x0000,0x0000,0x0000,0x0000,0x0000,

	0x4000,0x8554,0x0000,0x8154,0x4000,0x1181,0x8400,0xD3AA,
	0x8280,0x3D2C,0x8844,0x3A48,0x4285,0xDD28,0x5845,0x1145,
	0x91C4,0x0008,0x2CC2,0x0008,0x8228,0x6004,0x811A,0x9042,
	0x41A3,0x7424,0x551A,0x6488,0x0518,0x6444,0x0144,0x5000,
	0x0000,0x0000,0x0000,0x0000,0x0000,0x0000,0x2222,0x0222,
	0x9966,0x7C99,0x9779,0x9999,0xC722,0x999C,0x2200,0x79CC,
	0x0000,0x2200,0x0000,0xC200,0x0000,0xC200,0x0000,0x9C20,
	0x2227,0x7200,0xCC99,0x0002,0xC999,0x0002,0xC997,0x0002,

	0xC99C,0x0002,0xC999,0x002C,0x999C,0x0779,0x9999,0x7799,
	0x9997,0x9999,0x7972,0x6777,0x6620,0x1116,0x0000,0x0000,
	0x0000,0x1980,0x0000,0xC280,0x0607,0x2840,0x0916,0x1824,
	0x4769,0x1442,0x4697,0x5588,0x4611,0x0044,0x0500,0x3000,
	0x584C,0x0445,0x182C,0x0045,0x1182,0x0418,0x3DA1,0x08AA,
	0xD33A,0x42C2,0xA3A1,0xC884,0xDD81,0x8282,0x1144,0x2454,
	0x0000,0x0000,0x0000,0x0000,0x0000,0x0000,0x0000,0x0000,
	0x0000,0x0000,0x0008,0x0000,0x0044,0x0000,0x0058,0x0000,

	0x0000,0x0000,0x0000,0x0000,0x0000,0x0000,0x0000,0x0000,
	0x0000,0x0000,0x0000,0x0000,0x0000,0x0000,0x0000,0x0000,
	0x0000,0x0000,0x0000,0x0000,0x0000,0x0000,0x0000,0x0000,
	0x0000,0x0000,0x0000,0x0000,0x0000,0x0000,0x0000,0x0000,
	0x0000,0x0000,0x0000,0x0000,0x0000,0x0000,0x0000,0x0000,
	0x0000,0x0000,0x0000,0x0000,0x0000,0x0000,0x0000,0x0000,
	0x0000,0x0000,0x0000,0x0000,0x0000,0x0000,0x0000,0x0000,
	0x0000,0x0000,0x1111,0x1111,0x7976,0x6666,0x9997,0x7677,

	0x0000,0x4285,0x0000,0x5C80,0x0000,0x1980,0x0000,0xC280,
	0x0060,0x2844,0x4091,0x1182,0x2476,0xA144,0x8469,0x1558,
	0x5844,0x4555,0x8242,0x0455,0x584C,0x0445,0x182C,0x0045,
	0x1182,0x0418,0xA3DA,0x008A,0x2D33,0x042C,0x4A3A,0x8C88,
	0x0000,0x0000,0x0000,0x0000,0x0000,0x0000,0x0000,0x0000,
	0x0000,0x0000,0x0000,0x0000,0x0000,0x0000,0x0000,0x0000,
	0x0000,0x0000,0x0000,0x0000,0x0000,0x0000,0x0000,0x0000,
	0x0000,0x0000,0x0000,0x0000,0x0000,0x0000,0x0000,0x0000,

	0x0000,0x0000,0x0000,0x0000,0x0000,0x0000,0x0000,0x0000,
	0x0000,0x0000,0x0000,0x0000,0x0000,0x0000,0x0000,0x0000,
	0x0000,0x0000,0x0000,0x0000,0x0000,0x0000,0x0000,0x0000,
	0x0000,0x0000,0x0000,0x0000,0x0000,0x0000,0x0000,0x0000,
	0x0000,0x0000,0x0000,0x0000,0x0000,0x0000,0x0000,0x0000,
	0x0000,0x0000,0x0000,0x0000,0x0000,0x0000,0x0000,0x0000,
	0x0000,0x0000,0x0000,0x0000,0x0000,0x0000,0x0000,0x0000,
	0x0000,0x0000,0x0000,0x0000,0x0000,0x0000,0x0000,0x0000,

	0x0000,0x0000,0x0000,0x0000,0x0000,0x0000,0x0000,0x0000,
	0x0000,0x0000,0x0000,0x0000,0x0000,0x0000,0x0000,0x0000,
	0x0000,0x0000,0x0000,0x0000,0x0000,0x0000,0x0000,0x0000,
	0x0000,0x0000,0x0000,0x0000,0x0000,0x0000,0x0000,0x0000,
	0x0000,0x0000,0x0000,0x0000,0x0000,0x0000,0x0000,0x0000,
	0x0000,0x0000,0x0000,0x0000,0x0000,0x0000,0x0000,0x0000,
	0x0000,0x0000,0x0000,0x0000,0x0000,0x0000,0x0000,0x0000,
	0x0000,0x0000,0x0000,0x0000,0x0000,0x0000,0x0000,0x0000,

	0x0000,0x0000,0x0000,0x0000,0x0000,0x0000,0x0000,0x0000,
	0x0000,0x0000,0x0000,0x0000,0x0000,0x0000,0x0000,0x0000,
	0x0000,0x0000,0x0000,0x0000,0x0000,0x0000,0x0000,0x0000,
	0x0000,0x0000,0x0000,0x0000,0x0000,0x0000,0x0000,0x0000,
	0x0000,0x0000,0x0000,0x0000,0x0000,0x0000,0x0000,0x0000,
	0x0000,0x0000,0x0000,0x0000,0x0000,0x0000,0x0000,0x0000,
	0x0000,0x0000,0x0000,0x0000,0x0000,0x0000,0x0000,0x0000,
	0x0000,0x0000,0x0000,0x0000,0x0000,0x0000,0x0000,0x0000,

	0x0000,0x0000,0x0000,0x0000,0x0000,0x0000,0x0000,0x0000,
	0x0000,0x0000,0x0000,0x0000,0x0000,0x0000,0x0000,0x0000,
	0x0000,0x0000,0x0000,0x0000,0x0000,0x0000,0x0000,0x0000,
	0x0000,0x0000,0x0000,0x0000,0x0000,0x0000,0x0000,0x0000,
	0x0000,0x0000,0x0000,0x0000,0x0000,0x0000,0x0000,0x0000,
	0x0000,0x0000,0x0000,0x0000,0x0000,0x0000,0x0000,0x0000,
	0x0000,0x0000,0x0000,0x0000,0x0000,0x0000,0x0000,0x0000,
	0x0000,0x0000,0x0000,0x0000,0x0000,0x0000,0x0000,0x0000,

	0x0000,0x0000,0x0000,0x0000,0x0000,0x0000,0x0000,0x0000,
	0x0000,0x0000,0x0000,0x0000,0x0000,0x0000,0x0000,0x0000,
	0x0000,0x0000,0x0000,0x0000,0x0000,0x0000,0x0000,0x0000,
	0x0000,0x0000,0x0000,0x0000,0x0000,0x0000,0x0000,0x0000,
	0x0000,0x0000,0x0000,0x0000,0x0000,0x0000,0x0000,0x0000,
	0x0000,0x0000,0x0000,0x0000,0x0000,0x0000,0x0000,0x0000,
	0x0000,0x0000,0x0000,0x0000,0x0000,0x0000,0x0000,0x0000,
	0x0000,0x0000,0x0000,0x0000,0x0000,0x0000,0x0000,0x0000,

	0x0000,0x0000,0x0000,0x0000,0x0000,0x0000,0x0000,0x0000,
	0x0000,0x0000,0x0000,0x0000,0x0000,0x0000,0x0000,0x0000,
	0x0000,0x0000,0x0000,0x0000,0x0000,0x0000,0x0000,0x0000,
	0x0000,0x0000,0x0000,0x0000,0x0000,0x0000,0x0000,0x0000,
	0x0000,0x0000,0x0000,0x0000,0x0000,0x0000,0x0000,0x0000,
	0x0000,0x0000,0x0000,0x0000,0x0000,0x0000,0x0000,0x0000,
	0x0000,0x0000,0x0000,0x0000,0x0000,0x0000,0x0000,0x0000,
	0x0000,0x0000,0x0000,0x0000,0x0000,0x0000,0x0000,0x0000,

	0x0000,0x0000,0x0000,0x0000,0x0000,0x0000,0x0000,0x0000,
	0x0000,0x0000,0x0000,0x0000,0x0000,0x0000,0x0000,0x0000,
	0x0000,0x0000,0x0000,0x0000,0x0000,0x0000,0x0000,0x0000,
	0x0000,0x0000,0x0000,0x0000,0x0000,0x0000,0x0000,0x0000,
	0x0000,0x0000,0x0000,0x0000,0x0000,0x0000,0x0000,0x0000,
	0x0000,0x0000,0x0000,0x0000,0x0000,0x0000,0x0000,0x0000,
	0x0000,0x0000,0x0000,0x0000,0x0000,0x0000,0x0000,0x0000,
	0x0000,0x0000,0x0000,0x0000,0x0000,0x0000,0x0000,0x0000,

	0x0000,0x0000,0x0000,0x0000,0x0000,0x0000,0x0000,0x0000,
	0x0000,0x0000,0x0000,0x0000,0x0000,0x0000,0x0000,0x0000,
	0x0000,0x0000,0x0000,0x0000,0x0000,0x0000,0x0000,0x0000,
	0x0000,0x0000,0x0000,0x0000,0x0000,0x0000,0x0000,0x0000,
	0x0000,0x0000,0x0000,0xB000,0x0000,0xEBB0,0x0000,0xEFB0,
	0x0000,0xB440,0x0000,0x5500,0x0000,0x5000,0x0000,0x0000,
	0x4824,0xA315,0x5444,0xA314,0x8553,0xAA14,0x44B1,0x1155,
	0x44BB,0x5555,0x5444,0x5555,0x5555,0x5555,0x5550,0x5555,

	0x0144,0x0000,0xB661,0x0000,0xBB41,0x000B,0xEBB4,0x0004,
	0xBB44,0x0004,0x4455,0x0005,0x0555,0x0000,0x0005,0x0000,
	0x0000,0x0000,0x0000,0x0000,0x0000,0x0000,0x0000,0x0000,
	0x0000,0x0000,0x0000,0x0000,0x0000,0x0000,0x0000,0x0000,
	0x0550,0x3184,0x5000,0xA186,0xB400,0x1164,0xBB50,0x5558,
	0xEB55,0x554B,0xE455,0x554B,0x4450,0x5554,0x5000,0x5555,
	0x5A57,0x0000,0x4583,0x0004,0xB44A,0x00BE,0xB445,0x00BB,
	0x4445,0x0044,0x5555,0x2055,0x5555,0x2200,0x0555,0x0000,

	0x0000,0x9C22,0x0000,0x9CC2,0x0000,0xC9C2,0x2000,0xCC9C,
	0xCC20,0x222C,0x2CC2,0x2022,0x2222,0x0000,0x0200,0x0000,
	0x2C99,0x0000,0x22CC,0x0000,0x02CC,0x0000,0x0022,0x0000,
	0x0000,0x0000,0x0000,0x0000,0x0000,0x0000,0x0000,0x0000,
	0x0000,0x0000,0x0000,0x0000,0x0000,0x0000,0x0000,0x0000,
	0x0000,0x0000,0x0000,0x0000,0x0000,0x0000,0x0000,0x0000,
	0x0000,0x5100,0x0000,0x6400,0x0000,0x7400,0x0000,0xBBBB,
	0x0000,0xBEEB,0x0000,0x4444,0x0000,0x5550,0x0000,0x5000,

	0x3128,0x854A,0x1882,0x556A,0x4486,0x4EB1,0x4544,0x4BBB,
	0x554B,0x5555,0x5554,0x5555,0x5555,0x5555,0x5555,0x0555,
	0x0054,0x0000,0x0001,0x0000,0x0000,0x0000,0x0005,0x0000,
	0x0055,0x0000,0x0055,0x0000,0x0005,0x0000,0x0000,0x0000,
	0x0000,0x0000,0x0000,0x0000,0x0000,0x0000,0x0000,0x0000,
	0x0000,0x0000,0x0000,0x0000,0x0000,0x0000,0x0000,0x0000,
	0x0000,0x0000,0x0000,0x0000,0x0000,0x0000,0x0000,0x0000,
	0x0000,0x0000,0x0000,0x0000,0x0000,0x0000,0x0000,0x0000,

	0x0000,0x0000,0x0000,0x0000,0x0000,0x0000,0x0000,0x0000,
	0x0000,0x0000,0x0000,0x0000,0x0000,0x0000,0x0000,0x0000,
	0x6666,0x1111,0x1111,0x0000,0x0000,0x0000,0x0000,0x0000,
	0x0000,0x0000,0x0000,0x0000,0x0000,0x0000,0x0000,0x0000,
	0x4461,0x1004,0x0050,0x4300,0x0000,0x8510,0x0000,0x2640,
	0x0000,0x6740,0xB000,0x4BBB,0xB000,0xBBEE,0x4000,0x4444,
	0x2DD8,0x4828,0x4114,0x8245,0xA312,0x4854,0xA188,0x1556,
	0x1448,0x04EB,0xB454,0x54BB,0x5554,0x5555,0x5555,0x5555,

	0x0004,0x0000,0x0005,0x0000,0x0005,0x0000,0x0000,0x0000,
	0x0000,0x0000,0x0000,0x0000,0x0005,0x0000,0x0005,0x0000,
	0x0000,0x0000,0x0000,0x0000,0x0000,0x0000,0x0000,0x0000,
	0x0000,0x0000,0x0000,0x0000,0x0000,0x0000,0x0000,0x0000,
	0x0000,0x0000,0x0000,0x0000,0x0000,0x0000,0x0000,0x0000,
	0x0000,0x0000,0x0000,0x0000,0x0000,0x0000,0x0000,0x0000,
	0x0000,0x0000,0x0000,0x0000,0x0000,0x0000,0x0000,0x0000,
	0x0000,0x0000,0x0000,0x0000,0x0000,0x0000,0x0000,0x0000,

	0x0000,0x0000,0x0000,0x0000,0x0000,0x0000,0x0000,0x0000,
	0x0000,0x0000,0x0000,0x0000,0x0000,0x0000,0x0000,0x0000,
	0x0000,0x0000,0x0000,0x0000,0x0000,0x0000,0x0000,0x0000,
	0x0000,0x0000,0x0000,0x0000,0x0000,0x0000,0x0000,0x0000,
	0x0000,0x0000,0x0000,0x0000,0x0000,0x0000,0x0000,0x0000,
	0x0000,0x0000,0x0000,0x0000,0x0000,0x0000,0x0000,0x0000,
	0x0000,0x0000,0x0000,0x0000,0x0000,0x0000,0x0000,0x0000,
	0x0000,0x0000,0x0000,0x0000,0x0000,0x0000,0x0000,0x0000,

	0x0000,0x0000,0x0000,0x0000,0x0000,0x0000,0x0000,0x0000,
	0x0000,0x0000,0x0000,0x0000,0x0000,0x0000,0x0000,0x0000,
	0x0000,0x0000,0x0000,0x0000,0x0000,0x0000,0x0000,0x0000,
	0x0000,0x0000,0x0000,0x0000,0x0000,0x0000,0x0000,0x0000,
	0x0000,0x0000,0x0000,0x0000,0x0000,0x0000,0x0000,0x0000,
	0x0000,0x0000,0x0000,0x0000,0x0000,0x0000,0x0000,0x0000,
	0x0000,0x0000,0x0000,0x0000,0x0000,0x0000,0x0000,0x0000,
	0x0000,0x0000,0x0000,0x0000,0x0000,0x0000,0x0000,0x0000,

	0x0000,0x0000,0x0000,0x0000,0x0000,0x0000,0x0000,0x0000,
	0x0000,0x0000,0x0000,0x0000,0x0000,0x0000,0x0000,0x0000,
	0x0000,0x0000,0x0000,0x0000,0x0000,0x0000,0x0000,0x0000,
	0x0000,0x0000,0x0000,0x0000,0x0000,0x0000,0x0000,0x0000,
	0x0000,0x0000,0x0000,0x0000,0x0000,0x0000,0x0000,0x0000,
	0x0000,0x0000,0x0000,0x0000,0x0000,0x0000,0x0000,0x0000,
	0x0000,0x0000,0x0000,0x0000,0x0000,0x0000,0x0000,0x0000,
	0x0000,0x0000,0x0000,0x0000,0x0000,0x0000,0x0000,0x0000,

	0x0000,0x0000,0x0000,0x0000,0x0000,0x0000,0x0000,0x0000,
	0x0000,0x0000,0x0000,0x0000,0x0000,0x0000,0x0000,0x0000,
	0x0000,0x0000,0x0000,0x0000,0x0000,0x0000,0x0000,0x0000,
	0x0000,0x0000,0x0000,0x0000,0x0000,0x0000,0x0000,0x0000,
	0x0000,0x0000,0x0000,0x0000,0x0000,0x0000,0x0000,0x0000,
	0x0000,0x0000,0x0000,0x0000,0x0000,0x0000,0x0000,0x0000,
	0x0000,0x0000,0x0000,0x0000,0x0000,0x0000,0x0000,0x0000,
	0x0000,0x0000,0x0000,0x0000,0x0000,0x0000,0x0000,0x0000,

	0x0000,0x0000,0x0000,0x0000,0x0000,0x0000,0x0000,0x0000,
	0x0000,0x0000,0x0000,0x0000,0x0000,0x0000,0x0000,0x0000,
	0x0000,0x0000,0x0000,0x0000,0x0000,0x0000,0x0000,0x0000,
	0x0000,0x0000,0x0000,0x0000,0x0000,0x0000,0x0000,0x0000,
	0x0000,0x0000,0x0000,0x0000,0x0000,0x0000,0x0000,0x0000,
	0x0000,0x0000,0x0000,0x0000,0x0000,0x0000,0x0000,0x0000,
	0x0000,0x0000,0x0000,0x0000,0x0000,0x0000,0x0000,0x0000,
	0x0000,0x0000,0x0000,0x0000,0x0000,0x0000,0x0000,0x0000,

	0x0000,0x0000,0x0000,0x0000,0x0000,0x0000,0x0000,0x0000,
	0x0000,0x0000,0x0000,0x0000,0x0000,0x0000,0x0000,0x0000,
	0x0000,0x0000,0x0000,0x0000,0x0000,0x0000,0x0000,0x0000,
	0x0000,0x0000,0x0000,0x0000,0x0000,0x0000,0x0000,0x0000,
	0x0000,0x0000,0x0000,0x0000,0x0000,0x0000,0x0000,0x0000,
	0x0000,0x0000,0x0000,0x0000,0x0000,0x0000,0x0000,0x0000,
	0x0000,0x0000,0x0000,0x0000,0x0000,0x0000,0x0000,0x0000,
	0x0000,0x0000,0x0000,0x0000,0x0000,0x0000,0x0000,0x0000,

	0x0000,0x0000,0x0000,0x0000,0x0000,0x0000,0x0000,0x0000,
	0x0000,0x0000,0x0000,0x0000,0x0000,0x0000,0x0000,0x0000,
	0x0000,0x0000,0x0000,0x0000,0x0000,0x0000,0x0000,0x0000,
	0x0000,0x0000,0x0000,0x0000,0x0000,0x0000,0x0000,0x0000,
	0x0000,0x0000,0x0000,0x0000,0x0000,0x0000,0x0000,0x0000,
	0x0000,0x0000,0x0000,0x0000,0x0000,0x0000,0x0000,0x0000,
	0x0000,0x0000,0x0000,0x0000,0x0000,0x0000,0x0000,0x0000,
	0x0000,0x0000,0x0000,0x0000,0x0000,0x0000,0x0000,0x0000,

	0x0000,0x0000,0x0000,0x0000,0x0000,0x0000,0x0000,0x0000,
	0x0000,0x0000,0x0000,0x0000,0x0000,0x4400,0x0000,0x4000,
	0x0000,0x0000,0x0000,0x0000,0x0000,0x0000,0x0000,0x0000,
	0x4440,0x0440,0x8240,0x4448,0x2844,0x8482,0x4228,0x2444,
	0x0000,0x0000,0x0000,0x0000,0x0000,0x0000,0x0000,0x0000,
	0x0000,0x0000,0x0000,0x0000,0x8404,0x0000,0x4844,0x0000,
	0x0000,0x0000,0x0000,0x0000,0x0000,0x0000,0x0000,0x0000,
	0x0000,0x0000,0x0000,0x0000,0x0000,0x0000,0x0000,0x0000,

	0x0000,0x0000,0x0000,0x0000,0x0000,0x0000,0x0000,0x0000,
	0x0000,0x4440,0x0000,0x8240,0x4400,0x2844,0x4000,0x4228,
	0x0000,0x0022,0x0000,0x0000,0x0000,0x0000,0x0000,0x0000,
	0x0440,0x0000,0x4448,0x0000,0x8482,0x8404,0x2444,0x4844,
	0x0000,0x0000,0x0000,0x0000,0x0000,0x0000,0x0000,0x0000,
	0x0000,0x0000,0x0000,0x0000,0x0000,0x0000,0x0000,0x0000,
	0x0000,0x0000,0x0000,0x0000,0x0000,0x0000,0x0000,0x0000,
	0x0000,0x0000,0x0000,0x0000,0x0000,0x0000,0x0000,0x0000,

	0x0000,0x0000,0x0000,0x0000,0x0000,0x0000,0x0000,0x0000,
	0x0000,0x0000,0x0000,0x0000,0x0000,0x0000,0x0000,0x0000,
	0x0000,0x0000,0x0000,0x0000,0x0000,0x0000,0x0000,0x0000,
	0x0000,0x0400,0x0000,0x4840,0x4000,0x8240,0x4000,0x2C84,
	0x0000,0x0000,0x0000,0x0000,0x0000,0x0000,0x0000,0x0000,
	0x4400,0x0004,0x8844,0x0444,0x8228,0x0048,0x4882,0x0445,
	0x0000,0x0000,0x0000,0x0000,0x0000,0x0000,0x0000,0x0000,
	0x0000,0x0000,0x0000,0x0000,0x0000,0x0000,0x0000,0x0000,

	0x0000,0x0000,0x0000,0x0000,0x0000,0x0000,0x0000,0x0000,
	0x0000,0x0000,0x0000,0x0000,0x0000,0x0000,0x0000,0x0000,
	0x0000,0x0000,0x0000,0x0000,0x0000,0x0000,0x0000,0x0000,
	0x0000,0x0000,0x0000,0x0000,0x0000,0x0000,0x0000,0x0000,
	0x0000,0x0000,0x0000,0x0000,0x0000,0x0000,0x0000,0x0000,
	0x0000,0x0000,0x0000,0x0000,0x0000,0x0000,0x0000,0x0000,
	0x0000,0x0000,0x0000,0x0000,0x0000,0x0000,0x0000,0x0000,
	0x0000,0x0000,0x0000,0x0000,0x0000,0x4400,0x0000,0x8444,

	0x0000,0x5555,0x0000,0x5500,0x0000,0x0000,0x0000,0x0000,
	0x0000,0x0000,0x0000,0x0000,0x0004,0x0004,0x4448,0x0048,
	0x5555,0x5555,0x5555,0x0055,0x0000,0x0000,0x0000,0x0000,
	0x0000,0x0000,0x0000,0x0000,0x0000,0x0000,0x0000,0x0000,
	0x0000,0x0000,0x0000,0x0000,0x0000,0x0000,0x0000,0x0000,
	0x0000,0x0000,0x0000,0x0000,0x0000,0x0000,0x0000,0x0000,
	0x0000,0x0000,0x0000,0x0000,0x0000,0x0000,0x0000,0x0000,
	0x0000,0x0000,0x0000,0x0000,0x0000,0x0000,0x0000,0x0000,

	0x0000,0x0000,0x0000,0x0000,0x0000,0x0000,0x0000,0x0000,
	0x0000,0x0000,0x0000,0x0000,0x0000,0x0000,0x0000,0x0000,
	0x0000,0x0000,0x0000,0x0000,0x0000,0x0000,0x0000,0x0000,
	0x0000,0x0000,0x0000,0x0000,0x0000,0x0000,0x0000,0x0000,
	0x0000,0x0000,0x0000,0x0000,0x0000,0x0000,0x0000,0x0000,
	0x0000,0x0000,0x0000,0x0000,0x0000,0x0000,0x0000,0x0000,
	0x0000,0x0000,0x0000,0x0000,0x0000,0x0000,0x0000,0x0000,
	0x0000,0x0000,0x0000,0x0000,0x0000,0x0000,0x0000,0x0000,

	0x0000,0x0000,0x0000,0x0000,0x0000,0x0000,0x0000,0x0000,
	0x0000,0x0000,0x0000,0x0000,0x0000,0x0000,0x0000,0x0000,
	0x0000,0x0000,0x0000,0x0000,0x0000,0x0000,0x0000,0x0000,
	0x0000,0x0000,0x0000,0x0000,0x0000,0x0000,0x0000,0x0000,
	0x0000,0x0000,0x0000,0x0000,0x0000,0x0000,0x0000,0x0000,
	0x0000,0x0000,0x0000,0x0000,0x0000,0x0000,0x0000,0x0000,
	0x0000,0x0000,0x0000,0x0000,0x0000,0x0000,0x0000,0x0000,
	0x0000,0x0000,0x0000,0x0000,0x0000,0x0000,0x0000,0x0000,

	0x0000,0x0000,0x0000,0x0000,0x0000,0x0000,0x0000,0x0000,
	0x0000,0x0000,0x0000,0x0000,0x0000,0x0000,0x0000,0x0000,
	0x0000,0x0000,0x0000,0x0000,0x0000,0x0000,0x0000,0x0000,
	0x0000,0x0000,0x0000,0x0000,0x0000,0x0000,0x0000,0x0000,
	0x0000,0x0000,0x0000,0x0000,0x0000,0x0000,0x0000,0x0000,
	0x0000,0x0000,0x0000,0x0000,0x0000,0x0000,0x0000,0x0000,
	0x0000,0x0000,0x0000,0x0000,0x0000,0x0000,0x0000,0x0000,
	0x0000,0x0000,0x0000,0x0000,0x0000,0x0000,0x0000,0x0000,

	0x0000,0x0000,0x0000,0x0000,0x0000,0x0000,0x0000,0x0000,
	0x0000,0x0000,0x0000,0x0000,0x0000,0x0000,0x0000,0x0000,
	0x0000,0x0000,0x0000,0x0000,0x0000,0x0000,0x0000,0x0000,
	0x0000,0x0000,0x0000,0x0000,0x0000,0x0000,0x0000,0x0000,
	0x0000,0x0000,0x0000,0x0000,0x0000,0x0000,0x0000,0x0000,
	0x0000,0x0000,0x0000,0x0000,0x0000,0x0000,0x0000,0x0000,
	0x0000,0x0000,0x0000,0x0000,0x0000,0x0000,0x0000,0x0000,
	0x0000,0x0000,0x0000,0x0000,0x0000,0x0000,0x0000,0x0000,

	0x0000,0x0000,0x0000,0x0000,0x0000,0x0000,0x0000,0x0000,
	0x0000,0x0000,0x0000,0x0000,0x0000,0x0000,0x0000,0x0000,
	0x0000,0x0000,0x0000,0x0000,0x0000,0x0000,0x0000,0x0000,
	0x0000,0x0000,0x0000,0x0000,0x0000,0x0000,0x0000,0x0000,
	0x0000,0x0000,0x0000,0x0000,0x0000,0x0000,0x0000,0x0000,
	0x0000,0x0000,0x0000,0x0000,0x0000,0x0000,0x0000,0x0000,
	0x0000,0x0000,0x0000,0x0000,0x0000,0x0000,0x0000,0x0000,
	0x0000,0x0000,0x0000,0x0000,0x0000,0x0000,0x0000,0x0000,

	0x0000,0x0000,0x0000,0x0000,0x0000,0x0000,0x0000,0x0000,
	0x0000,0x0000,0x0000,0x0000,0x0000,0x0000,0x0000,0x0000,
	0x0000,0x0000,0x0000,0x0000,0x0000,0x0000,0x0000,0x0000,
	0x0000,0x0000,0x0000,0x0000,0x0000,0x0000,0x0000,0x0000,
	0x0000,0x0000,0x0000,0x0000,0x0000,0x0000,0x0000,0x0000,
	0x0000,0x0000,0x0000,0x0000,0x0000,0x0000,0x0000,0x0000,
	0x0000,0x0000,0x0000,0x0000,0x0000,0x0000,0x0000,0x0000,
	0x0000,0x0000,0x0000,0x0000,0x0000,0x0000,0x0000,0x0000,

	0x0000,0x0000,0x0000,0x0000,0x0000,0x0000,0x0000,0x0000,
	0x0000,0x0000,0x0000,0x0000,0x0000,0x0000,0x0000,0x0000,
	0x0000,0x0000,0x0000,0x0000,0x0000,0x0000,0x0000,0x0000,
	0x0000,0x0000,0x0000,0x0000,0x0000,0x0000,0x0000,0x0000,
	0x0000,0x0000,0x0000,0x0000,0x0000,0x0000,0x0000,0x0000,
	0x0000,0x0000,0x0000,0x0000,0x0000,0x0000,0x0000,0x0000,
	0x0000,0x0000,0x0000,0x0000,0x0000,0x0000,0x0000,0x0000,
	0x0000,0x0000,0x0000,0x0000,0x0000,0x0000,0x0000,0x0000,

	0x0000,0x0000,0x0000,0x0000,0x0000,0x0000,0x0000,0x0000,
	0x0000,0x0000,0x0000,0x0000,0x0000,0x0000,0x0000,0x0000,
	0x0000,0x0000,0x0000,0x0000,0x0000,0x0000,0x0000,0x0000,
	0x0000,0x0000,0x0000,0x0000,0x0000,0x0000,0x0000,0x0000,
	0x0000,0x2440,0x0000,0x8440,0x0000,0x4440,0x0000,0x8440,
	0x0000,0x4540,0x0000,0x5400,0x0000,0x4000,0x0000,0x4400,
	0x4488,0x4555,0x5482,0x2482,0x8448,0x8288,0x4444,0x8444,
	0x5544,0x4445,0x5545,0x5455,0x5555,0x5555,0x5554,0x5555,

	0x4828,0x0000,0x882C,0x0000,0x4482,0x0000,0x0548,0x0000,
	0x4444,0x0000,0x0445,0x0000,0x0855,0x0000,0x0455,0x7610,
	0x0000,0x0000,0x0000,0x0000,0x0000,0x0000,0x9000,0x0000,
	0x6900,0x0001,0x6690,0x0001,0x1667,0x0000,0x0166,0x0000,
	0x2440,0x4488,0x8440,0x5482,0x4440,0x8448,0x8440,0x4444,
	0x4540,0x5544,0x5400,0x5545,0x4000,0x5555,0x4400,0x5554,
	0x4555,0x4828,0x2482,0x882C,0x8288,0x4482,0x8444,0x0548,
	0x4445,0x4444,0x5455,0x0445,0x5555,0x0855,0x5555,0x0455,

	0x0000,0x0000,0x0000,0x7200,0x0000,0x9720,0x0000,0x9972,
	0x2000,0x9997,0x7200,0x9999,0x9720,0x9999,0xC710,0x9CC9,
	0x0002,0x0000,0x0027,0x0000,0x02C9,0x0000,0x0277,0x0000,
	0x2CC9,0x0000,0x2C99,0x0000,0x2C99,0x0000,0xC999,0x0002,
	0x0000,0x0000,0x0000,0x0000,0x0000,0x0000,0x0000,0x0000,
	0x0000,0x2020,0x0000,0x2000,0x0000,0xC220,0x0000,0x2CC2,
	0x8400,0x2C84,0x2400,0x8228,0x8400,0x22C2,0x8420,0x2828,
	0x4022,0x2824,0x402C,0x8585,0x0002,0x4444,0x0000,0x8258,

	0x4882,0x4445,0x8548,0x4488,0xC888,0x4482,0x2282,0x4888,
	0x8888,0x5448,0x4442,0x0544,0x4848,0x4552,0x2425,0x5545,
	0x0000,0x0000,0x0000,0x0000,0x0000,0x0000,0x0000,0x0000,
	0x0000,0x0000,0x0000,0x0000,0x0000,0x0000,0x0004,0x0000,
	0x0000,0x0000,0x0000,0x0000,0x0000,0x0000,0x0000,0x0000,
	0x0000,0x0000,0x0000,0x0000,0x0000,0x0000,0x0000,0x0000,
	0x0000,0x0000,0x0000,0x0000,0x0000,0x0000,0x0000,0x0000,
	0x0000,0x0000,0x0000,0x0000,0x0000,0x0000,0x0000,0x0000,

	0x0000,0x0000,0x0000,0x0000,0x0000,0x0000,0x0000,0x0000,
	0x0000,0x0000,0x0000,0x0000,0x0000,0x0000,0x0000,0x0000,
	0x0000,0x5544,0x4400,0x4844,0x4400,0x8288,0x4400,0xC284,
	0x5400,0x8445,0x5400,0x5555,0x4000,0x5555,0x4000,0x4555,
	0x8284,0x0082,0x8445,0x4448,0x2844,0x4888,0x8482,0x422C,
	0x82C2,0x4482,0x2884,0x0424,0x8455,0x4884,0x4885,0x4455,
	0x0000,0x0000,0x0000,0x0000,0x0000,0x0000,0x0000,0x0000,
	0x0000,0x0000,0x0000,0x0000,0x0000,0x0000,0x0000,0x0000,

	0x0000,0x0000,0x0000,0x0000,0x0000,0x0000,0x0000,0x0000,
	0x0000,0x0000,0x0000,0x0000,0x0000,0x0000,0x0000,0x0000,
	0x0000,0x0000,0x0000,0x0000,0x0000,0x0000,0x0000,0x0000,
	0x0000,0x0000,0x0000,0x0000,0x0000,0x0000,0x0000,0x0000,
	0x0000,0x0000,0x0000,0x0000,0x0000,0x0000,0x0000,0x0000,
	0x0000,0x0000,0x0000,0x0000,0x0000,0x0000,0x0000,0x0000,
	0x0000,0x0000,0x0000,0x0000,0x0000,0x0000,0x0000,0x0000,
	0x0000,0x0000,0x0000,0x0000,0x0000,0x0000,0x0000,0x0000,

	0x0000,0x0000,0x0000,0x0000,0x0000,0x0000,0x0000,0x0000,
	0x0000,0x0000,0x0000,0x0000,0x0000,0x0000,0x0000,0x0000,
	0x0000,0x0000,0x0000,0x0000,0x0000,0x0000,0x0000,0x0000,
	0x0000,0x0000,0x0000,0x0000,0x0000,0x0000,0x0000,0x0000,
	0x0000,0x0000,0x0000,0x0000,0x0000,0x0000,0x0000,0x0000,
	0x0000,0x0000,0x0000,0x0000,0x0000,0x0000,0x0000,0x0000,
	0x0000,0x0000,0x0000,0x0000,0x0000,0x0000,0x0000,0x0000,
	0x0000,0x0000,0x0000,0x0000,0x0000,0x0000,0x0000,0x0000,

	0x0000,0x0000,0x0000,0x0000,0x0000,0x0000,0x0000,0x0000,
	0x0000,0x0000,0x0000,0x0000,0x0000,0x0000,0x0000,0x0000,
	0x0000,0x0000,0x0000,0x0000,0x0000,0x0000,0x0000,0x0000,
	0x0000,0x0000,0x0000,0x0000,0x0000,0x0000,0x0000,0x0000,
	0x0000,0x0000,0x0000,0x0000,0x0000,0x0000,0x0000,0x0000,
	0x0000,0x0000,0x0000,0x0000,0x0000,0x0000,0x0000,0x0000,
	0x0000,0x0000,0x0000,0x0000,0x0000,0x0000,0x0000,0x0000,
	0x0000,0x0000,0x0000,0x0000,0x0000,0x0000,0x0000,0x0000,

	0x0000,0x0000,0x0000,0x0000,0x0000,0x0000,0x0000,0x0000,
	0x0000,0x0000,0x0000,0x0000,0x0000,0x0000,0x0000,0x0000,
	0x0000,0x0000,0x0000,0x0000,0x0000,0x0000,0x0000,0x0000,
	0x0000,0x0000,0x0000,0x0000,0x0000,0x0000,0x0000,0x0000,
	0x0000,0x0000,0x0000,0x0000,0x0000,0x0000,0x0000,0x0000,
	0x0000,0x0000,0x0000,0x0000,0x0000,0x0000,0x0000,0x0000,
	0x0000,0x0000,0x0000,0x0000,0x0000,0x0000,0x0000,0x0000,
	0x0000,0x0000,0x0000,0x0000,0x0000,0x0000,0x0000,0x0000,

	0x0000,0x0000,0x0000,0x0000,0x0000,0x0000,0x0000,0x0000,
	0x0000,0x0000,0x0000,0x0000,0x0000,0x0000,0x0000,0x0000,
	0x0000,0x0000,0x0000,0x0000,0x0000,0x0000,0x0000,0x0000,
	0x0000,0x0000,0x0000,0x0000,0x0000,0x0000,0x0000,0x0000,
	0x0000,0x0000,0x0000,0x0000,0x0000,0x0000,0x0000,0x0000,
	0x0000,0x0000,0x0000,0x0000,0x0000,0x0000,0x0000,0x0000,
	0x0000,0x0000,0x0000,0x0000,0x0000,0x0000,0x0000,0x0000,
	0x0000,0x0000,0x0000,0x0000,0x0000,0x0000,0x0000,0x0000,

	0x0000,0x0000,0x0000,0x0000,0x0000,0x0000,0x0000,0x0000,
	0x0000,0x0000,0x0000,0x0000,0x0000,0x0000,0x0000,0x0000,
	0x0000,0x0000,0x0000,0x0000,0x0000,0x0000,0x0000,0x0000,
	0x0000,0x0000,0x0000,0x0000,0x0000,0x0000,0x0000,0x0000,
	0x0000,0x0000,0x0000,0x0000,0x0000,0x0000,0x0000,0x0000,
	0x0000,0x0000,0x0000,0x0000,0x0000,0x0000,0x0000,0x0000,
	0x0000,0x0000,0x0000,0x0000,0x0000,0x0000,0x0000,0x0000,
	0x0000,0x0000,0x0000,0x0000,0x0000,0x0000,0x0000,0x0000,

	0x0000,0x0000,0x0000,0x0000,0x0000,0x0000,0x0000,0x0000,
	0x0000,0x0000,0x0000,0x0000,0x0000,0x0000,0x0000,0x0000,
	0x0000,0x0000,0x0000,0x0000,0x0000,0x0000,0x0000,0x0000,
	0x0000,0x0000,0x0000,0x0000,0x0000,0x0000,0x0000,0x0000,
	0x0000,0x0000,0x0000,0x0000,0x0000,0x0000,0x0000,0x0000,
	0x0000,0x0000,0x0000,0x0000,0x0000,0x0000,0x0000,0x0000,
	0x0000,0x0000,0x0000,0x0000,0x0000,0x0000,0x0000,0x0000,
	0x0000,0x0000,0x0000,0x0000,0x0000,0x0000,0x0000,0x0000,

	0x0000,0x0000,0x0000,0x0000,0x0000,0x0000,0x0000,0x0000,
	0x0000,0x0000,0x0000,0x0000,0x0000,0x0000,0x0000,0x0000,
	0x0000,0x0000,0x0000,0x0000,0x0000,0x0000,0x0000,0x0000,
	0x0000,0x0000,0x0000,0x0000,0x0000,0x0000,0x0000,0x0000,
	0x0000,0x0000,0x0000,0x0000,0x0000,0x0000,0x0000,0x0000,
	0x0000,0x0000,0x0000,0x0000,0x0000,0x0000,0x0000,0x0000,
	0x0000,0x0000,0x0000,0x0000,0x0000,0x0000,0x0000,0x0000,
	0x0000,0x0000,0x0000,0x0000,0x0000,0x0000,0x0000,0x0000,

	0x0000,0x54AA,0x0000,0xAA11,0x0000,0x1828,0x4000,0x18C4,
	0x8400,0x5448,0x2400,0x5542,0x8400,0x1558,0x4000,0xA104,
	0x4558,0x5554,0x5445,0x4454,0xA111,0x1114,0x333A,0x111A,
	0x33A1,0x11A3,0xAA18,0x511A,0x2D24,0x8458,0x1A15,0x1451,
	0x1444,0x6740,0x8411,0x6424,0x21A1,0x1488,0x42D2,0x0448,
	0x4884,0x0104,0x4444,0x0000,0x0000,0x0000,0x0000,0x0000,
	0x0016,0x0000,0x0001,0x0000,0x0000,0x0000,0x0000,0x4000,
	0x0000,0x8400,0x0000,0x2400,0x0000,0x8400,0x0000,0x4000,

	0x54AA,0x4558,0xAA11,0x5445,0x1828,0xA111,0x18C4,0x333A,
	0x5448,0x33A1,0x5542,0xAA18,0x1558,0x2D24,0xA104,0x1A15,
	0x5554,0x1444,0x4454,0x8411,0x1114,0x21A1,0x111A,0x42D2,
	0x11A3,0x4884,0x511A,0x4444,0x8458,0x0000,0x1451,0x0000,
	0x6740,0xCC2C,0x6424,0xC222,0x1488,0xC200,0x0448,0x2000,
	0x0104,0x2000,0x0000,0x2000,0x0000,0xC200,0x0000,0xC200,
	0xC999,0x0002,0xCC99,0x0002,0x2C9C,0x0002,0x2C9C,0x0000,
	0x2C9C,0x0000,0x22CC,0x0000,0x202C,0x0000,0x000C,0x2000,

	0x2000,0x2C9C,0xC200,0x0C99,0x9200,0x02C9,0x9C20,0x02C9,
	0x9920,0x0029,0x99C2,0x0029,0x99C2,0x002C,0x999C,0x202C,
	0x0000,0xC918,0x1000,0xCC2A,0x2000,0x812D,0x4000,0xA188,
	0x4410,0x3A82,0x8260,0x8A14,0x8817,0x4114,0x8177,0x18A4,
	0x88C1,0x4454,0x82CC,0x1155,0x1822,0xA3A8,0x1AA3,0xDD21,
	0xA339,0x2811,0xAAA2,0x8141,0x8DD5,0x0042,0x41A3,0x0014,
	0x0000,0x0000,0x0008,0x0000,0x0002,0x0000,0x0048,0x0000,
	0x0448,0x0000,0x4484,0x0000,0x4824,0x0000,0x0440,0x0000,

	0x0000,0x0000,0x0000,0x0000,0x0000,0x0000,0x0000,0x0000,
	0x0000,0x0000,0x0000,0x0000,0x0000,0x0000,0x0000,0x0000,
	0x0000,0x0000,0x0000,0x0000,0x0000,0x0000,0x0000,0x0000,
	0x0000,0x0000,0x0000,0x0000,0x0000,0x0000,0x0000,0x0000,
	0x0000,0x0000,0x0000,0x0000,0x0000,0x0000,0x0000,0x0000,
	0x0000,0x0000,0x0000,0x0000,0x0000,0x0000,0x0000,0x0000,
	0x5400,0x8555,0x4000,0x2855,0x4000,0x8554,0x0000,0x8154,
	0x4800,0x1181,0x1C20,0xA3A8,0x8484,0xDD21,0x5444,0x84A1,

	0x2444,0x0058,0xC524,0x0008,0x91C4,0x0008,0x2CC2,0x0008,
	0x2828,0x0000,0x8842,0x0005,0x4224,0x4248,0x84C2,0x4884,
	0x0000,0x0000,0x0000,0x0000,0x0000,0x0000,0x0000,0x0000,
	0x0006,0x0000,0x1119,0x1111,0x6667,0x9766,0x6796,0x9977,
	0x0000,0x0000,0x0000,0x0000,0x0000,0x0000,0x0000,0x0000,
	0x0000,0x0000,0x0011,0x0000,0x0167,0x0000,0x1679,0x0000,
	0x0000,0x0000,0x0000,0x0000,0x0000,0x0000,0x0000,0x0000,
	0x0000,0x0000,0x0000,0x0000,0x0000,0x0000,0x0000,0x0000,

	0x0000,0x0000,0x0000,0x0000,0x0000,0x0000,0x0000,0x0000,
	0x0000,0x0000,0x0000,0x0000,0x0000,0x0000,0x0000,0x0000,
	0x0000,0x0000,0x0000,0x0000,0x0000,0x0000,0x0000,0x0000,
	0x0000,0x0000,0x0000,0x0000,0x0000,0x0000,0x0000,0x0000,
	0x0000,0x0000,0x0000,0x0000,0x0000,0x0000,0x0000,0x0000,
	0x0000,0x0000,0x0000,0x0000,0x0000,0x0000,0x0000,0x0000,
	0x0000,0x0000,0x0000,0x0000,0x0000,0x0000,0x0000,0x0000,
	0x0000,0x0000,0x0000,0x0000,0x0000,0x0000,0x0000,0x0000,

	0x0000,0x0000,0x0000,0x0000,0x0000,0x0000,0x0000,0x0000,
	0x0000,0x0000,0x0000,0x0000,0x0000,0x0000,0x0000,0x0000,
	0x0000,0x0000,0x0000,0x0000,0x0000,0x0000,0x0000,0x0000,
	0x0000,0x0000,0x0000,0x0000,0x0000,0x0000,0x0000,0x0000,
	0x0000,0x0000,0x0000,0x0000,0x0000,0x0000,0x0000,0x0000,
	0x0000,0x0000,0x0000,0x0000,0x0000,0x0000,0x0000,0x0000,
	0x0000,0x0000,0x0000,0x0000,0x0000,0x0000,0x0000,0x0000,
	0x0000,0x0000,0x0000,0x0000,0x0000,0x0000,0x0000,0x0000,

	0x0000,0x0000,0x0000,0x0000,0x0000,0x0000,0x0000,0x0000,
	0x0000,0x0000,0x0000,0x0000,0x0000,0x0000,0x0000,0x0000,
	0x0000,0x0000,0x0000,0x0000,0x0000,0x0000,0x0000,0x0000,
	0x0000,0x0000,0x0000,0x0000,0x0000,0x0000,0x0000,0x0000,
	0x0000,0x0000,0x0000,0x0000,0x0000,0x0000,0x0000,0x0000,
	0x0000,0x0000,0x0000,0x0000,0x0000,0x0000,0x0000,0x0000,
	0x0000,0x0000,0x0000,0x0000,0x0000,0x0000,0x0000,0x0000,
	0x0000,0x0000,0x0000,0x0000,0x0000,0x0000,0x0000,0x0000,

	0x0000,0x0000,0x0000,0x0000,0x0000,0x0000,0x0000,0x0000,
	0x0000,0x0000,0x0000,0x0000,0x0000,0x0000,0x0000,0x0000,
	0x0000,0x0000,0x0000,0x0000,0x0000,0x0000,0x0000,0x0000,
	0x0000,0x0000,0x0000,0x0000,0x0000,0x0000,0x0000,0x0000,
	0x0000,0x0000,0x0000,0x0000,0x0000,0x0000,0x0000,0x0000,
	0x0000,0x0000,0x0000,0x0000,0x0000,0x0000,0x0000,0x0000,
	0x0000,0x0000,0x0000,0x0000,0x0000,0x0000,0x0000,0x0000,
	0x0000,0x0000,0x0000,0x0000,0x0000,0x0000,0x0000,0x0000,

	0x0000,0x0000,0x0000,0x0000,0x0000,0x0000,0x0000,0x0000,
	0x0000,0x0000,0x0000,0x0000,0x0000,0x0000,0x0000,0x0000,
	0x0000,0x0000,0x0000,0x0000,0x0000,0x0000,0x0000,0x0000,
	0x0000,0x0000,0x0000,0x0000,0x0000,0x0000,0x0000,0x0000,
	0x0000,0x0000,0x0000,0x0000,0x0000,0x0000,0x0000,0x0000,
	0x0000,0x0000,0x0000,0x0000,0x0000,0x0000,0x0000,0x0000,
	0x0000,0x0000,0x0000,0x0000,0x0000,0x0000,0x0000,0x0000,
	0x0000,0x0000,0x0000,0x0000,0x0000,0x0000,0x0000,0x0000,

	0x0000,0x0000,0x0000,0x0000,0x0000,0x0000,0x0000,0x0000,
	0x0000,0x0000,0x0000,0x0000,0x0000,0x0000,0x0000,0x0000,
	0x0000,0x0000,0x0000,0x0000,0x0000,0x0000,0x0000,0x0000,
	0x0000,0x0000,0x0000,0x0000,0x0000,0x0000,0x0000,0x0000,
	0x0000,0x0000,0x0000,0x0000,0x0000,0x0000,0x0000,0x0000,
	0x0000,0x0000,0x0000,0x0000,0x0000,0x0000,0x0000,0x0000,
	0x0000,0x0000,0x0000,0x0000,0x0000,0x0000,0x0000,0x0000,
	0x0000,0x0000,0x0000,0x0000,0x0000,0x0000,0x0000,0x0000,

	0x0000,0x0000,0x0000,0x0000,0x0000,0x0000,0x0000,0x0000,
	0x0000,0x0000,0x0000,0x0000,0x0000,0x0000,0x0000,0x0000,
	0x0000,0x0000,0x0000,0x0000,0x0000,0x0000,0x0000,0x0000,
	0x0000,0x0000,0x0000,0x0000,0x0000,0x0000,0x0000,0x0000,
	0x0000,0x0000,0x0000,0x0000,0x0000,0x0000,0x0000,0x0000,
	0x0000,0x0000,0x0000,0x0000,0x0000,0x0000,0x0000,0x0000,
	0x0000,0x0000,0x0000,0x0000,0x0000,0x0000,0x0000,0x0000,
	0x0000,0x0000,0x0000,0x0000,0x0000,0x0000,0x0000,0x0000,

	0x0000,0x0000,0x0000,0x0000,0x0000,0x0000,0x0000,0x0000,
	0x0000,0x0000,0x0000,0x0000,0x0000,0x0000,0x0000,0x0000,
	0x0000,0x0000,0x0000,0x0000,0x0000,0x0000,0x0000,0x0000,
	0x0000,0x0000,0x0000,0x0000,0x0000,0x0000,0x0000,0x0000,
	0x0000,0x5100,0x0000,0x0000,0x0000,0x0000,0x0000,0x5500,
	0x0000,0x5550,0x0000,0x5550,0x0000,0x5500,0x0000,0x0000,
	0x1A15,0x1315,0x41A1,0x3154,0x4414,0xA548,0x6454,0x1547,
	0x4455,0x5554,0xB445,0x54E4,0xB444,0x54BB,0x4445,0x554B,

	0x0000,0x0000,0x0001,0x0000,0x0001,0x0000,0x0051,0x0000,
	0x0555,0x0000,0x0555,0x0000,0x0055,0x0000,0x0000,0x0000,
	0x0000,0x0000,0x0000,0x0000,0x0000,0x0000,0x0000,0x0000,
	0x0000,0x0000,0x0000,0x0000,0x0000,0x0000,0x0000,0x0000,
	0x5100,0x1A15,0x0000,0x41A1,0x0000,0x4414,0x5500,0x6454,
	0x5550,0x4455,0x5550,0xB445,0x5500,0xB444,0x0000,0x4445,
	0x1315,0x0000,0x3154,0x0001,0xA548,0x0001,0x1547,0x0051,
	0x5554,0x0555,0x54E4,0x0555,0x54BB,0x0055,0x554B,0x0000,

	0x0000,0xCC20,0x0000,0x2220,0x2000,0x0022,0x0000,0x0000,
	0x0000,0x0000,0x0000,0x0000,0x0000,0x0000,0x0000,0x0000,
	0x0202,0x2000,0x0000,0x2000,0x0000,0x2000,0x0000,0x2000,
	0x0000,0x2000,0x0000,0x2000,0x0000,0x0000,0x0000,0x0000,
	0x99CC,0x7229,0x999C,0x9799,0x999C,0x7999,0x99CC,0x7999,
	0x997C,0x1799,0x997C,0x0179,0x7972,0x0011,0x2720,0x0000,
	0x4169,0x3213,0x4169,0xA15A,0x0117,0x1000,0x0101,0x4555,
	0x5000,0x4555,0x5000,0xB455,0x0000,0xE455,0x0000,0xB500,

	0x881F,0x0111,0x8281,0x1A35,0x4674,0x1A14,0x4648,0x1155,
	0x4B44,0x5554,0x4BBE,0x5555,0x4BBE,0x5555,0x54BB,0x0055,
	0x0000,0x0000,0x0000,0x0000,0x0000,0x0000,0x0000,0x0000,
	0x0005,0x0000,0x0005,0x0000,0x0000,0x0000,0x0000,0x0000,
	0x0000,0x0000,0x0000,0x0000,0x0000,0x0000,0x0000,0x0000,
	0x0000,0x0000,0x0000,0x0000,0x0000,0x0000,0x0000,0x0000,
	0x0000,0x0000,0x0000,0x0000,0x0000,0x0000,0x0000,0x0000,
	0x0000,0x0000,0x0000,0x0000,0x0000,0x0000,0x0000,0x0000,

	0x0000,0x0000,0x0000,0x0000,0x0000,0x0000,0x0000,0x0000,
	0x0000,0x0000,0x0000,0x0000,0x0000,0x0000,0x0000,0x0000,
	0x0540,0x4A41,0x1000,0x441A,0x5100,0x1844,0x5500,0x1864,
	0x4000,0x164B,0xB500,0x558B,0xB550,0x54BE,0x5550,0x54BB,
	0x8484,0x4445,0x4455,0x0555,0xA573,0x0005,0x583A,0x0000,
	0xB4A1,0x00BE,0xB445,0x00BB,0x4445,0x0544,0x5555,0x0555,
	0x1116,0x6611,0x0000,0x0000,0x0000,0x0000,0x0000,0x0000,
	0x0000,0x0000,0x0000,0x0000,0x0000,0x0000,0x0000,0x0000,

	0x0166,0x0000,0x0000,0x0000,0x0000,0x0000,0x0000,0x0000,
	0x0000,0x0000,0x0000,0x0000,0x0000,0x0000,0x0000,0x0000,
	0x0000,0x0000,0x0000,0x0000,0x0000,0x0000,0x0000,0x0000,
	0x0000,0x0000,0x0000,0x0000,0x0000,0x0000,0x0000,0x0000,
	0x0000,0x0000,0x0000,0x0000,0x0000,0x0000,0x0000,0x0000,
	0x0000,0x0000,0x0000,0x0000,0x0000,0x0000,0x0000,0x0000,
	0x0000,0x0000,0x0000,0x0000,0x0000,0x0000,0x0000,0x0000,
	0x0000,0x0000,0x0000,0x0000,0x0000,0x0000,0x0000,0x0000,

	0x0000,0x0000,0x0000,0x0000,0x0000,0x0000,0x0000,0x0000,
	0x0000,0x0000,0x0000,0x0000,0x0000,0x0000,0x0000,0x0000,
	0x0000,0x0000,0x0000,0x0000,0x0000,0x0000,0x0000,0x0000,
	0x0000,0x0000,0x0000,0x0000,0x0000,0x0000,0x0000,0x0000,
	0x0000,0x0000,0x0000,0x0000,0x0000,0x0000,0x0000,0x0000,
	0x0000,0x0000,0x0000,0x0000,0x0000,0x0000,0x0000,0x0000,
	0x0000,0x0000,0x0000,0x0000,0x0000,0x0000,0x0000,0x0000,
	0x0000,0x0000,0x0000,0x0000,0x0000,0x0000,0x0000,0x0000,

	0x0000,0x0000,0x0000,0x0000,0x0000,0x0000,0x0000,0x0000,
	0x0000,0x0000,0x0000,0x0000,0x0000,0x0000,0x0000,0x0000,
	0x0000,0x0000,0x0000,0x0000,0x0000,0x0000,0x0000,0x0000,
	0x0000,0x0000,0x0000,0x0000,0x0000,0x0000,0x0000,0x0000,
	0x0000,0x0000,0x0000,0x0000,0x0000,0x0000,0x0000,0x0000,
	0x0000,0x0000,0x0000,0x0000,0x0000,0x0000,0x0000,0x0000,
	0x0000,0x0000,0x0000,0x0000,0x0000,0x0000,0x0000,0x0000,
	0x0000,0x0000,0x0000,0x0000,0x0000,0x0000,0x0000,0x0000,

	0x0000,0x0000,0x0000,0x0000,0x0000,0x0000,0x0000,0x0000,
	0x0000,0x0000,0x0000,0x0000,0x0000,0x0000,0x0000,0x0000,
	0x0000,0x0000,0x0000,0x0000,0x0000,0x0000,0x0000,0x0000,
	0x0000,0x0000,0x0000,0x0000,0x0000,0x0000,0x0000,0x0000,
	0x0000,0x0000,0x0000,0x0000,0x0000,0x0000,0x0000,0x0000,
	0x0000,0x0000,0x0000,0x0000,0x0000,0x0000,0x0000,0x0000,
	0x0000,0x0000,0x0000,0x0000,0x0000,0x0000,0x0000,0x0000,
	0x0000,0x0000,0x0000,0x0000,0x0000,0x0000,0x0000,0x0000,

	0x0000,0x0000,0x0000,0x0000,0x0000,0x0000,0x0000,0x0000,
	0x0000,0x0000,0x0000,0x0000,0x0000,0x0000,0x0000,0x0000,
	0x0000,0x0000,0x0000,0x0000,0x0000,0x0000,0x0000,0x0000,
	0x0000,0x0000,0x0000,0x0000,0x0000,0x0000,0x0000,0x0000,
	0x0000,0x0000,0x0000,0x0000,0x0000,0x0000,0x0000,0x0000,
	0x0000,0x0000,0x0000,0x0000,0x0000,0x0000,0x0000,0x0000,
	0x0000,0x0000,0x0000,0x0000,0x0000,0x0000,0x0000,0x0000,
	0x0000,0x0000,0x0000,0x0000,0x0000,0x0000,0x0000,0x0000,

	0x0000,0x0000,0x0000,0x0000,0x0000,0x0000,0x0000,0x0000,
	0x0000,0x0000,0x0000,0x0000,0x0000,0x0000,0x0000,0x0000,
	0x0000,0x0000,0x0000,0x0000,0x0000,0x0000,0x0000,0x0000,
	0x0000,0x0000,0x0000,0x0000,0x0000,0x0000,0x0000,0x0000,
	0x0000,0x0000,0x0000,0x0000,0x0000,0x0000,0x0000,0x0000,
	0x0000,0x0000,0x0000,0x0000,0x0000,0x0000,0x0000,0x0000,
	0x0000,0x0000,0x0000,0x0000,0x0000,0x0000,0x0000,0x0000,
	0x0000,0x0000,0x0000,0x0000,0x0000,0x0000,0x0000,0x0000,

	0x0000,0x0000,0x0000,0x0000,0x0000,0x0000,0x0000,0x0000,
	0x0000,0x0000,0x0000,0x0000,0x0000,0x0000,0x0000,0x0000,
	0x0000,0x0000,0x0000,0x0000,0x0000,0x0000,0x0000,0x0000,
	0x0000,0x0000,0x0000,0x0000,0x0000,0x0000,0x0000,0x0000,
	0x0000,0x0000,0x0000,0x0000,0x0000,0x0000,0x0000,0x0000,
	0x0000,0x0000,0x0000,0x0000,0x0000,0x0000,0x0000,0x0000,
	0x0000,0x0000,0x0000,0x0000,0x0000,0x0000,0x0000,0x0000,
	0x0000,0x0000,0x0000,0x0000,0x0000,0x0000,0x0000,0x0000,

	0x0000,0x0000,0x0000,0x0000,0x0000,0x0000,0x0000,0x0000,
	0x0000,0x0000,0x0000,0x0000,0x0000,0x0000,0x0000,0x0000,
	0x0000,0x0000,0x0000,0x0000,0x0000,0x0000,0x0000,0x0000,
	0x0000,0x0000,0x0000,0x0000,0x0000,0x0000,0x0000,0x0000,
	0x0000,0x0000,0x0000,0x0000,0x0000,0x0000,0x0000,0x0000,
	0x0000,0x0000,0x0000,0x0000,0x0000,0x0000,0x0000,0x0000,
	0x0000,0x0000,0x0000,0x0000,0x0000,0x0000,0x0000,0x0000,
	0x0000,0x0000,0x0000,0x0000,0x0000,0x0000,0x0000,0x0000,

	0x0000,0x0000,0x0000,0x0000,0x0000,0x0000,0x0000,0x0000,
	0x0000,0x0000,0x0000,0x0000,0x0000,0x0000,0x0000,0x0000,
	0x0000,0x0000,0x0000,0x0000,0x0000,0x0000,0x0000,0x0000,
	0x0000,0x0000,0x0000,0x0000,0x0000,0x0000,0x0000,0x0000,
	0x0000,0x0000,0x0000,0x0000,0x0000,0x0000,0x0000,0x0000,
	0x0000,0x0000,0x0000,0x0000,0x0000,0x0000,0x0000,0x0000,
	0x0000,0x0000,0x0000,0x0000,0x0000,0x0000,0x0000,0x0000,
	0x0000,0x0000,0x0000,0x0000,0x0000,0x0000,0x0000,0x0000,

	0x0000,0x0000,0x0000,0x0000,0x0000,0x0000,0x0000,0x0000,
	0x0000,0x0000,0x0000,0x0000,0x0000,0x0000,0x0000,0x0000,
	0x0000,0x0000,0x0000,0x0000,0x0000,0x0000,0x0000,0x0000,
	0x0000,0x0000,0x0000,0x0000,0x0000,0x0000,0x0000,0x0000,
	0x0000,0x0000,0x0000,0x0000,0x0000,0x0000,0x0000,0x0000,
	0x0000,0x0000,0x0000,0x0000,0x0000,0x0000,0x0000,0x0000,
	0x0000,0x0000,0x0000,0x0000,0x0000,0x0000,0x0000,0x0000,
	0x0000,0x0000,0x0000,0x0000,0x0000,0x0000,0x0000,0x0000,

	0x0000,0x0000,0x0000,0x0000,0x0000,0x0000,0x0000,0x0000,
	0x0000,0x0000,0x0000,0x0000,0x0000,0x0000,0x0000,0x0000,
	0x0000,0x4000,0x0000,0x0000,0x0000,0x0000,0x0000,0x0000,
	0x0000,0x0000,0x0000,0x0000,0x0000,0x0000,0x0000,0x0000,
	0x0044,0x0000,0x0000,0x0000,0x0000,0x0000,0x0000,0x0000,
	0x0000,0x0000,0x0000,0x0000,0x0000,0x0000,0x0000,0x0000,
	0x0000,0x0000,0x0000,0x0000,0x0000,0x0000,0x0000,0x0000,
	0x0000,0x0000,0x0000,0x0000,0x0000,0x0000,0x0000,0x0000,

	0x0000,0x0000,0x0000,0x0000,0x0000,0x0000,0x0000,0x0000,
	0x0000,0x0000,0x0000,0x0000,0x0000,0x0000,0x0000,0x0000,
	0x0000,0x0000,0x0000,0x0000,0x0000,0x0000,0x0000,0x0000,
	0x0000,0x0000,0x0000,0x0000,0x0000,0x0000,0x0000,0x0000,
	0x0000,0x0000,0x0000,0x0000,0x0000,0x0000,0x0000,0x0000,
	0x0000,0x0000,0x0000,0x0000,0x0000,0x0000,0x0000,0x0000,
	0x5500,0x5555,0x0000,0x5555,0x0000,0x0000,0x0000,0x0000,
	0x0000,0x0000,0x0000,0x0000,0x0000,0x0000,0x0000,0x0000,

	0x5555,0x0055,0x5555,0x0000,0x0000,0x0000,0x0000,0x0000,
	0x0000,0x0000,0x0000,0x0000,0x0000,0x0000,0x0000,0x0000,
	0x0000,0x0000,0x0000,0x0000,0x0000,0x0000,0x0000,0x0000,
	0x0000,0x0000,0x0000,0x0000,0x0000,0x0000,0x0000,0x0000,
	0x0000,0x0000,0x0000,0x0000,0x0000,0x0000,0x0000,0x0000,
	0x0000,0x0000,0x0000,0x0000,0x0000,0x0000,0x0000,0x0000,
	0x0000,0x0000,0x0000,0x0000,0x0000,0x0000,0x0000,0x0000,
	0x0000,0x0000,0x0000,0x0000,0x0000,0x0000,0x0000,0x0000,

	0x0000,0x0000,0x0000,0x0000,0x0000,0x0000,0x0000,0x0000,
	0x0000,0x0000,0x0000,0x0000,0x0000,0x0000,0x0000,0x0000,
	0x0000,0x0000,0x0000,0x0000,0x0000,0x0000,0x0000,0x0000,
	0x0000,0x0000,0x0000,0x0000,0x0000,0x0000,0x0000,0x0000,
	0x0000,0x0000,0x0000,0x0000,0x0000,0x0000,0x0000,0x0000,
	0x0000,0x0000,0x0000,0x0000,0x0000,0x0000,0x0000,0x0000,
	0x0000,0x0000,0x0000,0x0000,0x0000,0x0000,0x0000,0x0000,
	0x0000,0x0000,0x0000,0x0000,0x0000,0x0000,0x0000,0x0000,

	0x0000,0x0000,0x0000,0x0000,0x0000,0x0000,0x0000,0x0000,
	0x0000,0x0000,0x0000,0x0000,0x0000,0x0000,0x0000,0x0000,
	0x0000,0x0000,0x0000,0x0000,0x0000,0x0000,0x0000,0x0000,
	0x0000,0x0000,0x0000,0x0000,0x0000,0x0000,0x0000,0x0000,
	0x0000,0x0000,0x0000,0x0000,0x0000,0x0000,0x0000,0x0000,
	0x0000,0x0000,0x0000,0x0000,0x0000,0x0000,0x0000,0x0000,
	0x0000,0x0000,0x0000,0x0000,0x0000,0x0000,0x0000,0x0000,
	0x0000,0x0000,0x0000,0x0000,0x0000,0x0000,0x0000,0x0000,

	0x0000,0x0000,0x0000,0x0000,0x0000,0x0000,0x0000,0x0000,
	0x0000,0x0000,0x0000,0x0000,0x0000,0x0000,0x0000,0x0000,
	0x0000,0x0000,0x0000,0x0000,0x0000,0x0000,0x0000,0x0000,
	0x0000,0x0000,0x0000,0x0000,0x0000,0x0000,0x0000,0x0000,
	0x0000,0x0000,0x0000,0x0000,0x0000,0x0000,0x0000,0x0000,
	0x0000,0x0000,0x0000,0x0000,0x0000,0x0000,0x0000,0x0000,
	0x0000,0x0000,0x0000,0x0000,0x0000,0x0000,0x0000,0x0000,
	0x0000,0x0000,0x0000,0x0000,0x0000,0x0000,0x0000,0x0000,

	0x0000,0x0000,0x0000,0x0000,0x0000,0x0000,0x0000,0x0000,
	0x0000,0x0000,0x0000,0x0000,0x0000,0x0000,0x0000,0x0000,
	0x0000,0x0000,0x0000,0x0000,0x0000,0x0000,0x0000,0x0000,
	0x0000,0x0000,0x0000,0x0000,0x0000,0x0000,0x0000,0x0000,
	0x0000,0x0000,0x0000,0x0000,0x0000,0x0000,0x0000,0x0000,
	0x0000,0x0000,0x0000,0x0000,0x0000,0x0000,0x0000,0x0000,
	0x0000,0x0000,0x0000,0x0000,0x0000,0x0000,0x0000,0x0000,
	0x0000,0x0000,0x0000,0x0000,0x0000,0x0000,0x0000,0x0000,

	0x0000,0x0000,0x0000,0x0000,0x0000,0x0000,0x0000,0x0000,
	0x0000,0x0000,0x0000,0x0000,0x0000,0x0000,0x0000,0x0000,
	0x0000,0x0000,0x0000,0x0000,0x0000,0x0000,0x0000,0x0000,
	0x0000,0x0000,0x0000,0x0000,0x0000,0x0000,0x0000,0x0000,
	0x0000,0x0000,0x0000,0x0000,0x0000,0x0000,0x0000,0x0000,
	0x0000,0x0000,0x0000,0x0000,0x0000,0x0000,0x0000,0x0000,
	0x0000,0x0000,0x0000,0x0000,0x0000,0x0000,0x0000,0x0000,
	0x0000,0x0000,0x0000,0x0000,0x0000,0x0000,0x0000,0x0000,

	0x0000,0x0000,0x0000,0x0000,0x0000,0x0000,0x0000,0x0000,
	0x0000,0x0000,0x0000,0x0000,0x0000,0x0000,0x0000,0x0000,
	0x0000,0x0000,0x0000,0x0000,0x0000,0x0000,0x0000,0x0000,
	0x0000,0x0000,0x0000,0x0000,0x0000,0x0000,0x0000,0x0000,
	0x0000,0x0000,0x0000,0x0000,0x0000,0x0000,0x0000,0x0000,
	0x0000,0x0000,0x0000,0x0000,0x0000,0x0000,0x0000,0x0000,
	0x0000,0x0000,0x0000,0x0000,0x0000,0x0000,0x0000,0x0000,
	0x0000,0x0000,0x0000,0x0000,0x0000,0x0000,0x0000,0x0000,

	0x0000,0x0000,0x0000,0x0000,0x0000,0x0000,0x0000,0x0000,
	0x0000,0x0000,0x0000,0x0000,0x0000,0x0000,0x0000,0x0000,
	0x0000,0x0000,0x0000,0x0000,0x0000,0x0000,0x0000,0x0000,
	0x0000,0x0000,0x0000,0x0000,0x0000,0x0000,0x0000,0x0000,
	0x0000,0x0000,0x0000,0x0000,0x0000,0x0000,0x0000,0x0000,
	0x0000,0x0000,0x0000,0x0000,0x0000,0x0000,0x0000,0x0000,
	0x0000,0x0000,0x0000,0x0000,0x0000,0x0000,0x0000,0x0000,
	0x0000,0x0000,0x0000,0x0000,0x0000,0x0000,0x0000,0x0000,

	0x0000,0x0000,0x0000,0x0000,0x0000,0x0000,0x0000,0x0000,
	0x0000,0x0000,0x0000,0x0000,0x0000,0x0000,0x0000,0x0000,
	0x0000,0x0000,0x0000,0x0000,0x0000,0x0000,0x0000,0x0000,
	0x0000,0x0000,0x0000,0x0000,0x0000,0x0000,0x0000,0x0000,
	0x0000,0x0000,0x0000,0x0000,0x0000,0x0000,0x0000,0x0000,
	0x0000,0x0000,0x0000,0x0000,0x0000,0x0000,0x0000,0x0000,
	0x0000,0x0000,0x0000,0x0000,0x0000,0x0000,0x0000,0x0000,
	0x0000,0x0000,0x0000,0x0000,0x0000,0x0000,0x0000,0x0000,

	0x0000,0x0000,0x0000,0x0000,0x0000,0x0000,0x0000,0x0000,
	0x0000,0x0000,0x0000,0x0000,0x0000,0x0000,0x0000,0x0000,
	0x0000,0x0000,0x0000,0x0000,0x0000,0x0000,0x0000,0x0000,
	0x0000,0x0000,0x0000,0x0000,0x0000,0x0000,0x0000,0x0000,
	0x0000,0x0000,0x0000,0x0000,0x0000,0x0000,0x0000,0x0000,
	0x0000,0x0000,0x0000,0x0000,0x0000,0x0000,0x0000,0x0000,
	0x0000,0x0000,0x0000,0x0000,0x0000,0x0000,0x0000,0x0000,
	0x0000,0x0000,0x0000,0x0000,0x0000,0x0000,0x0000,0x0000,

	0x0000,0x0000,0x0000,0x0000,0x0000,0x0000,0x0000,0x0000,
	0x0000,0x0000,0x0000,0x0000,0x0000,0x0000,0x0000,0x0000,
	0x0000,0x0000,0x0000,0x0000,0x0000,0x0000,0x0000,0x0000,
	0x0000,0x0000,0x0000,0x0000,0x0000,0x0000,0x0000,0x0000,
	0x0000,0x0000,0x0000,0x0000,0x0000,0x0000,0x0000,0x0000,
	0x0000,0x0000,0x0000,0x0000,0x0000,0x0000,0x0000,0x0000,
	0x0000,0x0000,0x0000,0x0000,0x0000,0x0000,0x0000,0x0000,
	0x0000,0x0000,0x0000,0x0000,0x0000,0x0000,0x0000,0x0000,

	0x0000,0x0000,0x0000,0x0000,0x0000,0x0000,0x0000,0x0000,
	0x0000,0x0000,0x0000,0x0000,0x0000,0x0000,0x0000,0x0000,
	0x0000,0x0000,0x0000,0x0000,0x0000,0x0000,0x0000,0x0000,
	0x0000,0x0000,0x0000,0x0000,0x0000,0x0000,0x0000,0x0000,
	0x0000,0x0000,0x0000,0x0000,0x0000,0x0000,0x0000,0x0000,
	0x0000,0x0000,0x0000,0x0000,0x0000,0x0000,0x0000,0x0000,
	0x0000,0x0000,0x0000,0x0000,0x0000,0x0000,0x0000,0x0000,
	0x0000,0x0000,0x0000,0x0000,0x0000,0x0000,0x0000,0x0000,

	0x0000,0x0000,0x0000,0x0000,0x0000,0x0000,0x0000,0x0000,
	0x0000,0x0000,0x0000,0x0000,0x0000,0x0000,0x0000,0x0000,
	0x0000,0x0000,0x0000,0x0000,0x0000,0x0000,0x0000,0x0000,
	0x0000,0x0000,0x0000,0x0000,0x0000,0x0000,0x0000,0x0000,
	0x0000,0x0000,0x0000,0x0000,0x0000,0x0000,0x0000,0x0000,
	0x0000,0x0000,0x0000,0x0000,0x0000,0x0000,0x0000,0x0000,
	0x0000,0x0000,0x0000,0x0000,0x0000,0x0000,0x0000,0x0000,
	0x0000,0x0000,0x0000,0x0000,0x0000,0x0000,0x0000,0x0000,

	0x0000,0x0000,0x0000,0x0000,0x0000,0x0000,0x0000,0x0000,
	0x0000,0x0000,0x0000,0x0000,0x0000,0x0000,0x0000,0x0000,
	0x0000,0x0000,0x0000,0x0000,0x0000,0x0000,0x0000,0x0000,
	0x0000,0x0000,0x0000,0x0000,0x0000,0x0000,0x0000,0x0000,
	0x0000,0x0000,0x0000,0x0000,0x0000,0x0000,0x0000,0x0000,
	0x0000,0x0000,0x0000,0x0000,0x0000,0x0000,0x0000,0x0000,
	0x0000,0x0000,0x0000,0x0000,0x0000,0x0000,0x0000,0x0000,
	0x0000,0x0000,0x0000,0x0000,0x0000,0x0000,0x0000,0x0000,

	0x0000,0x0000,0x0000,0x0000,0x0000,0x0000,0x0000,0x0000,
	0x0000,0x0000,0x0000,0x0000,0x0000,0x0000,0x0000,0x0000,
	0x0000,0x0000,0x0000,0x0000,0x0000,0x0000,0x0000,0x0000,
	0x0000,0x0000,0x0000,0x0000,0x0000,0x0000,0x0000,0x0000,
	0x0000,0x0000,0x0000,0x0000,0x0000,0x0000,0x0000,0x0000,
	0x0000,0x0000,0x0000,0x0000,0x0000,0x0000,0x0000,0x0000,
	0x0000,0x0000,0x0000,0x0000,0x0000,0x0000,0x0000,0x0000,
	0x0000,0x0000,0x0000,0x0000,0x0000,0x0000,0x0000,0x0000,

	0x0000,0x0000,0x0000,0x0000,0x0000,0x0000,0x0000,0x0000,
	0x0000,0x0000,0x0000,0x0000,0x0000,0x0000,0x0000,0x0000,
	0x0000,0x0000,0x0000,0x0000,0x0000,0x0000,0x0000,0x0000,
	0x0000,0x0000,0x0000,0x0000,0x0000,0x0000,0x0000,0x0000,
	0x0000,0x0000,0x0000,0x0000,0x0000,0x0000,0x0000,0x0000,
	0x0000,0x0000,0x0000,0x0000,0x0000,0x0000,0x0000,0x0000,
	0x0000,0x0000,0x0000,0x0000,0x0000,0x0000,0x0000,0x0000,
	0x0000,0x0000,0x0000,0x0000,0x0000,0x0000,0x0000,0x0000,

	0x0000,0x0000,0x0000,0x0000,0x0000,0x0000,0x0000,0x0000,
	0x0000,0x0000,0x0000,0x0000,0x0000,0x0000,0x0000,0x0000,
	0x0000,0x0000,0x0000,0x0000,0x0000,0x0000,0x0000,0x0000,
	0x0000,0x0000,0x0000,0x0000,0x0000,0x0000,0x0000,0x0000,
	0x0000,0x0000,0x0000,0x0000,0x0000,0x0000,0x0000,0x0000,
	0x0000,0x0000,0x0000,0x0000,0x0000,0x0000,0x0000,0x0000,
	0x0000,0x0000,0x0000,0x0000,0x0000,0x0000,0x0000,0x0000,
	0x0000,0x0000,0x0000,0x0000,0x0000,0x0000,0x0000,0x0000,

	0x0000,0x0000,0x0000,0x0000,0x0000,0x0000,0x0000,0x0000,
	0x0000,0x0000,0x0000,0x0000,0x0000,0x0000,0x0000,0x0000,
	0x0000,0x0000,0x0000,0x0000,0x0000,0x0000,0x0000,0x0000,
	0x0000,0x0000,0x0000,0x0000,0x0000,0x0000,0x0000,0x0000,
	0x0000,0x0000,0x0000,0x0000,0x0000,0x0000,0x0000,0x0000,
	0x0000,0x0000,0x0000,0x0000,0x0000,0x0000,0x0000,0x0000,
	0x0000,0x0000,0x0000,0x0000,0x0000,0x0000,0x0000,0x0000,
	0x0000,0x0000,0x0000,0x0000,0x0000,0x0000,0x0000,0x0000,

	0x0000,0x0000,0x0000,0x0000,0x0000,0x0000,0x0000,0x0000,
	0x0000,0x0000,0x0000,0x0000,0x0000,0x0000,0x0000,0x0000,
	0x0000,0x0000,0x0000,0x0000,0x0000,0x0000,0x0000,0x0000,
	0x0000,0x0000,0x0000,0x0000,0x0000,0x0000,0x0000,0x0000,
	0x0000,0x0000,0x0000,0x0000,0x0000,0x0000,0x0000,0x0000,
	0x0000,0x0000,0x0000,0x0000,0x0000,0x0000,0x0000,0x0000,
	0x0000,0x0000,0x0000,0x0000,0x0000,0x0000,0x0000,0x0000,
	0x0000,0x0000,0x0000,0x0000,0x0000,0x0000,0x0000,0x0000,

	0x0000,0x0000,0x0000,0x0000,0x0000,0x0000,0x0000,0x0000,
	0x0000,0x0000,0x0000,0x0000,0x0000,0x0000,0x0000,0x0000,
	0x0000,0x0000,0x0000,0x0000,0x0000,0x0000,0x0000,0x0000,
	0x0000,0x0000,0x0000,0x0000,0x0000,0x0000,0x0000,0x0000,
	0x0000,0x0000,0x0000,0x0000,0x0000,0x0000,0x0000,0x0000,
	0x0000,0x0000,0x0000,0x0000,0x0000,0x0000,0x0000,0x0000,
	0x0000,0x0000,0x0000,0x0000,0x0000,0x0000,0x0000,0x0000,
	0x0000,0x0000,0x0000,0x0000,0x0000,0x0000,0x0000,0x0000,

	0x0000,0x0000,0x0000,0x0000,0x0000,0x0000,0x0000,0x0000,
	0x0000,0x0000,0x0000,0x0000,0x0000,0x0000,0x0000,0x0000,
	0x0000,0x0000,0x0000,0x0000,0x0000,0x0000,0x0000,0x0000,
	0x0000,0x0000,0x0000,0x0000,0x0000,0x0000,0x0000,0x0000,
	0x0000,0x0000,0x0000,0x0000,0x0000,0x0000,0x0000,0x0000,
	0x0000,0x0000,0x0000,0x0000,0x0000,0x0000,0x0000,0x0000,
	0x0000,0x0000,0x0000,0x0000,0x0000,0x0000,0x0000,0x0000,
	0x0000,0x0000,0x0000,0x0000,0x0000,0x0000,0x0000,0x0000,

	0x0000,0x0000,0x0000,0x0000,0x0000,0x0000,0x0000,0x0000,
	0x0000,0x0000,0x0000,0x0000,0x0000,0x0000,0x0000,0x0000,
	0x0000,0x0000,0x0000,0x0000,0x0000,0x0000,0x0000,0x0000,
	0x0000,0x0000,0x0000,0x0000,0x0000,0x0000,0x0000,0x0000,
	0x0000,0x0000,0x0000,0x0000,0x0000,0x0000,0x0000,0x0000,
	0x0000,0x0000,0x0000,0x0000,0x0000,0x0000,0x0000,0x0000,
	0x0000,0x0000,0x0000,0x0000,0x0000,0x0000,0x0000,0x0000,
	0x0000,0x0000,0x0000,0x0000,0x0000,0x0000,0x0000,0x0000,

	0x0000,0x0000,0x0000,0x0000,0x0000,0x0000,0x0000,0x0000,
	0x0000,0x0000,0x0000,0x0000,0x0000,0x0000,0x0000,0x0000,
	0x0000,0x0000,0x0000,0x0000,0x0000,0x0000,0x0000,0x0000,
	0x0000,0x0000,0x0000,0x0000,0x0000,0x0000,0x0000,0x0000,
	0x0000,0x0000,0x0000,0x0000,0x0000,0x0000,0x0000,0x0000,
	0x0000,0x0000,0x0000,0x0000,0x0000,0x0000,0x0000,0x0000,
	0x0000,0x0000,0x0000,0x0000,0x0000,0x0000,0x0000,0x0000,
	0x0000,0x0000,0x0000,0x0000,0x0000,0x0000,0x0000,0x0000,

	0x0000,0x0000,0x0000,0x0000,0x0000,0x0000,0x0000,0x0000,
	0x0000,0x0000,0x0000,0x0000,0x0000,0x0000,0x0000,0x0000,
	0x0000,0x0000,0x0000,0x0000,0x0000,0x0000,0x0000,0x0000,
	0x0000,0x0000,0x0000,0x0000,0x0000,0x0000,0x0000,0x0000,
	0x0000,0x0000,0x0000,0x0000,0x0000,0x0000,0x0000,0x0000,
	0x0000,0x0000,0x0000,0x0000,0x0000,0x0000,0x0000,0x0000,
	0x0000,0x0000,0x0000,0x0000,0x0000,0x0000,0x0000,0x0000,
	0x0000,0x0000,0x0000,0x0000,0x0000,0x0000,0x0000,0x0000,

	0x0000,0x0000,0x0000,0x0000,0x0000,0x0000,0x0000,0x0000,
	0x0000,0x0000,0x0000,0x0000,0x0000,0x0000,0x0000,0x0000,
	0x0000,0x0000,0x0000,0x0000,0x0000,0x0000,0x0000,0x0000,
	0x0000,0x0000,0x0000,0x0000,0x0000,0x0000,0x0000,0x0000,
	0x0000,0x0000,0x0000,0x0000,0x0000,0x0000,0x0000,0x0000,
	0x0000,0x0000,0x0000,0x0000,0x0000,0x0000,0x0000,0x0000,
	0x0000,0x0000,0x0000,0x0000,0x0000,0x0000,0x0000,0x0000,
	0x0000,0x0000,0x0000,0x0000,0x0000,0x0000,0x0000,0x0000,

	0x0000,0x0000,0x0000,0x0000,0x0000,0x0000,0x0000,0x0000,
	0x0000,0x0000,0x0000,0x0000,0x0000,0x0000,0x0000,0x0000,
	0x0000,0x0000,0x0000,0x0000,0x0000,0x0000,0x0000,0x0000,
	0x0000,0x0000,0x0000,0x0000,0x0000,0x0000,0x0000,0x0000,
	0x0000,0x0000,0x0000,0x0000,0x0000,0x0000,0x0000,0x0000,
	0x0000,0x0000,0x0000,0x0000,0x0000,0x0000,0x0000,0x0000,
	0x0000,0x0000,0x0000,0x0000,0x0000,0x0000,0x0000,0x0000,
	0x0000,0x0000,0x0000,0x0000,0x0000,0x0000,0x0000,0x0000,

	0x0000,0x0000,0x0000,0x0000,0x0000,0x0000,0x0000,0x0000,
	0x0000,0x0000,0x0000,0x0000,0x0000,0x0000,0x0000,0x0000,
	0x0000,0x0000,0x0000,0x0000,0x0000,0x0000,0x0000,0x0000,
	0x0000,0x0000,0x0000,0x0000,0x0000,0x0000,0x0000,0x0000,
	0x0000,0x0000,0x0000,0x0000,0x0000,0x0000,0x0000,0x0000,
	0x0000,0x0000,0x0000,0x0000,0x0000,0x0000,0x0000,0x0000,
	0x0000,0x0000,0x0000,0x0000,0x0000,0x0000,0x0000,0x0000,
	0x0000,0x0000,0x0000,0x0000,0x0000,0x0000,0x0000,0x0000,

	0x0000,0x0000,0x0000,0x0000,0x0000,0x0000,0x0000,0x0000,
	0x0000,0x0000,0x0000,0x0000,0x0000,0x0000,0x0000,0x0000,
	0x0000,0x0000,0x0000,0x0000,0x0000,0x0000,0x0000,0x0000,
	0x0000,0x0000,0x0000,0x0000,0x0000,0x0000,0x0000,0x0000,
	0x0000,0x0000,0x0000,0x0000,0x0000,0x0000,0x0000,0x0000,
	0x0000,0x0000,0x0000,0x0000,0x0000,0x0000,0x0000,0x0000,
	0x0000,0x0000,0x0000,0x0000,0x0000,0x0000,0x0000,0x0000,
	0x0000,0x0000,0x0000,0x0000,0x0000,0x0000,0x0000,0x0000,

	0x0000,0x0000,0x0000,0x0000,0x0000,0x0000,0x0000,0x0000,
	0x0000,0x0000,0x0000,0x0000,0x0000,0x0000,0x0000,0x0000,
	0x0000,0x0000,0x0000,0x0000,0x0000,0x0000,0x0000,0x0000,
	0x0000,0x0000,0x0000,0x0000,0x0000,0x0000,0x0000,0x0000,
	0x0000,0x0000,0x0000,0x0000,0x0000,0x0000,0x0000,0x0000,
	0x0000,0x0000,0x0000,0x0000,0x0000,0x0000,0x0000,0x0000,
	0x0000,0x0000,0x0000,0x0000,0x0000,0x0000,0x0000,0x0000,
	0x0000,0x0000,0x0000,0x0000,0x0000,0x0000,0x0000,0x0000,

	0x0000,0x0000,0x0000,0x0000,0x0000,0x0000,0x0000,0x0000,
	0x0000,0x0000,0x0000,0x0000,0x0000,0x0000,0x0000,0x0000,
	0x0000,0x0000,0x0000,0x0000,0x0000,0x0000,0x0000,0x0000,
	0x0000,0x0000,0x0000,0x0000,0x0000,0x0000,0x0000,0x0000,
	0x0000,0x0000,0x0000,0x0000,0x0000,0x0000,0x0000,0x0000,
	0x0000,0x0000,0x0000,0x0000,0x0000,0x0000,0x0000,0x0000,
	0x0000,0x0000,0x0000,0x0000,0x0000,0x0000,0x0000,0x0000,
	0x0000,0x0000,0x0000,0x0000,0x0000,0x0000,0x0000,0x0000,

	0x0000,0x0000,0x0000,0x0000,0x0000,0x0000,0x0000,0x0000,
	0x0000,0x0000,0x0000,0x0000,0x0000,0x0000,0x0000,0x0000,
	0x0000,0x0000,0x0000,0x0000,0x0000,0x0000,0x0000,0x0000,
	0x0000,0x0000,0x0000,0x0000,0x0000,0x0000,0x0000,0x0000,
	0x0000,0x0000,0x0000,0x0000,0x0000,0x0000,0x0000,0x0000,
	0x0000,0x0000,0x0000,0x0000,0x0000,0x0000,0x0000,0x0000,
	0x0000,0x0000,0x0000,0x0000,0x0000,0x0000,0x0000,0x0000,
	0x0000,0x0000,0x0000,0x0000,0x0000,0x0000,0x0000,0x0000,

	0x0000,0x0000,0x0000,0x0000,0x0000,0x0000,0x0000,0x0000,
	0x0000,0x0000,0x0000,0x0000,0x0000,0x0000,0x0000,0x0000,
	0x0000,0x0000,0x0000,0x0000,0x0000,0x0000,0x0000,0x0000,
	0x0000,0x0000,0x0000,0x0000,0x0000,0x0000,0x0000,0x0000,
	0x0000,0x0000,0x0000,0x0000,0x0000,0x0000,0x0000,0x0000,
	0x0000,0x0000,0x0000,0x0000,0x0000,0x0000,0x0000,0x0000,
	0x0000,0x0000,0x0000,0x0000,0x0000,0x0000,0x0000,0x0000,
	0x0000,0x0000,0x0000,0x0000,0x0000,0x0000,0x0000,0x0000,

	0x0000,0x0000,0x0000,0x0000,0x0000,0x0000,0x0000,0x0000,
	0x0000,0x0000,0x0000,0x0000,0x0000,0x0000,0x0000,0x0000,
	0x0000,0x0000,0x0000,0x0000,0x0000,0x0000,0x0000,0x0000,
	0x0000,0x0000,0x0000,0x0000,0x0000,0x0000,0x0000,0x0000,
	0x0000,0x0000,0x0000,0x0000,0x0000,0x0000,0x0000,0x0000,
	0x0000,0x0000,0x0000,0x0000,0x0000,0x0000,0x0000,0x0000,
	0x0000,0x0000,0x0000,0x0000,0x0000,0x0000,0x0000,0x0000,
	0x0000,0x0000,0x0000,0x0000,0x0000,0x0000,0x0000,0x0000,

	0x0000,0x0000,0x0000,0x0000,0x0000,0x0000,0x0000,0x0000,
	0x0000,0x0000,0x0000,0x0000,0x0000,0x0000,0x0000,0x0000,
	0x0000,0x0000,0x0000,0x0000,0x0000,0x0000,0x0000,0x0000,
	0x0000,0x0000,0x0000,0x0000,0x0000,0x0000,0x0000,0x0000,
};

const unsigned short spriteNormalPal[256] __attribute__((aligned(4)))=
{
	0x39ED,0x44E7,0x365A,0x6ECC,0x088B,0x0C63,0x45EF,0x66F7,
	0x1150,0x7FFF,0x5988,0x1CD2,0x637F,0x2B1C,0x20B8,0x561F,
	0x0000,0x0000,0x0000,0x0000,0x0000,0x0000,0x0000,0x0000,
	0x0000,0x0000,0x0000,0x0000,0x0000,0x0000,0x0000,0x0000,
	0x0000,0x0000,0x0000,0x0000,0x0000,0x0000,0x0000,0x0000,
	0x0000,0x0000,0x0000,0x0000,0x0000,0x0000,0x0000,0x0000,
	0x0000,0x0000,0x0000,0x0000,0x0000,0x0000,0x0000,0x0000,
	0x0000,0x0000,0x0000,0x0000,0x0000,0x0000,0x0000,0x0000,

	0x0000,0x0000,0x0000,0x0000,0x0000,0x0000,0x0000,0x0000,
	0x0000,0x0000,0x0000,0x0000,0x0000,0x0000,0x0000,0x0000,
	0x0000,0x0000,0x0000,0x0000,0x0000,0x0000,0x0000,0x0000,
	0x0000,0x0000,0x0000,0x0000,0x0000,0x0000,0x0000,0x0000,
	0x0000,0x0000,0x0000,0x0000,0x0000,0x0000,0x0000,0x0000,
	0x0000,0x0000,0x0000,0x0000,0x0000,0x0000,0x0000,0x0000,
	0x0000,0x0000,0x0000,0x0000,0x0000,0x0000,0x0000,0x0000,
	0x0000,0x0000,0x0000,0x0000,0x0000,0x0000,0x0000,0x0000,

	0x0000,0x0000,0x0000,0x0000,0x0000,0x0000,0x0000,0x0000,
	0x0000,0x0000,0x0000,0x0000,0x0000,0x0000,0x0000,0x0000,
	0x0000,0x0000,0x0000,0x0000,0x0000,0x0000,0x0000,0x0000,
	0x0000,0x0000,0x0000,0x0000,0x0000,0x0000,0x0000,0x0000,
	0x0000,0x0000,0x0000,0x0000,0x0000,0x0000,0x0000,0x0000,
	0x0000,0x0000,0x0000,0x0000,0x0000,0x0000,0x0000,0x0000,
	0x0000,0x0000,0x0000,0x0000,0x0000,0x0000,0x0000,0x0000,
	0x0000,0x0000,0x0000,0x0000,0x0000,0x0000,0x0000,0x0000,

	0x0000,0x0000,0x0000,0x0000,0x0000,0x0000,0x0000,0x0000,
	0x0000,0x0000,0x0000,0x0000,0x0000,0x0000,0x0000,0x0000,
	0x0000,0x0000,0x0000,0x0000,0x0000,0x0000,0x0000,0x0000,
	0x0000,0x0000,0x0000,0x0000,0x0000,0x0000,0x0000,0x0000,
	0x0000,0x0000,0x0000,0x0000,0x0000,0x0000,0x0000,0x0000,
	0x0000,0x0000,0x0000,0x0000,0x0000,0x0000,0x0000,0x0000,
	0x0000,0x0000,0x0000,0x0000,0x0000,0x0000,0x0000,0x0000,
	0x0000,0x0000,0x0000,0x0000,0x0000,0x0000,0x0000,0x0000,
};

//}}BLOCK(spriteNormal)
